date,precipitation_mm
1981-01-01,0.036515813461033976
1981-01-02,0.0
1981-01-03,0.04025074485496733
1981-01-04,0.14474799496599686
1981-01-05,0.0
1981-01-06,5.091408008924992
1981-01-07,6.812312863092025
1981-01-08,0.35551471969194715
1981-01-09,0.0
1981-01-10,0.0
1981-01-11,0.022646082766253763
1981-01-12,0.1327739886063919
1981-01-13,4.516915823148302
1981-01-14,0.27297066861495173
1981-01-15,0.0
1981-01-16,0.0
1981-01-17,0.0
1981-01-18,0.0
1981-01-19,0.0
1981-01-20,0.0
1981-01-21,0.0
1981-01-22,0.0
1981-01-23,0.0
1981-01-24,0.0
1981-01-25,0.0
1981-01-26,0.03704131662367677
1981-01-27,0.0
1981-01-28,0.0
1981-01-29,0.0
1981-01-30,0.08169497914978747
1981-01-31,9.345466426881888
1981-02-01,9.676640916461691
1981-02-02,0.15534524133856342
1981-02-03,0.0
1981-02-04,0.0
1981-02-05,0.0
1981-02-06,0.0
1981-02-07,0.0
1981-02-08,0.2422203484136499
1981-02-09,6.456030194433737
1981-02-10,12.662973817138116
1981-02-11,0.9333498555151737
1981-02-12,0.0
1981-02-13,0.0
1981-02-14,0.0
1981-02-15,0.0
1981-02-16,0.0
1981-02-17,0.0
1981-02-18,0.0
1981-02-19,0.0
1981-02-20,0.0
1981-02-21,0.0
1981-02-22,0.0
1981-02-23,0.0
1981-02-24,0.0
1981-02-25,0.0
1981-02-26,0.0
1981-02-27,0.0
1981-02-28,2.8072621002831375
1981-03-01,5.745707437525394
1981-03-02,0.6027107743467081
1981-03-03,0.0
1981-03-04,0.0
1981-03-05,0.0
1981-03-06,0.0
1981-03-07,1.6377640628551855
1981-03-08,5.893114543981384
1981-03-09,3.3369623292041197
1981-03-10,0.7570634793646828
1981-03-11,21.487640589625684
1981-03-12,23.513154221096645
1981-03-13,5.121969921601015
1981-03-14,2.164757539374997
1981-03-15,8.526653008536645
1981-03-16,5.653274938357317
1981-03-17,0.0
1981-03-18,0.0
1981-03-19,0.0
1981-03-20,0.0
1981-03-21,8.948429725528573
1981-03-22,0.0
1981-03-23,1.0147101861953203
1981-03-24,1.0549152710315586
1981-03-25,14.113519138970219
1981-03-26,4.513469931052426
1981-03-27,34.484814174712746
1981-03-28,0.0
1981-03-29,2.4514992711648538
1981-03-30,5.253730238307671
1981-03-31,5.428149324280853
1981-04-01,0.0
1981-04-02,0.0
1981-04-03,9.084842475631097
1981-04-04,1.2991778269335188
1981-04-05,18.590151417941012
1981-04-06,0.0
1981-04-07,0.0
1981-04-08,0.0
1981-04-09,0.0
1981-04-10,0.0
1981-04-11,13.197026109070084
1981-04-12,39.39251054897212
1981-04-13,7.625659385922735
1981-04-14,23.932664480424457
1981-04-15,2.7996169573293734
1981-04-16,4.654403734590209
1981-04-17,28.447867247684623
1981-04-18,97.67649373758249
1981-04-19,78.52087035477555
1981-04-20,0.0
1981-04-21,0.0
1981-04-22,0.0
1981-04-23,8.502792506750922
1981-04-24,7.364144104458048
1981-04-25,0.21487300965444786
1981-04-26,0.0
1981-04-27,18.46343969721472
1981-04-28,0.8995846193821486
1981-04-29,38.31390967191676
1981-04-30,1.5296541487691186
1981-05-01,21.496342526071974
1981-05-02,12.311619027390194
1981-05-03,0.1908496339230722
1981-05-04,2.593646700088319
1981-05-05,38.046795225168545
1981-05-06,17.23127012731153
1981-05-07,0.4524797584617557
1981-05-08,0.652651661560894
1981-05-09,34.891624431062674
1981-05-10,9.839823777567439
1981-05-11,22.14060655640666
1981-05-12,0.7511777005814635
1981-05-13,0.0
1981-05-14,30.6632848955032
1981-05-15,85.04907401718306
1981-05-16,62.990527478583545
1981-05-17,3.6882677303553684
1981-05-18,0.0
1981-05-19,0.0
1981-05-20,0.3831486967150624
1981-05-21,8.169657693556328
1981-05-22,4.696034250726253
1981-05-23,0.0
1981-05-24,10.74346943603207
1981-05-25,6.60074274625578
1981-05-26,1.0113028255205838
1981-05-27,20.962798037361907
1981-05-28,37.113154342467794
1981-05-29,25.61821192969932
1981-05-30,19.388504672809262
1981-05-31,66.92922356735951
1981-06-01,0.022127136657092955
1981-06-02,2.9101144641013397
1981-06-03,6.259331414056394
1981-06-04,21.263110389745563
1981-06-05,8.5944609048366
1981-06-06,0.9614476887341381
1981-06-07,0.0
1981-06-08,0.0
1981-06-09,0.017967041431815673
1981-06-10,0.2360990541215661
1981-06-11,0.7083900143460593
1981-06-12,18.254832525035848
1981-06-13,9.005522631131091
1981-06-14,15.591834872329747
1981-06-15,18.69097317385226
1981-06-16,22.05316003837208
1981-06-17,9.340339226356168
1981-06-18,3.754317302659231
1981-06-19,26.93295182531114
1981-06-20,29.25026957872245
1981-06-21,27.14559742221744
1981-06-22,16.032471638092282
1981-06-23,10.832206888567411
1981-06-24,15.232485580432064
1981-06-25,4.830434612938234
1981-06-26,4.189581409575426
1981-06-27,17.71078666869918
1981-06-28,20.130523230651132
1981-06-29,7.093150241102122
1981-06-30,35.98829403449789
1981-07-01,77.22851736907525
1981-07-02,100.97575289902875
1981-07-03,33.59504574527234
1981-07-04,5.3765844144884385
1981-07-05,9.16278481283726
1981-07-06,13.272323499058759
1981-07-07,11.951136209970935
1981-07-08,1.710855293651838
1981-07-09,1.3602084555359542
1981-07-10,1.6034380466278904
1981-07-11,46.5780684816232
1981-07-12,11.473621098642893
1981-07-13,0.0
1981-07-14,17.347510128919648
1981-07-15,20.397253085514034
1981-07-16,35.91854801417676
1981-07-17,45.387690130364916
1981-07-18,41.1277929209751
1981-07-19,13.649168317404829
1981-07-20,14.760210446885758
1981-07-21,19.418222519642228
1981-07-22,17.70635546937995
1981-07-23,5.718015975782245
1981-07-24,4.288223293595913
1981-07-25,10.234900909298874
1981-07-26,4.210782784629075
1981-07-27,15.929227743540128
1981-07-28,15.129672268964297
1981-07-29,11.87827862965094
1981-07-30,28.248965280569426
1981-07-31,4.713627304481567
1981-08-01,23.970117254521405
1981-08-02,41.34197482232939
1981-08-03,37.079198554327654
1981-08-04,12.315593942923394
1981-08-05,16.416572797473144
1981-08-06,12.070016784699906
1981-08-07,5.741164549708316
1981-08-08,3.017898233550339
1981-08-09,8.225962351005364
1981-08-10,10.81615261518941
1981-08-11,8.732783699642239
1981-08-12,17.768864829143524
1981-08-13,14.170667879383009
1981-08-14,16.775298085545046
1981-08-15,0.577865517665477
1981-08-16,0.0
1981-08-17,0.05366624282654659
1981-08-18,0.15998277062340346
1981-08-19,4.714557675363501
1981-08-20,8.214351367391137
1981-08-21,52.728182790069035
1981-08-22,43.2122815850556
1981-08-23,21.06667519941142
1981-08-24,74.12898357839063
1981-08-25,5.424103191287927
1981-08-26,2.085132936090491
1981-08-27,6.661098746539523
1981-08-28,23.554485217223256
1981-08-29,34.74739794834153
1981-08-30,4.008141042955127
1981-08-31,17.407987087798407
1981-09-01,17.26062384455887
1981-09-02,13.976093605834143
1981-09-03,21.348113247640086
1981-09-04,25.376017604870157
1981-09-05,31.42095708531451
1981-09-06,28.653897538931332
1981-09-07,82.46420691444172
1981-09-08,15.231236252204324
1981-09-09,12.81394810896203
1981-09-10,10.280047085666697
1981-09-11,45.33392637983184
1981-09-12,24.128744858752324
1981-09-13,15.789520594261816
1981-09-14,0.0
1981-09-15,0.3054383856439931
1981-09-16,9.843345424405264
1981-09-17,0.686173978881769
1981-09-18,4.28251241900563
1981-09-19,3.2723539440540614
1981-09-20,2.1456203927981075
1981-09-21,1.4336065807195113
1981-09-22,1.695850785766618
1981-09-23,0.4377048235406975
1981-09-24,0.0
1981-09-25,0.0
1981-09-26,0.6803146541187534
1981-09-27,5.647976891366241
1981-09-28,11.052046392355267
1981-09-29,18.80883857957621
1981-09-30,25.253817497221075
1981-10-01,16.81146019696039
1981-10-02,3.7556167101942486
1981-10-03,0.0
1981-10-04,0.0
1981-10-05,0.0024002353538875665
1981-10-06,0.24529819791818083
1981-10-07,0.0
1981-10-08,0.0
1981-10-09,0.16678387786569177
1981-10-10,0.38370921748092685
1981-10-11,0.06600366844291329
1981-10-12,0.0
1981-10-13,0.048988505361095745
1981-10-14,8.223737125969015
1981-10-15,6.673576149980921
1981-10-16,1.0169129535954766
1981-10-17,0.0292616139796605
1981-10-18,0.0044518525962885325
1981-10-19,0.08824272719233399
1981-10-20,0.0
1981-10-21,0.0
1981-10-22,0.0
1981-10-23,0.08433607498068224
1981-10-24,0.030480345815636117
1981-10-25,0.0
1981-10-26,0.32720084612809897
1981-10-27,0.7125832109567495
1981-10-28,0.3642972067873837
1981-10-29,0.0
1981-10-30,0.7301477519597492
1981-10-31,0.0581162895716688
1981-11-01,0.0
1981-11-02,0.0
1981-11-03,0.0
1981-11-04,0.9701615244390022
1981-11-05,1.4221270135025479
1981-11-06,0.0
1981-11-07,0.0
1981-11-08,0.0
1981-11-09,0.0
1981-11-10,1.5349231910834322
1981-11-11,0.0
1981-11-12,0.0
1981-11-13,0.0
1981-11-14,0.0
1981-11-15,0.0
1981-11-16,0.0
1981-11-17,0.47062276865034225
1981-11-18,0.4428119749365022
1981-11-19,2.3259743386417715
1981-11-20,3.698863301635926
1981-11-21,0.0
1981-11-22,0.09348371211888973
1981-11-23,0.0
1981-11-24,0.0
1981-11-25,0.0
1981-11-26,0.0
1981-11-27,0.0
1981-11-28,0.0
1981-11-29,0.0
1981-11-30,0.0
1981-12-01,0.0
1981-12-02,0.0
1981-12-03,0.0
1981-12-04,0.0
1981-12-05,0.0
1981-12-06,0.0
1981-12-07,0.6417532098326614
1981-12-08,0.19232523303792895
1981-12-09,2.6110055904006977
1981-12-10,7.4800025083775195
1981-12-11,4.059984067470657
1981-12-12,0.007555103404009481
1981-12-13,0.0
1981-12-14,0.0
1981-12-15,0.0
1981-12-16,0.0
1981-12-17,0.0
1981-12-18,0.0
1981-12-19,0.0
1981-12-20,0.0
1981-12-21,0.0
1981-12-22,0.0
1981-12-23,0.0
1981-12-24,0.0015145267709660672
1981-12-25,0.0
1981-12-26,0.0
1981-12-27,0.0
1981-12-28,0.0
1981-12-29,0.0
1981-12-30,0.0
1981-12-31,0.0
1982-01-01,0.0
1982-01-02,0.0
1982-01-03,0.0
1982-01-04,0.0
1982-01-05,0.0
1982-01-06,1.276547956767138
1982-01-07,0.0
1982-01-08,0.0318656793280014
1982-01-09,0.0
1982-01-10,0.0
1982-01-11,0.10605109521400874
1982-01-12,0.552389982989233
1982-01-13,0.0
1982-01-14,1.1305508813130083
1982-01-15,0.0
1982-01-16,0.7191860156189672
1982-01-17,0.7843478244637789
1982-01-18,0.0
1982-01-19,0.11148696880802864
1982-01-20,1.7671044976559636
1982-01-21,0.0
1982-01-22,0.0
1982-01-23,0.0
1982-01-24,0.0
1982-01-25,0.0
1982-01-26,0.0
1982-01-27,0.0
1982-01-28,0.0
1982-01-29,0.18926200890250006
1982-01-30,0.0
1982-01-31,0.0
1982-02-01,0.740733046129332
1982-02-02,0.0
1982-02-03,0.0
1982-02-04,0.0
1982-02-05,0.359621170584172
1982-02-06,0.0
1982-02-07,0.0
1982-02-08,2.581590525146857
1982-02-09,0.0
1982-02-10,0.0
1982-02-11,0.0
1982-02-12,0.0
1982-02-13,2.7011427800397576
1982-02-14,0.5354258691381165
1982-02-15,0.0
1982-02-16,0.7429268095038261
1982-02-17,0.871221268217299
1982-02-18,8.88181188683995
1982-02-19,0.0
1982-02-20,0.0
1982-02-21,0.0
1982-02-22,0.0
1982-02-23,0.0
1982-02-24,0.0
1982-02-25,0.0
1982-02-26,0.0
1982-02-27,0.0
1982-02-28,0.0
1982-03-01,0.0470459714476596
1982-03-02,0.36736008855242536
1982-03-03,2.2624414331270333
1982-03-04,0.3284590891347702
1982-03-05,0.14039314105922707
1982-03-06,2.128141872126402
1982-03-07,2.4698505707762286
1982-03-08,0.0
1982-03-09,0.0
1982-03-10,0.0
1982-03-11,0.0
1982-03-12,0.4677711644591736
1982-03-13,0.13602558057788033
1982-03-14,0.2186968180814264
1982-03-15,0.2671970049760428
1982-03-16,0.002052540739782695
1982-03-17,31.05143040762311
1982-03-18,6.3784610679101545
1982-03-19,7.218291625364385
1982-03-20,0.012281385978320286
1982-03-21,0.0
1982-03-22,0.0
1982-03-23,0.0
1982-03-24,0.0
1982-03-25,0.0
1982-03-26,0.07606554105481574
1982-03-27,0.0
1982-03-28,0.0
1982-03-29,0.0
1982-03-30,1.8606874562733184
1982-03-31,16.467624074665665
1982-04-01,9.478837090277441
1982-04-02,6.79941245765567
1982-04-03,2.9199587570761945
1982-04-04,5.325520377967973
1982-04-05,45.9664687172329
1982-04-06,25.79759718252614
1982-04-07,5.024877914400768
1982-04-08,4.827800075627605
1982-04-09,1.1200776060074569
1982-04-10,0.8274679711592089
1982-04-11,16.18655709454054
1982-04-12,46.476280419046404
1982-04-13,35.24647460605912
1982-04-14,34.2164262913261
1982-04-15,66.83791837574461
1982-04-16,39.67569648158975
1982-04-17,33.27140085644177
1982-04-18,12.498320261739533
1982-04-19,0.8656964610772638
1982-04-20,0.04240113163330544
1982-04-21,0.0
1982-04-22,0.0
1982-04-23,0.0
1982-04-24,2.3717845225328937
1982-04-25,4.321002370505873
1982-04-26,4.424538875949021
1982-04-27,17.005894413663725
1982-04-28,10.047343176416497
1982-04-29,11.632063407069468
1982-04-30,11.029949117953393
1982-05-01,11.391348783735829
1982-05-02,22.564245650520537
1982-05-03,31.681418188593874
1982-05-04,27.76732062556821
1982-05-05,0.0
1982-05-06,0.0
1982-05-07,21.618727517338066
1982-05-08,36.530543282414115
1982-05-09,33.73320266474293
1982-05-10,45.53621718132525
1982-05-11,55.12287036079082
1982-05-12,31.848481374613982
1982-05-13,6.051587100679431
1982-05-14,32.38622043185524
1982-05-15,0.07155120095931404
1982-05-16,20.333999935745037
1982-05-17,5.501513581641507
1982-05-18,0.0
1982-05-19,0.0
1982-05-20,0.0
1982-05-21,0.0
1982-05-22,3.698950089933968
1982-05-23,0.0
1982-05-24,0.0
1982-05-25,0.0
1982-05-26,2.404551143922695
1982-05-27,29.792264038977027
1982-05-28,31.875620036093412
1982-05-29,20.379326791674576
1982-05-30,4.758049464835262
1982-05-31,0.0
1982-06-01,0.018216502460147863
1982-06-02,26.602086322899723
1982-06-03,4.792181963556086
1982-06-04,10.10469917454629
1982-06-05,0.7774469434781573
1982-06-06,13.527621173749829
1982-06-07,7.055837315570575
1982-06-08,50.67040084422474
1982-06-09,100.84192144303158
1982-06-10,121.23161376692566
1982-06-11,1.955272212004445
1982-06-12,2.471039690900079
1982-06-13,15.93760731213044
1982-06-14,29.21433391160354
1982-06-15,34.31893820049995
1982-06-16,27.129904036640045
1982-06-17,60.965820774005444
1982-06-18,50.49989371029646
1982-06-19,76.52670662997089
1982-06-20,17.5113181224564
1982-06-21,1.4330854592147506
1982-06-22,1.032837136966015
1982-06-23,2.2848051065190385
1982-06-24,7.079722831706602
1982-06-25,21.165718960772868
1982-06-26,10.099681581573119
1982-06-27,2.589031949705544
1982-06-28,0.14129709399359863
1982-06-29,1.6468273080339004
1982-06-30,36.12577710126455
1982-07-01,22.34801353207185
1982-07-02,46.210438354170506
1982-07-03,12.365002655402627
1982-07-04,30.350534714832452
1982-07-05,33.1626638273096
1982-07-06,5.57209049145536
1982-07-07,10.348466766239097
1982-07-08,0.0
1982-07-09,2.851062006962745
1982-07-10,4.773929483615797
1982-07-11,0.5472297044123201
1982-07-12,4.7073523410605
1982-07-13,12.210210164864437
1982-07-14,0.4576091330737471
1982-07-15,3.5518940073397447
1982-07-16,1.8811665152455328
1982-07-17,6.528011232856506
1982-07-18,12.739608456914427
1982-07-19,21.751781058802237
1982-07-20,22.21380762781732
1982-07-21,40.906011443361734
1982-07-22,6.878018967459283
1982-07-23,0.5815386833189129
1982-07-24,34.87904763833628
1982-07-25,80.23180894976107
1982-07-26,28.22333811938136
1982-07-27,24.79935544774981
1982-07-28,26.781764945772007
1982-07-29,19.45005134978546
1982-07-30,16.989226627000406
1982-07-31,1.8150702269638517
1982-08-01,17.99515122070518
1982-08-02,143.8948174483741
1982-08-03,146.031988204099
1982-08-04,28.61521068324383
1982-08-05,10.406149734092741
1982-08-06,27.674424820386726
1982-08-07,28.316795903333446
1982-08-08,4.624491409377737
1982-08-09,3.9392994388103397
1982-08-10,12.970274539020608
1982-08-11,12.915554880709978
1982-08-12,3.8096037101093967
1982-08-13,17.87033255545718
1982-08-14,13.189576484410122
1982-08-15,3.5865704709631783
1982-08-16,6.4321557333917685
1982-08-17,17.879395157382717
1982-08-18,20.643386952080437
1982-08-19,6.749351503934611
1982-08-20,20.68065213047694
1982-08-21,28.37453404177103
1982-08-22,45.235012210278796
1982-08-23,30.44506413313574
1982-08-24,6.652099208324646
1982-08-25,9.303850849111535
1982-08-26,16.08142623727925
1982-08-27,7.794335762234701
1982-08-28,4.804582910511515
1982-08-29,3.9491709874337606
1982-08-30,0.49794774245769613
1982-08-31,0.008969451830687192
1982-09-01,0.047079047605897914
1982-09-02,0.9947159376848975
1982-09-03,18.002835291968864
1982-09-04,6.070085039736208
1982-09-05,5.1437041442976925
1982-09-06,2.74267507566958
1982-09-07,0.41741991691591684
1982-09-08,8.793332338309195
1982-09-09,19.54087689284861
1982-09-10,19.994581160328483
1982-09-11,26.517541766948078
1982-09-12,28.91623797844477
1982-09-13,30.24884641195244
1982-09-14,64.33431177599843
1982-09-15,32.111764849610594
1982-09-16,9.611743563862115
1982-09-17,1.1911266652862806
1982-09-18,0.0
1982-09-19,5.706135581668839
1982-09-20,14.067903221817849
1982-09-21,0.4746372522645006
1982-09-22,3.127720148713787
1982-09-23,0.0
1982-09-24,0.05205645718576834
1982-09-25,1.3369656938925365
1982-09-26,5.357453274166013
1982-09-27,12.735487919704568
1982-09-28,27.031347557674888
1982-09-29,1.9694362797458784
1982-09-30,1.6065420382745228
1982-10-01,0.0
1982-10-02,9.160260118394746
1982-10-03,10.170666059456167
1982-10-04,3.1873216315714767
1982-10-05,0.8260462815639681
1982-10-06,0.0071793842888696075
1982-10-07,0.02784693066799523
1982-10-08,0.10057949044945949
1982-10-09,0.0
1982-10-10,0.0
1982-10-11,0.005629751459970192
1982-10-12,0.0
1982-10-13,0.0
1982-10-14,0.0
1982-10-15,0.0
1982-10-16,0.0
1982-10-17,0.04841148199923415
1982-10-18,0.0
1982-10-19,0.30714708682836206
1982-10-20,0.17142833533504026
1982-10-21,0.5860546915520275
1982-10-22,47.77366057421684
1982-10-23,31.837365237849625
1982-10-24,0.6052936524232577
1982-10-25,0.0
1982-10-26,0.0
1982-10-27,0.2945713943744045
1982-10-28,0.0
1982-10-29,0.0
1982-10-30,0.0
1982-10-31,0.0
1982-11-01,1.2289209748997612
1982-11-02,0.41919150469230543
1982-11-03,0.010132415253690208
1982-11-04,0.0
1982-11-05,0.10512403993462627
1982-11-06,0.35680588312169226
1982-11-07,0.2741091709688223
1982-11-08,0.0
1982-11-09,1.8891036765918507
1982-11-10,9.197439065976624
1982-11-11,1.38228540022866
1982-11-12,0.6876483303036504
1982-11-13,0.0
1982-11-14,0.0
1982-11-15,0.0
1982-11-16,0.0010149411554881737
1982-11-17,0.0
1982-11-18,0.0
1982-11-19,0.0
1982-11-20,0.0
1982-11-21,0.0
1982-11-22,0.0
1982-11-23,0.08920325982794972
1982-11-24,0.022492336603526585
1982-11-25,0.0
1982-11-26,0.0
1982-11-27,0.0044031186524550545
1982-11-28,0.0
1982-11-29,0.0
1982-11-30,0.0
1982-12-01,0.0
1982-12-02,0.0
1982-12-03,0.007368177091870586
1982-12-04,0.4412867888054013
1982-12-05,0.07519161124586173
1982-12-06,0.0
1982-12-07,0.0
1982-12-08,0.0
1982-12-09,0.0
1982-12-10,0.0
1982-12-11,0.0
1982-12-12,0.0
1982-12-13,0.0
1982-12-14,0.0
1982-12-15,0.0
1982-12-16,0.39295152050144017
1982-12-17,0.0
1982-12-18,0.0
1982-12-19,0.0
1982-12-20,0.0
1982-12-21,0.0
1982-12-22,0.0
1982-12-23,0.0
1982-12-24,0.8271883918937311
1982-12-25,0.0
1982-12-26,0.0
1982-12-27,0.0
1982-12-28,0.0
1982-12-29,1.1981796477698679
1982-12-30,2.7703737837716518
1982-12-31,1.3344837960235507
1983-01-01,0.0
1983-01-02,0.9052333775015512
1983-01-03,0.0
1983-01-04,0.0
1983-01-05,0.0
1983-01-06,0.0
1983-01-07,0.0
1983-01-08,0.0
1983-01-09,0.0
1983-01-10,2.0968310998397253
1983-01-11,0.0
1983-01-12,0.0
1983-01-13,0.0
1983-01-14,0.0
1983-01-15,0.0
1983-01-16,0.0
1983-01-17,0.0
1983-01-18,0.0
1983-01-19,0.0
1983-01-20,0.0
1983-01-21,0.0
1983-01-22,0.0
1983-01-23,0.0
1983-01-24,0.0
1983-01-25,0.0
1983-01-26,0.0
1983-01-27,0.0
1983-01-28,0.0
1983-01-29,0.06110683717208812
1983-01-30,3.730652850038502
1983-01-31,2.212940936682866
1983-02-01,0.2732309221172212
1983-02-02,0.0
1983-02-03,0.0
1983-02-04,0.0
1983-02-05,0.002805326335366023
1983-02-06,0.0
1983-02-07,0.0
1983-02-08,0.0693333478204347
1983-02-09,0.0
1983-02-10,0.0
1983-02-11,0.0
1983-02-12,0.0
1983-02-13,0.0
1983-02-14,0.0
1983-02-15,0.0
1983-02-16,0.0
1983-02-17,0.0
1983-02-18,0.0
1983-02-19,0.46941640471803975
1983-02-20,0.0
1983-02-21,0.0
1983-02-22,0.0
1983-02-23,0.4734247510006578
1983-02-24,1.882996108970779
1983-02-25,9.40050754843834
1983-02-26,6.200467748426885
1983-02-27,14.982760665051368
1983-02-28,0.012068225112298816
1983-03-01,0.0
1983-03-02,27.20061278000389
1983-03-03,38.93569973705818
1983-03-04,3.4003482914106864
1983-03-05,0.8325327406019807
1983-03-06,4.487149683195816
1983-03-07,1.9775811746874772
1983-03-08,0.2825011471759972
1983-03-09,0.2832449703362265
1983-03-10,1.2478146068917924
1983-03-11,0.0
1983-03-12,0.31370620292475443
1983-03-13,0.12797267223672595
1983-03-14,0.03409992973189325
1983-03-15,9.283018957008455
1983-03-16,3.9627248958326575
1983-03-17,0.03265967555758895
1983-03-18,2.0497310740391232
1983-03-19,14.949967802890104
1983-03-20,30.191565683251472
1983-03-21,30.579880869700776
1983-03-22,1.2901611667460444
1983-03-23,0.0
1983-03-24,0.0
1983-03-25,0.0
1983-03-26,0.011959085270363802
1983-03-27,11.654737716261119
1983-03-28,3.970207221496435
1983-03-29,5.430762466850373
1983-03-30,0.28632726700283995
1983-03-31,0.03236248686709329
1983-04-01,0.0
1983-04-02,8.228054840714801
1983-04-03,4.571145900451912
1983-04-04,0.17613895423393502
1983-04-05,0.05110392812609406
1983-04-06,0.0
1983-04-07,0.0
1983-04-08,0.0
1983-04-09,3.789605152598332
1983-04-10,9.68733363256265
1983-04-11,0.3857966395232501
1983-04-12,3.6164845917507584
1983-04-13,41.27309503370533
1983-04-14,0.05020421134300335
1983-04-15,2.3418101831249025
1983-04-16,0.0
1983-04-17,0.0
1983-04-18,0.0
1983-04-19,0.0
1983-04-20,0.0
1983-04-21,0.0
1983-04-22,0.0
1983-04-23,34.341893790412726
1983-04-24,9.924734373893548
1983-04-25,24.259193712707944
1983-04-26,2.254779050117787
1983-04-27,37.359015933031515
1983-04-28,41.762966991057226
1983-04-29,26.87057826354046
1983-04-30,69.5115103406185
1983-05-01,63.737241784251076
1983-05-02,65.51070168942576
1983-05-03,20.651983154425054
1983-05-04,7.813189324224891
1983-05-05,10.868869871275331
1983-05-06,35.21620290509311
1983-05-07,34.45629171855122
1983-05-08,4.3569758550447295
1983-05-09,6.653074200477311
1983-05-10,34.70003075300196
1983-05-11,26.484928433285415
1983-05-12,15.412137362131421
1983-05-13,0.0
1983-05-14,5.043460041296343
1983-05-15,0.0
1983-05-16,7.216358446251495
1983-05-17,12.270780898846262
1983-05-18,2.3562753317685674
1983-05-19,28.445479684254007
1983-05-20,23.17407650459481
1983-05-21,23.763802425910086
1983-05-22,17.625011334199307
1983-05-23,3.9058149565519247
1983-05-24,7.613736026501092
1983-05-25,0.0
1983-05-26,0.0
1983-05-27,0.0
1983-05-28,0.04183757156327282
1983-05-29,0.0
1983-05-30,2.4762506258857386
1983-05-31,16.406634887734494
1983-06-01,18.816060751289168
1983-06-02,10.271793742377447
1983-06-03,10.279386031730464
1983-06-04,1.4855581507842122
1983-06-05,5.389427938950545
1983-06-06,9.084041285482856
1983-06-07,31.427934647258645
1983-06-08,9.733155087898725
1983-06-09,0.0
1983-06-10,0.0
1983-06-11,2.1654083280898684
1983-06-12,12.852908387658182
1983-06-13,36.07549031852002
1983-06-14,11.570945715312252
1983-06-15,60.5840054669206
1983-06-16,58.775020445395704
1983-06-17,12.063644939998706
1983-06-18,37.919989983794856
1983-06-19,36.201643652202705
1983-06-20,18.35496936922454
1983-06-21,31.459168099993278
1983-06-22,44.2746591163285
1983-06-23,27.79386079023242
1983-06-24,43.75353005822061
1983-06-25,22.41170384221678
1983-06-26,5.683404967731519
1983-06-27,4.551415934733748
1983-06-28,4.754002701641347
1983-06-29,3.7264549586984597
1983-06-30,27.817849986206745
1983-07-01,28.72086264469084
1983-07-02,28.580796161164145
1983-07-03,46.27299819320664
1983-07-04,51.65375418995798
1983-07-05,14.068864207997908
1983-07-06,0.13799271419352477
1983-07-07,2.451475679396482
1983-07-08,33.17580409389944
1983-07-09,8.840098427760573
1983-07-10,19.276928553248347
1983-07-11,2.437449706360584
1983-07-12,5.816849899745912
1983-07-13,16.594100629383732
1983-07-14,22.717982857587902
1983-07-15,15.82350092755883
1983-07-16,11.089679284626069
1983-07-17,24.7197927456704
1983-07-18,32.537748840421635
1983-07-19,68.70625257886078
1983-07-20,33.4151157385354
1983-07-21,15.742627379264466
1983-07-22,3.1891267638279457
1983-07-23,7.161456403216739
1983-07-24,37.64739438066398
1983-07-25,20.70413535757929
1983-07-26,26.054816282968588
1983-07-27,3.9068841498019466
1983-07-28,8.438560080834138
1983-07-29,1.7522596425701629
1983-07-30,14.137707993848736
1983-07-31,0.36333677897945416
1983-08-01,0.6702338453230937
1983-08-02,12.293620572347017
1983-08-03,34.76420822456161
1983-08-04,45.056251321076715
1983-08-05,22.575508383258207
1983-08-06,4.574155895539931
1983-08-07,8.017087362020414
1983-08-08,28.122418324836747
1983-08-09,25.277393338622172
1983-08-10,11.760367646059816
1983-08-11,18.586733781995623
1983-08-12,28.105080625478543
1983-08-13,13.54226597871298
1983-08-14,14.19221508598554
1983-08-15,12.905055365835745
1983-08-16,11.327126804626603
1983-08-17,4.840815966665422
1983-08-18,20.661150598066346
1983-08-19,10.294349401341433
1983-08-20,12.809546685111197
1983-08-21,35.6573674134929
1983-08-22,53.70795268218179
1983-08-23,37.81852789145833
1983-08-24,50.59928564886677
1983-08-25,14.36758708928018
1983-08-26,4.553772528710123
1983-08-27,11.185146058194807
1983-08-28,9.064365700654823
1983-08-29,3.9060994373605524
1983-08-30,18.31999105751003
1983-08-31,9.891827471407712
1983-09-01,14.501321155742007
1983-09-02,12.759849652387532
1983-09-03,26.312753007788253
1983-09-04,37.71534818040209
1983-09-05,10.799259132622204
1983-09-06,13.926957301137275
1983-09-07,43.18347563988253
1983-09-08,58.03750904219454
1983-09-09,36.75956305620522
1983-09-10,43.7678472987219
1983-09-11,26.099809410719317
1983-09-12,17.39503414513604
1983-09-13,8.781565332107066
1983-09-14,23.738486934905147
1983-09-15,47.71643973322808
1983-09-16,12.897436156989961
1983-09-17,18.435118200479486
1983-09-18,4.850712965781132
1983-09-19,4.232881149291772
1983-09-20,11.48306826888419
1983-09-21,26.273926428843687
1983-09-22,7.295820291685495
1983-09-23,2.0363546370734333
1983-09-24,7.660094308688517
1983-09-25,4.518042185211727
1983-09-26,7.580230061903065
1983-09-27,7.831005006585106
1983-09-28,0.0
1983-09-29,2.902916923921295
1983-09-30,1.2475767401079285
1983-10-01,2.2661261860464736
1983-10-02,2.573604326921803
1983-10-03,3.71965365273922
1983-10-04,2.0650897507106185
1983-10-05,24.077452167614204
1983-10-06,25.736811521199716
1983-10-07,3.0765048696019632
1983-10-08,1.416831029712507
1983-10-09,15.142121208421763
1983-10-10,30.219210048468867
1983-10-11,47.88138058950974
1983-10-12,0.014830559980968524
1983-10-13,0.9932093830237245
1983-10-14,24.762320818477935
1983-10-15,18.974349593978665
1983-10-16,0.0
1983-10-17,0.0
1983-10-18,0.0
1983-10-19,0.0
1983-10-20,21.146560589639673
1983-10-21,9.261425622475693
1983-10-22,0.0
1983-10-23,0.0
1983-10-24,1.1373188042198978
1983-10-25,0.0
1983-10-26,0.0
1983-10-27,0.0
1983-10-28,0.0
1983-10-29,0.0
1983-10-30,0.0
1983-10-31,0.0
1983-11-01,0.0
1983-11-02,0.0
1983-11-03,0.0
1983-11-04,0.0
1983-11-05,0.0
1983-11-06,0.1406929321446049
1983-11-07,0.1382853546170549
1983-11-08,12.361844867757382
1983-11-09,4.361429972515681
1983-11-10,0.0
1983-11-11,0.0
1983-11-12,0.0
1983-11-13,0.0
1983-11-14,0.0
1983-11-15,0.0
1983-11-16,0.0
1983-11-17,0.0
1983-11-18,0.0
1983-11-19,0.0
1983-11-20,0.0
1983-11-21,0.0
1983-11-22,0.0
1983-11-23,0.0
1983-11-24,0.0
1983-11-25,0.0
1983-11-26,0.0
1983-11-27,0.0
1983-11-28,0.0
1983-11-29,0.0
1983-11-30,0.0
1983-12-01,0.0
1983-12-02,0.0
1983-12-03,0.0
1983-12-04,0.0
1983-12-05,1.3852662888822944
1983-12-06,0.0
1983-12-07,0.0
1983-12-08,0.0
1983-12-09,0.0
1983-12-10,0.0
1983-12-11,0.013115761077260039
1983-12-12,0.0
1983-12-13,0.0021813496842564015
1983-12-14,0.0
1983-12-15,0.0
1983-12-16,0.0
1983-12-17,0.0
1983-12-18,0.0
1983-12-19,0.0
1983-12-20,0.0
1983-12-21,0.0
1983-12-22,0.0
1983-12-23,0.0
1983-12-24,0.0
1983-12-25,0.3199971208663897
1983-12-26,8.285968071965955
1983-12-27,1.4332672548934573
1983-12-28,0.0
1983-12-29,0.0
1983-12-30,0.0
1983-12-31,0.0
1984-01-01,0.0
1984-01-02,0.0
1984-01-03,0.0
1984-01-04,0.0
1984-01-05,0.0
1984-01-06,0.0
1984-01-07,0.0
1984-01-08,0.0
1984-01-09,0.0
1984-01-10,0.0
1984-01-11,0.003225876511287024
1984-01-12,0.0
1984-01-13,0.0
1984-01-14,0.0
1984-01-15,0.0
1984-01-16,7.913765986213359
1984-01-17,1.0056152275408425
1984-01-18,0.0
1984-01-19,0.0
1984-01-20,0.0
1984-01-21,0.0242692353180293
1984-01-22,0.0
1984-01-23,2.686314514023992
1984-01-24,0.0
1984-01-25,0.0
1984-01-26,0.0
1984-01-27,0.0
1984-01-28,0.0
1984-01-29,0.0
1984-01-30,0.013046347347683914
1984-01-31,0.0
1984-02-01,0.0
1984-02-02,0.0
1984-02-03,0.08482853288600084
1984-02-04,0.8918799326124293
1984-02-05,2.0764073528140186
1984-02-06,1.1430344155945207
1984-02-07,0.0
1984-02-08,2.341036369522946
1984-02-09,1.5396523405919076
1984-02-10,1.5806380994660512
1984-02-11,0.0
1984-02-12,0.0
1984-02-13,0.43662906547795066
1984-02-14,0.0
1984-02-15,0.0789322812214779
1984-02-16,0.0
1984-02-17,0.0
1984-02-18,0.0
1984-02-19,0.0
1984-02-20,0.7595777217032922
1984-02-21,0.09434563215608631
1984-02-22,0.0
1984-02-23,0.0
1984-02-24,0.0
1984-02-25,0.04743762559657514
1984-02-26,0.0
1984-02-27,0.0
1984-02-28,0.0
1984-02-29,0.0
1984-03-01,0.0
1984-03-02,0.0
1984-03-03,0.0
1984-03-04,0.0
1984-03-05,0.0
1984-03-06,0.0
1984-03-07,0.0
1984-03-08,0.0
1984-03-09,0.0
1984-03-10,0.0
1984-03-11,0.0
1984-03-12,0.0
1984-03-13,0.257186070665104
1984-03-14,2.582095034162645
1984-03-15,0.0
1984-03-16,0.0
1984-03-17,0.0
1984-03-18,0.0
1984-03-19,0.0
1984-03-20,0.0
1984-03-21,0.0
1984-03-22,0.0
1984-03-23,0.0
1984-03-24,3.569028549340307
1984-03-25,0.19758893582934958
1984-03-26,27.38934211671712
1984-03-27,29.029288886573376
1984-03-28,0.0
1984-03-29,0.0
1984-03-30,2.9638405598445496
1984-03-31,6.161367096218639
1984-04-01,24.687241320570724
1984-04-02,0.0056538967799355305
1984-04-03,5.007341228675242
1984-04-04,5.373369092934703
1984-04-05,2.7438581524504246
1984-04-06,2.0595493772877314
1984-04-07,21.803079557686246
1984-04-08,3.048564855352784
1984-04-09,0.34876914895130956
1984-04-10,0.0
1984-04-11,0.0
1984-04-12,0.0
1984-04-13,0.0
1984-04-14,0.0
1984-04-15,0.0
1984-04-16,21.45966267143158
1984-04-17,49.03294781675107
1984-04-18,25.36910392350799
1984-04-19,10.993064655715008
1984-04-20,11.492995076372571
1984-04-21,0.5025511328603655
1984-04-22,16.562485425903844
1984-04-23,0.016411897359974822
1984-04-24,0.26587471610870833
1984-04-25,0.10886582993402338
1984-04-26,2.5657325616633533
1984-04-27,21.809903705772086
1984-04-28,1.7493898422774359
1984-04-29,0.03767848935637547
1984-04-30,0.719116106342157
1984-05-01,0.0
1984-05-02,7.098211058627209
1984-05-03,1.9304010776077551
1984-05-04,37.85528701495085
1984-05-05,23.25481507662493
1984-05-06,61.71355603211097
1984-05-07,50.35921352501042
1984-05-08,39.43507444189952
1984-05-09,21.32018095594259
1984-05-10,21.14081558261543
1984-05-11,47.279981444319795
1984-05-12,33.28481190558798
1984-05-13,24.360415168276226
1984-05-14,45.60139038738031
1984-05-15,82.32279803497036
1984-05-16,90.95894434740637
1984-05-17,61.68942290015624
1984-05-18,8.066468975537003
1984-05-19,4.0687363804023935
1984-05-20,2.9991643661451577
1984-05-21,4.631775595828773
1984-05-22,8.499866811994924
1984-05-23,20.04238668890774
1984-05-24,39.74245358320088
1984-05-25,2.880781809464409
1984-05-26,2.0407547362143412
1984-05-27,6.510950313923889
1984-05-28,0.6557544649570276
1984-05-29,2.0829733074934778
1984-05-30,8.397021388075837
1984-05-31,6.917266227130327
1984-06-01,0.0
1984-06-02,0.0
1984-06-03,5.6404866235227145
1984-06-04,6.722840739363161
1984-06-05,8.8080851534952
1984-06-06,25.886478186329807
1984-06-07,1.5597369737874578
1984-06-08,12.69925316768276
1984-06-09,16.39319354029377
1984-06-10,21.083683154398894
1984-06-11,14.75574969869341
1984-06-12,30.853021612362646
1984-06-13,36.48511686429385
1984-06-14,15.336904146742532
1984-06-15,21.05866849575044
1984-06-16,161.75571218252637
1984-06-17,47.33666633965229
1984-06-18,14.45985765803094
1984-06-19,12.871141964846343
1984-06-20,20.555872264443714
1984-06-21,2.3760873003059673
1984-06-22,17.933690197304358
1984-06-23,13.969140516272372
1984-06-24,2.0770922479911578
1984-06-25,6.06434308217324
1984-06-26,6.340113607221679
1984-06-27,9.111917523487813
1984-06-28,24.197208987399296
1984-06-29,6.03780275691652
1984-06-30,13.556725281760151
1984-07-01,6.959384022197653
1984-07-02,13.840213882407225
1984-07-03,8.253843440197322
1984-07-04,44.88519099016279
1984-07-05,15.30423077582572
1984-07-06,29.419151539068427
1984-07-07,54.131533831768216
1984-07-08,29.958772853266723
1984-07-09,34.63611762353757
1984-07-10,65.12129370290509
1984-07-11,28.626036395189825
1984-07-12,10.493325944796686
1984-07-13,11.055933062216845
1984-07-14,21.32049148842713
1984-07-15,42.468706623383454
1984-07-16,18.24289537756198
1984-07-17,16.6870308294366
1984-07-18,5.3352011260547965
1984-07-19,10.069908050980573
1984-07-20,17.940963577064153
1984-07-21,12.743479164573316
1984-07-22,16.361754682127252
1984-07-23,39.44126774072137
1984-07-24,16.239939916801518
1984-07-25,14.903398106547861
1984-07-26,25.359326845617193
1984-07-27,12.757048320774064
1984-07-28,9.234111115213324
1984-07-29,33.90659377195161
1984-07-30,37.38259635934985
1984-07-31,29.01337953839162
1984-08-01,22.048092375785775
1984-08-02,9.59849155321536
1984-08-03,26.832434781296886
1984-08-04,15.85501442199569
1984-08-05,13.25826899072268
1984-08-06,12.489802871840476
1984-08-07,77.77933034545597
1984-08-08,11.76804035242444
1984-08-09,9.159967592740351
1984-08-10,10.324438060601942
1984-08-11,8.638361021813145
1984-08-12,6.524910540346494
1984-08-13,19.300183174635023
1984-08-14,8.184611712829154
1984-08-15,5.122317613599893
1984-08-16,20.02981268559366
1984-08-17,13.382518761255639
1984-08-18,12.978128948403134
1984-08-19,16.311888195231116
1984-08-20,35.875225452347195
1984-08-21,10.871809987807739
1984-08-22,15.920741775404055
1984-08-23,15.62903284167878
1984-08-24,11.223470143475646
1984-08-25,5.221828039841389
1984-08-26,1.5361405464967277
1984-08-27,15.942532385570876
1984-08-28,9.1102367771236
1984-08-29,1.438475351985855
1984-08-30,3.416809951091551
1984-08-31,59.719603894131026
1984-09-01,33.010449774105304
1984-09-02,13.994067205064814
1984-09-03,15.806724126631293
1984-09-04,13.357778987112937
1984-09-05,10.920349427359334
1984-09-06,42.72361011705253
1984-09-07,21.77781613551999
1984-09-08,22.008824262876438
1984-09-09,83.63088178363905
1984-09-10,47.18149387140135
1984-09-11,16.53157660800288
1984-09-12,14.828214445083102
1984-09-13,16.493990636053542
1984-09-14,33.361880570510515
1984-09-15,54.516705848235645
1984-09-16,52.16773479038813
1984-09-17,25.01010799476087
1984-09-18,6.32112255673122
1984-09-19,16.69978639113531
1984-09-20,14.261034380692134
1984-09-21,4.771841089774856
1984-09-22,4.805179444152925
1984-09-23,1.721036261197274
1984-09-24,1.1576128377726949
1984-09-25,0.0
1984-09-26,0.0
1984-09-27,0.0
1984-09-28,0.0
1984-09-29,0.0
1984-09-30,0.46758242314300547
1984-10-01,5.448206418880238
1984-10-02,13.736088693886924
1984-10-03,31.774177303706335
1984-10-04,41.54678514184319
1984-10-05,36.46314532730065
1984-10-06,0.607998330018326
1984-10-07,8.452806945819324
1984-10-08,8.546922724970697
1984-10-09,0.0
1984-10-10,0.0
1984-10-11,0.8303772155201785
1984-10-12,2.893163348287282
1984-10-13,24.71707157212351
1984-10-14,1.5281364453638153
1984-10-15,1.8507544930223079
1984-10-16,2.2443058604005537
1984-10-17,0.31591042093408833
1984-10-18,0.0
1984-10-19,0.10180007896492106
1984-10-20,16.66946592318683
1984-10-21,16.38149664543232
1984-10-22,0.0
1984-10-23,0.0
1984-10-24,0.0
1984-10-25,0.0
1984-10-26,0.0
1984-10-27,0.0
1984-10-28,0.0
1984-10-29,0.0
1984-10-30,0.0
1984-10-31,0.0
1984-11-01,0.41064154380107387
1984-11-02,1.3913182144102576
1984-11-03,0.0
1984-11-04,0.16774767598529375
1984-11-05,0.0
1984-11-06,0.0
1984-11-07,0.5520161063067591
1984-11-08,0.0
1984-11-09,2.221631477489649
1984-11-10,1.0311723256432774
1984-11-11,0.0
1984-11-12,0.0
1984-11-13,0.5466834267325952
1984-11-14,0.0
1984-11-15,0.0
1984-11-16,0.0
1984-11-17,0.0
1984-11-18,0.0
1984-11-19,0.0
1984-11-20,1.3997858258771005
1984-11-21,0.0
1984-11-22,0.0
1984-11-23,0.16673089115627637
1984-11-24,0.0
1984-11-25,1.8097529927882998
1984-11-26,2.121336611595104
1984-11-27,0.0
1984-11-28,0.0
1984-11-29,0.0
1984-11-30,0.0
1984-12-01,0.0
1984-12-02,0.0
1984-12-03,0.7712522068014873
1984-12-04,0.14449773347913278
1984-12-05,0.0
1984-12-06,0.0
1984-12-07,0.0
1984-12-08,0.0
1984-12-09,0.0
1984-12-10,0.17835613340872197
1984-12-11,0.0
1984-12-12,0.0027966933587907864
1984-12-13,0.0636079527383722
1984-12-14,1.6729764991626082
1984-12-15,0.0
1984-12-16,0.0
1984-12-17,0.0
1984-12-18,0.0
1984-12-19,0.0
1984-12-20,0.0
1984-12-21,0.042057975407505235
1984-12-22,0.015141213856999998
1984-12-23,0.2539639183917352
1984-12-24,0.32818405423727326
1984-12-25,3.9922776984748043
1984-12-26,5.7438082156729635
1984-12-27,0.0
1984-12-28,0.0
1984-12-29,0.03864212207834046
1984-12-30,0.5002581296919177
1984-12-31,0.028230210377370286
1985-01-01,2.941646882227525
1985-01-02,0.004489589578365101
1985-01-03,0.0
1985-01-04,0.0
1985-01-05,0.0
1985-01-06,0.5205749927175134
1985-01-07,0.0
1985-01-08,0.0
1985-01-09,0.0
1985-01-10,0.0
1985-01-11,0.0
1985-01-12,0.3229376979400035
1985-01-13,0.6748744025937191
1985-01-14,0.0
1985-01-15,0.9324421374021036
1985-01-16,0.9491267447921745
1985-01-17,0.0
1985-01-18,0.0
1985-01-19,0.0
1985-01-20,0.0
1985-01-21,0.0
1985-01-22,0.0
1985-01-23,0.0
1985-01-24,0.0
1985-01-25,0.0
1985-01-26,0.14480468643734243
1985-01-27,0.0
1985-01-28,0.025574749597738925
1985-01-29,1.0623510407730261
1985-01-30,1.2076743392124343
1985-01-31,0.6018249426376484
1985-02-01,2.627260147640811
1985-02-02,0.032278645582102874
1985-02-03,0.0
1985-02-04,0.0
1985-02-05,0.650733424538422
1985-02-06,9.202522206496983
1985-02-07,1.7627049314464989
1985-02-08,0.016861436689676487
1985-02-09,0.0
1985-02-10,0.0
1985-02-11,0.0
1985-02-12,0.0
1985-02-13,0.0
1985-02-14,0.19089098083518666
1985-02-15,7.4808570552040745
1985-02-16,5.356001006768857
1985-02-17,0.0
1985-02-18,0.0
1985-02-19,0.0
1985-02-20,0.0
1985-02-21,0.0
1985-02-22,0.0
1985-02-23,0.0
1985-02-24,0.0
1985-02-25,8.905238553844982E-4
1985-02-26,0.0
1985-02-27,0.0
1985-02-28,0.0
1985-03-01,0.0
1985-03-02,0.0
1985-03-03,0.0
1985-03-04,0.0
1985-03-05,0.0
1985-03-06,0.0
1985-03-07,0.0
1985-03-08,0.0
1985-03-09,0.0
1985-03-10,0.0
1985-03-11,0.0
1985-03-12,0.0
1985-03-13,0.0
1985-03-14,0.0
1985-03-15,3.3776627655870666
1985-03-16,2.4901811673793075
1985-03-17,8.16933762118454
1985-03-18,3.471137739198467
1985-03-19,4.126932563213932
1985-03-20,12.260349040057108
1985-03-21,0.17120568201397005
1985-03-22,0.1354510761300178
1985-03-23,14.052276944625705
1985-03-24,48.20394161756134
1985-03-25,18.64820770789434
1985-03-26,0.0
1985-03-27,16.635139597674836
1985-03-28,49.11497628588963
1985-03-29,49.260415964962455
1985-03-30,14.540702233065463
1985-03-31,0.0
1985-04-01,0.9050399935461795
1985-04-02,1.6541453508936088
1985-04-03,7.669036506664333
1985-04-04,0.0
1985-04-05,0.0
1985-04-06,9.905705894150774
1985-04-07,13.6140816011708
1985-04-08,5.361481304626589
1985-04-09,7.3858359126382345
1985-04-10,14.706503481908822
1985-04-11,0.5154011447002079
1985-04-12,2.8551373031719485
1985-04-13,0.12593339726476188
1985-04-14,30.281244186647207
1985-04-15,22.25085862880066
1985-04-16,5.54677563279253
1985-04-17,0.613552061986227
1985-04-18,0.0
1985-04-19,4.084444634062971
1985-04-20,0.0
1985-04-21,6.084527209368525
1985-04-22,19.160445428267945
1985-04-23,39.79620296460949
1985-04-24,6.158625211201641
1985-04-25,1.275832781811305
1985-04-26,27.964274518792063
1985-04-27,11.31581415070869
1985-04-28,0.0
1985-04-29,0.2339497605650079
1985-04-30,0.0
1985-05-01,0.0
1985-05-02,40.727484835718364
1985-05-03,12.10536221085375
1985-05-04,23.820006637656977
1985-05-05,1.9205252056632747
1985-05-06,17.733269543905614
1985-05-07,0.0
1985-05-08,0.0
1985-05-09,1.7291335200448108
1985-05-10,0.0
1985-05-11,1.6947051223875538
1985-05-12,10.898091897481107
1985-05-13,5.87324409378887
1985-05-14,78.23625287476284
1985-05-15,57.0860750300086
1985-05-16,11.112391269983814
1985-05-17,7.5288244056182965
1985-05-18,1.2735008153320448
1985-05-19,1.8710471187551656
1985-05-20,11.77819290101986
1985-05-21,10.283254705696894
1985-05-22,0.0
1985-05-23,7.4245253042648125
1985-05-24,5.0030161425428785
1985-05-25,26.32148330037636
1985-05-26,42.264969788193675
1985-05-27,15.83998393578411
1985-05-28,49.355620216239565
1985-05-29,34.889491638698644
1985-05-30,0.11788461364110372
1985-05-31,82.41107870548831
1985-06-01,40.587571631035914
1985-06-02,30.4671099758025
1985-06-03,55.29307682197352
1985-06-04,14.94066367482011
1985-06-05,10.25847871305564
1985-06-06,4.011392890526868
1985-06-07,6.9607583111401965
1985-06-08,50.156208279266465
1985-06-09,30.817094674207272
1985-06-10,0.1400874020480793
1985-06-11,0.08301264988068566
1985-06-12,23.834156310641994
1985-06-13,32.73863273656174
1985-06-14,17.383585495382032
1985-06-15,23.745393171389992
1985-06-16,58.35719936540529
1985-06-17,98.51189681060238
1985-06-18,25.43924444094775
1985-06-19,2.7433733160400453
1985-06-20,4.800804737121696
1985-06-21,16.063727272206343
1985-06-22,13.130409363956664
1985-06-23,37.28152702735491
1985-06-24,23.761307370557418
1985-06-25,4.977001615123837
1985-06-26,8.700200330071148
1985-06-27,2.9749120177843205
1985-06-28,3.072084312330259
1985-06-29,49.47733301026884
1985-06-30,31.362385783349396
1985-07-01,1.196087862861464
1985-07-02,1.1049231513428135
1985-07-03,15.239159823237658
1985-07-04,2.338467864579268
1985-07-05,2.8725174268383493
1985-07-06,9.35900717170788
1985-07-07,18.52855399015718
1985-07-08,50.05561108900722
1985-07-09,44.68415324245931
1985-07-10,16.249513484340767
1985-07-11,10.160950597960715
1985-07-12,2.3751350896911276
1985-07-13,18.061233818359508
1985-07-14,29.63244877774788
1985-07-15,16.76482047167678
1985-07-16,10.332690514739193
1985-07-17,0.116919452588287
1985-07-18,3.2978990946319953
1985-07-19,5.049024573817057
1985-07-20,9.595753279710708
1985-07-21,7.407811608359278
1985-07-22,2.2288850389868253
1985-07-23,17.14658698661782
1985-07-24,52.67673788213028
1985-07-25,13.90865851045254
1985-07-26,21.01781097483719
1985-07-27,47.015466853837026
1985-07-28,27.707704701891554
1985-07-29,6.536933323695901
1985-07-30,37.84832824829835
1985-07-31,5.771928119037812
1985-08-01,39.91037772500613
1985-08-02,14.615013352481164
1985-08-03,7.5354502975961095
1985-08-04,10.486622097891027
1985-08-05,18.984235649565033
1985-08-06,18.418951592022097
1985-08-07,0.0
1985-08-08,3.4583615962073178
1985-08-09,0.0
1985-08-10,5.006894936790161
1985-08-11,3.8045908130225783
1985-08-12,14.262478268142889
1985-08-13,7.168883131575292
1985-08-14,5.426829116436772
1985-08-15,0.7694378578580999
1985-08-16,1.8081551094044828
1985-08-17,24.12061294867281
1985-08-18,4.756664950464549
1985-08-19,3.295459835568071
1985-08-20,0.958726799914842
1985-08-21,3.352612426628924
1985-08-22,15.215600444632514
1985-08-23,43.085140025701165
1985-08-24,40.84733496397867
1985-08-25,39.400807639884995
1985-08-26,51.47191808472613
1985-08-27,22.99537759547397
1985-08-28,47.27848086739592
1985-08-29,5.173264959254025
1985-08-30,23.8097415401329
1985-08-31,10.32784952601757
1985-09-01,30.844677701350697
1985-09-02,0.7909186170840248
1985-09-03,3.9042461316923407
1985-09-04,8.163156607403662
1985-09-05,21.939770724145156
1985-09-06,10.996287614349987
1985-09-07,14.539669482383049
1985-09-08,7.227148228621514
1985-09-09,13.99060446113416
1985-09-10,6.598375398635491
1985-09-11,11.142793570116588
1985-09-12,22.68722435567535
1985-09-13,17.07511363976067
1985-09-14,22.340975397575466
1985-09-15,4.374627882766416
1985-09-16,0.29346111695176624
1985-09-17,0.5226245209643285
1985-09-18,1.7169051370222272
1985-09-19,73.83442147041485
1985-09-20,6.9033473794928994
1985-09-21,43.34103234616055
1985-09-22,45.207601834423286
1985-09-23,36.95553155563969
1985-09-24,0.14349860436991654
1985-09-25,15.146661770721993
1985-09-26,28.327121595505638
1985-09-27,17.709066378404632
1985-09-28,6.06671711866603
1985-09-29,15.86514629139711
1985-09-30,16.68143341512387
1985-10-01,9.155431934966051
1985-10-02,0.0
1985-10-03,0.0
1985-10-04,0.0
1985-10-05,0.0
1985-10-06,0.0
1985-10-07,0.0
1985-10-08,0.0
1985-10-09,0.0
1985-10-10,0.0
1985-10-11,0.0
1985-10-12,0.0
1985-10-13,0.0
1985-10-14,4.8562909095535876
1985-10-15,40.73815085921281
1985-10-16,10.61091047317072
1985-10-17,1.575391153509783
1985-10-18,0.7162023156641953
1985-10-19,0.0
1985-10-20,0.0
1985-10-21,0.0
1985-10-22,0.0
1985-10-23,0.0
1985-10-24,0.0
1985-10-25,0.0
1985-10-26,0.0
1985-10-27,0.0
1985-10-28,0.0
1985-10-29,0.0
1985-10-30,0.0
1985-10-31,0.0
1985-11-01,0.08519699056273788
1985-11-02,0.0
1985-11-03,0.0
1985-11-04,0.3585865867263633
1985-11-05,2.411522845018859
1985-11-06,1.4915070739568885
1985-11-07,0.0
1985-11-08,0.0
1985-11-09,0.0
1985-11-10,0.0
1985-11-11,0.010912138876256517
1985-11-12,0.0
1985-11-13,0.0
1985-11-14,0.0
1985-11-15,0.0
1985-11-16,0.0
1985-11-17,0.0
1985-11-18,0.0
1985-11-19,0.9616451891184685
1985-11-20,0.08376457302828179
1985-11-21,0.0
1985-11-22,0.0
1985-11-23,0.0
1985-11-24,0.0
1985-11-25,0.0
1985-11-26,0.0
1985-11-27,0.0
1985-11-28,0.0
1985-11-29,0.0
1985-11-30,0.0
1985-12-01,0.0
1985-12-02,0.13415467115165072
1985-12-03,0.8943697223548618
1985-12-04,0.0
1985-12-05,0.048205344938042786
1985-12-06,0.0
1985-12-07,0.0
1985-12-08,0.0
1985-12-09,0.0
1985-12-10,0.019769957490539437
1985-12-11,0.0035808539973513002
1985-12-12,0.17024008427468784
1985-12-13,0.0
1985-12-14,0.0
1985-12-15,0.0
1985-12-16,0.03616721847495661
1985-12-17,0.1370076994458779
1985-12-18,0.0
1985-12-19,0.0
1985-12-20,0.08469688048342289
1985-12-21,0.0
1985-12-22,0.0
1985-12-23,0.0
1985-12-24,0.277095381694536
1985-12-25,0.04455417921405853
1985-12-26,0.0
1985-12-27,2.2943340192402943
1985-12-28,5.846675698288621
1985-12-29,0.0
1985-12-30,0.15545606024711997
1985-12-31,0.0
1986-01-01,0.0
1986-01-02,0.0
1986-01-03,0.0
1986-01-04,0.0
1986-01-05,0.0701484857599951
1986-01-06,0.0
1986-01-07,0.0
1986-01-08,0.0
1986-01-09,0.0
1986-01-10,0.0
1986-01-11,0.0
1986-01-12,0.0
1986-01-13,0.0
1986-01-14,0.0
1986-01-15,6.011832608612601
1986-01-16,0.6974284462149668
1986-01-17,0.06332108757964706
1986-01-18,0.0
1986-01-19,0.01503797222693869
1986-01-20,0.15987878273891928
1986-01-21,0.0
1986-01-22,0.0
1986-01-23,0.0
1986-01-24,0.0
1986-01-25,6.507920277613252E-4
1986-01-26,0.0
1986-01-27,0.0
1986-01-28,0.0
1986-01-29,0.0
1986-01-30,0.01472156973256745
1986-01-31,2.297522318208645
1986-02-01,1.2315352917472355
1986-02-02,0.0
1986-02-03,0.0
1986-02-04,0.055085788723821895
1986-02-05,0.277754216626325
1986-02-06,0.0
1986-02-07,0.0
1986-02-08,0.0
1986-02-09,0.0
1986-02-10,3.1722107425300816
1986-02-11,0.0
1986-02-12,1.0537718487967225
1986-02-13,0.015575217614996263
1986-02-14,0.0
1986-02-15,5.292930946289027
1986-02-16,0.0733588491350233
1986-02-17,0.0
1986-02-18,0.0
1986-02-19,0.0
1986-02-20,0.0
1986-02-21,0.0
1986-02-22,0.0
1986-02-23,0.0
1986-02-24,0.0
1986-02-25,0.005839914790130992
1986-02-26,0.0
1986-02-27,0.0
1986-02-28,0.0
1986-03-01,0.0
1986-03-02,0.0023221197445340773
1986-03-03,0.14468220711582824
1986-03-04,0.260444165700977
1986-03-05,2.3862131502283335
1986-03-06,0.6998485798491791
1986-03-07,2.713834795177143
1986-03-08,0.5776607444336496
1986-03-09,0.6172546605442711
1986-03-10,0.08440575179762366
1986-03-11,0.0
1986-03-12,0.0
1986-03-13,2.3957202433196327
1986-03-14,0.255292456329476
1986-03-15,9.473826770735398
1986-03-16,0.8186112705700616
1986-03-17,0.0
1986-03-18,0.03310045433340882
1986-03-19,0.05873879531286636
1986-03-20,0.29985613635044767
1986-03-21,0.0
1986-03-22,0.0
1986-03-23,0.0
1986-03-24,0.010501385918634117
1986-03-25,0.33192665298031687
1986-03-26,0.0
1986-03-27,0.0
1986-03-28,0.0
1986-03-29,0.0
1986-03-30,4.106391421079882
1986-03-31,29.04915389968892
1986-04-01,5.219311971207329
1986-04-02,5.288191841635898
1986-04-03,48.762436003845416
1986-04-04,0.03917272789851549
1986-04-05,24.466619207657473
1986-04-06,0.0
1986-04-07,4.726321685728255
1986-04-08,23.60444350418088
1986-04-09,29.546327245457533
1986-04-10,32.33463295761187
1986-04-11,45.42321212796583
1986-04-12,48.17266263698983
1986-04-13,71.96675002926573
1986-04-14,23.685419261017884
1986-04-15,25.11868645075319
1986-04-16,12.215487589732682
1986-04-17,10.993404590217779
1986-04-18,23.23740477486341
1986-04-19,21.32379070973341
1986-04-20,18.706594112105147
1986-04-21,4.938432779747976
1986-04-22,1.0159208232574797
1986-04-23,5.542748908678392
1986-04-24,21.805552792755794
1986-04-25,25.930341433815112
1986-04-26,24.33504120282345
1986-04-27,24.028936366124586
1986-04-28,17.764938296491735
1986-04-29,0.50138782386726
1986-04-30,0.0
1986-05-01,0.0
1986-05-02,0.0
1986-05-03,33.1474196664997
1986-05-04,25.17784879095702
1986-05-05,23.027910593989468
1986-05-06,16.548641809636475
1986-05-07,8.955272295890824
1986-05-08,3.372891423429117
1986-05-09,1.393728611565698
1986-05-10,1.033418974379694
1986-05-11,1.0253556412526612
1986-05-12,0.0
1986-05-13,0.9020760846166609
1986-05-14,4.9063762845985055
1986-05-15,46.724420199249714
1986-05-16,0.0
1986-05-17,23.658801604210414
1986-05-18,5.861481511705245
1986-05-19,12.695592900520484
1986-05-20,0.0
1986-05-21,4.030127963290948
1986-05-22,0.01564611256156397
1986-05-23,0.0
1986-05-24,0.0
1986-05-25,15.83200204554262
1986-05-26,1.052703332761001
1986-05-27,0.0
1986-05-28,0.0
1986-05-29,0.6961684543589568
1986-05-30,0.5101094935145927
1986-05-31,3.2812194826204233
1986-06-01,3.88033529987482
1986-06-02,39.672096801039956
1986-06-03,0.0
1986-06-04,0.0
1986-06-05,0.0
1986-06-06,0.0
1986-06-07,2.7086311409779373
1986-06-08,51.947760786800096
1986-06-09,80.76335934651811
1986-06-10,90.70901423444516
1986-06-11,1.9383034524607465
1986-06-12,6.815799358942826
1986-06-13,24.691610288314056
1986-06-14,10.511294248597888
1986-06-15,13.148499009217344
1986-06-16,19.19147072644792
1986-06-17,2.9722391719817383
1986-06-18,28.879310130528822
1986-06-19,5.057796800493693
1986-06-20,46.31329725995672
1986-06-21,20.64427350394792
1986-06-22,3.4747013831996036
1986-06-23,24.00305238956594
1986-06-24,15.29607621742914
1986-06-25,5.235188391916198
1986-06-26,37.4719653179864
1986-06-27,21.054367342390396
1986-06-28,8.700854411617348
1986-06-29,22.46245990364416
1986-06-30,14.568654694942923
1986-07-01,0.4616285710434711
1986-07-02,2.256874254843166
1986-07-03,2.573633912275428
1986-07-04,22.938257379007048
1986-07-05,18.56590486230051
1986-07-06,40.98380774577628
1986-07-07,10.176672783308133
1986-07-08,3.2579665790109984
1986-07-09,4.8171811164648926
1986-07-10,9.015314338648869
1986-07-11,14.152485704915138
1986-07-12,18.641526349770963
1986-07-13,15.819713967420617
1986-07-14,0.0
1986-07-15,0.5592108469481937
1986-07-16,9.519472952478726
1986-07-17,16.882665650478245
1986-07-18,6.18919322821722
1986-07-19,19.99120590592174
1986-07-20,11.457098777584763
1986-07-21,48.719079838714144
1986-07-22,58.890363979286384
1986-07-23,18.44500038767774
1986-07-24,38.06207460304567
1986-07-25,33.986307040185935
1986-07-26,104.2721194756851
1986-07-27,48.94299473629952
1986-07-28,6.469361158380261
1986-07-29,0.33921868445750974
1986-07-30,4.650915388323283
1986-07-31,7.605085240260304
1986-08-01,11.914991952768125
1986-08-02,37.775822597875134
1986-08-03,4.67471870374209
1986-08-04,31.40454324533626
1986-08-05,10.604648730690554
1986-08-06,10.081476845713642
1986-08-07,9.269732671616147
1986-08-08,11.992204273775108
1986-08-09,2.3145229595349264
1986-08-10,4.357439836982797
1986-08-11,15.298341847331475
1986-08-12,16.685874061479574
1986-08-13,10.813312306012106
1986-08-14,12.725844209803066
1986-08-15,9.878804724753627
1986-08-16,8.651531817299482
1986-08-17,15.674051553186203
1986-08-18,17.77338588577423
1986-08-19,32.98484354132273
1986-08-20,19.913344914702336
1986-08-21,23.203023754208008
1986-08-22,15.042814142954741
1986-08-23,51.56604335535744
1986-08-24,51.32921257248476
1986-08-25,44.87693126962886
1986-08-26,26.4813745021838
1986-08-27,8.222056175311877
1986-08-28,14.967097790999272
1986-08-29,18.469125003268985
1986-08-30,24.08147565497889
1986-08-31,4.339922770400525
1986-09-01,9.910939604394644
1986-09-02,24.987848711584153
1986-09-03,13.218378408649361
1986-09-04,0.14019541066038385
1986-09-05,15.81191467780486
1986-09-06,27.43615056561293
1986-09-07,32.00556592205814
1986-09-08,25.529991433890643
1986-09-09,14.383243862322507
1986-09-10,43.11661709144923
1986-09-11,5.960143781459867
1986-09-12,6.945507144140006
1986-09-13,29.82105775095837
1986-09-14,25.882948423482745
1986-09-15,24.485336447110292
1986-09-16,22.615578003937376
1986-09-17,23.05636320382101
1986-09-18,6.620692505221966
1986-09-19,0.5079673551237874
1986-09-20,2.5160972600027756
1986-09-21,1.1288832680071599
1986-09-22,1.368660244525573
1986-09-23,0.22459692377237073
1986-09-24,0.9296171594488156
1986-09-25,10.20023245754677
1986-09-26,73.90274377174254
1986-09-27,49.3024758422836
1986-09-28,0.21844929837056817
1986-09-29,0.0
1986-09-30,1.3554150193101542
1986-10-01,12.537747768555464
1986-10-02,8.717566590544646
1986-10-03,2.4822823514774193
1986-10-04,0.8991522509918547
1986-10-05,38.0281632418863
1986-10-06,88.03920923114035
1986-10-07,96.23447497383064
1986-10-08,133.78242267960826
1986-10-09,11.726170959230064
1986-10-10,0.0
1986-10-11,0.0
1986-10-12,0.0
1986-10-13,0.0
1986-10-14,0.056872194583052926
1986-10-15,0.9167610671196593
1986-10-16,0.0
1986-10-17,0.0
1986-10-18,0.0
1986-10-19,0.0
1986-10-20,0.0
1986-10-21,0.0
1986-10-22,0.0
1986-10-23,0.0
1986-10-24,0.0
1986-10-25,0.0
1986-10-26,0.0
1986-10-27,0.0
1986-10-28,0.0
1986-10-29,0.0
1986-10-30,0.0
1986-10-31,0.0
1986-11-01,0.0
1986-11-02,0.7882980083075891
1986-11-03,3.2413189332826464
1986-11-04,0.0
1986-11-05,0.0
1986-11-06,0.0
1986-11-07,4.4417730177752555
1986-11-08,37.27490417195737
1986-11-09,36.23123095246956
1986-11-10,0.0
1986-11-11,0.0
1986-11-12,0.0
1986-11-13,0.0
1986-11-14,0.0
1986-11-15,0.0
1986-11-16,0.0
1986-11-17,0.0
1986-11-18,0.0
1986-11-19,0.0
1986-11-20,0.0
1986-11-21,0.0
1986-11-22,0.0
1986-11-23,0.0
1986-11-24,0.0
1986-11-25,0.0
1986-11-26,0.0
1986-11-27,0.0
1986-11-28,0.0
1986-11-29,0.0
1986-11-30,0.0
1986-12-01,0.0
1986-12-02,0.054918297957900444
1986-12-03,0.0
1986-12-04,0.0
1986-12-05,0.0
1986-12-06,0.0
1986-12-07,0.0
1986-12-08,0.0
1986-12-09,0.0
1986-12-10,0.406755989893469
1986-12-11,0.13481606303909197
1986-12-12,0.01800829214537692
1986-12-13,0.0
1986-12-14,0.5057123750449313
1986-12-15,0.0
1986-12-16,0.011398715647828527
1986-12-17,0.0
1986-12-18,0.0
1986-12-19,0.0
1986-12-20,0.0
1986-12-21,0.012665590216704974
1986-12-22,0.0
1986-12-23,0.0
1986-12-24,0.0
1986-12-25,0.0
1986-12-26,0.0
1986-12-27,0.0
1986-12-28,3.486773543221417
1986-12-29,0.11121989065672788
1986-12-30,0.0
1986-12-31,0.0
1987-01-01,0.03019484715097492
1987-01-02,0.0
1987-01-03,0.0
1987-01-04,0.0
1987-01-05,0.0
1987-01-06,0.0
1987-01-07,0.0
1987-01-08,1.1842726422884131
1987-01-09,0.6358473715146793
1987-01-10,0.17252292989723536
1987-01-11,0.0
1987-01-12,6.599430133734694
1987-01-13,0.0
1987-01-14,0.0
1987-01-15,0.28785752244595175
1987-01-16,0.0
1987-01-17,0.0
1987-01-18,9.605284915608933E-4
1987-01-19,0.0
1987-01-20,6.703633451536094E-4
1987-01-21,0.0
1987-01-22,0.0
1987-01-23,0.0
1987-01-24,0.0
1987-01-25,0.0
1987-01-26,0.0
1987-01-27,0.0
1987-01-28,0.0
1987-01-29,0.0
1987-01-30,0.06488809661495015
1987-01-31,0.003360686837056966
1987-02-01,0.0
1987-02-02,0.0
1987-02-03,5.590964924228791
1987-02-04,6.274612734120904
1987-02-05,0.6507008022451153
1987-02-06,0.24686903476923977
1987-02-07,0.03685268990634996
1987-02-08,0.0
1987-02-09,0.010556656217711345
1987-02-10,1.160130931703708
1987-02-11,0.0
1987-02-12,0.0
1987-02-13,0.0
1987-02-14,0.0
1987-02-15,0.0
1987-02-16,0.0
1987-02-17,1.0910650025402442
1987-02-18,0.0
1987-02-19,0.7270227410901308
1987-02-20,0.36481967205252636
1987-02-21,0.0
1987-02-22,0.0
1987-02-23,0.026322601822249145
1987-02-24,0.0
1987-02-25,0.0
1987-02-26,0.0
1987-02-27,0.0
1987-02-28,0.11063602510644913
1987-03-01,0.0
1987-03-02,0.20772083349165876
1987-03-03,0.0
1987-03-04,0.0
1987-03-05,0.0
1987-03-06,0.0
1987-03-07,0.7382169003529481
1987-03-08,33.93143929861894
1987-03-09,4.158991897675527
1987-03-10,7.464739652377673
1987-03-11,15.283313845553725
1987-03-12,52.519078405314986
1987-03-13,0.38391964938649087
1987-03-14,2.5274349083418803
1987-03-15,3.1404466839324763
1987-03-16,0.0
1987-03-17,0.0
1987-03-18,0.0
1987-03-19,0.0
1987-03-20,0.44066227889016785
1987-03-21,0.02429496137948038
1987-03-22,0.0
1987-03-23,0.30110102714906556
1987-03-24,0.0
1987-03-25,0.0
1987-03-26,0.0
1987-03-27,0.009811093852216752
1987-03-28,6.201882488721547
1987-03-29,3.869523041910749
1987-03-30,16.696356005622864
1987-03-31,18.063476481250053
1987-04-01,46.52602029291241
1987-04-02,13.086669115762447
1987-04-03,9.330533641056363
1987-04-04,2.7269059645648834
1987-04-05,4.006152676289683
1987-04-06,0.6536720342283072
1987-04-07,2.598676236644326
1987-04-08,23.720193183779624
1987-04-09,27.484329560072812
1987-04-10,17.015714770261123
1987-04-11,0.024518017525787698
1987-04-12,0.0
1987-04-13,2.238114600330458
1987-04-14,5.665644872859592
1987-04-15,2.3096195460452744
1987-04-16,1.8380156808188404
1987-04-17,2.1154519178683575
1987-04-18,4.084671982185283
1987-04-19,33.270353924137
1987-04-20,0.0725122272166868
1987-04-21,0.7557767423631606
1987-04-22,46.81996317177696
1987-04-23,62.92480300419838
1987-04-24,15.911983112795289
1987-04-25,8.205861758914025
1987-04-26,0.0
1987-04-27,0.0
1987-04-28,0.0
1987-04-29,0.0
1987-04-30,3.411904357936018
1987-05-01,0.0
1987-05-02,5.998855749493346
1987-05-03,0.0
1987-05-04,0.0
1987-05-05,0.0
1987-05-06,2.77047302635284
1987-05-07,38.56702389989486
1987-05-08,4.822770652609717
1987-05-09,15.319113645061336
1987-05-10,39.248299560293965
1987-05-11,0.21242104725374258
1987-05-12,0.0
1987-05-13,0.0
1987-05-14,0.0
1987-05-15,1.3942060064981465
1987-05-16,10.692720002439566
1987-05-17,10.001373303814521
1987-05-18,18.95146594328689
1987-05-19,34.05677199903023
1987-05-20,30.779563959613306
1987-05-21,10.236094909731287
1987-05-22,41.8190906742928
1987-05-23,11.161467921281103
1987-05-24,43.859182299613124
1987-05-25,7.557200655740496
1987-05-26,3.0661237172814024
1987-05-27,2.0766468039195787
1987-05-28,9.68794927786105
1987-05-29,4.742671361655097
1987-05-30,27.672105525616786
1987-05-31,28.16672215893493
1987-06-01,23.29349588161581
1987-06-02,42.78537052066455
1987-06-03,3.6321516828743645
1987-06-04,31.80780544514882
1987-06-05,36.63719140952999
1987-06-06,34.000200941763346
1987-06-07,4.857836071925875
1987-06-08,10.922724061309733
1987-06-09,10.450577082123521
1987-06-10,8.473873495517351
1987-06-11,16.456952729694756
1987-06-12,42.452338394462075
1987-06-13,40.23918868735125
1987-06-14,9.724898594502218
1987-06-15,0.24552689875540915
1987-06-16,6.082002109887753
1987-06-17,8.528140481935987
1987-06-18,4.807213118358385
1987-06-19,11.97376389743817
1987-06-20,8.452883333320576
1987-06-21,2.3224837498571103
1987-06-22,3.516102300299667
1987-06-23,17.626198665098695
1987-06-24,38.381716374977074
1987-06-25,46.00482322924615
1987-06-26,22.723685287973883
1987-06-27,39.08303555020947
1987-06-28,2.413580815701945
1987-06-29,25.043129112070837
1987-06-30,28.152300535595863
1987-07-01,67.20708025938568
1987-07-02,28.644043947652445
1987-07-03,0.2635771082487898
1987-07-04,6.99366284315306
1987-07-05,36.308873832811685
1987-07-06,11.679884372312525
1987-07-07,21.412912920150703
1987-07-08,36.196115143656016
1987-07-09,20.861719917981862
1987-07-10,0.4691325205767202
1987-07-11,1.5960086759224088
1987-07-12,0.0
1987-07-13,1.1025891076826952
1987-07-14,0.150696411737738
1987-07-15,23.508120672967177
1987-07-16,16.723535771306686
1987-07-17,23.562966475663913
1987-07-18,17.24281428915101
1987-07-19,0.5303906695212794
1987-07-20,4.637060356890147
1987-07-21,0.9937826443137522
1987-07-22,9.727751529303825
1987-07-23,41.09303111251157
1987-07-24,83.52697218323064
1987-07-25,27.424327992998357
1987-07-26,23.210085076148218
1987-07-27,12.275316801993105
1987-07-28,10.950401044556187
1987-07-29,30.996573122486343
1987-07-30,48.38551790663735
1987-07-31,31.261799894347465
1987-08-01,35.2383308001794
1987-08-02,0.0
1987-08-03,0.0
1987-08-04,28.508483560808287
1987-08-05,0.0
1987-08-06,0.0
1987-08-07,0.6518936137834888
1987-08-08,2.106054981799186
1987-08-09,14.120917853185945
1987-08-10,34.47805476992235
1987-08-11,78.0109204437239
1987-08-12,42.607633466115715
1987-08-13,5.8561327641349745
1987-08-14,23.47285864242126
1987-08-15,13.594860916196751
1987-08-16,11.057960532740092
1987-08-17,4.955219792345512
1987-08-18,13.737543982950037
1987-08-19,29.886668704841373
1987-08-20,19.856965129705376
1987-08-21,7.66661223648206
1987-08-22,7.736796421545725
1987-08-23,10.162202234038057
1987-08-24,53.901601789814265
1987-08-25,29.85087593440215
1987-08-26,5.212444194950605
1987-08-27,12.11321141104166
1987-08-28,0.753562367505591
1987-08-29,0.6143700852861268
1987-08-30,4.178597903792679
1987-08-31,16.251377978123568
1987-09-01,20.490731605313623
1987-09-02,13.199258509411818
1987-09-03,35.5894479468945
1987-09-04,11.017557633635075
1987-09-05,6.9090223899845515
1987-09-06,9.66958662157882
1987-09-07,14.540083543217891
1987-09-08,2.0317370691047634
1987-09-09,3.987440914656957
1987-09-10,12.996991188767305
1987-09-11,9.270716004568113
1987-09-12,3.1105012679769177
1987-09-13,3.3568777095003295
1987-09-14,16.603298831625015
1987-09-15,10.21141008528008
1987-09-16,12.052780903160821
1987-09-17,3.2206211108949114
1987-09-18,7.975576723525034
1987-09-19,7.405714066262875
1987-09-20,4.564591040521496
1987-09-21,13.436135149983851
1987-09-22,12.814012210958488
1987-09-23,19.600867151913732
1987-09-24,8.589656516850685
1987-09-25,48.74814672249869
1987-09-26,171.2428931595565
1987-09-27,61.08078702703923
1987-09-28,29.950936050526586
1987-09-29,16.81005264222835
1987-09-30,0.6506204782417617
1987-10-01,1.1040840475794826
1987-10-02,0.15820557298498145
1987-10-03,0.0
1987-10-04,0.5846454010288011
1987-10-05,2.806187878050334
1987-10-06,0.0
1987-10-07,0.5103028387704398
1987-10-08,5.740085276204182
1987-10-09,1.8019871088150243
1987-10-10,0.0017407825922993614
1987-10-11,0.0
1987-10-12,0.0
1987-10-13,0.0
1987-10-14,0.0
1987-10-15,0.0
1987-10-16,0.0
1987-10-17,6.957829047245183
1987-10-18,11.69506582431741
1987-10-19,52.3686882571008
1987-10-20,76.71224396587257
1987-10-21,0.0036074217554937704
1987-10-22,0.0
1987-10-23,0.0
1987-10-24,0.0
1987-10-25,0.0
1987-10-26,0.0
1987-10-27,0.0
1987-10-28,0.0
1987-10-29,0.0
1987-10-30,7.973650996124919E-4
1987-10-31,7.973650996124919E-4
1987-11-01,4.045911957925458
1987-11-02,4.773011244828509
1987-11-03,0.0
1987-11-04,0.0
1987-11-05,0.0018363276196890618
1987-11-06,0.005206015858410369
1987-11-07,0.0
1987-11-08,0.0
1987-11-09,0.022899725436890533
1987-11-10,0.0
1987-11-11,0.0
1987-11-12,1.5120843944980504
1987-11-13,2.178882296192799
1987-11-14,4.154308951724894
1987-11-15,0.4597485333717705
1987-11-16,0.07305643614400964
1987-11-17,0.0
1987-11-18,0.0
1987-11-19,0.0
1987-11-20,0.0
1987-11-21,0.0
1987-11-22,0.0
1987-11-23,0.0
1987-11-24,0.0
1987-11-25,0.0
1987-11-26,0.0
1987-11-27,0.0
1987-11-28,0.0
1987-11-29,0.0
1987-11-30,0.0
1987-12-01,0.0
1987-12-02,0.0
1987-12-03,0.0
1987-12-04,0.015701344799733095
1987-12-05,0.06392742805519108
1987-12-06,0.0
1987-12-07,0.0
1987-12-08,0.0
1987-12-09,0.2991470367938217
1987-12-10,0.0
1987-12-11,0.0
1987-12-12,0.0
1987-12-13,8.378325310985137
1987-12-14,0.1881016827598545
1987-12-15,0.0
1987-12-16,0.0
1987-12-17,0.44003432725394426
1987-12-18,0.035243443179687424
1987-12-19,0.021911585051597855
1987-12-20,0.05164564739522561
1987-12-21,0.0
1987-12-22,0.0
1987-12-23,0.0
1987-12-24,0.004180654460314586
1987-12-25,0.0014309256463628326
1987-12-26,0.0
1987-12-27,0.0
1987-12-28,0.0
1987-12-29,0.0
1987-12-30,9.600145673581735E-4
1987-12-31,0.06344785223191145
1988-01-01,0.0
1988-01-02,0.0
1988-01-03,0.0
1988-01-04,0.0
1988-01-05,0.0
1988-01-06,0.0
1988-01-07,0.0
1988-01-08,0.0
1988-01-09,3.8954619551164447
1988-01-10,6.634932000880402
1988-01-11,0.0
1988-01-12,0.0
1988-01-13,0.0
1988-01-14,0.0
1988-01-15,0.0
1988-01-16,0.0
1988-01-17,0.0
1988-01-18,0.0
1988-01-19,0.0
1988-01-20,0.0
1988-01-21,0.0
1988-01-22,0.0
1988-01-23,0.0
1988-01-24,0.0
1988-01-25,0.0
1988-01-26,0.0
1988-01-27,0.0
1988-01-28,0.0
1988-01-29,0.0
1988-01-30,0.0
1988-01-31,0.0
1988-02-01,0.0
1988-02-02,0.0
1988-02-03,0.0
1988-02-04,0.0
1988-02-05,0.0
1988-02-06,0.0
1988-02-07,0.0
1988-02-08,0.0
1988-02-09,0.0
1988-02-10,0.0
1988-02-11,0.0
1988-02-12,0.0
1988-02-13,0.0
1988-02-14,0.0
1988-02-15,0.0
1988-02-16,4.93648996649315
1988-02-17,0.0
1988-02-18,0.0
1988-02-19,0.0
1988-02-20,0.0
1988-02-21,0.0
1988-02-22,0.012079804324673175
1988-02-23,34.74391819238323
1988-02-24,8.753990064267153
1988-02-25,1.9648663758206422
1988-02-26,0.0
1988-02-27,0.0
1988-02-28,0.0
1988-02-29,0.7090029782248907
1988-03-01,20.998365084282657
1988-03-02,0.04641786612840242
1988-03-03,1.7303081806340679
1988-03-04,6.742268068684463
1988-03-05,0.1091757859383816
1988-03-06,0.0
1988-03-07,0.19754589217986737
1988-03-08,4.147990081200081
1988-03-09,12.014615795622488
1988-03-10,0.7912063604571864
1988-03-11,65.43191901638701
1988-03-12,0.17996675223772174
1988-03-13,16.900006634856336
1988-03-14,6.423731571542876
1988-03-15,0.0
1988-03-16,0.0
1988-03-17,0.0
1988-03-18,18.101649662091845
1988-03-19,0.029509890257583632
1988-03-20,0.018999710337068175
1988-03-21,0.011263267330587301
1988-03-22,0.004055087105510635
1988-03-23,0.004055087105510635
1988-03-24,0.004055087105510635
1988-03-25,0.004055087105510635
1988-03-26,0.0
1988-03-27,0.06605457883215927
1988-03-28,0.0
1988-03-29,0.0
1988-03-30,0.0
1988-03-31,0.0
1988-04-01,0.0
1988-04-02,0.0
1988-04-03,0.0
1988-04-04,0.0
1988-04-05,0.0
1988-04-06,0.42105592118258856
1988-04-07,0.0
1988-04-08,0.0
1988-04-09,0.0
1988-04-10,2.619421522919999
1988-04-11,14.640674359726539
1988-04-12,16.86856562228618
1988-04-13,20.46244007405286
1988-04-14,2.6590159313931157
1988-04-15,44.47077888754795
1988-04-16,30.16838203898214
1988-04-17,9.627882008559398
1988-04-18,8.186865934893419
1988-04-19,6.728735038708246
1988-04-20,9.792006484871793
1988-04-21,11.602846504778482
1988-04-22,0.0
1988-04-23,0.12166879990774543
1988-04-24,0.0
1988-04-25,16.522625882891212
1988-04-26,0.0
1988-04-27,16.18522068030218
1988-04-28,28.4472930735695
1988-04-29,9.77159060053828
1988-04-30,2.9962895002094165
1988-05-01,0.12574953221664487
1988-05-02,0.0
1988-05-03,0.0
1988-05-04,0.0
1988-05-05,0.0
1988-05-06,5.242184589965541
1988-05-07,14.786516038107784
1988-05-08,51.66666437010597
1988-05-09,58.1945860686528
1988-05-10,32.49357747180311
1988-05-11,26.9030422109348
1988-05-12,41.63495824745237
1988-05-13,49.28069620727188
1988-05-14,16.305963711523294
1988-05-15,4.359550431475901
1988-05-16,0.0
1988-05-17,0.0
1988-05-18,0.6211904260715345
1988-05-19,1.1901800226894321
1988-05-20,111.10334600517018
1988-05-21,79.7411297235961
1988-05-22,100.1109166363412
1988-05-23,71.21919198300857
1988-05-24,62.17803602754494
1988-05-25,81.92356797656359
1988-05-26,13.837949194669152
1988-05-27,21.164500910938354
1988-05-28,55.03024888393113
1988-05-29,91.74894671062553
1988-05-30,58.38274922286962
1988-05-31,12.166254998675743
1988-06-01,0.0
1988-06-02,5.108157638408079
1988-06-03,0.0
1988-06-04,0.0
1988-06-05,0.37538754666273005
1988-06-06,19.174479458048207
1988-06-07,7.297489303038841
1988-06-08,5.821431336293818
1988-06-09,6.013096494916577
1988-06-10,3.831242138255664
1988-06-11,16.745033865429406
1988-06-12,3.237395573985038
1988-06-13,0.0
1988-06-14,2.0653189663575557
1988-06-15,3.9932632776067813
1988-06-16,5.090792815042315
1988-06-17,2.708039924469113
1988-06-18,27.01474705199146
1988-06-19,35.733503922470746
1988-06-20,24.702215975446432
1988-06-21,13.61598165684728
1988-06-22,18.83483168635563
1988-06-23,107.54767270996405
1988-06-24,142.6088682682629
1988-06-25,112.84468446661188
1988-06-26,111.78629522995053
1988-06-27,12.368128525118948
1988-06-28,0.7373761550663783
1988-06-29,5.520714006977068
1988-06-30,3.6793542899688214
1988-07-01,3.5609309835272036
1988-07-02,2.7071108410195426
1988-07-03,11.624473185454766
1988-07-04,59.96258462005541
1988-07-05,54.641461235131075
1988-07-06,171.32602278107228
1988-07-07,53.9213846752044
1988-07-08,2.988509700309975
1988-07-09,13.7733842126218
1988-07-10,0.9027107649277878
1988-07-11,33.92726117685693
1988-07-12,12.967886253951928
1988-07-13,77.41418680738177
1988-07-14,29.97855966607243
1988-07-15,27.541617833553424
1988-07-16,12.649296338785476
1988-07-17,49.78302606986689
1988-07-18,5.961945379982993
1988-07-19,0.04224467870231544
1988-07-20,3.0477750923812352
1988-07-21,11.798457221963815
1988-07-22,1.125429812869554
1988-07-23,1.128260351269856
1988-07-24,1.7390044454160767
1988-07-25,0.3923682759671977
1988-07-26,2.9310983076178574
1988-07-27,0.0
1988-07-28,0.5697078329134889
1988-07-29,12.590126312586648
1988-07-30,11.715380307165628
1988-07-31,0.13608939974526502
1988-08-01,2.0391035009920095
1988-08-02,6.824495887512648
1988-08-03,18.539478445377316
1988-08-04,30.50069498949238
1988-08-05,9.485339247695457
1988-08-06,19.06752845575405
1988-08-07,21.93575449710294
1988-08-08,32.17892376213544
1988-08-09,2.6212163471145185
1988-08-10,18.811640932380648
1988-08-11,32.92127955119309
1988-08-12,27.960654078915933
1988-08-13,53.26687547296776
1988-08-14,62.622956984303535
1988-08-15,6.928108916790249
1988-08-16,17.474025160727887
1988-08-17,24.234391959675275
1988-08-18,32.318267562215894
1988-08-19,1.1226577764223225
1988-08-20,3.4349901440474007
1988-08-21,13.798429619075549
1988-08-22,6.386786725166632
1988-08-23,22.582275760260213
1988-08-24,53.895635090685964
1988-08-25,71.22705448761072
1988-08-26,33.39197667017268
1988-08-27,56.754528247906585
1988-08-28,41.325019672192106
1988-08-29,36.02275537224376
1988-08-30,20.34090955883792
1988-08-31,5.924204741045232
1988-09-01,12.780903130962098
1988-09-02,23.99233347043458
1988-09-03,4.62760487136852
1988-09-04,67.50302693438589
1988-09-05,36.7790182597479
1988-09-06,9.0089937988671
1988-09-07,14.836479160963911
1988-09-08,4.4501273930918
1988-09-09,12.94433604747817
1988-09-10,15.281844054966934
1988-09-11,94.09758257108922
1988-09-12,80.69941703825221
1988-09-13,27.22162986697351
1988-09-14,0.05845171067113293
1988-09-15,0.45499727564602144
1988-09-16,0.297415258920356
1988-09-17,0.0
1988-09-18,0.0
1988-09-19,16.45274256741851
1988-09-20,25.48605684277981
1988-09-21,19.00840039350147
1988-09-22,27.273435768203637
1988-09-23,3.84094692843462
1988-09-24,1.2299013705294066
1988-09-25,23.018378781573766
1988-09-26,20.575382167964065
1988-09-27,11.491784150259479
1988-09-28,10.160353245560183
1988-09-29,1.9576036999760895
1988-09-30,3.1792863699307605
1988-10-01,8.00178696136115
1988-10-02,5.888974439105911
1988-10-03,16.30014160475949
1988-10-04,64.39488170009714
1988-10-05,26.85327536322581
1988-10-06,60.3429318039105
1988-10-07,0.14728682754929825
1988-10-08,0.0
1988-10-09,0.2511758923735115
1988-10-10,0.0
1988-10-11,0.12766459661148302
1988-10-12,25.868709440184393
1988-10-13,19.729846904553796
1988-10-14,0.0
1988-10-15,0.0
1988-10-16,0.1317526884639888
1988-10-17,2.663466853798208
1988-10-18,11.960095809138137
1988-10-19,106.13174285550917
1988-10-20,0.0
1988-10-21,0.0
1988-10-22,0.0
1988-10-23,0.0
1988-10-24,0.0
1988-10-25,0.0
1988-10-26,0.0
1988-10-27,0.0
1988-10-28,0.0
1988-10-29,0.0
1988-10-30,0.0
1988-10-31,0.0
1988-11-01,0.0
1988-11-02,0.0
1988-11-03,0.040019224946659424
1988-11-04,0.0
1988-11-05,0.019401698299695586
1988-11-06,0.0
1988-11-07,0.0
1988-11-08,0.0
1988-11-09,0.0
1988-11-10,0.0
1988-11-11,0.0
1988-11-12,0.0
1988-11-13,0.0
1988-11-14,0.0
1988-11-15,0.0
1988-11-16,0.0
1988-11-17,0.0
1988-11-18,4.8300601871379
1988-11-19,0.0
1988-11-20,0.0
1988-11-21,0.0
1988-11-22,0.0
1988-11-23,0.0
1988-11-24,0.0
1988-11-25,0.0
1988-11-26,0.1880321743601262
1988-11-27,0.17021954385733934
1988-11-28,0.0
1988-11-29,23.235450338074298
1988-11-30,5.1642140674690165
1988-12-01,6.969451804698376
1988-12-02,0.05224207366336371
1988-12-03,0.0
1988-12-04,0.0
1988-12-05,0.0
1988-12-06,0.19073511424795078
1988-12-07,0.0
1988-12-08,0.0
1988-12-09,0.9481751789601791
1988-12-10,0.28968931067908316
1988-12-11,0.0
1988-12-12,0.1114236209585287
1988-12-13,0.0
1988-12-14,0.0023805678813723077
1988-12-15,1.1988206201582183
1988-12-16,1.0674103634234993
1988-12-17,0.054274899562607996
1988-12-18,0.0
1988-12-19,0.0
1988-12-20,0.010509239847128272
1988-12-21,0.12739857355580184
1988-12-22,0.0
1988-12-23,0.0
1988-12-24,0.0
1988-12-25,0.0
1988-12-26,0.0
1988-12-27,0.3317997311023548
1988-12-28,0.11327396895253758
1988-12-29,0.0
1988-12-30,0.0
1988-12-31,0.03775821297988791
1989-01-01,0.0
1989-01-02,0.0
1989-01-03,0.30392401839753064
1989-01-04,0.6186640545494891
1989-01-05,2.7671400430397672
1989-01-06,0.8614972512217705
1989-01-07,0.0
1989-01-08,0.0
1989-01-09,5.338767160056658
1989-01-10,0.012222020958756387
1989-01-11,0.0
1989-01-12,0.4172376404960402
1989-01-13,0.0748090952346634
1989-01-14,0.17142130554994536
1989-01-15,0.3694326304803044
1989-01-16,0.0
1989-01-17,0.0
1989-01-18,0.0014296853028268298
1989-01-19,0.005436075356647421
1989-01-20,0.026057033328949982
1989-01-21,0.0
1989-01-22,0.0
1989-01-23,0.0
1989-01-24,0.0
1989-01-25,0.0
1989-01-26,0.18189634172580374
1989-01-27,0.0
1989-01-28,0.0
1989-01-29,0.005917482037693891
1989-01-30,0.07695516511833123
1989-01-31,0.20163900454134553
1989-02-01,0.0
1989-02-02,0.0
1989-02-03,0.014828387572853865
1989-02-04,0.08922690876898165
1989-02-05,0.21972420530693995
1989-02-06,2.467050383905602
1989-02-07,0.04515098915374917
1989-02-08,0.0
1989-02-09,0.0
1989-02-10,0.0
1989-02-11,0.0
1989-02-12,0.0
1989-02-13,0.0
1989-02-14,0.3490874869328097
1989-02-15,0.2628368347663514
1989-02-16,0.0
1989-02-17,0.0
1989-02-18,0.17448452992456134
1989-02-19,29.205320058261435
1989-02-20,0.0
1989-02-21,0.0
1989-02-22,0.4062964447444021
1989-02-23,0.5416716614194592
1989-02-24,0.08631256193446991
1989-02-25,0.11879661744145806
1989-02-26,0.0
1989-02-27,0.0
1989-02-28,0.0
1989-03-01,0.06587649746147116
1989-03-02,0.2552044415610698
1989-03-03,0.4142676113576084
1989-03-04,0.4762370469514533
1989-03-05,0.4950892569374374
1989-03-06,0.0
1989-03-07,0.010507273296275422
1989-03-08,0.04273404659238639
1989-03-09,1.7284803967893696
1989-03-10,0.12487746331595269
1989-03-11,7.573397761099801
1989-03-12,2.928345500270601
1989-03-13,0.0
1989-03-14,0.6850827021898048
1989-03-15,0.0
1989-03-16,0.4303199748130457
1989-03-17,0.0
1989-03-18,0.39548945528435087
1989-03-19,0.4622909495086392
1989-03-20,9.280625869534305
1989-03-21,0.024720802153843882
1989-03-22,7.319204965132141
1989-03-23,2.4563242520919206
1989-03-24,0.0
1989-03-25,0.0
1989-03-26,0.0
1989-03-27,0.0
1989-03-28,5.2636197581399085
1989-03-29,13.15373535541983
1989-03-30,4.955789748404145
1989-03-31,1.968142195279055
1989-04-01,0.0
1989-04-02,1.6291254632189835
1989-04-03,0.3808052888071539
1989-04-04,0.0
1989-04-05,0.0
1989-04-06,0.0
1989-04-07,0.0
1989-04-08,0.0
1989-04-09,0.0
1989-04-10,3.8024741804545705
1989-04-11,2.2354130608011333
1989-04-12,0.39102050696891966
1989-04-13,0.0
1989-04-14,0.0
1989-04-15,1.0288398759051784
1989-04-16,15.17358692845196
1989-04-17,0.1220268457333185
1989-04-18,4.90039018192118
1989-04-19,5.2099924172964425
1989-04-20,0.0
1989-04-21,0.37512056141613287
1989-04-22,1.1521593705807593
1989-04-23,17.79758613014998
1989-04-24,14.86791422867194
1989-04-25,15.866464094763447
1989-04-26,51.99704624693775
1989-04-27,43.18966412259975
1989-04-28,27.652562727530395
1989-04-29,22.606854161410407
1989-04-30,0.11094590006875506
1989-05-01,10.587780363228518
1989-05-02,33.26736864578044
1989-05-03,42.68716817190362
1989-05-04,32.938157710004546
1989-05-05,3.7861946271561893
1989-05-06,11.359183852809075
1989-05-07,2.6354671246214765
1989-05-08,0.1693585623067228
1989-05-09,0.06728522278696199
1989-05-10,0.0
1989-05-11,0.048700210513288704
1989-05-12,9.047854941979539
1989-05-13,6.966476999437682
1989-05-14,1.7532559554276266
1989-05-15,20.333132259070528
1989-05-16,14.157449570045593
1989-05-17,0.7167252194009349
1989-05-18,0.0
1989-05-19,2.479893520360518
1989-05-20,6.952135776886587
1989-05-21,4.0128734265704376
1989-05-22,6.559111643138433
1989-05-23,6.285160479833599
1989-05-24,13.308073582025834
1989-05-25,1.7649828033857544
1989-05-26,7.478971790931445
1989-05-27,30.338484739668758
1989-05-28,70.89269719070566
1989-05-29,1.8933297087587093
1989-05-30,3.2097616849433956
1989-05-31,5.935824954907942
1989-06-01,12.791388163274746
1989-06-02,30.087143399275803
1989-06-03,45.70501393591569
1989-06-04,4.172883399469893
1989-06-05,83.38500199368035
1989-06-06,97.50374028804282
1989-06-07,15.80500042056069
1989-06-08,11.032151595973579
1989-06-09,4.00291683144636
1989-06-10,1.2240715558663757
1989-06-11,27.83439739017757
1989-06-12,47.17257610143119
1989-06-13,24.480415980978258
1989-06-14,19.55200029136976
1989-06-15,33.32785968861448
1989-06-16,21.675273904310902
1989-06-17,0.28691867074581695
1989-06-18,9.362180442678506
1989-06-19,9.25182790126931
1989-06-20,13.12604405727292
1989-06-21,11.610309291997265
1989-06-22,0.0
1989-06-23,11.399828774486773
1989-06-24,19.20268042764422
1989-06-25,30.056344326014532
1989-06-26,29.36753568528913
1989-06-27,65.22355260474431
1989-06-28,28.33957732319751
1989-06-29,26.460969132352503
1989-06-30,9.460546731471364
1989-07-01,42.472047433845695
1989-07-02,57.02686711229748
1989-07-03,53.7319842591693
1989-07-04,18.8967392345599
1989-07-05,8.270499786265495
1989-07-06,10.031605372325306
1989-07-07,3.095917407953282
1989-07-08,5.042194681418666
1989-07-09,2.067400121665573
1989-07-10,54.77512313090384
1989-07-11,13.277837823872812
1989-07-12,84.13991014455682
1989-07-13,131.92766856349684
1989-07-14,46.85493832281633
1989-07-15,30.375164741701447
1989-07-16,4.292937802384952
1989-07-17,23.574219866903515
1989-07-18,17.58396197944766
1989-07-19,2.996464269570171
1989-07-20,25.79947326682429
1989-07-21,1.8907965288801651
1989-07-22,6.517039831617077
1989-07-23,11.498150039751787
1989-07-24,21.710023692331664
1989-07-25,7.776469653671522
1989-07-26,4.729904985670226
1989-07-27,31.600334100150516
1989-07-28,81.17594266670538
1989-07-29,86.64556427260631
1989-07-30,1.4360946506616372
1989-07-31,0.32588021905029296
1989-08-01,0.2582916882531715
1989-08-02,2.491540463124558
1989-08-03,28.288652112938134
1989-08-04,16.21975682756511
1989-08-05,18.444224929422152
1989-08-06,31.78517982424236
1989-08-07,23.365221443544733
1989-08-08,13.904059592305307
1989-08-09,12.083260780024343
1989-08-10,14.10529849603226
1989-08-11,23.25830634795703
1989-08-12,1.3565922069299376
1989-08-13,2.9702054425159408
1989-08-14,17.844890171027266
1989-08-15,7.497936063374691
1989-08-16,5.84879461412602
1989-08-17,0.0
1989-08-18,0.5604215751059637
1989-08-19,3.519234027187599
1989-08-20,10.86174823551313
1989-08-21,13.685892938368678
1989-08-22,3.181398219947115
1989-08-23,33.47631103453802
1989-08-24,13.293563100735636
1989-08-25,13.493093410394662
1989-08-26,22.81678601758766
1989-08-27,46.17168947293489
1989-08-28,24.087838692134305
1989-08-29,28.8052085379032
1989-08-30,63.76812924869187
1989-08-31,31.73780366291561
1989-09-01,2.4043717285463058
1989-09-02,8.056316872673298
1989-09-03,26.290497147447674
1989-09-04,61.98394402292032
1989-09-05,7.566247662965936
1989-09-06,0.04899255837510412
1989-09-07,0.45529266312607175
1989-09-08,5.51566117803958
1989-09-09,6.272225380298155
1989-09-10,35.94504970260655
1989-09-11,76.35533803832404
1989-09-12,22.60458600183665
1989-09-13,11.817873451917066
1989-09-14,1.784186604601467
1989-09-15,1.138648149382725
1989-09-16,63.01768864439371
1989-09-17,31.720898634360527
1989-09-18,38.98805297142905
1989-09-19,20.863733432345043
1989-09-20,6.560912624170432
1989-09-21,1.6780521021747772
1989-09-22,2.63045664183919
1989-09-23,4.177301993346175
1989-09-24,6.856158716163584
1989-09-25,15.389347995074072
1989-09-26,33.81142315593909
1989-09-27,1.7611729321909892
1989-09-28,6.399675560658572
1989-09-29,0.30402629591676117
1989-09-30,15.813800770610339
1989-10-01,29.348007307616765
1989-10-02,3.9815504808742537
1989-10-03,0.1702221808197791
1989-10-04,1.0695502167820323
1989-10-05,14.440352268050827
1989-10-06,13.204468544552658
1989-10-07,59.55826663968225
1989-10-08,69.66685734614943
1989-10-09,46.03187437345938
1989-10-10,1.2222289885537825
1989-10-11,0.0
1989-10-12,0.0
1989-10-13,0.0
1989-10-14,0.0
1989-10-15,2.568533195307593
1989-10-16,25.354863517016653
1989-10-17,23.42941680820813
1989-10-18,70.77808971192681
1989-10-19,0.0
1989-10-20,0.0
1989-10-21,0.0
1989-10-22,0.0
1989-10-23,0.0
1989-10-24,0.0
1989-10-25,2.8846939170930006
1989-10-26,0.0
1989-10-27,0.0
1989-10-28,0.0
1989-10-29,0.0
1989-10-30,0.0
1989-10-31,1.218287305792
1989-11-01,4.063959306062999
1989-11-02,0.8060977843895287
1989-11-03,1.0571052165253316
1989-11-04,1.2662154122284375
1989-11-05,1.197188477290392
1989-11-06,0.0
1989-11-07,0.0
1989-11-08,0.0
1989-11-09,0.04396584045116731
1989-11-10,0.06055755072690538
1989-11-11,0.0
1989-11-12,0.45630094156986917
1989-11-13,0.0
1989-11-14,0.0
1989-11-15,0.0
1989-11-16,0.7073265119697459
1989-11-17,0.0
1989-11-18,0.0
1989-11-19,0.10549284609193155
1989-11-20,1.8808786963472395
1989-11-21,0.1551415668388038
1989-11-22,0.0
1989-11-23,0.0
1989-11-24,0.0019145474679606997
1989-11-25,0.0019145474679606997
1989-11-26,0.0
1989-11-27,0.0
1989-11-28,1.539958017829895
1989-11-29,0.09448051462050193
1989-11-30,0.10913321811518209
1989-12-01,0.017322032610169208
1989-12-02,0.0
1989-12-03,0.0
1989-12-04,0.0
1989-12-05,0.04805788034077069
1989-12-06,0.0
1989-12-07,0.0
1989-12-08,0.0
1989-12-09,0.0
1989-12-10,0.0
1989-12-11,0.0
1989-12-12,0.0
1989-12-13,0.0
1989-12-14,0.0
1989-12-15,0.0
1989-12-16,0.40678506826295285
1989-12-17,0.0
1989-12-18,0.0
1989-12-19,0.0
1989-12-20,0.0
1989-12-21,0.0
1989-12-22,0.0
1989-12-23,0.0
1989-12-24,0.6380341709447023
1989-12-25,0.2954399109084838
1989-12-26,3.811682990227674
1989-12-27,0.0
1989-12-28,0.0
1989-12-29,0.0
1989-12-30,0.0
1989-12-31,0.0
1990-01-01,0.09140654182943464
1990-01-02,0.0
1990-01-03,0.0
1990-01-04,0.0
1990-01-05,0.0
1990-01-06,0.0
1990-01-07,0.0
1990-01-08,0.006259088321941884
1990-01-09,0.0
1990-01-10,0.0
1990-01-11,0.0
1990-01-12,0.05358691647455318
1990-01-13,0.0
1990-01-14,0.0
1990-01-15,0.0645204364011304
1990-01-16,0.0
1990-01-17,0.0
1990-01-18,0.01831961371614696
1990-01-19,0.0
1990-01-20,0.023429347601143444
1990-01-21,0.0
1990-01-22,0.0
1990-01-23,1.461702986586495
1990-01-24,1.4952161721536796
1990-01-25,1.5507419136414595
1990-01-26,0.0
1990-01-27,0.7386656706299346
1990-01-28,9.78765023434066E-4
1990-01-29,0.0
1990-01-30,1.355766820027526
1990-01-31,1.92692304783038
1990-02-01,0.0
1990-02-02,0.0
1990-02-03,0.0
1990-02-04,0.0
1990-02-05,0.537824144564579
1990-02-06,0.0
1990-02-07,4.281607466025888
1990-02-08,0.0
1990-02-09,0.0
1990-02-10,0.0
1990-02-11,2.027013625890072
1990-02-12,0.0
1990-02-13,0.0
1990-02-14,0.9987463389051238
1990-02-15,0.0
1990-02-16,0.0
1990-02-17,0.020940249252009276
1990-02-18,0.49110448927988376
1990-02-19,19.421539685658463
1990-02-20,3.5136433965518923
1990-02-21,0.18366597175611896
1990-02-22,0.016502767099341425
1990-02-23,0.03172216355946547
1990-02-24,0.0
1990-02-25,7.712684788259531
1990-02-26,3.8459171292220584
1990-02-27,0.0
1990-02-28,0.36178432611160205
1990-03-01,0.0
1990-03-02,0.0
1990-03-03,0.0
1990-03-04,0.0
1990-03-05,0.0
1990-03-06,0.0
1990-03-07,0.0
1990-03-08,0.0
1990-03-09,0.0
1990-03-10,0.0
1990-03-11,0.0
1990-03-12,0.0
1990-03-13,0.0
1990-03-14,0.0
1990-03-15,0.0
1990-03-16,0.0
1990-03-17,0.0
1990-03-18,0.0
1990-03-19,0.0
1990-03-20,16.843166190993767
1990-03-21,25.78217792739656
1990-03-22,2.8341865580730414
1990-03-23,8.091549192438297
1990-03-24,52.039984854812275
1990-03-25,43.15285646075345
1990-03-26,3.104293130138861
1990-03-27,0.9473003572611937
1990-03-28,0.0
1990-03-29,0.0
1990-03-30,0.0
1990-03-31,16.655420937660306
1990-04-01,0.0
1990-04-02,0.38627491860886826
1990-04-03,4.13144091757585
1990-04-04,13.599734112890927
1990-04-05,0.0
1990-04-06,0.441550065221321
1990-04-07,13.529459315049252
1990-04-08,0.7147169721952309
1990-04-09,0.0
1990-04-10,0.0
1990-04-11,1.2886378972390282
1990-04-12,10.230900260349756
1990-04-13,17.13426793044966
1990-04-14,18.138026990351154
1990-04-15,9.34226485289551
1990-04-16,5.881605671483869
1990-04-17,39.07315433342094
1990-04-18,41.479911012415734
1990-04-19,6.851348065226722
1990-04-20,28.647973431600377
1990-04-21,26.142995348726487
1990-04-22,21.837579853545833
1990-04-23,30.363312808143757
1990-04-24,10.381017447344647
1990-04-25,1.8648702542099553
1990-04-26,7.380488338012202
1990-04-27,23.317424406230977
1990-04-28,102.82978154682237
1990-04-29,0.0
1990-04-30,0.08767914621247459
1990-05-01,2.807777887066717
1990-05-02,8.562059319894539
1990-05-03,13.812111861870079
1990-05-04,18.9222386339884
1990-05-05,0.0
1990-05-06,0.2409737077362046
1990-05-07,14.970543833705124
1990-05-08,0.22745708045880403
1990-05-09,2.1064656102081707
1990-05-10,0.041136734194716695
1990-05-11,0.0
1990-05-12,12.965014935720797
1990-05-13,11.922555980497155
1990-05-14,12.843994676239747
1990-05-15,0.5460309873309254
1990-05-16,0.0
1990-05-17,0.0
1990-05-18,0.035924448658801046
1990-05-19,29.158985605873287
1990-05-20,28.83255270215977
1990-05-21,3.469617587958797
1990-05-22,0.25618625338776396
1990-05-23,0.0
1990-05-24,4.363134668834954
1990-05-25,9.579772373003044
1990-05-26,19.217406785859346
1990-05-27,55.77036200671541
1990-05-28,69.49510920778184
1990-05-29,31.152860696250457
1990-05-30,14.188967889795094
1990-05-31,56.11012828224201
1990-06-01,27.998692086473515
1990-06-02,29.385123490077273
1990-06-03,22.692223771200542
1990-06-04,11.006294057586304
1990-06-05,49.5667271967166
1990-06-06,17.418305093174613
1990-06-07,49.96329650595423
1990-06-08,64.86840537910906
1990-06-09,5.613325516632186
1990-06-10,2.6802604094822433
1990-06-11,0.8410640844602986
1990-06-12,1.522605019645524
1990-06-13,22.856404578692427
1990-06-14,17.56131394369299
1990-06-15,13.48684450101645
1990-06-16,5.703726294504508
1990-06-17,9.799566687052431
1990-06-18,2.1103456691585207
1990-06-19,14.119318923765666
1990-06-20,9.143207966917243
1990-06-21,18.306980209370646
1990-06-22,63.81413394967489
1990-06-23,37.441192468569454
1990-06-24,0.9153706412463581
1990-06-25,3.691909236988961
1990-06-26,8.57881968821932
1990-06-27,13.941509623562522
1990-06-28,3.454082238710203
1990-06-29,8.06811094669669
1990-06-30,11.177890622153138
1990-07-01,17.436117261908592
1990-07-02,49.59110533495324
1990-07-03,25.129328445808426
1990-07-04,4.387703749263403
1990-07-05,7.791449353040811
1990-07-06,19.157402099624754
1990-07-07,28.251785440810142
1990-07-08,56.362632439767076
1990-07-09,8.42955323506011
1990-07-10,29.375751828005143
1990-07-11,26.134112171441867
1990-07-12,4.748199963254563
1990-07-13,10.217215609988152
1990-07-14,2.099587932718013
1990-07-15,0.42219490818420863
1990-07-16,0.9927842703484596
1990-07-17,2.0769015872270855
1990-07-18,0.0
1990-07-19,20.262444263187508
1990-07-20,14.986061695745693
1990-07-21,14.96376501651533
1990-07-22,5.095330476815649
1990-07-23,12.583138326554709
1990-07-24,8.562071948715346
1990-07-25,4.707569890886239
1990-07-26,23.67594581341079
1990-07-27,19.682836788616275
1990-07-28,40.21497901566444
1990-07-29,14.530620049323325
1990-07-30,4.352291540778099
1990-07-31,25.625867812010814
1990-08-01,26.407711354857263
1990-08-02,16.800222244951886
1990-08-03,1.7064122709029705
1990-08-04,5.778462882548599
1990-08-05,31.79647933596357
1990-08-06,13.45871814618701
1990-08-07,14.532953519150157
1990-08-08,13.86486306329883
1990-08-09,10.467293211857935
1990-08-10,15.669381043453038
1990-08-11,9.791914977041252
1990-08-12,7.955447727510744
1990-08-13,10.240630598576798
1990-08-14,5.908830193947635
1990-08-15,1.7132528198738328
1990-08-16,3.7213736582428565
1990-08-17,0.7944606661941219
1990-08-18,0.0
1990-08-19,2.871388715620838
1990-08-20,10.344650806033288
1990-08-21,1.5981552210545018
1990-08-22,3.324036340638341
1990-08-23,13.575709320547451
1990-08-24,38.74624881772401
1990-08-25,31.041749285061357
1990-08-26,5.3253174756325
1990-08-27,14.710407324228795
1990-08-28,4.8674504643350165
1990-08-29,3.115615798761581
1990-08-30,1.8698162477104359
1990-08-31,3.7638861698364736
1990-09-01,56.53659296811799
1990-09-02,18.928996283135497
1990-09-03,11.423963299692845
1990-09-04,25.539878109145214
1990-09-05,10.172822492658275
1990-09-06,1.852503889665667
1990-09-07,2.760430506349364
1990-09-08,6.701138272097111
1990-09-09,15.134234456300417
1990-09-10,14.585056413917124
1990-09-11,20.233508753234574
1990-09-12,20.221765271941404
1990-09-13,1.0685662819618151
1990-09-14,3.5713086942172705
1990-09-15,13.819353351124034
1990-09-16,32.87162250316888
1990-09-17,24.60141330450592
1990-09-18,4.085403148400964
1990-09-19,0.8720808126698114
1990-09-20,1.3901224015073195
1990-09-21,7.738678613895744
1990-09-22,16.161774722235315
1990-09-23,33.35826556579957
1990-09-24,29.69619212845912
1990-09-25,20.80984948377361
1990-09-26,26.609542896916743
1990-09-27,62.44361915007569
1990-09-28,57.45826040132845
1990-09-29,10.53097898635558
1990-09-30,4.557892478966066
1990-10-01,22.086884659833164
1990-10-02,5.309494669913695
1990-10-03,2.0082162413535314
1990-10-04,0.0
1990-10-05,0.20891797838410966
1990-10-06,2.644470623647387
1990-10-07,81.07261779322873
1990-10-08,70.95421533474187
1990-10-09,29.232012657336057
1990-10-10,1.49025884795575
1990-10-11,0.0
1990-10-12,0.0
1990-10-13,0.0
1990-10-14,0.0
1990-10-15,0.021365935606951107
1990-10-16,0.0
1990-10-17,0.0
1990-10-18,0.0
1990-10-19,0.0
1990-10-20,0.0
1990-10-21,0.012003202183198848
1990-10-22,0.0
1990-10-23,0.0
1990-10-24,0.0
1990-10-25,0.0
1990-10-26,0.0
1990-10-27,0.0
1990-10-28,0.0
1990-10-29,0.0
1990-10-30,0.0
1990-10-31,0.0
1990-11-01,0.0
1990-11-02,1.6850997088997017
1990-11-03,0.7147214489177747
1990-11-04,30.373873996356966
1990-11-05,1.4657598957471323
1990-11-06,0.35128777176085146
1990-11-07,0.058104361710139975
1990-11-08,0.0
1990-11-09,0.0
1990-11-10,0.19497703434499372
1990-11-11,1.611524003968213
1990-11-12,0.0
1990-11-13,0.0
1990-11-14,0.0
1990-11-15,0.0
1990-11-16,0.0
1990-11-17,0.0
1990-11-18,0.0
1990-11-19,0.0
1990-11-20,0.0
1990-11-21,0.0
1990-11-22,0.0
1990-11-23,0.0
1990-11-24,0.0
1990-11-25,0.0
1990-11-26,0.0
1990-11-27,0.0
1990-11-28,0.0
1990-11-29,0.0
1990-11-30,0.0
1990-12-01,0.05860837573579863
1990-12-02,0.00182498385038968
1990-12-03,0.022359024848432538
1990-12-04,0.0
1990-12-05,6.612083586550028E-4
1990-12-06,0.405022118282609
1990-12-07,0.0
1990-12-08,0.0
1990-12-09,0.0990027174355849
1990-12-10,0.7804699695130628
1990-12-11,0.0
1990-12-12,0.0
1990-12-13,0.04107452229804285
1990-12-14,0.0
1990-12-15,1.2288420722314861
1990-12-16,0.49838550319656444
1990-12-17,0.728597386680173
1990-12-18,3.4562680428062857
1990-12-19,0.0
1990-12-20,0.0
1990-12-21,0.15113206794798187
1990-12-22,0.0
1990-12-23,0.0
1990-12-24,0.0
1990-12-25,0.0
1990-12-26,0.024736050743011752
1990-12-27,0.05116466742977484
1990-12-28,0.1708996856585137
1990-12-29,0.0
1990-12-30,0.0
1990-12-31,0.0
1991-01-01,0.0
1991-01-02,2.8123657953352366
1991-01-03,7.772153836903926
1991-01-04,0.0
1991-01-05,0.0
1991-01-06,0.0
1991-01-07,0.0
1991-01-08,0.0
1991-01-09,0.0
1991-01-10,0.38274051348670807
1991-01-11,0.0
1991-01-12,0.0
1991-01-13,1.0049066391081334
1991-01-14,0.0
1991-01-15,0.0073947435207919535
1991-01-16,0.0
1991-01-17,0.0
1991-01-18,0.0
1991-01-19,0.0
1991-01-20,0.0
1991-01-21,0.0
1991-01-22,0.0
1991-01-23,0.0
1991-01-24,0.0
1991-01-25,0.0
1991-01-26,0.0
1991-01-27,0.0
1991-01-28,0.0
1991-01-29,0.0
1991-01-30,0.46033292758535216
1991-01-31,0.3108245253989965
1991-02-01,0.0
1991-02-02,0.04307297941228123
1991-02-03,0.0
1991-02-04,0.15354753852822545
1991-02-05,0.0
1991-02-06,0.0
1991-02-07,0.0
1991-02-08,0.0
1991-02-09,0.0
1991-02-10,0.0
1991-02-11,0.0
1991-02-12,0.0
1991-02-13,0.0
1991-02-14,0.0
1991-02-15,0.0
1991-02-16,0.0
1991-02-17,0.0
1991-02-18,0.0
1991-02-19,0.0
1991-02-20,0.0
1991-02-21,0.0
1991-02-22,0.0
1991-02-23,0.0
1991-02-24,0.0
1991-02-25,0.0
1991-02-26,2.9821064756296325
1991-02-27,0.0
1991-02-28,24.11593781001197
1991-03-01,1.1106889309389787
1991-03-02,0.0
1991-03-03,0.0
1991-03-04,0.0
1991-03-05,5.306092752071833
1991-03-06,0.24561172362764636
1991-03-07,0.0
1991-03-08,0.0
1991-03-09,0.0
1991-03-10,6.852994216840484
1991-03-11,0.5929306150783513
1991-03-12,0.5168870142061245
1991-03-13,2.1190332746784093
1991-03-14,0.0016036128646253435
1991-03-15,0.04334957506138733
1991-03-16,0.2125476753043096
1991-03-17,0.0
1991-03-18,0.0
1991-03-19,0.0
1991-03-20,0.0
1991-03-21,0.0
1991-03-22,0.0
1991-03-23,0.0
1991-03-24,41.56261971622418
1991-03-25,0.013709081913603214
1991-03-26,0.0
1991-03-27,0.36392314482950194
1991-03-28,6.86556079829226
1991-03-29,9.842890368981706
1991-03-30,0.7252986644430494
1991-03-31,15.281453782415529
1991-04-01,37.818862606932
1991-04-02,14.006067541128107
1991-04-03,2.5804667405695896
1991-04-04,13.803533225520603
1991-04-05,13.662236406878804
1991-04-06,12.962474629868453
1991-04-07,9.183433762512454
1991-04-08,1.2822397289508523
1991-04-09,0.3451750489453868
1991-04-10,11.756287057408638
1991-04-11,0.0
1991-04-12,0.0
1991-04-13,0.07415989019142677
1991-04-14,0.0
1991-04-15,5.7858632075483944
1991-04-16,0.0
1991-04-17,0.0
1991-04-18,0.0
1991-04-19,0.0
1991-04-20,0.0
1991-04-21,1.9777863997868745
1991-04-22,3.589336606929253
1991-04-23,28.811504528471776
1991-04-24,2.9252248575899378
1991-04-25,3.5326977205102366
1991-04-26,0.31304580621850014
1991-04-27,0.00270016500216827
1991-04-28,0.0
1991-04-29,32.48417388268984
1991-04-30,6.60095942071679
1991-05-01,19.3726814849363
1991-05-02,38.628444411624805
1991-05-03,38.05095815099252
1991-05-04,18.55817164533012
1991-05-05,46.191953013223596
1991-05-06,27.10446960802612
1991-05-07,35.492903072169504
1991-05-08,47.24375367393117
1991-05-09,42.88226975500629
1991-05-10,28.64076664490566
1991-05-11,27.79088964101566
1991-05-12,10.740107165095926
1991-05-13,18.776445345824204
1991-05-14,8.56674675289854
1991-05-15,16.869333666141742
1991-05-16,24.442466907084157
1991-05-17,47.20742130266548
1991-05-18,63.978084541086304
1991-05-19,40.79330947602292
1991-05-20,7.0190671172774035
1991-05-21,50.27916622543553
1991-05-22,19.052206028160022
1991-05-23,7.680224813101122
1991-05-24,0.0
1991-05-25,14.156050714508357
1991-05-26,49.71254772952076
1991-05-27,9.959334323904667
1991-05-28,13.827665819115323
1991-05-29,19.16736488920242
1991-05-30,4.818958465474919
1991-05-31,0.01450133784585895
1991-06-01,7.082796668392955
1991-06-02,31.96385935998853
1991-06-03,9.917124173448538
1991-06-04,4.972823805869318
1991-06-05,27.89933458620477
1991-06-06,2.2698954914875267
1991-06-07,8.564968056990676
1991-06-08,2.997554431597385
1991-06-09,64.08486785044289
1991-06-10,27.575596779668203
1991-06-11,11.952776752433373
1991-06-12,8.288508230307922
1991-06-13,16.693978151588226
1991-06-14,4.595427944621161
1991-06-15,24.315785784735862
1991-06-16,52.07662009029384
1991-06-17,0.49120966977949587
1991-06-18,6.327285478728192
1991-06-19,0.18637886935718623
1991-06-20,16.739641847598957
1991-06-21,4.249041789392789
1991-06-22,20.0913017024654
1991-06-23,37.4838367768791
1991-06-24,4.63116333842208
1991-06-25,1.741915518213632
1991-06-26,18.351126519719163
1991-06-27,36.00889229727075
1991-06-28,20.40772777914364
1991-06-29,4.7468744565930345
1991-06-30,0.022590837128046874
1991-07-01,2.117684656495046
1991-07-02,8.252461244303136
1991-07-03,16.2065405767357
1991-07-04,19.513391986594943
1991-07-05,40.62949014714194
1991-07-06,0.124440479276511
1991-07-07,10.52658948774677
1991-07-08,1.0828351514289727
1991-07-09,10.522915426361338
1991-07-10,25.27525741988047
1991-07-11,5.064922203046427
1991-07-12,0.5169100467029518
1991-07-13,5.0219004920408485
1991-07-14,7.365240731292983
1991-07-15,38.02893323470649
1991-07-16,23.44592635052265
1991-07-17,3.228398331787922
1991-07-18,0.5270669024899182
1991-07-19,4.868336606474648
1991-07-20,30.23114562463013
1991-07-21,15.366186303552157
1991-07-22,0.2049097283389823
1991-07-23,0.0
1991-07-24,6.691921869074536
1991-07-25,11.717844099297839
1991-07-26,3.5714222679961476
1991-07-27,1.0489304685434195
1991-07-28,1.4139594687719728
1991-07-29,0.5945003648922631
1991-07-30,5.400808806229444
1991-07-31,16.716863989415028
1991-08-01,82.22136883758925
1991-08-02,36.134517181592486
1991-08-03,40.40840513555041
1991-08-04,6.642467226604127
1991-08-05,5.395237843633196
1991-08-06,8.5797831529849
1991-08-07,2.067715987780184
1991-08-08,4.611991823796572
1991-08-09,7.81429089004409
1991-08-10,3.3559326555437017
1991-08-11,4.859380089176639
1991-08-12,4.746376381505872
1991-08-13,11.430126294806607
1991-08-14,13.444004681044346
1991-08-15,23.72819250323034
1991-08-16,16.704019512813858
1991-08-17,13.581753257325646
1991-08-18,24.829007556815537
1991-08-19,15.005908254380738
1991-08-20,2.385824517965292
1991-08-21,8.769098918281086
1991-08-22,11.94471661256248
1991-08-23,2.967005903752134
1991-08-24,5.916193821467175
1991-08-25,18.868254665589074
1991-08-26,39.6415212328778
1991-08-27,7.820216737672696
1991-08-28,33.92558559193633
1991-08-29,19.12972555900186
1991-08-30,10.934690954950513
1991-08-31,30.80175588947381
1991-09-01,30.44072295256855
1991-09-02,90.72810971331396
1991-09-03,44.48705539323697
1991-09-04,19.828467970105812
1991-09-05,4.4846609079706425
1991-09-06,52.21067255614283
1991-09-07,32.49264034770102
1991-09-08,19.749443273977533
1991-09-09,2.6534772442056145
1991-09-10,2.001092067698549
1991-09-11,3.7865238154953222
1991-09-12,15.025440772926208
1991-09-13,35.29146061458034
1991-09-14,27.48555390848047
1991-09-15,11.890270714739291
1991-09-16,0.362579445180981
1991-09-17,6.159353063063444
1991-09-18,7.108837906348553
1991-09-19,13.24191708558122
1991-09-20,22.983464306771396
1991-09-21,11.41093370205391
1991-09-22,24.13942511650567
1991-09-23,51.756943006828756
1991-09-24,63.33092935796927
1991-09-25,95.94819541264395
1991-09-26,54.49378894453186
1991-09-27,0.0
1991-09-28,0.07890532274015047
1991-09-29,0.0
1991-09-30,0.0
1991-10-01,0.0
1991-10-02,0.0
1991-10-03,20.90020649126486
1991-10-04,23.263072256807487
1991-10-05,10.332502145087625
1991-10-06,2.937720480853916
1991-10-07,10.135732622783534
1991-10-08,17.295095504574146
1991-10-09,0.0
1991-10-10,0.0
1991-10-11,1.636682063620768
1991-10-12,39.142888171845065
1991-10-13,146.49846170647965
1991-10-14,83.59363822924854
1991-10-15,14.807592087978612
1991-10-16,0.0
1991-10-17,0.0
1991-10-18,0.0
1991-10-19,0.0
1991-10-20,0.0
1991-10-21,0.0
1991-10-22,0.0
1991-10-23,0.0
1991-10-24,0.0
1991-10-25,0.0
1991-10-26,0.42239638501273674
1991-10-27,0.0
1991-10-28,1.924566279614577
1991-10-29,0.3900482430685613
1991-10-30,12.477946306825476
1991-10-31,27.87928392010459
1991-11-01,2.5303586373953015
1991-11-02,0.6921931497937802
1991-11-03,0.0
1991-11-04,0.35953020095061966
1991-11-05,3.8977364766346354
1991-11-06,1.644999778688085
1991-11-07,0.45423354898592666
1991-11-08,0.2966459322930412
1991-11-09,0.08663178261794519
1991-11-10,0.040728115996780855
1991-11-11,0.015872620670902685
1991-11-12,0.0
1991-11-13,0.0
1991-11-14,0.7632902189351685
1991-11-15,5.52828350626881
1991-11-16,0.0
1991-11-17,0.0
1991-11-18,0.0
1991-11-19,0.2720349444434954
1991-11-20,0.0
1991-11-21,0.0
1991-11-22,0.0
1991-11-23,0.0
1991-11-24,0.0
1991-11-25,0.0
1991-11-26,0.0
1991-11-27,0.0
1991-11-28,0.9158228720389184
1991-11-29,0.0
1991-11-30,0.0
1991-12-01,0.0
1991-12-02,0.0
1991-12-03,0.0
1991-12-04,0.0
1991-12-05,0.0
1991-12-06,0.0
1991-12-07,0.0
1991-12-08,0.0
1991-12-09,0.0
1991-12-10,0.003561109742795091
1991-12-11,0.0
1991-12-12,0.0
1991-12-13,0.0
1991-12-14,0.0
1991-12-15,0.00805229770344029
1991-12-16,0.0
1991-12-17,0.0
1991-12-18,0.007592902869961087
1991-12-19,0.0
1991-12-20,0.0
1991-12-21,0.0
1991-12-22,0.0
1991-12-23,0.0
1991-12-24,3.0508349000431747
1991-12-25,0.5695856079924424
1991-12-26,4.447816183963779
1991-12-27,0.0
1991-12-28,0.0
1991-12-29,0.0
1991-12-30,0.0
1991-12-31,0.0
1992-01-01,0.0
1992-01-02,0.04335526978005736
1992-01-03,0.0
1992-01-04,0.0
1992-01-05,0.0
1992-01-06,0.0
1992-01-07,0.0
1992-01-08,0.0
1992-01-09,0.0
1992-01-10,0.0
1992-01-11,0.0
1992-01-12,0.9035663522770929
1992-01-13,0.0
1992-01-14,0.0
1992-01-15,0.009335104538967706
1992-01-16,0.0
1992-01-17,0.07871878181441552
1992-01-18,0.0
1992-01-19,0.024956620173150017
1992-01-20,0.2757180197237339
1992-01-21,0.0
1992-01-22,0.3813589066832902
1992-01-23,0.7120277355624751
1992-01-24,0.0
1992-01-25,0.0
1992-01-26,0.0
1992-01-27,0.0
1992-01-28,0.0
1992-01-29,1.105266835810879
1992-01-30,0.0
1992-01-31,11.571521197511027
1992-02-01,1.4653911488662845
1992-02-02,2.1670276247220497
1992-02-03,0.0
1992-02-04,0.0
1992-02-05,0.0
1992-02-06,0.0
1992-02-07,1.715669453559554
1992-02-08,0.6904909904618924
1992-02-09,0.0
1992-02-10,0.0
1992-02-11,0.0
1992-02-12,0.0
1992-02-13,0.0
1992-02-14,0.7794659787510235
1992-02-15,0.0
1992-02-16,0.0
1992-02-17,0.0
1992-02-18,0.33727478858472243
1992-02-19,0.0
1992-02-20,0.0
1992-02-21,7.004120687635866
1992-02-22,0.0
1992-02-23,4.092444017263251
1992-02-24,2.2552350517931643
1992-02-25,0.03460313529983882
1992-02-26,0.5638212542279867
1992-02-27,0.0
1992-02-28,1.8568748560697457
1992-02-29,3.7563150492467057
1992-03-01,1.5292442692013284
1992-03-02,0.0
1992-03-03,0.0
1992-03-04,0.0
1992-03-05,0.0
1992-03-06,0.0
1992-03-07,0.0
1992-03-08,0.0
1992-03-09,0.0
1992-03-10,0.0
1992-03-11,0.0
1992-03-12,0.010985202701539146
1992-03-13,0.3618061739594287
1992-03-14,0.0
1992-03-15,2.053167672933681
1992-03-16,0.0
1992-03-17,0.0
1992-03-18,12.49174624691874
1992-03-19,5.381101311183382
1992-03-20,7.155554025301799
1992-03-21,12.469740099394732
1992-03-22,10.497681789993464
1992-03-23,0.296133912477998
1992-03-24,1.42747232381701
1992-03-25,0.34450417982743126
1992-03-26,0.0
1992-03-27,0.0
1992-03-28,0.0
1992-03-29,0.0
1992-03-30,0.0
1992-03-31,0.0
1992-04-01,0.0
1992-04-02,0.0
1992-04-03,0.0
1992-04-04,0.0
1992-04-05,0.0
1992-04-06,2.269249188869279
1992-04-07,0.0
1992-04-08,0.07113390963753333
1992-04-09,1.054048599244783
1992-04-10,0.0
1992-04-11,0.1071793867750461
1992-04-12,0.0
1992-04-13,1.648903670853091
1992-04-14,1.884043488055558
1992-04-15,1.1342128440817454
1992-04-16,0.8110269997830404
1992-04-17,6.239588808954681
1992-04-18,15.07833527207645
1992-04-19,24.03158020068324
1992-04-20,14.692176350758201
1992-04-21,17.54131382592408
1992-04-22,21.28587887133639
1992-04-23,7.591593193736279
1992-04-24,0.11179421717038526
1992-04-25,7.671456052131148
1992-04-26,30.057216101299204
1992-04-27,8.70307039860767
1992-04-28,13.918392904766655
1992-04-29,0.46111791002315033
1992-04-30,2.3829590005106778
1992-05-01,31.080717440631492
1992-05-02,7.53724589011593
1992-05-03,28.91532835101309
1992-05-04,18.35954008083528
1992-05-05,0.0
1992-05-06,0.15094614605033493
1992-05-07,0.4160847778038812
1992-05-08,3.188982582238803
1992-05-09,11.610309566109906
1992-05-10,37.45762704537934
1992-05-11,0.0
1992-05-12,5.192372028199946
1992-05-13,1.0873525874881629
1992-05-14,16.59737620670269
1992-05-15,15.425407862930484
1992-05-16,47.26657206490809
1992-05-17,35.32488218136928
1992-05-18,13.989158962884797
1992-05-19,10.294988217202798
1992-05-20,7.737881435569135
1992-05-21,0.0
1992-05-22,0.0
1992-05-23,0.0
1992-05-24,0.0
1992-05-25,8.206646853157865
1992-05-26,9.593404689989336
1992-05-27,0.0
1992-05-28,0.0
1992-05-29,1.9454188515722926
1992-05-30,89.91141871182762
1992-05-31,24.26150119916795
1992-06-01,7.680745766218194
1992-06-02,0.0
1992-06-03,6.272923817765603
1992-06-04,0.0
1992-06-05,0.2279452771384217
1992-06-06,0.0
1992-06-07,20.270426689605095
1992-06-08,4.472129224252999
1992-06-09,6.848376973325849
1992-06-10,3.515779766233498
1992-06-11,4.0165254046491405
1992-06-12,56.3799690218316
1992-06-13,35.577139038196655
1992-06-14,19.066618386989294
1992-06-15,0.9499065442013104
1992-06-16,10.117235818005698
1992-06-17,34.63346724863088
1992-06-18,10.211805727330212
1992-06-19,13.469905584895944
1992-06-20,33.596504200470356
1992-06-21,42.082539986852524
1992-06-22,3.069615968585562
1992-06-23,0.49701646600082716
1992-06-24,40.64197386079708
1992-06-25,47.69577231640874
1992-06-26,55.23100150394777
1992-06-27,8.174603333272195
1992-06-28,0.18275002908607796
1992-06-29,18.73611289610861
1992-06-30,23.356697295783757
1992-07-01,43.91971579023076
1992-07-02,30.939077316498334
1992-07-03,20.956452806419048
1992-07-04,41.68972650784929
1992-07-05,33.646449270257506
1992-07-06,11.55829568214274
1992-07-07,8.396550715792483
1992-07-08,14.036636273473025
1992-07-09,39.27308934390818
1992-07-10,41.87117063409993
1992-07-11,14.04599160507311
1992-07-12,11.282589861395426
1992-07-13,11.88399114188484
1992-07-14,25.13968821240639
1992-07-15,44.78504684399797
1992-07-16,24.965714718633006
1992-07-17,6.391463949423942
1992-07-18,7.6549873883174655
1992-07-19,7.226799395548897
1992-07-20,4.566980964024091
1992-07-21,2.5744064898305496
1992-07-22,5.58347551309426
1992-07-23,8.797457577109954
1992-07-24,3.0542680604121752
1992-07-25,8.444215141660042
1992-07-26,7.08985152026247
1992-07-27,12.873088237997171
1992-07-28,2.4917250044738677
1992-07-29,3.553781454565257
1992-07-30,29.69327552007033
1992-07-31,16.424905473931446
1992-08-01,9.739731890641076
1992-08-02,20.32534020595953
1992-08-03,7.6679918572498655
1992-08-04,13.36151817699154
1992-08-05,25.69453367874878
1992-08-06,18.649010074041907
1992-08-07,11.014938890408157
1992-08-08,1.2714003693524276
1992-08-09,0.2736808286315768
1992-08-10,0.3021469942814037
1992-08-11,13.686931204617371
1992-08-12,0.0
1992-08-13,5.514658208584884
1992-08-14,15.496187273509113
1992-08-15,6.515001186125548
1992-08-16,8.792114696621086
1992-08-17,15.69529231540041
1992-08-18,9.721792094492775
1992-08-19,12.817801597297256
1992-08-20,8.85206688908897
1992-08-21,0.9514989949298973
1992-08-22,0.24804353924508182
1992-08-23,3.3611013392556837
1992-08-24,20.01055075472574
1992-08-25,46.01906893689967
1992-08-26,30.041964684813653
1992-08-27,33.84781251028754
1992-08-28,11.802693769468533
1992-08-29,5.358887133335211
1992-08-30,13.859479580913751
1992-08-31,11.502200888994905
1992-09-01,27.237227568950757
1992-09-02,1.3001857492787043
1992-09-03,0.3762821370142074
1992-09-04,5.908005287744464
1992-09-05,7.55603630892715
1992-09-06,2.7601735965328404
1992-09-07,16.43448394559611
1992-09-08,15.491302614623676
1992-09-09,5.66962808402127
1992-09-10,19.914469227245018
1992-09-11,0.0
1992-09-12,0.777119669746278
1992-09-13,27.329801046829807
1992-09-14,13.964560248478858
1992-09-15,2.338881705057361
1992-09-16,14.447557060931889
1992-09-17,24.08619078525207
1992-09-18,0.11950541131028414
1992-09-19,0.3029772842027358
1992-09-20,0.0
1992-09-21,0.3212176729522503
1992-09-22,9.582021866213356
1992-09-23,11.245025144263609
1992-09-24,23.370245628194887
1992-09-25,12.005445828828998
1992-09-26,42.9394462634722
1992-09-27,46.06973967143246
1992-09-28,88.43917066345588
1992-09-29,3.066947398199876
1992-09-30,0.0
1992-10-01,0.0
1992-10-02,0.0
1992-10-03,8.330289177498878
1992-10-04,10.178388790477035
1992-10-05,1.8679398687372601
1992-10-06,0.0
1992-10-07,0.0
1992-10-08,6.603587440668712
1992-10-09,5.392620234919703
1992-10-10,0.17958988654112154
1992-10-11,1.5169517507560064
1992-10-12,32.64882377535495
1992-10-13,46.56388975313399
1992-10-14,20.73991283032796
1992-10-15,7.170977717376129
1992-10-16,0.0
1992-10-17,0.0
1992-10-18,0.0
1992-10-19,0.0
1992-10-20,0.0
1992-10-21,5.532638192625685
1992-10-22,7.047302249930605
1992-10-23,0.21618540249227192
1992-10-24,0.0
1992-10-25,0.0
1992-10-26,0.0
1992-10-27,0.0
1992-10-28,0.0
1992-10-29,0.0
1992-10-30,0.0
1992-10-31,0.0
1992-11-01,0.2668023988728747
1992-11-02,0.237018571234672
1992-11-03,0.5018434715928584
1992-11-04,0.025652949826681395
1992-11-05,0.02995556483467217
1992-11-06,0.0
1992-11-07,0.0
1992-11-08,0.0
1992-11-09,2.7429763645421783
1992-11-10,0.11881599176402531
1992-11-11,0.0
1992-11-12,0.0
1992-11-13,0.0
1992-11-14,0.0
1992-11-15,0.0
1992-11-16,0.0
1992-11-17,0.0
1992-11-18,0.0
1992-11-19,0.0
1992-11-20,2.450917143771097
1992-11-21,0.0758150109758609
1992-11-22,0.0
1992-11-23,0.0
1992-11-24,0.2526451097808222
1992-11-25,0.037829306409139694
1992-11-26,0.0
1992-11-27,0.0
1992-11-28,0.0
1992-11-29,0.0
1992-11-30,0.5061779203494073
1992-12-01,4.801724775590705
1992-12-02,4.064410220069822
1992-12-03,0.0
1992-12-04,0.0
1992-12-05,0.0
1992-12-06,0.0
1992-12-07,0.0
1992-12-08,0.0
1992-12-09,0.0
1992-12-10,0.0
1992-12-11,0.0
1992-12-12,0.0
1992-12-13,0.0
1992-12-14,0.0
1992-12-15,0.0
1992-12-16,0.0
1992-12-17,0.0
1992-12-18,0.0
1992-12-19,0.0
1992-12-20,0.0031619211373557343
1992-12-21,0.0
1992-12-22,0.0
1992-12-23,0.0
1992-12-24,0.0
1992-12-25,0.0
1992-12-26,0.0
1992-12-27,0.0
1992-12-28,0.0
1992-12-29,0.0
1992-12-30,0.0
1992-12-31,0.007020905065138247
1993-01-01,0.0
1993-01-02,0.0
1993-01-03,0.0
1993-01-04,0.0
1993-01-05,0.0
1993-01-06,0.0
1993-01-07,1.546174731571456
1993-01-08,6.52795533649001
1993-01-09,2.7709709566419747
1993-01-10,0.003952257668774945
1993-01-11,4.741657282576833
1993-01-12,0.3691845822824314
1993-01-13,0.2497697048522349
1993-01-14,0.0
1993-01-15,0.0
1993-01-16,0.0
1993-01-17,0.0
1993-01-18,0.0
1993-01-19,0.0
1993-01-20,0.0
1993-01-21,0.0
1993-01-22,0.0
1993-01-23,0.0
1993-01-24,0.0
1993-01-25,0.0
1993-01-26,0.0
1993-01-27,0.0
1993-01-28,0.0
1993-01-29,0.0
1993-01-30,0.17830496233959905
1993-01-31,0.08123342899958517
1993-02-01,1.3988928571950527
1993-02-02,0.0
1993-02-03,0.0
1993-02-04,0.0
1993-02-05,0.0
1993-02-06,0.0
1993-02-07,0.0
1993-02-08,0.0
1993-02-09,0.0
1993-02-10,0.0
1993-02-11,0.0
1993-02-12,0.0
1993-02-13,0.934513547286731
1993-02-14,0.36106632264856686
1993-02-15,0.3160505183207713
1993-02-16,6.294500893125478
1993-02-17,11.578722033420881
1993-02-18,5.414841764801688
1993-02-19,2.6122580512326685
1993-02-20,0.0
1993-02-21,3.445464924475812
1993-02-22,2.8447269191274858
1993-02-23,0.0
1993-02-24,0.0
1993-02-25,0.0
1993-02-26,0.0
1993-02-27,0.0
1993-02-28,0.0
1993-03-01,0.019841902466582215
1993-03-02,0.0
1993-03-03,0.0
1993-03-04,0.0
1993-03-05,0.0
1993-03-06,0.0
1993-03-07,0.0
1993-03-08,0.0
1993-03-09,0.0
1993-03-10,0.0
1993-03-11,0.0
1993-03-12,0.0
1993-03-13,0.0
1993-03-14,0.010964707596018072
1993-03-15,0.0
1993-03-16,0.0
1993-03-17,0.0
1993-03-18,0.0
1993-03-19,0.0
1993-03-20,7.8503265884650055
1993-03-21,41.18155736681938
1993-03-22,24.46298866580022
1993-03-23,0.6489250238956309
1993-03-24,0.1807597512552788
1993-03-25,32.11230964758417
1993-03-26,60.14682190861599
1993-03-27,9.469273304287376E-4
1993-03-28,0.0
1993-03-29,0.0
1993-03-30,0.0
1993-03-31,0.0
1993-04-01,0.0
1993-04-02,4.16864312651934
1993-04-03,0.0
1993-04-04,0.0
1993-04-05,0.0
1993-04-06,0.0
1993-04-07,0.0030502303288582606
1993-04-08,4.6124753194141555
1993-04-09,2.410096153406929
1993-04-10,26.67223090712196
1993-04-11,76.35758136581399
1993-04-12,2.303589020999762
1993-04-13,0.0
1993-04-14,0.0
1993-04-15,4.7239321313869205
1993-04-16,4.261780458258596
1993-04-17,0.17869392957320554
1993-04-18,7.681940906526274
1993-04-19,4.807905569648959
1993-04-20,32.00817214036042
1993-04-21,0.03589730276414411
1993-04-22,4.491807459302737
1993-04-23,57.767883684983474
1993-04-24,14.509859738971695
1993-04-25,16.57031146964211
1993-04-26,4.268342061432722
1993-04-27,1.365689943083586
1993-04-28,27.703067336797726
1993-04-29,1.934303628196084
1993-04-30,0.4338596521665211
1993-05-01,1.8872476957507451
1993-05-02,2.489728533868482
1993-05-03,64.41284237930388
1993-05-04,38.68953171410742
1993-05-05,38.43683421665628
1993-05-06,73.61603766569863
1993-05-07,48.13377056639683
1993-05-08,17.0537173391487
1993-05-09,38.53129394974838
1993-05-10,2.1712752508441655
1993-05-11,1.3907154312200651
1993-05-12,12.433961003101656
1993-05-13,22.27827036958505
1993-05-14,10.322169710332364
1993-05-15,57.07388407339204
1993-05-16,50.75816976114499
1993-05-17,67.67930729671396
1993-05-18,52.48438288467703
1993-05-19,0.06192210557535239
1993-05-20,11.900829522678434
1993-05-21,0.1197237023369265
1993-05-22,0.2651989756001494
1993-05-23,0.11904475647874632
1993-05-24,6.835671675242821
1993-05-25,8.652696794589373
1993-05-26,50.572249630018156
1993-05-27,22.420902188199612
1993-05-28,0.0
1993-05-29,5.28505687601485
1993-05-30,9.225206773232058
1993-05-31,2.2459556584094673
1993-06-01,2.216913956098102
1993-06-02,6.4969466464358705
1993-06-03,9.833422515586777
1993-06-04,86.35920912685087
1993-06-05,74.49308456977076
1993-06-06,55.05863446900647
1993-06-07,6.456830116166588
1993-06-08,19.647904677262446
1993-06-09,23.187450637220195
1993-06-10,96.63091678733949
1993-06-11,37.69316161789576
1993-06-12,40.80430415002196
1993-06-13,0.0
1993-06-14,0.09095112834712495
1993-06-15,39.192475380219435
1993-06-16,27.328999621282993
1993-06-17,35.89739110510033
1993-06-18,27.07222395634844
1993-06-19,52.43743003145803
1993-06-20,12.661629117047577
1993-06-21,27.691224890331576
1993-06-22,5.169889685238209
1993-06-23,17.416067537577298
1993-06-24,60.39876000645587
1993-06-25,37.01894098367066
1993-06-26,6.668905004118431
1993-06-27,0.9790882427228053
1993-06-28,8.569188942903345
1993-06-29,54.55362377079409
1993-06-30,25.290309389803486
1993-07-01,10.017575389788622
1993-07-02,22.64602349918536
1993-07-03,23.323089942409425
1993-07-04,54.26810493410106
1993-07-05,90.92572832337262
1993-07-06,63.72696558084489
1993-07-07,0.31298398983538456
1993-07-08,24.8062697904732
1993-07-09,24.0372572654383
1993-07-10,6.205307733492231
1993-07-11,14.515493654930808
1993-07-12,23.50416985466664
1993-07-13,5.8428338196713225
1993-07-14,3.061360269865166
1993-07-15,0.10684233692638676
1993-07-16,4.759514190049461
1993-07-17,12.591382579330574
1993-07-18,41.94679609980145
1993-07-19,61.65614758819049
1993-07-20,124.12581007231518
1993-07-21,74.57378027097022
1993-07-22,9.744594962085808
1993-07-23,1.9031413977185967
1993-07-24,16.29957000923489
1993-07-25,16.102183109628843
1993-07-26,4.7210103574579305
1993-07-27,0.0
1993-07-28,0.09325171226228032
1993-07-29,1.5588250320656651
1993-07-30,3.382164724756251
1993-07-31,8.854894056447623
1993-08-01,4.973472496474677
1993-08-02,11.557706929387278
1993-08-03,17.43565100302099
1993-08-04,0.6502963796064056
1993-08-05,0.04521067586578652
1993-08-06,1.3617579789806322
1993-08-07,36.678192871917695
1993-08-08,13.310200620559886
1993-08-09,3.4764721165061134
1993-08-10,38.466489024654
1993-08-11,12.067901995834845
1993-08-12,1.1107504631165226
1993-08-13,2.0939990590503124
1993-08-14,5.271884202385516
1993-08-15,11.877073796346368
1993-08-16,3.9390096330833506
1993-08-17,1.7200675796926295
1993-08-18,33.938303079077436
1993-08-19,5.290500408983511
1993-08-20,0.0
1993-08-21,2.5477742354172186
1993-08-22,14.2189101915129
1993-08-23,23.045063784964253
1993-08-24,2.1978883298723466
1993-08-25,2.7542147561251586
1993-08-26,33.185955713179105
1993-08-27,11.197932068267408
1993-08-28,10.193627901583438
1993-08-29,25.082902247241346
1993-08-30,6.380668459638227
1993-08-31,47.78245111993334
1993-09-01,17.284011275763834
1993-09-02,27.87640678031205
1993-09-03,3.940797026498449
1993-09-04,2.351167345720322
1993-09-05,24.23862157497936
1993-09-06,37.376297391086396
1993-09-07,37.13135538165494
1993-09-08,11.42429775977636
1993-09-09,3.2903871812702166
1993-09-10,1.1947226690183719
1993-09-11,14.347422339664835
1993-09-12,42.930156506117534
1993-09-13,18.923921876598612
1993-09-14,14.482935509332012
1993-09-15,1.2226256722271822
1993-09-16,0.33320770768795255
1993-09-17,0.1527933241196523
1993-09-18,0.5438493344852021
1993-09-19,9.981880230813815
1993-09-20,18.089592462049843
1993-09-21,1.6238357243232036
1993-09-22,22.601327495146602
1993-09-23,12.095920346284602
1993-09-24,4.924115463913421
1993-09-25,15.247720072113237
1993-09-26,18.071453505531636
1993-09-27,34.87339903366797
1993-09-28,38.23428776128631
1993-09-29,18.429402106914004
1993-09-30,0.04151985744238059
1993-10-01,25.250538813309813
1993-10-02,56.57941599090288
1993-10-03,21.176210915198354
1993-10-04,0.0
1993-10-05,0.0
1993-10-06,1.4371847236376698
1993-10-07,2.0025432849096276
1993-10-08,0.0
1993-10-09,0.0
1993-10-10,1.1957474834895856
1993-10-11,0.0
1993-10-12,4.571154590835736
1993-10-13,9.990380513527828
1993-10-14,7.611331405017084
1993-10-15,0.08306225392199945
1993-10-16,0.8060048839546032
1993-10-17,0.0
1993-10-18,7.078130379800474
1993-10-19,7.9082600170016955
1993-10-20,6.602848973702375
1993-10-21,0.0
1993-10-22,0.0
1993-10-23,0.0
1993-10-24,0.0
1993-10-25,0.0
1993-10-26,0.0
1993-10-27,0.0
1993-10-28,0.0
1993-10-29,0.0
1993-10-30,0.0
1993-10-31,0.011024714442175985
1993-11-01,0.7340384345594775
1993-11-02,2.1312316566145886
1993-11-03,22.377832416086388
1993-11-04,0.8166859183042537
1993-11-05,0.0
1993-11-06,0.0
1993-11-07,0.0
1993-11-08,0.0
1993-11-09,0.0
1993-11-10,0.0
1993-11-11,0.0
1993-11-12,0.0
1993-11-13,0.0
1993-11-14,0.01822858512063131
1993-11-15,0.0
1993-11-16,0.0
1993-11-17,0.0
1993-11-18,0.0
1993-11-19,0.0
1993-11-20,0.0
1993-11-21,0.0
1993-11-22,0.0
1993-11-23,0.0
1993-11-24,0.0
1993-11-25,0.0
1993-11-26,0.0
1993-11-27,0.0
1993-11-28,0.0
1993-11-29,0.0
1993-11-30,0.0
1993-12-01,0.0
1993-12-02,0.0
1993-12-03,0.03824213794701391
1993-12-04,0.18029073013538738
1993-12-05,0.14543744778664142
1993-12-06,0.0
1993-12-07,0.0
1993-12-08,0.0
1993-12-09,0.0
1993-12-10,0.0
1993-12-11,0.0
1993-12-12,0.0
1993-12-13,0.02536681264467969
1993-12-14,0.43495418465304236
1993-12-15,1.4817055120824936
1993-12-16,0.0
1993-12-17,0.0
1993-12-18,0.0
1993-12-19,0.0
1993-12-20,0.255638941902207
1993-12-21,0.04625602867761445
1993-12-22,0.12905434557257225
1993-12-23,0.06985601091702227
1993-12-24,0.0
1993-12-25,0.32624459512867054
1993-12-26,0.0
1993-12-27,0.0
1993-12-28,0.1531515391976678
1993-12-29,0.0
1993-12-30,0.7053998943444948
1993-12-31,0.4838235280844806
1994-01-01,0.0
1994-01-02,0.0
1994-01-03,0.04305894237530949
1994-01-04,0.0
1994-01-05,0.0
1994-01-06,0.0
1994-01-07,0.0
1994-01-08,0.0
1994-01-09,0.0
1994-01-10,1.6908629594714006
1994-01-11,0.0
1994-01-12,0.0
1994-01-13,0.0
1994-01-14,0.0
1994-01-15,0.1874858047114797
1994-01-16,4.281551352928534
1994-01-17,0.0
1994-01-18,0.0
1994-01-19,0.0
1994-01-20,0.0
1994-01-21,0.0
1994-01-22,0.0
1994-01-23,0.0
1994-01-24,0.0
1994-01-25,0.0
1994-01-26,0.0
1994-01-27,0.0
1994-01-28,0.0
1994-01-29,0.0
1994-01-30,4.682804423107977
1994-01-31,3.032997448151995
1994-02-01,2.2242843745922145
1994-02-02,6.611370134426912
1994-02-03,0.0
1994-02-04,0.0
1994-02-05,0.0
1994-02-06,0.15183062216182008
1994-02-07,0.0
1994-02-08,0.0
1994-02-09,2.066251748488829
1994-02-10,0.12147218943705113
1994-02-11,0.0
1994-02-12,0.0
1994-02-13,0.6794966074777907
1994-02-14,0.05323999356112228
1994-02-15,0.26004797125207885
1994-02-16,0.35178011244953555
1994-02-17,0.0
1994-02-18,0.0
1994-02-19,0.0
1994-02-20,0.013926632996467308
1994-02-21,11.038274781462329
1994-02-22,15.46393300450109
1994-02-23,0.0
1994-02-24,0.0
1994-02-25,0.0
1994-02-26,0.0
1994-02-27,0.0
1994-02-28,0.007713959249479479
1994-03-01,0.0
1994-03-02,0.0
1994-03-03,0.0
1994-03-04,0.0
1994-03-05,0.0
1994-03-06,0.0
1994-03-07,0.0
1994-03-08,0.0
1994-03-09,0.0
1994-03-10,0.0
1994-03-11,0.0
1994-03-12,0.0
1994-03-13,12.639554454988852
1994-03-14,12.873422831889366
1994-03-15,19.442450555175142
1994-03-16,16.19501663325589
1994-03-17,1.458384693740768
1994-03-18,0.0
1994-03-19,0.007122314243030641
1994-03-20,13.243466627868187
1994-03-21,3.8890854321625326
1994-03-22,2.508405797256529
1994-03-23,0.4391176418650844
1994-03-24,2.8756388624681843
1994-03-25,11.282510224157598
1994-03-26,89.67710461724266
1994-03-27,23.684618911750356
1994-03-28,0.0011996493058949516
1994-03-29,0.8264598358733588
1994-03-30,0.07955167742415857
1994-03-31,30.898561278981926
1994-04-01,83.11830962588033
1994-04-02,64.20245231866927
1994-04-03,0.07888624624494328
1994-04-04,0.042162261961959685
1994-04-05,0.4436827220899373
1994-04-06,0.41459597669814585
1994-04-07,3.1971539571680183
1994-04-08,0.0
1994-04-09,0.0
1994-04-10,0.0
1994-04-11,0.0
1994-04-12,0.0
1994-04-13,0.0
1994-04-14,0.0
1994-04-15,0.0
1994-04-16,1.443547344703429
1994-04-17,7.6487707252022625
1994-04-18,2.1712135372524375
1994-04-19,4.582361211170933
1994-04-20,14.504085105730063
1994-04-21,20.86273229573415
1994-04-22,21.762243743168824
1994-04-23,0.0
1994-04-24,11.700895699760482
1994-04-25,19.644328536159385
1994-04-26,11.743783183312198
1994-04-27,0.0
1994-04-28,0.0
1994-04-29,0.0
1994-04-30,1.320591886716477
1994-05-01,1.392926667618236
1994-05-02,1.7426219200829736
1994-05-03,9.82198964817277
1994-05-04,17.261693396385795
1994-05-05,7.704935080232315
1994-05-06,11.803243036062263
1994-05-07,15.85889650917013
1994-05-08,1.702977655805124
1994-05-09,0.0
1994-05-10,11.546364049978429
1994-05-11,0.3268238295973157
1994-05-12,21.409683505454815
1994-05-13,11.929380891403587
1994-05-14,27.07869315243426
1994-05-15,19.015986934218184
1994-05-16,17.408342669889457
1994-05-17,17.52724974039442
1994-05-18,14.882774885766715
1994-05-19,0.0
1994-05-20,1.772339153205593
1994-05-21,0.0
1994-05-22,10.418671902868754
1994-05-23,6.221128735981946
1994-05-24,10.69460037225438
1994-05-25,18.392627362954244
1994-05-26,0.3958796863070666
1994-05-27,0.5474559172338962
1994-05-28,13.304142406913268
1994-05-29,12.571510050367182
1994-05-30,20.197658155812768
1994-05-31,30.03117125106793
1994-06-01,30.174292185803996
1994-06-02,48.54218960548436
1994-06-03,33.28684972886652
1994-06-04,6.301584314476247
1994-06-05,3.709648359772723
1994-06-06,0.0
1994-06-07,3.5220718477547086
1994-06-08,4.99308335078257
1994-06-09,5.292582029591227
1994-06-10,12.577365259219834
1994-06-11,38.99738708387144
1994-06-12,18.046053364522017
1994-06-13,28.265619465726726
1994-06-14,33.490858907899096
1994-06-15,20.48797444377947
1994-06-16,34.92181566918043
1994-06-17,21.978548774916064
1994-06-18,1.5755005106749829
1994-06-19,36.20420273306335
1994-06-20,27.97651311431304
1994-06-21,2.6086357940012816
1994-06-22,20.192202515181524
1994-06-23,32.31345149052241
1994-06-24,15.565662428942229
1994-06-25,0.04494252504396596
1994-06-26,34.470815528684454
1994-06-27,41.26525806644899
1994-06-28,39.34814384895685
1994-06-29,16.64977591658409
1994-06-30,5.015907302241567
1994-07-01,18.380162382925885
1994-07-02,7.621023289661906
1994-07-03,3.98410099713691
1994-07-04,20.264048500417655
1994-07-05,50.91387312555073
1994-07-06,17.894033587304758
1994-07-07,2.3063682503341285
1994-07-08,17.4484576502112
1994-07-09,13.52362045444463
1994-07-10,14.121732606917705
1994-07-11,16.17704174479585
1994-07-12,8.081570467948351
1994-07-13,21.754468924490926
1994-07-14,10.726076518702618
1994-07-15,3.0468244311953434
1994-07-16,3.2156735031907173
1994-07-17,27.57045325252654
1994-07-18,39.908543059105845
1994-07-19,8.383231562721479
1994-07-20,16.748580151768632
1994-07-21,12.102701833857983
1994-07-22,1.5401717878043737
1994-07-23,8.298491715209089
1994-07-24,22.31694348616766
1994-07-25,3.890550829002011
1994-07-26,12.111016591792788
1994-07-27,12.210434872027868
1994-07-28,42.168149957348845
1994-07-29,25.960816220704437
1994-07-30,8.775622647547754
1994-07-31,1.167689567392673
1994-08-01,9.580260651020799
1994-08-02,14.994600093511691
1994-08-03,22.396970297525073
1994-08-04,13.999150728992184
1994-08-05,26.847127031197854
1994-08-06,6.406154561994933
1994-08-07,11.71031036366242
1994-08-08,11.228870740961291
1994-08-09,20.399487918611506
1994-08-10,3.827691891873891
1994-08-11,4.831953492267559
1994-08-12,6.722905960895393
1994-08-13,37.19195778606914
1994-08-14,30.999944003769766
1994-08-15,0.5904545955287054
1994-08-16,0.10558580902271289
1994-08-17,10.06475052565465
1994-08-18,2.6297275334785617
1994-08-19,0.027576833886161223
1994-08-20,5.210584328575639
1994-08-21,62.53585873584251
1994-08-22,38.10399279328907
1994-08-23,31.771088326699942
1994-08-24,12.686708306166782
1994-08-25,16.051372427653604
1994-08-26,8.306190989019067
1994-08-27,15.007413364672137
1994-08-28,32.441540272234036
1994-08-29,38.487105710629045
1994-08-30,16.418261930167787
1994-08-31,18.20171830653482
1994-09-01,3.9889045094791067
1994-09-02,19.915130382246563
1994-09-03,6.986897013654523
1994-09-04,8.658911482206028
1994-09-05,1.7909169007512926
1994-09-06,0.5823549618249566
1994-09-07,0.0
1994-09-08,14.740723758708123
1994-09-09,9.725653809106777
1994-09-10,3.3458318827362046
1994-09-11,9.752362018631066
1994-09-12,4.649252563671994
1994-09-13,16.624104877499725
1994-09-14,5.5639965059190875
1994-09-15,15.073039253410466
1994-09-16,48.52497575767449
1994-09-17,3.3473092021545585
1994-09-18,3.820519742994396
1994-09-19,31.017408379844372
1994-09-20,19.663179724722507
1994-09-21,0.0
1994-09-22,0.0
1994-09-23,3.7547029467776083
1994-09-24,10.73930029074725
1994-09-25,0.27573429115977316
1994-09-26,0.0
1994-09-27,0.0
1994-09-28,0.0
1994-09-29,0.043613994714855366
1994-09-30,0.015450818585852849
1994-10-01,11.538602626320055
1994-10-02,15.63974657627019
1994-10-03,40.61061289481606
1994-10-04,16.06799135604116
1994-10-05,3.0887153989956397
1994-10-06,9.388532314426122
1994-10-07,3.49127203234092
1994-10-08,25.584870005929783
1994-10-09,31.391817475683904
1994-10-10,50.067029564881665
1994-10-11,0.0
1994-10-12,0.0
1994-10-13,0.0
1994-10-14,0.0
1994-10-15,0.0
1994-10-16,0.0
1994-10-17,0.0
1994-10-18,0.0
1994-10-19,0.0
1994-10-20,0.0
1994-10-21,0.0
1994-10-22,0.0
1994-10-23,0.0
1994-10-24,0.0
1994-10-25,0.0
1994-10-26,0.0
1994-10-27,0.0
1994-10-28,0.0
1994-10-29,0.0
1994-10-30,0.0
1994-10-31,0.0
1994-11-01,0.0
1994-11-02,0.06728209204829914
1994-11-03,0.0
1994-11-04,0.0
1994-11-05,0.0
1994-11-06,0.0
1994-11-07,0.0034242604504718457
1994-11-08,1.2393733998941734
1994-11-09,0.0
1994-11-10,10.8519641751967
1994-11-11,0.30383931620857174
1994-11-12,0.05340077728423527
1994-11-13,0.0
1994-11-14,0.0
1994-11-15,0.0
1994-11-16,0.0
1994-11-17,0.0
1994-11-18,0.0
1994-11-19,0.0
1994-11-20,0.0
1994-11-21,0.0
1994-11-22,0.0
1994-11-23,0.2932854252840032
1994-11-24,5.72400820712689
1994-11-25,0.21203161307993076
1994-11-26,0.0
1994-11-27,0.0
1994-11-28,0.0
1994-11-29,0.0
1994-11-30,0.0
1994-12-01,1.2670547736385909
1994-12-02,0.0
1994-12-03,0.0
1994-12-04,0.27853109011344596
1994-12-05,0.29337686536277124
1994-12-06,0.0
1994-12-07,0.0
1994-12-08,0.0
1994-12-09,0.0
1994-12-10,0.015488059222263957
1994-12-11,0.09088658378016112
1994-12-12,0.0
1994-12-13,0.0
1994-12-14,0.0
1994-12-15,0.27911178502446726
1994-12-16,0.6715257260530051
1994-12-17,0.0
1994-12-18,0.0
1994-12-19,0.0
1994-12-20,0.0
1994-12-21,0.0
1994-12-22,0.6796598322659335
1994-12-23,0.0
1994-12-24,0.0
1994-12-25,0.0
1994-12-26,0.1326397446678745
1994-12-27,0.8117027601325725
1994-12-28,0.0
1994-12-29,0.0
1994-12-30,0.015198156858568684
1994-12-31,0.34256711500588705
1995-01-01,0.5660985061960983
1995-01-02,0.0
1995-01-03,0.0
1995-01-04,0.0
1995-01-05,0.0
1995-01-06,0.0
1995-01-07,0.0
1995-01-08,0.9356814536027203
1995-01-09,5.103914727022306
1995-01-10,0.0
1995-01-11,0.0
1995-01-12,1.7855246958508888
1995-01-13,0.36113256635760554
1995-01-14,0.0
1995-01-15,0.0
1995-01-16,0.0
1995-01-17,2.6879998110032917
1995-01-18,0.002824592663585751
1995-01-19,0.0
1995-01-20,0.0
1995-01-21,0.0
1995-01-22,0.0
1995-01-23,0.0
1995-01-24,0.0
1995-01-25,0.0
1995-01-26,0.0
1995-01-27,0.0
1995-01-28,0.0
1995-01-29,0.0
1995-01-30,0.0
1995-01-31,0.0
1995-02-01,0.0
1995-02-02,0.0
1995-02-03,0.0
1995-02-04,0.0
1995-02-05,2.282186152502855
1995-02-06,0.010431162338903966
1995-02-07,0.0
1995-02-08,0.0
1995-02-09,0.0
1995-02-10,0.0
1995-02-11,0.0
1995-02-12,0.05598446895748957
1995-02-13,3.330583757588662
1995-02-14,0.0
1995-02-15,1.5515325015069177
1995-02-16,2.2048645747858053
1995-02-17,0.0
1995-02-18,0.9802545757745786
1995-02-19,0.0
1995-02-20,0.0
1995-02-21,0.0
1995-02-22,0.0
1995-02-23,14.968131802311301
1995-02-24,0.10159589047656223
1995-02-25,0.0
1995-02-26,0.0
1995-02-27,0.0
1995-02-28,1.2355402253431342
1995-03-01,2.9191255212517406
1995-03-02,0.003631169036530442
1995-03-03,0.017655524629636807
1995-03-04,0.022725530664210302
1995-03-05,0.11807310015801624
1995-03-06,0.0
1995-03-07,3.7566532622188142
1995-03-08,0.0
1995-03-09,0.0
1995-03-10,0.0
1995-03-11,0.34715467447998505
1995-03-12,0.045261793131941445
1995-03-13,0.0
1995-03-14,0.02582545130731443
1995-03-15,0.055647722078391144
1995-03-16,0.0
1995-03-17,0.1565402290564196
1995-03-18,0.0
1995-03-19,0.0
1995-03-20,0.0
1995-03-21,0.0
1995-03-22,0.0
1995-03-23,0.0
1995-03-24,0.0
1995-03-25,2.676199132035949
1995-03-26,0.8946747182092515
1995-03-27,2.421706195866506
1995-03-28,21.226092798352333
1995-03-29,1.2835134958912167
1995-03-30,13.249611143886153
1995-03-31,3.0848000531247157
1995-04-01,0.11498094264496092
1995-04-02,0.0
1995-04-03,0.0
1995-04-04,0.0
1995-04-05,0.0
1995-04-06,2.3060129997092793
1995-04-07,5.547892391410838
1995-04-08,5.558760010993596
1995-04-09,15.665276244744769
1995-04-10,14.209030755443345
1995-04-11,37.08221033028014
1995-04-12,5.631880863829774
1995-04-13,3.3498047693093445
1995-04-14,4.583575988430141
1995-04-15,33.6262431764428
1995-04-16,0.30968745890685995
1995-04-17,4.89155956317803
1995-04-18,6.937609582134556
1995-04-19,0.0026570957292910698
1995-04-20,6.021292361755081
1995-04-21,0.0
1995-04-22,0.11346076178888442
1995-04-23,5.100247849100293
1995-04-24,9.004857847488152
1995-04-25,5.378741011224324
1995-04-26,21.822494822983966
1995-04-27,17.107390691177713
1995-04-28,11.166392971439521
1995-04-29,4.435960194040051
1995-04-30,21.734778441492605
1995-05-01,14.166850002663288
1995-05-02,6.542731932151428
1995-05-03,7.5294929600182545
1995-05-04,3.016736822836334
1995-05-05,4.642384905345183
1995-05-06,13.32065934671271
1995-05-07,18.49630993464363
1995-05-08,19.47926512731961
1995-05-09,3.4014461642461016
1995-05-10,1.3304201234226634
1995-05-11,0.0
1995-05-12,8.781074815591964
1995-05-13,9.13031587138528
1995-05-14,4.32278449740704
1995-05-15,30.95803241572423
1995-05-16,135.79173522702413
1995-05-17,30.967682612394153
1995-05-18,2.424980431354194
1995-05-19,0.0
1995-05-20,0.0
1995-05-21,2.266808560049959
1995-05-22,6.979208163974263
1995-05-23,9.319583618408414
1995-05-24,4.143624712088092
1995-05-25,0.2499329659090943
1995-05-26,3.105792847955887
1995-05-27,4.104812904034642
1995-05-28,0.6882323613208832
1995-05-29,3.1974982505335943
1995-05-30,21.14384854333743
1995-05-31,3.279145376499893
1995-06-01,7.170760153668555
1995-06-02,8.837604226633461
1995-06-03,14.842488557708586
1995-06-04,9.759768784383805
1995-06-05,5.259194246443323
1995-06-06,18.825085303580494
1995-06-07,38.86421515438936
1995-06-08,28.31848182250586
1995-06-09,37.104976990660504
1995-06-10,22.040625148315545
1995-06-11,36.79201272475989
1995-06-12,28.19639342865035
1995-06-13,28.422807837890616
1995-06-14,52.7927904360806
1995-06-15,135.58392567828054
1995-06-16,100.68252199678808
1995-06-17,78.98941885374589
1995-06-18,30.97667401612675
1995-06-19,103.57769711038304
1995-06-20,7.3189165885414065
1995-06-21,3.427335499363348
1995-06-22,9.49211578563368
1995-06-23,14.27365687826922
1995-06-24,0.44053324237225855
1995-06-25,1.3414254430685655
1995-06-26,2.9109040867800533
1995-06-27,0.8376034436984573
1995-06-28,5.051788499461944
1995-06-29,5.11490864678109
1995-06-30,10.263444319768261
1995-07-01,24.335228342733473
1995-07-02,53.037034751441404
1995-07-03,26.383728137655712
1995-07-04,37.78032950433638
1995-07-05,45.34541307728431
1995-07-06,79.77333238249967
1995-07-07,14.255008625686946
1995-07-08,7.349701546601602
1995-07-09,12.65503580564526
1995-07-10,10.230038960807864
1995-07-11,15.25541989597643
1995-07-12,10.362540272497233
1995-07-13,7.8774777284196835
1995-07-14,12.198377558440912
1995-07-15,8.496663326977542
1995-07-16,5.576753418948505
1995-07-17,21.279017533249046
1995-07-18,46.2589732024825
1995-07-19,17.0553553508854
1995-07-20,13.47008822951156
1995-07-21,14.400883658344927
1995-07-22,0.0
1995-07-23,0.0
1995-07-24,9.024394059263223
1995-07-25,14.504684733996745
1995-07-26,18.44068569370296
1995-07-27,21.48391829549469
1995-07-28,8.454504318336117
1995-07-29,13.18014323955378
1995-07-30,10.997266548511623
1995-07-31,8.811322317682363
1995-08-01,18.356679961586103
1995-08-02,16.849013126618516
1995-08-03,4.995030327620862
1995-08-04,10.03189732074388
1995-08-05,7.96505519479646
1995-08-06,28.51482746389928
1995-08-07,17.234364716437888
1995-08-08,18.752460666081497
1995-08-09,4.138201827221661
1995-08-10,3.4182410504656997
1995-08-11,45.99380424754008
1995-08-12,64.52296076065275
1995-08-13,56.64324200267955
1995-08-14,24.43442957145289
1995-08-15,11.62104984462847
1995-08-16,26.849671741898526
1995-08-17,14.190103432246342
1995-08-18,20.603461869599073
1995-08-19,18.214086281491774
1995-08-20,5.025403550889445
1995-08-21,2.8616009461055363
1995-08-22,1.3141723919908261
1995-08-23,6.873913368987799
1995-08-24,14.963340145479755
1995-08-25,10.20869465141904
1995-08-26,34.314269905214495
1995-08-27,42.816077958428494
1995-08-28,21.000215663306548
1995-08-29,23.089726702543906
1995-08-30,27.073986191211244
1995-08-31,16.924076762875746
1995-09-01,19.687051644384447
1995-09-02,21.599448643187195
1995-09-03,35.50373280531976
1995-09-04,44.36499400158071
1995-09-05,9.765453048821215
1995-09-06,17.193129026027503
1995-09-07,8.817181884595103
1995-09-08,19.07978178728758
1995-09-09,37.91764524642795
1995-09-10,7.465763436283848
1995-09-11,0.21707081065795955
1995-09-12,0.43589108425217504
1995-09-13,2.605265859053091
1995-09-14,1.3598058747197477
1995-09-15,2.2258922229876896
1995-09-16,22.245234208584893
1995-09-17,17.206687994256182
1995-09-18,2.2263705639435973
1995-09-19,13.085599652471528
1995-09-20,51.24112880557983
1995-09-21,73.68974175404841
1995-09-22,64.65417731565718
1995-09-23,58.8521559744588
1995-09-24,6.3788805526290355
1995-09-25,28.283932064941368
1995-09-26,15.61150125258084
1995-09-27,65.01331346398435
1995-09-28,48.551733698220595
1995-09-29,7.037674461629467
1995-09-30,14.247114998899933
1995-10-01,14.22115603465511
1995-10-02,6.254256054807074
1995-10-03,2.020259924382886
1995-10-04,7.176692505724773
1995-10-05,7.560146305049528
1995-10-06,0.32809008431014897
1995-10-07,10.394048465265215
1995-10-08,30.93184368574158
1995-10-09,2.21103729185823
1995-10-10,0.1179718148003965
1995-10-11,0.0
1995-10-12,0.0
1995-10-13,0.0
1995-10-14,0.0
1995-10-15,0.0
1995-10-16,0.03402654108406001
1995-10-17,0.18086241621133256
1995-10-18,5.891702042083936
1995-10-19,0.0
1995-10-20,0.0
1995-10-21,1.798788901567491
1995-10-22,0.050560286364772306
1995-10-23,0.0
1995-10-24,0.024939507698932564
1995-10-25,0.0
1995-10-26,0.0
1995-10-27,0.0
1995-10-28,0.0
1995-10-29,0.0
1995-10-30,0.0
1995-10-31,0.0
1995-11-01,0.0
1995-11-02,0.01602281783510451
1995-11-03,0.0
1995-11-04,0.0
1995-11-05,0.0
1995-11-06,0.0
1995-11-07,0.0
1995-11-08,19.8112340928333
1995-11-09,6.706739769475835
1995-11-10,23.730326210748864
1995-11-11,0.0
1995-11-12,0.0
1995-11-13,0.0
1995-11-14,0.0
1995-11-15,0.0
1995-11-16,0.0
1995-11-17,0.0
1995-11-18,3.3175831558317648
1995-11-19,2.479406717036655
1995-11-20,0.0
1995-11-21,0.0
1995-11-22,0.0
1995-11-23,0.0
1995-11-24,0.1584089715972311
1995-11-25,16.884255827106983
1995-11-26,0.0
1995-11-27,0.0
1995-11-28,0.0
1995-11-29,0.0
1995-11-30,0.0
1995-12-01,0.0
1995-12-02,0.36588199216636136
1995-12-03,0.0025139423312881205
1995-12-04,0.0
1995-12-05,0.4725331374934352
1995-12-06,0.0
1995-12-07,0.0
1995-12-08,0.11854586386262855
1995-12-09,0.0030429302718007725
1995-12-10,0.0023145053678693345
1995-12-11,0.030488752658390825
1995-12-12,0.0
1995-12-13,0.0
1995-12-14,0.0
1995-12-15,0.0
1995-12-16,0.0
1995-12-17,0.2094888101168291
1995-12-18,0.0
1995-12-19,0.0
1995-12-20,0.0
1995-12-21,0.0
1995-12-22,0.21291502424248765
1995-12-23,1.366063801376469
1995-12-24,0.0
1995-12-25,0.4100370879804883
1995-12-26,0.7701701747252746
1995-12-27,0.0
1995-12-28,0.25422135418787445
1995-12-29,0.0
1995-12-30,0.0
1995-12-31,0.0
1996-01-01,0.0
1996-01-02,0.0
1996-01-03,0.0
1996-01-04,1.8418442244726643
1996-01-05,0.0
1996-01-06,0.14283818559897699
1996-01-07,0.14938356370597541
1996-01-08,0.0
1996-01-09,0.0
1996-01-10,0.16209068208509964
1996-01-11,3.1452357555113415
1996-01-12,0.0
1996-01-13,0.0
1996-01-14,0.0
1996-01-15,0.0
1996-01-16,1.4796113882044948
1996-01-17,0.04856797061231214
1996-01-18,0.0
1996-01-19,0.0
1996-01-20,0.0
1996-01-21,0.0
1996-01-22,0.3348386278104622
1996-01-23,0.0
1996-01-24,0.0
1996-01-25,0.0
1996-01-26,0.0
1996-01-27,0.6221766345500161
1996-01-28,0.4671786342036642
1996-01-29,0.0
1996-01-30,0.0
1996-01-31,0.0
1996-02-01,0.0
1996-02-02,0.0
1996-02-03,0.0
1996-02-04,0.0
1996-02-05,0.0
1996-02-06,0.0
1996-02-07,0.0
1996-02-08,0.0
1996-02-09,0.0
1996-02-10,0.0
1996-02-11,0.0
1996-02-12,0.0
1996-02-13,0.0
1996-02-14,0.0
1996-02-15,0.0
1996-02-16,0.0
1996-02-17,0.0
1996-02-18,0.0
1996-02-19,0.0
1996-02-20,4.687159267279108
1996-02-21,1.444729570022845
1996-02-22,6.521808313264518
1996-02-23,0.3172071657959818
1996-02-24,0.0
1996-02-25,17.503724880251465
1996-02-26,0.09896366344249727
1996-02-27,0.0
1996-02-28,0.0
1996-02-29,0.0
1996-03-01,0.0
1996-03-02,0.0
1996-03-03,0.0
1996-03-04,0.0
1996-03-05,0.0012891273860661835
1996-03-06,0.0
1996-03-07,0.6732192541140765
1996-03-08,8.342920521425162
1996-03-09,0.026498810680466108
1996-03-10,8.428292639750989
1996-03-11,0.6795929312665794
1996-03-12,20.63003938251205
1996-03-13,11.891922036052275
1996-03-14,6.652231848940537
1996-03-15,16.14195915827742
1996-03-16,18.20842882422036
1996-03-17,0.02046337029340735
1996-03-18,0.44999590686880364
1996-03-19,0.0
1996-03-20,0.0
1996-03-21,0.0
1996-03-22,7.948489718532687
1996-03-23,14.96686649929597
1996-03-24,0.5148899947130784
1996-03-25,0.777516835343519
1996-03-26,23.251074923831418
1996-03-27,0.0
1996-03-28,0.7701456877623247
1996-03-29,51.982138580069844
1996-03-30,45.93196387852129
1996-03-31,11.926401378923602
1996-04-01,0.0
1996-04-02,0.0
1996-04-03,0.0
1996-04-04,0.0
1996-04-05,0.8977978973749628
1996-04-06,4.0658639669769325
1996-04-07,0.45537071547536895
1996-04-08,0.0
1996-04-09,0.0
1996-04-10,1.9105435136466804
1996-04-11,0.0
1996-04-12,0.02035332213861786
1996-04-13,4.4552391365222705
1996-04-14,0.0
1996-04-15,0.0
1996-04-16,0.20442486584138267
1996-04-17,0.0
1996-04-18,4.370973707519673
1996-04-19,1.9174140278139087
1996-04-20,20.7112546894926
1996-04-21,8.806367134974513
1996-04-22,35.180922309551136
1996-04-23,48.0310000485519
1996-04-24,4.437959111369016
1996-04-25,0.6754653686886688
1996-04-26,0.0
1996-04-27,0.0
1996-04-28,0.0
1996-04-29,0.0
1996-04-30,0.07943444780844364
1996-05-01,42.55978475507803
1996-05-02,0.0
1996-05-03,1.2490166184147462
1996-05-04,0.17595902227682658
1996-05-05,1.1093948292284364
1996-05-06,2.043265192013437
1996-05-07,0.5873196346143782
1996-05-08,5.485568899679478
1996-05-09,7.371331228181188
1996-05-10,21.261922935288712
1996-05-11,41.79728763116387
1996-05-12,20.242963323274783
1996-05-13,47.074605114382216
1996-05-14,25.38370706174495
1996-05-15,27.01541629812724
1996-05-16,41.18436496928256
1996-05-17,33.53602755381157
1996-05-18,26.694833495175573
1996-05-19,0.0
1996-05-20,5.828473324400922
1996-05-21,0.37353599670454585
1996-05-22,0.924122167058412
1996-05-23,0.030587482519656015
1996-05-24,4.519424141569702
1996-05-25,3.9800672899981024
1996-05-26,34.927691564489116
1996-05-27,23.871378625869554
1996-05-28,28.928252976619987
1996-05-29,51.43934237467947
1996-05-30,6.358909282664424
1996-05-31,7.0583129049339535
1996-06-01,22.42482178160267
1996-06-02,75.70746923280139
1996-06-03,15.216427018738818
1996-06-04,51.528772453497886
1996-06-05,1.8162895431804507
1996-06-06,5.1728459058005365
1996-06-07,23.12706845081602
1996-06-08,0.0
1996-06-09,0.06621086464884238
1996-06-10,1.9250256924807922
1996-06-11,13.035199379267363
1996-06-12,0.670744933696664
1996-06-13,0.0
1996-06-14,6.745516607798563
1996-06-15,6.631701287153169
1996-06-16,20.025073058196146
1996-06-17,25.996584910908222
1996-06-18,21.216748844373157
1996-06-19,22.92736943639738
1996-06-20,13.46831976520281
1996-06-21,58.48144025359891
1996-06-22,25.869703334402832
1996-06-23,2.4612149633752627
1996-06-24,0.0
1996-06-25,57.242094455922945
1996-06-26,43.22115447844174
1996-06-27,46.40167038001252
1996-06-28,25.14904258087934
1996-06-29,40.729891973762534
1996-06-30,26.23532403573747
1996-07-01,115.19369417565719
1996-07-02,61.30785578130971
1996-07-03,33.97111152236976
1996-07-04,15.018429362153762
1996-07-05,22.87448298250707
1996-07-06,10.318670828475403
1996-07-07,19.529351387311287
1996-07-08,16.275880001827765
1996-07-09,7.657110318760302
1996-07-10,14.001174599362548
1996-07-11,76.98950449303676
1996-07-12,29.20121882440565
1996-07-13,1.9855864770631537
1996-07-14,5.81689576624939
1996-07-15,7.365341180937009
1996-07-16,33.07893241084322
1996-07-17,17.315105710695203
1996-07-18,15.188168267808546
1996-07-19,11.547248645323158
1996-07-20,14.082590565349571
1996-07-21,3.2793165599049408
1996-07-22,21.0378160010018
1996-07-23,15.798292292087739
1996-07-24,3.642015207125409
1996-07-25,3.543238611093165
1996-07-26,6.3889100887904995
1996-07-27,1.960329983953445
1996-07-28,0.9116438388150147
1996-07-29,9.016716917728713
1996-07-30,62.324413477539856
1996-07-31,53.49059516840128
1996-08-01,52.325503662217535
1996-08-02,11.251176484205338
1996-08-03,6.3520875715297205
1996-08-04,21.011718671461136
1996-08-05,29.901048602950546
1996-08-06,13.418964758532837
1996-08-07,0.8535484810282725
1996-08-08,31.747509257690716
1996-08-09,18.86727946629956
1996-08-10,18.754277052702662
1996-08-11,35.641061821664884
1996-08-12,35.39991380476897
1996-08-13,0.8540527243183634
1996-08-14,19.255866589639965
1996-08-15,45.945787158045306
1996-08-16,41.701021779087796
1996-08-17,35.35539160926586
1996-08-18,11.818887144053141
1996-08-19,8.310543591535934
1996-08-20,2.9420490174797456
1996-08-21,3.2475052920838685
1996-08-22,4.293352498505754
1996-08-23,0.0
1996-08-24,12.800258214718124
1996-08-25,2.513889608600141
1996-08-26,2.713584935344825
1996-08-27,14.09643242951203
1996-08-28,25.495784824061847
1996-08-29,52.24895185531912
1996-08-30,65.09441552600445
1996-08-31,14.234947114196872
1996-09-01,1.0728326106275008
1996-09-02,0.809875875072827
1996-09-03,7.689733702636999
1996-09-04,17.85387068472197
1996-09-05,7.605673373691588
1996-09-06,7.692104947283668
1996-09-07,16.597091616212044
1996-09-08,1.3403592495528736
1996-09-09,0.0
1996-09-10,0.8533217595093084
1996-09-11,9.178642494093303
1996-09-12,9.221511066478982
1996-09-13,6.563959705864814
1996-09-14,4.146995893415656
1996-09-15,0.630752825118966
1996-09-16,18.232060992237976
1996-09-17,30.491199901109713
1996-09-18,20.653749331573234
1996-09-19,3.2448703975142084
1996-09-20,26.439626114158735
1996-09-21,26.852133803731878
1996-09-22,21.054616699783544
1996-09-23,0.6895958680865126
1996-09-24,3.070964247407418
1996-09-25,0.0
1996-09-26,11.02674260392673
1996-09-27,26.979852903587727
1996-09-28,13.9659696753447
1996-09-29,1.1425044515110845
1996-09-30,0.0
1996-10-01,0.35372640827777224
1996-10-02,17.88525879612011
1996-10-03,11.321641843798767
1996-10-04,12.186912058317192
1996-10-05,43.376271286647295
1996-10-06,42.46933248720652
1996-10-07,0.0
1996-10-08,0.0
1996-10-09,0.0
1996-10-10,0.0
1996-10-11,0.0
1996-10-12,0.0
1996-10-13,0.0
1996-10-14,0.0
1996-10-15,0.0
1996-10-16,0.0
1996-10-17,0.0
1996-10-18,0.0
1996-10-19,0.0
1996-10-20,0.0
1996-10-21,0.0
1996-10-22,0.0
1996-10-23,0.0
1996-10-24,0.0
1996-10-25,0.0
1996-10-26,0.6762589585898271
1996-10-27,4.343581997166692
1996-10-28,68.00304947537082
1996-10-29,30.98002472371643
1996-10-30,0.0
1996-10-31,0.0
1996-11-01,0.0
1996-11-02,1.1484745068869038
1996-11-03,8.2860619847877E-4
1996-11-04,0.1153435782827726
1996-11-05,1.0953268490060455
1996-11-06,2.0504907519989204
1996-11-07,0.5822262576307224
1996-11-08,0.0
1996-11-09,0.0
1996-11-10,0.0
1996-11-11,0.0019740393161414324
1996-11-12,0.0
1996-11-13,0.0
1996-11-14,0.0
1996-11-15,0.0
1996-11-16,0.0
1996-11-17,0.0
1996-11-18,0.0
1996-11-19,0.0
1996-11-20,0.0
1996-11-21,0.0
1996-11-22,0.09266059327331476
1996-11-23,0.0
1996-11-24,0.0
1996-11-25,0.0
1996-11-26,0.0
1996-11-27,0.0
1996-11-28,0.0
1996-11-29,0.0
1996-11-30,0.0
1996-12-01,0.13687003007227047
1996-12-02,0.24408890702859903
1996-12-03,0.11505425893303951
1996-12-04,0.2825331576506307
1996-12-05,0.31051463969423937
1996-12-06,0.0
1996-12-07,0.0
1996-12-08,0.0
1996-12-09,0.10295121897198131
1996-12-10,0.0
1996-12-11,0.0
1996-12-12,0.05248240136253711
1996-12-13,0.0
1996-12-14,0.19058995264353487
1996-12-15,0.0
1996-12-16,0.3576622696090799
1996-12-17,0.0
1996-12-18,0.0
1996-12-19,0.3341698204883736
1996-12-20,0.0
1996-12-21,0.0
1996-12-22,0.0
1996-12-23,0.2934845271288098
1996-12-24,0.0
1996-12-25,0.0
1996-12-26,0.0
1996-12-27,0.9352559859045427
1996-12-28,0.0
1996-12-29,0.0
1996-12-30,0.01222231731408911
1996-12-31,0.01222231731408911
1997-01-01,0.0
1997-01-02,0.0
1997-01-03,0.0
1997-01-04,0.0
1997-01-05,0.05146098978121473
1997-01-06,0.037167176594536694
1997-01-07,0.23831543582273867
1997-01-08,0.0
1997-01-09,0.0
1997-01-10,0.0
1997-01-11,0.0
1997-01-12,0.0
1997-01-13,0.0
1997-01-14,0.0
1997-01-15,0.0
1997-01-16,0.0
1997-01-17,1.718351659067511
1997-01-18,0.0
1997-01-19,0.009569920462912206
1997-01-20,0.21923303368340666
1997-01-21,2.4463565577187447
1997-01-22,0.9155790451597332
1997-01-23,0.23780176893009666
1997-01-24,0.5370522272641524
1997-01-25,0.5772886256759305
1997-01-26,0.0
1997-01-27,0.0
1997-01-28,0.0
1997-01-29,0.3618187187173284
1997-01-30,1.0711897413071423
1997-01-31,1.1232505908637207
1997-02-01,0.0
1997-02-02,0.0
1997-02-03,1.8220979911711266
1997-02-04,3.440062501648897
1997-02-05,0.0
1997-02-06,0.0
1997-02-07,0.0
1997-02-08,0.0
1997-02-09,0.0
1997-02-10,0.09595445795674223
1997-02-11,0.0
1997-02-12,0.0
1997-02-13,0.0
1997-02-14,0.0
1997-02-15,0.0
1997-02-16,0.0
1997-02-17,0.0
1997-02-18,0.0
1997-02-19,4.98876433970903
1997-02-20,1.4315267547044823
1997-02-21,0.02032511522728498
1997-02-22,0.0
1997-02-23,0.0
1997-02-24,0.0
1997-02-25,0.0
1997-02-26,6.649857513645776
1997-02-27,3.665614297527415
1997-02-28,0.0
1997-03-01,0.0
1997-03-02,0.0
1997-03-03,0.0
1997-03-04,0.0
1997-03-05,0.0
1997-03-06,0.0
1997-03-07,0.0
1997-03-08,0.0
1997-03-09,0.0
1997-03-10,0.0
1997-03-11,0.0
1997-03-12,0.0
1997-03-13,3.0567549043285074
1997-03-14,15.816117458304657
1997-03-15,2.2056958513079707
1997-03-16,5.910323771885077
1997-03-17,0.0
1997-03-18,0.21196319589991405
1997-03-19,1.7972777838248368
1997-03-20,0.5829095528629504
1997-03-21,5.734325764284522
1997-03-22,11.250429136866202
1997-03-23,10.715562594879936
1997-03-24,18.196548507526526
1997-03-25,0.00854352419419558
1997-03-26,0.39951186201303673
1997-03-27,0.0
1997-03-28,3.796545401017348
1997-03-29,14.129276237549723
1997-03-30,16.190555775675904
1997-03-31,0.3969881472807119
1997-04-01,0.0
1997-04-02,19.27865494921231
1997-04-03,0.0
1997-04-04,0.0
1997-04-05,0.0
1997-04-06,1.725446945929435
1997-04-07,16.906538769243518
1997-04-08,33.88549581214398
1997-04-09,0.0
1997-04-10,8.88536937160403
1997-04-11,0.0
1997-04-12,1.2018700088530698
1997-04-13,0.24505009209847664
1997-04-14,0.0
1997-04-15,0.8989953285285391
1997-04-16,19.54621449362077
1997-04-17,2.7593173893664287
1997-04-18,8.355170141123
1997-04-19,0.0
1997-04-20,34.81119699338364
1997-04-21,1.682691928009666
1997-04-22,40.348656823940374
1997-04-23,1.0967372051208815
1997-04-24,3.7698155233962325
1997-04-25,58.50827689654228
1997-04-26,1.3209980507756067
1997-04-27,8.131388289528942
1997-04-28,6.363197838909
1997-04-29,1.0478216459103842
1997-04-30,7.885941933658285
1997-05-01,10.763864049966235
1997-05-02,1.89672584834443
1997-05-03,2.2189653560893365
1997-05-04,11.865761908891615
1997-05-05,0.9237109601564856
1997-05-06,0.9711840083919675
1997-05-07,5.735626921631618
1997-05-08,0.0
1997-05-09,12.554284255457292
1997-05-10,8.504307809844345
1997-05-11,5.889090501699297
1997-05-12,47.81014796290091
1997-05-13,21.60885775415745
1997-05-14,11.545379581191709
1997-05-15,5.524268691386993
1997-05-16,4.080163326723229
1997-05-17,0.0
1997-05-18,0.01757394106295452
1997-05-19,17.669631763310463
1997-05-20,34.14854131781552
1997-05-21,43.285450057092994
1997-05-22,12.055413388479257
1997-05-23,33.14031195815323
1997-05-24,6.411844108812636
1997-05-25,22.758306500831353
1997-05-26,7.448780445929995
1997-05-27,21.32915783092096
1997-05-28,58.61151295343728
1997-05-29,7.612918175509153
1997-05-30,0.4458088246238454
1997-05-31,18.703856019278724
1997-06-01,34.554293594141654
1997-06-02,57.393412862784146
1997-06-03,2.059160397275802
1997-06-04,28.110114023461875
1997-06-05,22.98871936183045
1997-06-06,27.243703766917235
1997-06-07,25.317666001111537
1997-06-08,2.9442853365475745
1997-06-09,11.271199753210531
1997-06-10,15.672248705148176
1997-06-11,24.481760510130062
1997-06-12,9.432843809648963
1997-06-13,14.293673753846274
1997-06-14,11.353275834120485
1997-06-15,18.800282847064036
1997-06-16,46.938889280822124
1997-06-17,55.36077444863921
1997-06-18,8.177564780419189
1997-06-19,10.498512040939708
1997-06-20,12.502700791196494
1997-06-21,23.886059603579344
1997-06-22,0.3497082885445185
1997-06-23,23.325172055792976
1997-06-24,40.12690451867435
1997-06-25,15.712952660630831
1997-06-26,54.64452523071537
1997-06-27,41.511044144732395
1997-06-28,27.551813255245552
1997-06-29,32.980700801767156
1997-06-30,46.00784965039031
1997-07-01,21.699243721615044
1997-07-02,7.716173355459988
1997-07-03,3.6531610641731818
1997-07-04,0.8432825800752997
1997-07-05,1.3538704699413515
1997-07-06,19.5056086116029
1997-07-07,14.525320091083874
1997-07-08,18.14554183334106
1997-07-09,96.99469476536197
1997-07-10,91.17198931378547
1997-07-11,104.68302276517379
1997-07-12,44.6416504908992
1997-07-13,31.762387097114296
1997-07-14,23.037295907920946
1997-07-15,10.125837431709758
1997-07-16,8.517793912515202
1997-07-17,16.231811533260046
1997-07-18,1.5258981668892955
1997-07-19,0.0
1997-07-20,4.8316293227866245
1997-07-21,3.172151352036028
1997-07-22,0.4033904762769764
1997-07-23,3.4747389860323983
1997-07-24,5.177029836761562
1997-07-25,11.827254431075621
1997-07-26,38.11460642819405
1997-07-27,17.5699256260751
1997-07-28,50.94644556623979
1997-07-29,16.478431217155386
1997-07-30,42.435474919023186
1997-07-31,14.349695587145243
1997-08-01,22.03273314919519
1997-08-02,22.74673563190406
1997-08-03,14.907793032556631
1997-08-04,3.4682382223552337
1997-08-05,49.1736973408712
1997-08-06,20.753211440537328
1997-08-07,0.1548808599709434
1997-08-08,6.870544360073062
1997-08-09,21.693432957240194
1997-08-10,36.00602949427007
1997-08-11,53.76420064544519
1997-08-12,37.36360794433964
1997-08-13,41.37722124819519
1997-08-14,8.3547056477662
1997-08-15,0.7042387133451631
1997-08-16,12.055110623905515
1997-08-17,7.558597762619231
1997-08-18,9.86283034830449
1997-08-19,19.118640436444927
1997-08-20,13.864574219492338
1997-08-21,1.2211917533699015
1997-08-22,1.5628470191430108
1997-08-23,4.0273109981905515
1997-08-24,0.5444445937634261
1997-08-25,10.404549765157801
1997-08-26,0.0
1997-08-27,7.9614429297725975
1997-08-28,45.902482543549496
1997-08-29,17.311888231587552
1997-08-30,16.58777484304968
1997-08-31,39.64642499132142
1997-09-01,1.4624734879389005
1997-09-02,12.154066256308344
1997-09-03,46.518940571204354
1997-09-04,71.095594608103
1997-09-05,46.707792099002894
1997-09-06,12.81147559342706
1997-09-07,0.28792048035978685
1997-09-08,1.6155662696683921
1997-09-09,0.0
1997-09-10,0.9944547052866998
1997-09-11,5.195602117819256
1997-09-12,34.717223397470406
1997-09-13,33.00601204227515
1997-09-14,5.661024002098461
1997-09-15,10.87429653997234
1997-09-16,12.123296799811644
1997-09-17,22.11668330369163
1997-09-18,72.33025770373408
1997-09-19,91.37469987511717
1997-09-20,41.02088098807185
1997-09-21,0.0
1997-09-22,15.761026000883499
1997-09-23,51.65757656281247
1997-09-24,0.299128342942711
1997-09-25,34.049191076253564
1997-09-26,59.693181085860225
1997-09-27,25.809523366123944
1997-09-28,0.0
1997-09-29,4.670977496286839
1997-09-30,0.28931496748386004
1997-10-01,0.0
1997-10-02,0.03993910270935639
1997-10-03,0.0
1997-10-04,0.0
1997-10-05,0.0
1997-10-06,0.005056703007915008
1997-10-07,20.78400959614183
1997-10-08,6.9744077993979365
1997-10-09,12.695086886416075
1997-10-10,0.0
1997-10-11,0.0
1997-10-12,1.604624640163647
1997-10-13,0.0
1997-10-14,0.0
1997-10-15,0.0
1997-10-16,0.04205044369286097
1997-10-17,0.0
1997-10-18,0.0
1997-10-19,0.0
1997-10-20,0.0
1997-10-21,0.0
1997-10-22,0.061228851911892625
1997-10-23,0.0
1997-10-24,0.0
1997-10-25,0.0
1997-10-26,0.0
1997-10-27,0.0
1997-10-28,0.0
1997-10-29,0.019249007740913957
1997-10-30,6.989332448200398
1997-10-31,0.0
1997-11-01,0.0
1997-11-02,0.0
1997-11-03,0.0
1997-11-04,0.4057173477227388
1997-11-05,0.0
1997-11-06,0.0
1997-11-07,0.0
1997-11-08,1.3758345824330465
1997-11-09,0.05007727075239791
1997-11-10,2.556690035385381
1997-11-11,1.4374558788333622
1997-11-12,0.0
1997-11-13,0.0
1997-11-14,0.0
1997-11-15,0.0
1997-11-16,2.2626100951196673
1997-11-17,1.6989831379588385
1997-11-18,0.0
1997-11-19,0.9542591762353115
1997-11-20,0.0
1997-11-21,0.0
1997-11-22,0.0
1997-11-23,0.0
1997-11-24,0.0
1997-11-25,0.0
1997-11-26,0.0
1997-11-27,0.0
1997-11-28,0.0
1997-11-29,0.0
1997-11-30,0.0
1997-12-01,0.1231141332909065
1997-12-02,0.005458112173803209
1997-12-03,0.14457363633178263
1997-12-04,0.0
1997-12-05,0.0
1997-12-06,0.0
1997-12-07,0.0
1997-12-08,0.0
1997-12-09,0.9016055023232672
1997-12-10,5.259429441166825
1997-12-11,0.0
1997-12-12,0.2329688124380751
1997-12-13,10.76174492891489
1997-12-14,0.5542090890602711
1997-12-15,0.0
1997-12-16,0.07768384366751559
1997-12-17,0.0
1997-12-18,0.0
1997-12-19,0.0
1997-12-20,0.0
1997-12-21,0.0
1997-12-22,0.0
1997-12-23,0.0
1997-12-24,0.0
1997-12-25,0.0
1997-12-26,0.0
1997-12-27,0.0
1997-12-28,0.0
1997-12-29,0.0
1997-12-30,0.0
1997-12-31,0.0021754479040455295
1998-01-01,0.0
1998-01-02,0.0
1998-01-03,0.0
1998-01-04,0.0
1998-01-05,0.0
1998-01-06,0.0
1998-01-07,0.0
1998-01-08,0.0
1998-01-09,0.0
1998-01-10,0.0
1998-01-11,0.5515492510637636
1998-01-12,0.0
1998-01-13,0.0
1998-01-14,0.0
1998-01-15,0.0
1998-01-16,0.0
1998-01-17,0.0
1998-01-18,0.01814553792127113
1998-01-19,0.0
1998-01-20,0.0
1998-01-21,2.2443795521344376
1998-01-22,0.0
1998-01-23,0.0
1998-01-24,0.06946642644730527
1998-01-25,4.6440244780893805
1998-01-26,2.5307903235915874
1998-01-27,0.0
1998-01-28,0.0
1998-01-29,1.1354787351673508
1998-01-30,0.0
1998-01-31,0.0
1998-02-01,0.0
1998-02-02,0.0
1998-02-03,0.0
1998-02-04,0.0
1998-02-05,0.0
1998-02-06,0.0
1998-02-07,0.0
1998-02-08,0.0
1998-02-09,0.0
1998-02-10,0.0
1998-02-11,0.0
1998-02-12,0.0
1998-02-13,0.0
1998-02-14,0.0
1998-02-15,0.0
1998-02-16,0.0
1998-02-17,2.6539362435494973
1998-02-18,6.611115288985543
1998-02-19,0.0
1998-02-20,0.5255701422521063
1998-02-21,0.0
1998-02-22,0.0
1998-02-23,0.36043978483741845
1998-02-24,0.0
1998-02-25,2.1352116151685863
1998-02-26,3.518566439824768
1998-02-27,0.0
1998-02-28,0.0
1998-03-01,0.0
1998-03-02,0.0
1998-03-03,0.0
1998-03-04,0.0
1998-03-05,0.0
1998-03-06,0.0
1998-03-07,0.0
1998-03-08,0.0
1998-03-09,0.0
1998-03-10,0.0
1998-03-11,0.0
1998-03-12,0.0
1998-03-13,0.0
1998-03-14,0.0
1998-03-15,0.0
1998-03-16,0.0
1998-03-17,0.0
1998-03-18,0.0
1998-03-19,0.0
1998-03-20,0.0
1998-03-21,0.3573727138458313
1998-03-22,62.47235878760191
1998-03-23,93.40696652858591
1998-03-24,12.653363453554709
1998-03-25,1.2258732410667847
1998-03-26,0.0
1998-03-27,0.0
1998-03-28,0.0
1998-03-29,27.972901800957555
1998-03-30,4.7710691794840185
1998-03-31,0.0
1998-04-01,0.0
1998-04-02,0.18710621695618815
1998-04-03,0.0
1998-04-04,0.0
1998-04-05,4.116967839851244
1998-04-06,37.842924404741375
1998-04-07,16.386444087333253
1998-04-08,36.77215905742041
1998-04-09,10.708872555188842
1998-04-10,16.284580279768964
1998-04-11,7.9792219327896925
1998-04-12,4.042894509082372
1998-04-13,0.05530559250121012
1998-04-14,0.0
1998-04-15,3.1000598056673447
1998-04-16,11.874391729229735
1998-04-17,0.11375732952314056
1998-04-18,0.039788910531712664
1998-04-19,2.1875388651671055
1998-04-20,9.83578665626657
1998-04-21,57.69291241942727
1998-04-22,54.03092654226289
1998-04-23,17.799360238593835
1998-04-24,0.0
1998-04-25,0.0
1998-04-26,2.2337089646770703
1998-04-27,3.8210932079519897
1998-04-28,52.476916592932255
1998-04-29,1.173727522402912
1998-04-30,20.83698059157167
1998-05-01,44.12255421384915
1998-05-02,0.5795129788125511
1998-05-03,1.3094252509866007
1998-05-04,0.5166371847561263
1998-05-05,13.83050681822085
1998-05-06,0.0
1998-05-07,17.226200180135372
1998-05-08,30.82821251737925
1998-05-09,11.54678729880201
1998-05-10,25.609529581514412
1998-05-11,0.0
1998-05-12,0.0
1998-05-13,0.0
1998-05-14,0.0
1998-05-15,39.71648079777961
1998-05-16,1.395916469382917
1998-05-17,0.0
1998-05-18,0.0
1998-05-19,0.43502744114435643
1998-05-20,6.09455067979582
1998-05-21,38.03282235257355
1998-05-22,32.759684635567226
1998-05-23,8.82685201101878
1998-05-24,49.02546958397024
1998-05-25,1.329817968098071
1998-05-26,47.60669509368828
1998-05-27,67.51416886552
1998-05-28,47.473372869701016
1998-05-29,32.16343289370995
1998-05-30,30.76121885409184
1998-05-31,29.10791861632801
1998-06-01,16.35136243065258
1998-06-02,26.285347659512922
1998-06-03,46.85556582081332
1998-06-04,18.61388723067793
1998-06-05,28.943614067633877
1998-06-06,13.65818903996564
1998-06-07,9.860992953756487
1998-06-08,22.166504080932786
1998-06-09,13.06459020289785
1998-06-10,14.306798464837732
1998-06-11,14.750996186816627
1998-06-12,15.504495959111802
1998-06-13,7.489400334918287
1998-06-14,8.51619801817674
1998-06-15,6.479969784675746
1998-06-16,15.8604186133486
1998-06-17,6.569632745544102
1998-06-18,9.12277823989844
1998-06-19,13.742121470217516
1998-06-20,13.737279482958801
1998-06-21,13.305010464363304
1998-06-22,6.506819156522806
1998-06-23,35.532150644572276
1998-06-24,6.52286743027662
1998-06-25,9.404428583142396
1998-06-26,4.336017884405157
1998-06-27,17.17296994735845
1998-06-28,13.750601180411877
1998-06-29,5.274957320067874
1998-06-30,19.910551452854836
1998-07-01,36.96968606590612
1998-07-02,40.26736157609736
1998-07-03,10.363715718065894
1998-07-04,1.6259650133849792
1998-07-05,1.4238909959353272
1998-07-06,12.705302934990796
1998-07-07,7.53966465560873
1998-07-08,7.663800269494339
1998-07-09,13.385076930826393
1998-07-10,3.1381721268297547
1998-07-11,9.503052870813663
1998-07-12,23.210923527477707
1998-07-13,28.695741770757948
1998-07-14,21.44222475581257
1998-07-15,3.987638256909116
1998-07-16,22.122838928273715
1998-07-17,30.231626805168588
1998-07-18,1.2971499230940249
1998-07-19,7.640602140891992
1998-07-20,91.92820401261255
1998-07-21,43.65963550861368
1998-07-22,48.52313821483392
1998-07-23,1.790145391353373
1998-07-24,10.649863083923435
1998-07-25,21.104321743240362
1998-07-26,10.83265942773328
1998-07-27,8.082911418920816
1998-07-28,35.23267299592329
1998-07-29,3.588431648781531
1998-07-30,4.879342403899054
1998-07-31,9.10777369849622
1998-08-01,17.973613810175937
1998-08-02,10.996929161345024
1998-08-03,39.0189389130484
1998-08-04,9.919256291204066
1998-08-05,28.493345644058877
1998-08-06,13.454023673653712
1998-08-07,17.651243809956252
1998-08-08,16.11771604731222
1998-08-09,8.778506815487866
1998-08-10,17.25237208301492
1998-08-11,40.62654881248675
1998-08-12,6.1445861454204485
1998-08-13,5.378083477901652
1998-08-14,2.9876944443983504
1998-08-15,20.57720502341761
1998-08-16,26.950351908782437
1998-08-17,44.55424502833137
1998-08-18,2.0089269396984992
1998-08-19,14.09872490014911
1998-08-20,14.363726783899843
1998-08-21,13.30468354213626
1998-08-22,19.89290966174191
1998-08-23,27.30986004123366
1998-08-24,29.780563401268527
1998-08-25,24.362626513363736
1998-08-26,22.87494528474954
1998-08-27,6.459663444033972
1998-08-28,2.4457060211258614
1998-08-29,26.20823487518623
1998-08-30,97.37018198960887
1998-08-31,19.491218626100014
1998-09-01,31.309607332793025
1998-09-02,18.292069129521632
1998-09-03,36.00785179882235
1998-09-04,36.81149160024441
1998-09-05,23.081965873743343
1998-09-06,2.7821488380072794
1998-09-07,1.8852402822510028
1998-09-08,3.571803091546249
1998-09-09,3.218654178270419
1998-09-10,7.534793824074923
1998-09-11,3.8273893903922214
1998-09-12,6.43774989968287
1998-09-13,4.043591644499336
1998-09-14,0.04933247276734079
1998-09-15,0.5061121692638728
1998-09-16,31.50476717952859
1998-09-17,12.553420870868324
1998-09-18,9.599545533030293
1998-09-19,20.002431106952894
1998-09-20,17.946955810788687
1998-09-21,0.14495617545897677
1998-09-22,0.14837133342301173
1998-09-23,1.0246255940524505
1998-09-24,4.135776512124842
1998-09-25,1.4222060160774177
1998-09-26,1.5809121526919372
1998-09-27,50.62082029384254
1998-09-28,0.28049170377441973
1998-09-29,2.8555430289385506
1998-09-30,4.281886315199611
1998-10-01,1.8048451402949193
1998-10-02,3.7598230404439437
1998-10-03,4.171457268823928
1998-10-04,1.6224706581811836
1998-10-05,0.0
1998-10-06,0.0
1998-10-07,0.21842513876270614
1998-10-08,0.0
1998-10-09,0.03716891902561818
1998-10-10,6.12091581094435
1998-10-11,0.6921694312177578
1998-10-12,0.6792710049323669
1998-10-13,4.312054749828268
1998-10-14,4.336430674170019
1998-10-15,6.68190139160902
1998-10-16,8.363310349588271
1998-10-17,7.4858258801687265
1998-10-18,18.60601492364069
1998-10-19,22.58787777115259
1998-10-20,48.22812845924302
1998-10-21,7.789496696811502
1998-10-22,0.005998252301627563
1998-10-23,0.0
1998-10-24,0.0
1998-10-25,0.0
1998-10-26,0.0
1998-10-27,0.0
1998-10-28,0.0
1998-10-29,1.1789203788416749
1998-10-30,0.01582801037785103
1998-10-31,0.0
1998-11-01,0.0
1998-11-02,0.0
1998-11-03,0.0
1998-11-04,0.0
1998-11-05,0.0
1998-11-06,0.0
1998-11-07,0.0
1998-11-08,0.0
1998-11-09,0.0
1998-11-10,0.0
1998-11-11,0.0
1998-11-12,0.0
1998-11-13,0.0
1998-11-14,0.0
1998-11-15,0.17005895306041108
1998-11-16,0.0
1998-11-17,0.0
1998-11-18,0.0
1998-11-19,0.0
1998-11-20,0.0
1998-11-21,1.6252528813099947
1998-11-22,23.803590873045344
1998-11-23,0.2789062510823758
1998-11-24,0.0
1998-11-25,0.0
1998-11-26,0.0
1998-11-27,0.0
1998-11-28,0.0
1998-11-29,0.0
1998-11-30,0.0
1998-12-01,0.5943035721096842
1998-12-02,0.2547154725524307
1998-12-03,0.10838280770656505
1998-12-04,0.009768065341264304
1998-12-05,0.04601202939997131
1998-12-06,0.0
1998-12-07,0.0
1998-12-08,0.0
1998-12-09,0.0464629009063844
1998-12-10,0.19801861889820185
1998-12-11,0.0
1998-12-12,1.3150201877124839
1998-12-13,0.0
1998-12-14,0.0
1998-12-15,0.1306164843573684
1998-12-16,0.0
1998-12-17,0.0
1998-12-18,0.0
1998-12-19,0.0
1998-12-20,0.0
1998-12-21,0.0
1998-12-22,0.0
1998-12-23,0.0
1998-12-24,0.0
1998-12-25,0.0
1998-12-26,0.0
1998-12-27,0.0
1998-12-28,0.0
1998-12-29,0.0
1998-12-30,0.07921181882112661
1998-12-31,0.1396994509715946
1999-01-01,0.0
1999-01-02,0.0
1999-01-03,0.0
1999-01-04,0.0
1999-01-05,0.01566259756982436
1999-01-06,0.025521852560364704
1999-01-07,0.1147334353701182
1999-01-08,0.0
1999-01-09,1.4263417289975615
1999-01-10,2.70552209572124
1999-01-11,0.0
1999-01-12,0.0
1999-01-13,0.0
1999-01-14,0.1877704949893495
1999-01-15,0.20310760794991467
1999-01-16,0.0
1999-01-17,0.0
1999-01-18,0.0
1999-01-19,0.0283836533895417
1999-01-20,0.028779553323542446
1999-01-21,0.0
1999-01-22,0.0
1999-01-23,0.0
1999-01-24,0.0
1999-01-25,0.0
1999-01-26,0.0
1999-01-27,0.0
1999-01-28,0.0
1999-01-29,0.4187328160173255
1999-01-30,0.8175939681316925
1999-01-31,0.5805741446513608
1999-02-01,0.0
1999-02-02,0.0
1999-02-03,0.007691514208690267
1999-02-04,2.0670122083440585
1999-02-05,2.5896941015908213
1999-02-06,0.0
1999-02-07,0.0
1999-02-08,0.0
1999-02-09,0.0
1999-02-10,0.8494047379362124
1999-02-11,0.0
1999-02-12,0.0
1999-02-13,0.0
1999-02-14,0.0
1999-02-15,0.0
1999-02-16,0.0
1999-02-17,0.0
1999-02-18,0.0
1999-02-19,0.0
1999-02-20,0.29032285905906385
1999-02-21,0.0
1999-02-22,0.0
1999-02-23,0.0
1999-02-24,0.12385357190867449
1999-02-25,0.026948818088116187
1999-02-26,0.7752827207331591
1999-02-27,1.3810360430558688
1999-02-28,0.16272844264759298
1999-03-01,0.05613160725467472
1999-03-02,0.3714983924340745
1999-03-03,0.5326367317297377
1999-03-04,0.6907268211812185
1999-03-05,0.7464103085718451
1999-03-06,0.0
1999-03-07,0.013371588901386976
1999-03-08,0.10393431321356772
1999-03-09,0.13868396703199543
1999-03-10,0.14911731175384177
1999-03-11,0.5199436441571689
1999-03-12,1.6094019929415984
1999-03-13,0.0
1999-03-14,0.0
1999-03-15,0.0
1999-03-16,0.0
1999-03-17,0.03666906449371365
1999-03-18,0.2382407560272252
1999-03-19,0.14993893834986863
1999-03-20,0.0
1999-03-21,0.0
1999-03-22,0.0
1999-03-23,0.0
1999-03-24,0.0
1999-03-25,0.5554250033993519
1999-03-26,33.18545916519391
1999-03-27,8.389831660957741
1999-03-28,0.5212897554256802
1999-03-29,0.0
1999-03-30,0.0
1999-03-31,2.544152512801855
1999-04-01,10.57826509661139
1999-04-02,0.0
1999-04-03,0.0
1999-04-04,0.0
1999-04-05,0.0
1999-04-06,0.8324056591830417
1999-04-07,0.16054537052555476
1999-04-08,3.328673804479205
1999-04-09,0.0
1999-04-10,0.0
1999-04-11,0.0
1999-04-12,0.0
1999-04-13,0.0
1999-04-14,0.0
1999-04-15,2.9711696516898423
1999-04-16,0.0
1999-04-17,0.0
1999-04-18,0.03808416981521524
1999-04-19,0.0
1999-04-20,1.157376478810676
1999-04-21,0.0
1999-04-22,0.0
1999-04-23,11.467260371534714
1999-04-24,8.466211982003124
1999-04-25,4.469337350411601
1999-04-26,5.497113220974154
1999-04-27,3.6853514546702066
1999-04-28,5.195373904560355
1999-04-29,14.222747257776449
1999-04-30,9.970906521661133
1999-05-01,2.520561137401953
1999-05-02,6.217316361084875
1999-05-03,8.87136431878051
1999-05-04,26.955132557864413
1999-05-05,37.64992361079487
1999-05-06,79.34258061665875
1999-05-07,59.18642473538845
1999-05-08,75.6536608332586
1999-05-09,11.939918288861062
1999-05-10,0.5165059642438641
1999-05-11,3.594805519272485
1999-05-12,0.0341983759593467
1999-05-13,9.391240745479722
1999-05-14,3.88095703881226
1999-05-15,0.0
1999-05-16,0.0
1999-05-17,0.0
1999-05-18,2.215008372366262
1999-05-19,2.6966275041469254
1999-05-20,5.079000164466891
1999-05-21,1.9995612686075352
1999-05-22,19.3780522560131
1999-05-23,41.46616068782937
1999-05-24,54.2635254425778
1999-05-25,31.35416651594328
1999-05-26,38.164483797717985
1999-05-27,30.022972567257955
1999-05-28,28.59330171619706
1999-05-29,29.745840851103218
1999-05-30,73.83683943006542
1999-05-31,49.35565040844454
1999-06-01,25.68003461846177
1999-06-02,12.37720835507987
1999-06-03,0.12707164630370585
1999-06-04,0.13514813981911442
1999-06-05,15.062952412459243
1999-06-06,23.193069982439418
1999-06-07,5.172728787079471
1999-06-08,12.772492176960979
1999-06-09,20.07813409091052
1999-06-10,26.321673769785637
1999-06-11,10.352272132262184
1999-06-12,32.032490043439786
1999-06-13,14.04214011090928
1999-06-14,10.12898996181465
1999-06-15,32.64591754428195
1999-06-16,24.31611788976221
1999-06-17,17.7531017268867
1999-06-18,3.5995562260370493
1999-06-19,14.279953485065807
1999-06-20,21.138716078688805
1999-06-21,3.44092366814374
1999-06-22,21.917595696210935
1999-06-23,41.79136390954621
1999-06-24,12.766924278471599
1999-06-25,1.7110075758263161
1999-06-26,1.5431163900816869
1999-06-27,6.411843210071753
1999-06-28,1.098243806443642
1999-06-29,56.658515839772676
1999-06-30,77.55549948049885
1999-07-01,49.51500501668373
1999-07-02,18.59115604573821
1999-07-03,30.15965634240034
1999-07-04,23.413820468986103
1999-07-05,10.616737513599338
1999-07-06,0.8416845714302036
1999-07-07,0.08320323219824853
1999-07-08,10.692071889768334
1999-07-09,43.014237002175875
1999-07-10,46.63320868183085
1999-07-11,36.87879275035127
1999-07-12,16.098111897047026
1999-07-13,5.348263801781725
1999-07-14,18.018385212499915
1999-07-15,14.087407013698078
1999-07-16,27.574876250403083
1999-07-17,23.041996615786143
1999-07-18,82.88866862594493
1999-07-19,37.26522965145093
1999-07-20,15.408497864963499
1999-07-21,7.1956981012529955
1999-07-22,33.55488441671668
1999-07-23,20.385474931166808
1999-07-24,11.96978867518414
1999-07-25,16.585065113625376
1999-07-26,28.560652379554092
1999-07-27,34.24824100739446
1999-07-28,42.44433236688834
1999-07-29,14.244596036440488
1999-07-30,10.841642783113164
1999-07-31,14.254048008638833
1999-08-01,38.51249507573708
1999-08-02,6.7414798310810955
1999-08-03,0.8642943676113283
1999-08-04,8.290199475735438
1999-08-05,9.962730258393684
1999-08-06,37.674623742639305
1999-08-07,22.267555999603264
1999-08-08,28.047940835106605
1999-08-09,4.693778824482235
1999-08-10,31.93142952098404
1999-08-11,39.10947652179437
1999-08-12,19.23338616521003
1999-08-13,7.4967351562615026
1999-08-14,11.539892139876843
1999-08-15,28.468708389602256
1999-08-16,19.292144449728312
1999-08-17,29.822256810738768
1999-08-18,29.844835801726834
1999-08-19,10.387897390981143
1999-08-20,14.541759587521401
1999-08-21,12.354855390705207
1999-08-22,7.53338444532205
1999-08-23,5.757130804344725
1999-08-24,23.16978472743934
1999-08-25,33.43859882714034
1999-08-26,30.680655456989584
1999-08-27,41.6317802583677
1999-08-28,41.88452946493562
1999-08-29,34.451244584107364
1999-08-30,48.9735046808744
1999-08-31,15.113550851633011
1999-09-01,5.030194960634342
1999-09-02,8.43545856153962
1999-09-03,7.208749142509781
1999-09-04,12.387849321594809
1999-09-05,8.483587025532376
1999-09-06,24.454764701145358
1999-09-07,11.912919397676822
1999-09-08,39.89263265196469
1999-09-09,18.764065945203555
1999-09-10,32.97693659443351
1999-09-11,10.581645512154566
1999-09-12,1.3850177377733066
1999-09-13,6.630812360362715
1999-09-14,3.6906439297906286
1999-09-15,4.330436997004215
1999-09-16,5.423768434085304
1999-09-17,13.847965331754729
1999-09-18,11.318625461990127
1999-09-19,6.455454946188143
1999-09-20,24.42724235138059
1999-09-21,36.814737719507754
1999-09-22,9.66184181760429
1999-09-23,0.08366980191436725
1999-09-24,0.006122189680065509
1999-09-25,1.3711752372911148
1999-09-26,6.6157962680346705
1999-09-27,1.1330018290526882
1999-09-28,7.400352372031985
1999-09-29,5.234756328225398
1999-09-30,9.153807321014725
1999-10-01,1.8914299106374777
1999-10-02,0.42785327027074727
1999-10-03,3.6173369269724724
1999-10-04,19.27241450217295
1999-10-05,11.092946283528129
1999-10-06,19.540598015507296
1999-10-07,32.33633059299054
1999-10-08,17.71227211173672
1999-10-09,6.894635464788946
1999-10-10,0.0
1999-10-11,0.0
1999-10-12,0.02773318206605613
1999-10-13,6.762582402714688
1999-10-14,3.287798267931675
1999-10-15,0.12623531178395536
1999-10-16,22.829254462044165
1999-10-17,38.92056536571648
1999-10-18,75.50892628910135
1999-10-19,6.810499681793105
1999-10-20,5.954809349583341
1999-10-21,0.7518716696119103
1999-10-22,0.030174223344845277
1999-10-23,0.0
1999-10-24,0.0
1999-10-25,0.0
1999-10-26,0.0
1999-10-27,0.0
1999-10-28,18.339207291574905
1999-10-29,21.691243020385404
1999-10-30,27.56989657427467
1999-10-31,2.1623518955267667
1999-11-01,2.9392236680591135
1999-11-02,1.8335428341944082
1999-11-03,2.1728105769220907
1999-11-04,0.0
1999-11-05,0.0
1999-11-06,0.0
1999-11-07,0.0
1999-11-08,0.0
1999-11-09,0.04367231818517373
1999-11-10,0.01718989624278441
1999-11-11,0.0
1999-11-12,0.0
1999-11-13,0.0
1999-11-14,0.0
1999-11-15,0.0
1999-11-16,0.0
1999-11-17,0.0
1999-11-18,0.0
1999-11-19,0.0
1999-11-20,0.0
1999-11-21,0.308405476228638
1999-11-22,0.10300469767676733
1999-11-23,0.0
1999-11-24,0.014593000340992866
1999-11-25,0.032675093862918274
1999-11-26,0.0
1999-11-27,0.0
1999-11-28,0.0
1999-11-29,0.0
1999-11-30,0.0010623007996672512
1999-12-01,0.0
1999-12-02,0.0
1999-12-03,0.0
1999-12-04,0.0
1999-12-05,0.005378411552255516
1999-12-06,0.0
1999-12-07,0.0
1999-12-08,0.0
1999-12-09,0.05983692708538746
1999-12-10,2.5325266950430976
1999-12-11,1.3394901160832722
1999-12-12,0.06792626804799264
1999-12-13,0.0
1999-12-14,0.1078210208127783
1999-12-15,0.1078210208127783
1999-12-16,0.005224285135590882
1999-12-17,0.0025246689723036663
1999-12-18,0.0
1999-12-19,0.0
1999-12-20,0.0
1999-12-21,0.0
1999-12-22,0.0
1999-12-23,0.3442946993433753
1999-12-24,0.0
1999-12-25,0.0
1999-12-26,0.0
1999-12-27,0.05582865295467955
1999-12-28,0.04195888144919583
1999-12-29,0.0
1999-12-30,0.0
1999-12-31,0.0
2000-01-01,0.0
2000-01-02,0.0
2000-01-03,0.0
2000-01-04,0.0
2000-01-05,0.0
2000-01-06,0.0
2000-01-07,0.0
2000-01-08,0.0
2000-01-09,0.0
2000-01-10,0.0
2000-01-11,0.0
2000-01-12,0.0
2000-01-13,0.08784369892822845
2000-01-14,0.01424457241958786
2000-01-15,0.013824369266541868
2000-01-16,0.0
2000-01-17,0.0
2000-01-18,0.0
2000-01-19,0.0
2000-01-20,0.017518837334343836
2000-01-21,0.0
2000-01-22,0.0
2000-01-23,5.332584029764272
2000-01-24,0.014713490940853783
2000-01-25,0.018600381901120122
2000-01-26,0.0
2000-01-27,0.0
2000-01-28,0.0
2000-01-29,5.745424379491246
2000-01-30,0.07291864337865522
2000-01-31,0.13919748403939372
2000-02-01,0.0
2000-02-02,0.1267925296110229
2000-02-03,0.011149289333711095
2000-02-04,0.0
2000-02-05,8.449106728397112
2000-02-06,8.170653380645673
2000-02-07,1.8757849931257267
2000-02-08,0.0
2000-02-09,0.6988751636559671
2000-02-10,0.0
2000-02-11,0.0
2000-02-12,0.06174220390600056
2000-02-13,0.0
2000-02-14,0.004234080876199534
2000-02-15,0.08237447699414817
2000-02-16,0.0
2000-02-17,0.0
2000-02-18,0.0
2000-02-19,0.0
2000-02-20,0.0
2000-02-21,0.0
2000-02-22,0.0
2000-02-23,0.0
2000-02-24,0.0017393632475228879
2000-02-25,0.055270471068769096
2000-02-26,0.0
2000-02-27,0.0
2000-02-28,0.0
2000-02-29,0.0
2000-03-01,0.0
2000-03-02,14.518526506319937
2000-03-03,4.4611679292457165
2000-03-04,0.7021700228179963
2000-03-05,3.296155562446252
2000-03-06,0.15203634766536078
2000-03-07,0.0
2000-03-08,20.95705222182207
2000-03-09,0.06111645626662901
2000-03-10,0.0
2000-03-11,0.030459785865604938
2000-03-12,16.3806881929805
2000-03-13,27.08495014846762
2000-03-14,23.815789120463407
2000-03-15,0.14875552458740612
2000-03-16,0.0
2000-03-17,0.0
2000-03-18,0.056735990112082586
2000-03-19,1.5901925740725154
2000-03-20,1.099372563632137
2000-03-21,0.0
2000-03-22,0.0
2000-03-23,0.272204151771498
2000-03-24,3.0618992892471546
2000-03-25,0.14126423338868357
2000-03-26,1.197700700887247
2000-03-27,1.4577196930362146
2000-03-28,1.579710359938388
2000-03-29,4.179436513653989
2000-03-30,1.6957296580299834
2000-03-31,1.828330711014544
2000-04-01,0.33456126137999054
2000-04-02,2.4626466073505306
2000-04-03,4.11446923941775
2000-04-04,3.734708810278613
2000-04-05,4.849364649949037
2000-04-06,6.984790051673458
2000-04-07,0.03793548749839004
2000-04-08,2.359095748840554
2000-04-09,4.912992342000335
2000-04-10,8.811945532014576
2000-04-11,21.04423733520783
2000-04-12,0.0
2000-04-13,1.7197385129050213
2000-04-14,8.032071590728263
2000-04-15,0.0
2000-04-16,0.0
2000-04-17,13.653234740150705
2000-04-18,5.353236830989931
2000-04-19,2.9767625656454304
2000-04-20,13.005269287733114
2000-04-21,10.755924851888198
2000-04-22,4.960094941670409
2000-04-23,13.479667362029128
2000-04-24,31.867049724133025
2000-04-25,0.0
2000-04-26,2.599337266306715
2000-04-27,27.09145872757293
2000-04-28,85.03893712610967
2000-04-29,76.69429279507638
2000-04-30,57.93785620151639
2000-05-01,57.73188018370278
2000-05-02,35.682543010388514
2000-05-03,0.47176132123007186
2000-05-04,0.0
2000-05-05,0.279564681975235
2000-05-06,3.8208483408495706
2000-05-07,0.005541650941933815
2000-05-08,0.4734718984299969
2000-05-09,4.883950108229016
2000-05-10,6.952941558401142
2000-05-11,3.6175280402562073
2000-05-12,0.0
2000-05-13,1.0806375001060693
2000-05-14,11.09570392956882
2000-05-15,18.292423253102193
2000-05-16,16.179349061899437
2000-05-17,50.73759850044992
2000-05-18,88.15421691452869
2000-05-19,86.32701575610709
2000-05-20,0.0
2000-05-21,0.2117625920228514
2000-05-22,9.091693745690755
2000-05-23,0.020486586799106542
2000-05-24,5.622740122127986
2000-05-25,54.27164922831416
2000-05-26,112.33764512330771
2000-05-27,107.60415840221525
2000-05-28,27.99940717757822
2000-05-29,10.548495926342438
2000-05-30,17.518603243041156
2000-05-31,9.87798835290558
2000-06-01,13.004611317381883
2000-06-02,9.960334416523537
2000-06-03,4.303326593554564
2000-06-04,35.430428212706126
2000-06-05,42.72052110474063
2000-06-06,6.24977582019484
2000-06-07,7.530339044290294
2000-06-08,17.75494905374277
2000-06-09,23.829732203134327
2000-06-10,29.140261665503036
2000-06-11,7.97102468242136
2000-06-12,33.36952765386521
2000-06-13,14.652349449676183
2000-06-14,23.66250975839322
2000-06-15,14.848062171952238
2000-06-16,10.37182286633727
2000-06-17,7.259295201866576
2000-06-18,25.563525710259768
2000-06-19,24.47068831114344
2000-06-20,29.424319419777703
2000-06-21,36.96108136613961
2000-06-22,28.837372485297895
2000-06-23,72.26918869629051
2000-06-24,60.145950595124106
2000-06-25,1.638652930304997
2000-06-26,8.20188208143434
2000-06-27,9.473223066876988
2000-06-28,20.565379900567518
2000-06-29,6.760940317465768
2000-06-30,11.725178696575421
2000-07-01,8.306396941098221
2000-07-02,2.184867598339707
2000-07-03,0.878167968180705
2000-07-04,14.022792047954082
2000-07-05,23.688585699346188
2000-07-06,7.3139663860915025
2000-07-07,23.98956205135609
2000-07-08,22.81631663380456
2000-07-09,39.216794268602264
2000-07-10,8.91890318400847
2000-07-11,17.4581063932622
2000-07-12,55.32049865107755
2000-07-13,27.657154631761443
2000-07-14,20.113695579458653
2000-07-15,10.112722664456006
2000-07-16,29.29258257049292
2000-07-17,43.228484975769
2000-07-18,38.67718010001423
2000-07-19,1.988807110496134
2000-07-20,13.448570356613052
2000-07-21,26.676967304051363
2000-07-22,10.815011362398948
2000-07-23,6.104993633054604
2000-07-24,6.098291429584823
2000-07-25,6.864137364649394
2000-07-26,5.686548065974417
2000-07-27,8.435873747334092
2000-07-28,3.651795565314816
2000-07-29,0.9319471457998277
2000-07-30,0.13445017565450426
2000-07-31,33.26202542800016
2000-08-01,121.93083809091696
2000-08-02,52.77099355941481
2000-08-03,12.597898474006737
2000-08-04,35.3614052518367
2000-08-05,0.0
2000-08-06,7.546531254277817
2000-08-07,34.109195778177806
2000-08-08,34.71549113434293
2000-08-09,52.76454792270825
2000-08-10,26.377659852993908
2000-08-11,26.558777343732203
2000-08-12,19.121617019940317
2000-08-13,15.071488502476628
2000-08-14,7.324684860613912
2000-08-15,2.866125397024593
2000-08-16,8.497071615081085
2000-08-17,1.3436670883880424
2000-08-18,28.133038595203242
2000-08-19,31.970483083995337
2000-08-20,6.755609739174298
2000-08-21,6.521768764200433
2000-08-22,14.523846081337503
2000-08-23,28.501570673817568
2000-08-24,0.05243726763920173
2000-08-25,7.147850840221173
2000-08-26,20.476627444097563
2000-08-27,17.271180827128493
2000-08-28,22.939424963288676
2000-08-29,23.02598716393184
2000-08-30,11.43604765843692
2000-08-31,28.285454960754542
2000-09-01,18.209338389465106
2000-09-02,35.13339293811193
2000-09-03,40.0572627948645
2000-09-04,40.02811348622352
2000-09-05,2.0568354625777134
2000-09-06,26.70532133765631
2000-09-07,25.83988654294216
2000-09-08,6.488328510090317
2000-09-09,16.732937924411026
2000-09-10,37.480231896414644
2000-09-11,17.217892727767484
2000-09-12,0.6954817353013378
2000-09-13,11.047287853490486
2000-09-14,40.85624271657055
2000-09-15,20.19139605727505
2000-09-16,53.340385765787545
2000-09-17,53.49649211812212
2000-09-18,42.878263773306834
2000-09-19,15.558703556261843
2000-09-20,2.148658273047222
2000-09-21,0.7239522589667543
2000-09-22,1.2139113021358547
2000-09-23,9.9121897931926
2000-09-24,7.77855392634256
2000-09-25,55.692932683525996
2000-09-26,31.265115326535643
2000-09-27,1.0528514597710532
2000-09-28,0.0
2000-09-29,0.7313341793156967
2000-09-30,16.899797950384677
2000-10-01,2.744993421634523
2000-10-02,17.39231952085771
2000-10-03,5.238088501352856
2000-10-04,2.6983484231893735
2000-10-05,1.0919991622353624
2000-10-06,1.3558633421464579
2000-10-07,10.878439125038762
2000-10-08,4.227781199252636
2000-10-09,13.267685173373435
2000-10-10,7.011515872363715
2000-10-11,0.0
2000-10-12,0.0
2000-10-13,0.0
2000-10-14,0.0
2000-10-15,0.0
2000-10-16,2.3623566919541776
2000-10-17,22.041895234558613
2000-10-18,0.0
2000-10-19,0.0
2000-10-20,0.0
2000-10-21,0.0
2000-10-22,0.0
2000-10-23,0.0
2000-10-24,0.0
2000-10-25,0.0
2000-10-26,9.719157200520435
2000-10-27,41.16785970859608
2000-10-28,60.243804688315294
2000-10-29,0.0
2000-10-30,0.0
2000-10-31,0.0
2000-11-01,0.0
2000-11-02,0.0
2000-11-03,0.4667126191199735
2000-11-04,0.06436436498034476
2000-11-05,0.4387736598312029
2000-11-06,0.02955122466094231
2000-11-07,1.3412877625511517
2000-11-08,0.005351443311111967
2000-11-09,0.016090787829456398
2000-11-10,0.02396466749786612
2000-11-11,0.0
2000-11-12,0.0
2000-11-13,0.0
2000-11-14,0.0
2000-11-15,0.0
2000-11-16,0.0
2000-11-17,0.0
2000-11-18,0.0
2000-11-19,0.0
2000-11-20,0.8957204083193318
2000-11-21,0.001223823870008228
2000-11-22,0.0
2000-11-23,0.0
2000-11-24,0.0
2000-11-25,0.0
2000-11-26,0.0
2000-11-27,0.0
2000-11-28,6.836842578950471
2000-11-29,0.22658362690251893
2000-11-30,0.48373062008884793
2000-12-01,0.052183501181132415
2000-12-02,0.0
2000-12-03,0.1941314744480044
2000-12-04,0.4735416987992488
2000-12-05,0.5337230372905232
2000-12-06,0.0
2000-12-07,0.0
2000-12-08,0.0
2000-12-09,0.09314830138662279
2000-12-10,0.14302698858133417
2000-12-11,0.8755488687702401
2000-12-12,0.09817207403172266
2000-12-13,0.0
2000-12-14,0.7679978389007341
2000-12-15,0.7679978389007341
2000-12-16,0.0
2000-12-17,0.0
2000-12-18,0.0
2000-12-19,0.0712963749455781
2000-12-20,0.4961294535335147
2000-12-21,0.0
2000-12-22,0.0
2000-12-23,0.0
2000-12-24,0.0
2000-12-25,0.0
2000-12-26,0.0
2000-12-27,0.0
2000-12-28,0.0
2000-12-29,1.7552306512330849
2000-12-30,1.6094304015779048
2000-12-31,1.6158020373925224
2001-01-01,0.0
2001-01-02,0.0
2001-01-03,0.3522780790360551
2001-01-04,0.005277078446651776
2001-01-05,0.005277078446651776
2001-01-06,0.0
2001-01-07,0.11380562715897179
2001-01-08,0.0
2001-01-09,1.4442477059134506
2001-01-10,1.0576195331206253
2001-01-11,0.0
2001-01-12,0.0
2001-01-13,0.0
2001-01-14,0.7853699452060616
2001-01-15,0.7853699452060616
2001-01-16,0.0
2001-01-17,0.0
2001-01-18,0.0
2001-01-19,0.0
2001-01-20,0.0
2001-01-21,0.0
2001-01-22,0.0893834095595263
2001-01-23,0.5379802116821368
2001-01-24,0.1360738094532087
2001-01-25,0.1360738094532087
2001-01-26,0.0
2001-01-27,0.0
2001-01-28,0.0
2001-01-29,0.0
2001-01-30,0.21866564519922269
2001-01-31,0.21866564519922269
2001-02-01,0.0
2001-02-02,0.0
2001-02-03,0.0
2001-02-04,0.0
2001-02-05,6.274592906300637E-4
2001-02-06,0.0
2001-02-07,0.0
2001-02-08,0.0
2001-02-09,0.0
2001-02-10,0.0
2001-02-11,0.0
2001-02-12,0.0
2001-02-13,0.0
2001-02-14,0.0
2001-02-15,0.0
2001-02-16,0.0
2001-02-17,0.0
2001-02-18,0.0
2001-02-19,0.18724899085803592
2001-02-20,0.0
2001-02-21,0.19143335906241785
2001-02-22,0.007862903913644909
2001-02-23,0.212680747467781
2001-02-24,0.4082728586296455
2001-02-25,7.0104797476085325
2001-02-26,53.12603240790141
2001-02-27,0.04034180181319024
2001-02-28,3.768401165473958
2001-03-01,0.03331980471739364
2001-03-02,0.0
2001-03-03,0.0
2001-03-04,0.0
2001-03-05,0.0
2001-03-06,0.0
2001-03-07,0.0
2001-03-08,0.0
2001-03-09,0.0
2001-03-10,0.0
2001-03-11,0.0
2001-03-12,0.0
2001-03-13,0.0
2001-03-14,0.0
2001-03-15,0.0
2001-03-16,0.0
2001-03-17,0.0
2001-03-18,0.0
2001-03-19,0.0
2001-03-20,0.0
2001-03-21,0.0
2001-03-22,13.539408263512826
2001-03-23,0.5999684318157856
2001-03-24,0.5675709110187075
2001-03-25,0.0
2001-03-26,0.03208951220753829
2001-03-27,0.9802510707205774
2001-03-28,1.5820986502995626
2001-03-29,23.62845603210052
2001-03-30,23.749711108867913
2001-03-31,0.20410047670542816
2001-04-01,8.001572658934876
2001-04-02,0.0
2001-04-03,0.3450287648412401
2001-04-04,0.9125863702715491
2001-04-05,0.0
2001-04-06,0.0
2001-04-07,0.009026955374187446
2001-04-08,9.3832781714254
2001-04-09,1.3867057305272499
2001-04-10,2.593268519020359
2001-04-11,7.386330523838954
2001-04-12,14.992584892856664
2001-04-13,19.765969877772804
2001-04-14,0.10417778173063537
2001-04-15,0.0
2001-04-16,0.0
2001-04-17,7.795500238576176
2001-04-18,0.0
2001-04-19,0.0545769159908922
2001-04-20,0.0
2001-04-21,0.0
2001-04-22,0.0
2001-04-23,0.0
2001-04-24,0.0
2001-04-25,0.0
2001-04-26,23.304368653416176
2001-04-27,25.17048371633951
2001-04-28,14.067807748948784
2001-04-29,35.2937410011877
2001-04-30,21.289464850994726
2001-05-01,0.0
2001-05-02,19.692805069387973
2001-05-03,0.03365616455032677
2001-05-04,0.5898991391744052
2001-05-05,7.281361783324707
2001-05-06,8.336490170601277
2001-05-07,59.393328873242126
2001-05-08,32.00959492454067
2001-05-09,32.18801845851681
2001-05-10,62.85938658583448
2001-05-11,6.648080072196153
2001-05-12,2.686997906506084
2001-05-13,0.0
2001-05-14,0.0
2001-05-15,0.1358774931560675
2001-05-16,6.5453101901626365
2001-05-17,2.4045275389241554
2001-05-18,23.351328114828487
2001-05-19,12.007470409089434
2001-05-20,14.716861545549706
2001-05-21,5.8980184121070165
2001-05-22,12.621388980994414
2001-05-23,49.64854818279395
2001-05-24,0.0
2001-05-25,5.040109669821364
2001-05-26,0.09971651971143812
2001-05-27,0.8871776780978051
2001-05-28,2.9201958142693076
2001-05-29,51.51203146111683
2001-05-30,32.247623906289796
2001-05-31,44.53812635164434
2001-06-01,7.3106333498761575
2001-06-02,8.316514254668954
2001-06-03,62.31854998626327
2001-06-04,77.71762107183879
2001-06-05,84.11569017138551
2001-06-06,39.27378374618983
2001-06-07,15.03832079495439
2001-06-08,10.481118179049012
2001-06-09,8.289768531054975
2001-06-10,7.280149878838136
2001-06-11,26.18757483988661
2001-06-12,23.111322315227714
2001-06-13,8.332963778297767
2001-06-14,9.051203022667206
2001-06-15,0.5851769894225661
2001-06-16,35.97647008116896
2001-06-17,27.652989613056715
2001-06-18,7.6780444011781865
2001-06-19,0.6969389573296195
2001-06-20,2.339176421050766
2001-06-21,10.147414648298676
2001-06-22,16.846941477080026
2001-06-23,43.51543730602163
2001-06-24,39.12158743245502
2001-06-25,12.343867076033703
2001-06-26,31.561595341761304
2001-06-27,2.8340235377620213
2001-06-28,34.50051107308796
2001-06-29,35.99227026175174
2001-06-30,5.761321494851824
2001-07-01,26.253916275869233
2001-07-02,1.1363566834391226
2001-07-03,12.499845245274912
2001-07-04,18.767731037926655
2001-07-05,41.385899540472785
2001-07-06,14.848449826436559
2001-07-07,14.103163088245482
2001-07-08,11.01885374962756
2001-07-09,23.031971184345043
2001-07-10,4.808978538333624
2001-07-11,1.5720408675499544
2001-07-12,0.15975344961948823
2001-07-13,0.06025307296644616
2001-07-14,15.217945417053114
2001-07-15,25.243076349207488
2001-07-16,11.788119200055593
2001-07-17,15.369008605888832
2001-07-18,14.127535932357679
2001-07-19,7.669898320988118
2001-07-20,4.240533251918872
2001-07-21,9.713733619061712
2001-07-22,6.256282746505607
2001-07-23,12.706638407172312
2001-07-24,7.870684603127658
2001-07-25,0.43659055079905007
2001-07-26,0.7356583931681588
2001-07-27,8.1453719442469
2001-07-28,23.72584560902258
2001-07-29,60.24089254541795
2001-07-30,49.20332620583787
2001-07-31,61.00016613679445
2001-08-01,21.631616377907427
2001-08-02,10.22611858051104
2001-08-03,0.6916858657746677
2001-08-04,20.883230140110477
2001-08-05,44.351871035312946
2001-08-06,26.749607926213532
2001-08-07,15.175382700527255
2001-08-08,15.212525296845056
2001-08-09,12.00083928634995
2001-08-10,10.10412283754517
2001-08-11,4.069997413234713
2001-08-12,12.133614326404683
2001-08-13,18.214142655312443
2001-08-14,20.599655591829173
2001-08-15,0.7942337402134394
2001-08-16,7.705349648009361
2001-08-17,21.57924627884984
2001-08-18,10.814004226810601
2001-08-19,22.95114242740877
2001-08-20,24.924918448498662
2001-08-21,23.651419147219837
2001-08-22,5.353092994398381
2001-08-23,2.3314351853483637
2001-08-24,16.35986526465246
2001-08-25,38.56779622290534
2001-08-26,27.4217931394043
2001-08-27,22.62708419482534
2001-08-28,3.1454328723911007
2001-08-29,10.96817649912074
2001-08-30,12.299059471847308
2001-08-31,21.187693239981087
2001-09-01,19.612997902258602
2001-09-02,8.487984150570483
2001-09-03,3.370720477295239
2001-09-04,4.0729809503386125
2001-09-05,24.041814810534834
2001-09-06,25.296903270005448
2001-09-07,3.69627242829893
2001-09-08,3.4410354272981207
2001-09-09,14.011885428132427
2001-09-10,14.02575938061058
2001-09-11,34.41633208965747
2001-09-12,22.07636369558691
2001-09-13,16.87129098574936
2001-09-14,5.1575262254072305
2001-09-15,3.1260768831935457
2001-09-16,48.67617122802199
2001-09-17,39.90367297995606
2001-09-18,24.554958405631243
2001-09-19,81.46061803775315
2001-09-20,34.15186947292559
2001-09-21,0.014682653717893379
2001-09-22,8.485288669303621
2001-09-23,9.183749855156032
2001-09-24,2.697737353693012
2001-09-25,3.8493808747842446
2001-09-26,4.256378636817267
2001-09-27,13.974118879122635
2001-09-28,3.1840346562455237
2001-09-29,6.677529533933204
2001-09-30,20.518503654306237
2001-10-01,6.166630184040022
2001-10-02,27.77701686700145
2001-10-03,54.69410869815281
2001-10-04,7.028508116182813
2001-10-05,35.91192205886356
2001-10-06,37.34126274056578
2001-10-07,37.3841196916456
2001-10-08,19.443191787251692
2001-10-09,42.3643681957684
2001-10-10,21.39065346578968
2001-10-11,0.5888562268518894
2001-10-12,0.1151432324692912
2001-10-13,10.718640235429527
2001-10-14,20.449557636819033
2001-10-15,0.06716896777849597
2001-10-16,0.004508920219449279
2001-10-17,6.88157712986298
2001-10-18,3.774095014523179
2001-10-19,0.0
2001-10-20,0.0
2001-10-21,0.0
2001-10-22,0.0
2001-10-23,0.0
2001-10-24,0.0
2001-10-25,0.0
2001-10-26,0.0
2001-10-27,4.336267943382311
2001-10-28,0.7396997034174483
2001-10-29,0.09918806897436165
2001-10-30,0.0
2001-10-31,0.0
2001-11-01,1.6474672904640277
2001-11-02,0.0
2001-11-03,0.0
2001-11-04,0.08156111777278499
2001-11-05,0.0
2001-11-06,0.05987403313778741
2001-11-07,4.485168388505241
2001-11-08,0.08707677091879819
2001-11-09,0.0
2001-11-10,6.8630494151315675
2001-11-11,2.920703090687492
2001-11-12,0.7687745926556914
2001-11-13,0.0
2001-11-14,0.0
2001-11-15,0.0
2001-11-16,0.0
2001-11-17,0.0
2001-11-18,0.0
2001-11-19,1.1593765740293613
2001-11-20,0.0
2001-11-21,0.0
2001-11-22,0.0
2001-11-23,0.14734657056881464
2001-11-24,0.0
2001-11-25,0.0
2001-11-26,0.0
2001-11-27,0.0
2001-11-28,0.0
2001-11-29,0.0
2001-11-30,0.0
2001-12-01,0.0
2001-12-02,0.0
2001-12-03,0.0
2001-12-04,0.3099930210629255
2001-12-05,0.02285042636078781
2001-12-06,0.0
2001-12-07,0.007820507767919323
2001-12-08,0.004656795353120351
2001-12-09,0.03860853240902127
2001-12-10,0.2744485653778073
2001-12-11,0.0
2001-12-12,0.0
2001-12-13,0.0
2001-12-14,0.0
2001-12-15,0.0
2001-12-16,0.0
2001-12-17,0.0
2001-12-18,0.0
2001-12-19,0.0
2001-12-20,0.37934126729165657
2001-12-21,2.565061988537886
2001-12-22,0.009162334900546049
2001-12-23,0.0
2001-12-24,0.42730756294304617
2001-12-25,0.4344204691948674
2001-12-26,0.0
2001-12-27,0.0
2001-12-28,0.016818484299256593
2001-12-29,0.0
2001-12-30,0.0368214078744054
2001-12-31,0.024482443058295972
2002-01-01,0.0
2002-01-02,0.0
2002-01-03,0.0
2002-01-04,0.0
2002-01-05,0.0
2002-01-06,0.0
2002-01-07,0.12411032350060573
2002-01-08,0.9581718571289596
2002-01-09,0.5039597814662863
2002-01-10,1.0698790601085961
2002-01-11,0.0
2002-01-12,0.0
2002-01-13,0.0
2002-01-14,0.0
2002-01-15,0.0
2002-01-16,0.0
2002-01-17,0.0
2002-01-18,0.0
2002-01-19,0.07209172139413346
2002-01-20,0.10546448348865049
2002-01-21,0.0
2002-01-22,0.0
2002-01-23,6.481063204060148
2002-01-24,0.001398694341421866
2002-01-25,0.0
2002-01-26,0.0
2002-01-27,0.0
2002-01-28,0.02120590438547181
2002-01-29,0.0
2002-01-30,0.022635711491312965
2002-01-31,0.002334925865641117
2002-02-01,0.4764125576834061
2002-02-02,0.0
2002-02-03,0.26404416419326093
2002-02-04,1.5566102337297618
2002-02-05,1.5584635466411916
2002-02-06,0.0
2002-02-07,0.0
2002-02-08,0.0
2002-02-09,0.0
2002-02-10,0.622148545948561
2002-02-11,0.0
2002-02-12,0.13504706222562074
2002-02-13,0.04131263212473361
2002-02-14,0.3496349275982051
2002-02-15,0.12321144621017685
2002-02-16,0.0
2002-02-17,0.0
2002-02-18,0.0
2002-02-19,0.5805264568706441
2002-02-20,0.0
2002-02-21,0.0
2002-02-22,0.010550950616030147
2002-02-23,0.8217423227237103
2002-02-24,1.438528347497696
2002-02-25,5.203376892616821
2002-02-26,0.006127314412124301
2002-02-27,0.0
2002-02-28,0.0
2002-03-01,0.0
2002-03-02,0.0
2002-03-03,11.75418148335433
2002-03-04,0.12388389881663225
2002-03-05,0.0
2002-03-06,0.0
2002-03-07,0.0
2002-03-08,0.0
2002-03-09,0.0
2002-03-10,0.18696303101505296
2002-03-11,0.08809010798917064
2002-03-12,0.0
2002-03-13,0.0
2002-03-14,0.0
2002-03-15,0.0020621575100586396
2002-03-16,0.06828145780722275
2002-03-17,0.0
2002-03-18,0.5671786162233016
2002-03-19,0.0
2002-03-20,0.0
2002-03-21,0.0
2002-03-22,15.01226004083242
2002-03-23,20.292400063626793
2002-03-24,21.76347786399465
2002-03-25,6.73619477834501
2002-03-26,61.188907263526474
2002-03-27,9.64328503737585
2002-03-28,0.12122719986058947
2002-03-29,5.97189810978088
2002-03-30,8.135117388412774E-4
2002-03-31,0.009634539991699173
2002-04-01,57.04987456480721
2002-04-02,15.213944189962785
2002-04-03,0.9503860747546953
2002-04-04,0.0
2002-04-05,0.0
2002-04-06,1.8801116867196113
2002-04-07,7.575030594746485
2002-04-08,39.33861755791978
2002-04-09,2.0869318982433693
2002-04-10,19.318736330904844
2002-04-11,1.6956327372782205
2002-04-12,0.11650952987269203
2002-04-13,0.7446362851459383
2002-04-14,1.1841583581663324
2002-04-15,41.64883926511231
2002-04-16,20.531403064488224
2002-04-17,32.780128081614585
2002-04-18,12.525027613274595
2002-04-19,12.650794833523964
2002-04-20,13.610380013697094
2002-04-21,19.879060047822914
2002-04-22,36.43086182620414
2002-04-23,0.0
2002-04-24,6.661318617128406
2002-04-25,0.0
2002-04-26,43.25014949444816
2002-04-27,0.0
2002-04-28,15.838643501063753
2002-04-29,33.4357261893908
2002-04-30,28.21755481114603
2002-05-01,24.318289889540484
2002-05-02,66.49757657385302
2002-05-03,0.8890016809791693
2002-05-04,4.517959094057997
2002-05-05,10.271977137501297
2002-05-06,2.965095287448422
2002-05-07,0.0
2002-05-08,0.0
2002-05-09,0.0
2002-05-10,0.04106705914835855
2002-05-11,5.348112147985448
2002-05-12,28.337644755474557
2002-05-13,0.3302305448897439
2002-05-14,46.17197181910469
2002-05-15,0.0
2002-05-16,0.6433644025925055
2002-05-17,7.33820634471504
2002-05-18,1.8812069954224784
2002-05-19,63.15897559409022
2002-05-20,75.4150747827281
2002-05-21,99.25335400486959
2002-05-22,29.184619892737356
2002-05-23,29.238929950527233
2002-05-24,1.2464700288796104
2002-05-25,11.524520887116724
2002-05-26,76.61864456460313
2002-05-27,0.0
2002-05-28,0.0
2002-05-29,0.1417202988923473
2002-05-30,1.556318222259941
2002-05-31,28.8641856745664
2002-06-01,4.952104763329484
2002-06-02,2.0817189658908797
2002-06-03,33.65805998146056
2002-06-04,41.40826525835275
2002-06-05,0.2549655736971053
2002-06-06,28.58534548726109
2002-06-07,34.80497398717141
2002-06-08,3.22875458654657
2002-06-09,13.896962520757066
2002-06-10,43.717441333603404
2002-06-11,8.98317735720826
2002-06-12,3.3190466281439326
2002-06-13,61.50309723311397
2002-06-14,71.5578141699876
2002-06-15,42.53989378960526
2002-06-16,26.306605244734506
2002-06-17,24.347330382243108
2002-06-18,30.5714681098074
2002-06-19,27.447709913792192
2002-06-20,6.677499942766347
2002-06-21,5.030204090503629
2002-06-22,23.304108285786597
2002-06-23,5.266699243080175
2002-06-24,13.532937074756619
2002-06-25,4.702290667435722
2002-06-26,2.660293735525628
2002-06-27,8.14170128623743
2002-06-28,14.542286077040979
2002-06-29,36.75158697633508
2002-06-30,61.44625705253176
2002-07-01,19.961659433205057
2002-07-02,24.274189295427767
2002-07-03,1.8021389627736386
2002-07-04,12.496506340528498
2002-07-05,15.959803594189887
2002-07-06,7.614183798945303
2002-07-07,26.439677295480806
2002-07-08,23.454902730535274
2002-07-09,22.523643025780284
2002-07-10,5.901558773463594
2002-07-11,1.492220690975733
2002-07-12,40.76993462030308
2002-07-13,16.573740150675906
2002-07-14,8.831126176477708
2002-07-15,17.47128499483513
2002-07-16,24.092276828821262
2002-07-17,8.44594259722867
2002-07-18,1.4815904219278389
2002-07-19,27.700927184147307
2002-07-20,39.475190297425115
2002-07-21,67.99322033169472
2002-07-22,55.82873271632203
2002-07-23,41.6641661691071
2002-07-24,17.193341838647004
2002-07-25,22.646571819916222
2002-07-26,2.127391703605433
2002-07-27,18.692891527693018
2002-07-28,15.513683194830959
2002-07-29,26.816005539279242
2002-07-30,45.45510407834834
2002-07-31,14.272268062185583
2002-08-01,16.009142697640954
2002-08-02,31.50806745566948
2002-08-03,25.41822546539817
2002-08-04,25.902513851091815
2002-08-05,11.875538403436414
2002-08-06,20.870945133287243
2002-08-07,9.991414236348596
2002-08-08,10.088895600670195
2002-08-09,31.23414596627741
2002-08-10,34.25994594338764
2002-08-11,44.740927065698564
2002-08-12,39.76428055501904
2002-08-13,23.861687904605784
2002-08-14,24.971220996947974
2002-08-15,21.687266629568665
2002-08-16,17.77330445567193
2002-08-17,0.24977321562490284
2002-08-18,2.6636202443424093
2002-08-19,5.719653389618061
2002-08-20,7.933180244767196
2002-08-21,0.47116246430528513
2002-08-22,12.872989437530352
2002-08-23,21.95648362509989
2002-08-24,7.8020441564440555
2002-08-25,6.174607803119493
2002-08-26,13.34001228231222
2002-08-27,15.735031861861742
2002-08-28,15.655258040271756
2002-08-29,28.82032745760687
2002-08-30,33.901210778651425
2002-08-31,4.104617888516311
2002-09-01,2.630796415414004
2002-09-02,0.24299725313051374
2002-09-03,5.836996365690277
2002-09-04,17.946813103447596
2002-09-05,0.803512056314029
2002-09-06,13.08487304219851
2002-09-07,1.6992248855802172
2002-09-08,5.628550839909715
2002-09-09,4.818885478364715
2002-09-10,2.0556470991792453
2002-09-11,0.9648178576303782
2002-09-12,0.0
2002-09-13,0.0
2002-09-14,11.986376893115526
2002-09-15,15.18218121471097
2002-09-16,10.864164730386493
2002-09-17,0.005547735470470789
2002-09-18,0.0
2002-09-19,2.5104519139838932
2002-09-20,15.754817960390728
2002-09-21,14.913382937730713
2002-09-22,35.85582095905557
2002-09-23,27.329577568788345
2002-09-24,23.449279788550303
2002-09-25,24.999957648081278
2002-09-26,3.4553333859285593
2002-09-27,31.909378414204625
2002-09-28,34.969779852187216
2002-09-29,56.983180462975795
2002-09-30,50.49736770222834
2002-10-01,28.942998582643014
2002-10-02,18.46344522591617
2002-10-03,16.515355718247925
2002-10-04,1.6542326097436222
2002-10-05,0.38673644169370713
2002-10-06,0.35018451645948095
2002-10-07,1.4708289375509607
2002-10-08,0.5614514698187316
2002-10-09,0.5694725296697674
2002-10-10,0.0
2002-10-11,0.0
2002-10-12,0.0
2002-10-13,0.6519762537782209
2002-10-14,2.437889112874999
2002-10-15,1.3864637445009844
2002-10-16,0.0
2002-10-17,0.0
2002-10-18,0.6963926955175379
2002-10-19,0.329932706340526
2002-10-20,0.003421261305767989
2002-10-21,0.0
2002-10-22,0.0
2002-10-23,0.0
2002-10-24,0.0
2002-10-25,0.0
2002-10-26,0.0
2002-10-27,0.0
2002-10-28,0.0
2002-10-29,0.0
2002-10-30,0.0
2002-10-31,0.0
2002-11-01,0.0
2002-11-02,0.0
2002-11-03,0.0
2002-11-04,0.0035096946712091484
2002-11-05,0.0
2002-11-06,0.0
2002-11-07,1.407746049098963
2002-11-08,0.0
2002-11-09,0.0
2002-11-10,0.39165071315133465
2002-11-11,2.588313960625823
2002-11-12,44.50025821559316
2002-11-13,0.0
2002-11-14,0.0
2002-11-15,0.0
2002-11-16,0.0
2002-11-17,0.0
2002-11-18,0.0
2002-11-19,0.0
2002-11-20,0.0
2002-11-21,0.0
2002-11-22,0.0
2002-11-23,0.0
2002-11-24,0.0
2002-11-25,0.0
2002-11-26,0.0
2002-11-27,0.0
2002-11-28,0.0
2002-11-29,0.0
2002-11-30,0.0
2002-12-01,0.3854547138716494
2002-12-02,0.23829809672498764
2002-12-03,0.0
2002-12-04,0.0
2002-12-05,0.13654758617063842
2002-12-06,8.052022608371203E-4
2002-12-07,0.0
2002-12-08,0.0
2002-12-09,0.009086287195956862
2002-12-10,0.0
2002-12-11,0.0
2002-12-12,0.0
2002-12-13,0.0
2002-12-14,0.0
2002-12-15,0.0
2002-12-16,0.0
2002-12-17,0.01256882660827155
2002-12-18,0.31123955373479134
2002-12-19,0.002281628353609553
2002-12-20,1.8982805299234904
2002-12-21,0.0
2002-12-22,0.14192869704469455
2002-12-23,0.0
2002-12-24,0.0
2002-12-25,1.0690050091002647
2002-12-26,0.0
2002-12-27,0.0
2002-12-28,0.019580632092838956
2002-12-29,0.0
2002-12-30,0.0
2002-12-31,0.0
2003-01-01,0.0
2003-01-02,0.0
2003-01-03,0.0
2003-01-04,0.0
2003-01-05,0.0
2003-01-06,0.0
2003-01-07,0.0
2003-01-08,0.0
2003-01-09,0.0
2003-01-10,0.0
2003-01-11,0.2075897716421421
2003-01-12,0.7302997885353295
2003-01-13,7.267467405314085
2003-01-14,0.6766449198441419
2003-01-15,0.0
2003-01-16,0.0
2003-01-17,0.0
2003-01-18,0.0
2003-01-19,0.0
2003-01-20,0.0
2003-01-21,0.0
2003-01-22,0.0
2003-01-23,0.0
2003-01-24,0.0
2003-01-25,0.0
2003-01-26,0.0
2003-01-27,0.0
2003-01-28,0.0
2003-01-29,0.023077238046854572
2003-01-30,0.024948279029817295
2003-01-31,0.0
2003-02-01,0.0
2003-02-02,0.0
2003-02-03,0.0
2003-02-04,0.0
2003-02-05,1.3949131694624193
2003-02-06,0.4203747757242766
2003-02-07,0.0
2003-02-08,0.0
2003-02-09,1.4062908255313988
2003-02-10,0.21094427549801686
2003-02-11,12.431427032305532
2003-02-12,3.4009346282850834
2003-02-13,0.29876019169240825
2003-02-14,0.03375458608706499
2003-02-15,0.0
2003-02-16,0.0
2003-02-17,0.0
2003-02-18,0.0
2003-02-19,2.2554150908667103
2003-02-20,0.0
2003-02-21,0.0
2003-02-22,0.0
2003-02-23,0.0
2003-02-24,0.0
2003-02-25,0.0
2003-02-26,0.38845246106756653
2003-02-27,0.0016163019648546577
2003-02-28,0.0
2003-03-01,0.0
2003-03-02,0.0
2003-03-03,0.0
2003-03-04,0.0
2003-03-05,0.0
2003-03-06,0.0
2003-03-07,0.0
2003-03-08,0.0
2003-03-09,0.0
2003-03-10,0.0
2003-03-11,9.718384119825284
2003-03-12,41.70328670932646
2003-03-13,5.027395532286635
2003-03-14,7.218801707773241
2003-03-15,0.0
2003-03-16,24.13111732345495
2003-03-17,1.6452488897168605
2003-03-18,0.46928697980698686
2003-03-19,0.0
2003-03-20,0.0
2003-03-21,11.440486818257453
2003-03-22,0.0
2003-03-23,0.0
2003-03-24,0.0
2003-03-25,0.39361194761012397
2003-03-26,5.484387692732125
2003-03-27,4.778547427915136
2003-03-28,0.30066967736189115
2003-03-29,2.4766254250746154
2003-03-30,19.43977536006443
2003-03-31,0.0
2003-04-01,0.0
2003-04-02,7.3075685114189195
2003-04-03,4.077999569841024
2003-04-04,2.9164575374485686
2003-04-05,0.0
2003-04-06,0.0
2003-04-07,0.30391256582849946
2003-04-08,0.0
2003-04-09,0.0
2003-04-10,3.3829478169864418
2003-04-11,12.438002276337286
2003-04-12,16.722665414718758
2003-04-13,31.25372609681336
2003-04-14,31.03370631663219
2003-04-15,0.9456158874733234
2003-04-16,19.453941567945563
2003-04-17,14.62856399366185
2003-04-18,6.3831723278402075
2003-04-19,20.70108672442609
2003-04-20,23.34294064633849
2003-04-21,24.907341546347848
2003-04-22,23.18618264521344
2003-04-23,0.0
2003-04-24,4.048641208801335
2003-04-25,1.9013665322318691
2003-04-26,18.742920228438408
2003-04-27,19.974046778113635
2003-04-28,24.276655024572943
2003-04-29,19.16620155770605
2003-04-30,4.177786301683732
2003-05-01,2.6616264738825
2003-05-02,0.6326882424343859
2003-05-03,15.247880937609875
2003-05-04,86.35588290010277
2003-05-05,1.0014627004011907
2003-05-06,26.92240356988398
2003-05-07,0.860934989411168
2003-05-08,9.31237185254769
2003-05-09,0.15991643251634674
2003-05-10,0.0
2003-05-11,0.38816051689702497
2003-05-12,0.2614046293895326
2003-05-13,1.7339124734779614
2003-05-14,0.1122212204349297
2003-05-15,1.2549397756125404
2003-05-16,0.05184739032459784
2003-05-17,0.42916194310798667
2003-05-18,0.0
2003-05-19,1.4719381343419797
2003-05-20,8.891993657235785
2003-05-21,0.2912991750397882
2003-05-22,27.01079644385377
2003-05-23,2.9316515515166843
2003-05-24,8.633523136418232
2003-05-25,30.504315240670056
2003-05-26,36.15343110675933
2003-05-27,43.26403248591392
2003-05-28,8.699152718386157
2003-05-29,9.157283786861317
2003-05-30,0.0
2003-05-31,0.7655797594802874
2003-06-01,2.223496603300492
2003-06-02,4.0074451269283315
2003-06-03,33.715435918434046
2003-06-04,12.710718742075125
2003-06-05,40.862445174018056
2003-06-06,23.089891566462573
2003-06-07,123.90959616142372
2003-06-08,5.503944509156964
2003-06-09,39.84587941580623
2003-06-10,40.073345619282186
2003-06-11,80.13847182860447
2003-06-12,16.873426907680486
2003-06-13,37.014033968921595
2003-06-14,6.143393222587782
2003-06-15,4.714142855467892
2003-06-16,0.7916125793487728
2003-06-17,55.264605936344054
2003-06-18,23.351217082066807
2003-06-19,20.20107250555048
2003-06-20,23.263435022705114
2003-06-21,15.867991196599332
2003-06-22,52.98221771946825
2003-06-23,11.868429780234939
2003-06-24,4.858156285545537
2003-06-25,21.98527887363344
2003-06-26,41.182276343316325
2003-06-27,52.55370139398275
2003-06-28,68.25419907820446
2003-06-29,38.62082053016782
2003-06-30,35.47783903308488
2003-07-01,2.3489775370800574
2003-07-02,0.0
2003-07-03,5.3634330035822195
2003-07-04,1.3909178223952512
2003-07-05,35.03055690143942
2003-07-06,19.58299761433749
2003-07-07,10.827112077868293
2003-07-08,23.120927013305806
2003-07-09,16.239401532239953
2003-07-10,16.283560904579193
2003-07-11,44.886661759987426
2003-07-12,21.445220679631216
2003-07-13,20.02247573738717
2003-07-14,9.52138110723782
2003-07-15,12.32326782515385
2003-07-16,10.991819568599864
2003-07-17,11.330783535245187
2003-07-18,1.1843313018409374
2003-07-19,14.175619894790378
2003-07-20,35.416606678153165
2003-07-21,9.100587407154318
2003-07-22,4.998839630257292
2003-07-23,2.386015870348799
2003-07-24,28.03237123758477
2003-07-25,1.3131984061412214
2003-07-26,31.376812913881896
2003-07-27,41.677004319127555
2003-07-28,2.9156988651028364
2003-07-29,24.094299874774187
2003-07-30,29.402904348379803
2003-07-31,1.9675427357098512
2003-08-01,4.081653460012736
2003-08-02,0.0
2003-08-03,9.929992777550883
2003-08-04,18.976934850757253
2003-08-05,23.324269434547322
2003-08-06,29.17857542984863
2003-08-07,18.244593960197555
2003-08-08,33.123619498738094
2003-08-09,16.2887159082856
2003-08-10,3.4911619019656874
2003-08-11,0.0
2003-08-12,1.6861462282606163
2003-08-13,9.859168272686098
2003-08-14,6.285271239726917
2003-08-15,4.277599282015215
2003-08-16,14.59295996629613
2003-08-17,19.651316137300416
2003-08-18,12.74242567657318
2003-08-19,31.413444488208043
2003-08-20,15.883108176967472
2003-08-21,22.205806938356183
2003-08-22,51.6988754337227
2003-08-23,9.608800796010046
2003-08-24,6.631296909627106
2003-08-25,1.171276885464779
2003-08-26,43.48096786091444
2003-08-27,20.671922779644017
2003-08-28,0.0
2003-08-29,0.10484148879733152
2003-08-30,0.1561330045608244
2003-08-31,19.196330510209616
2003-09-01,2.899554469582159
2003-09-02,4.880279109760091
2003-09-03,4.085491203289471
2003-09-04,24.4511548215259
2003-09-05,43.774491978566715
2003-09-06,14.824759092431343
2003-09-07,8.646091276738915
2003-09-08,4.135882208136318
2003-09-09,10.854479331170822
2003-09-10,17.367499909248934
2003-09-11,34.904327708123745
2003-09-12,37.65593511171474
2003-09-13,24.563064798571276
2003-09-14,16.728804772029857
2003-09-15,11.913538470057665
2003-09-16,17.688039360496173
2003-09-17,16.050599610189167
2003-09-18,7.34192773127361
2003-09-19,9.652467248309755
2003-09-20,19.25698564946541
2003-09-21,6.038391255432835
2003-09-22,3.752991846958667
2003-09-23,3.752040955252933
2003-09-24,30.54427109800068
2003-09-25,6.3948251246009615
2003-09-26,8.424435681392609
2003-09-27,11.720640659031082
2003-09-28,17.012185401643944
2003-09-29,7.977872190394631
2003-09-30,0.049406007738284914
2003-10-01,10.813965630582176
2003-10-02,24.219871620850586
2003-10-03,1.9266522962202728
2003-10-04,6.599333396607563
2003-10-05,6.672170429768686
2003-10-06,6.697203256261675
2003-10-07,17.78299626401351
2003-10-08,8.300715520468716
2003-10-09,57.03491684656602
2003-10-10,48.794034206015276
2003-10-11,0.0
2003-10-12,0.0
2003-10-13,0.0
2003-10-14,9.75511310284737
2003-10-15,12.184664801055314
2003-10-16,0.8248088472862583
2003-10-17,0.8598138414544626
2003-10-18,14.450106478501848
2003-10-19,0.3173872240524148
2003-10-20,2.923056069829423
2003-10-21,0.8173224276792445
2003-10-22,0.8193249469120032
2003-10-23,0.0
2003-10-24,0.0
2003-10-25,13.85833257836101
2003-10-26,44.44325187975941
2003-10-27,4.812241149725208
2003-10-28,0.17611135940356837
2003-10-29,0.0
2003-10-30,0.0
2003-10-31,0.0
2003-11-01,7.048413960619009
2003-11-02,0.46615416638937796
2003-11-03,0.666368917975051
2003-11-04,0.5344485056117828
2003-11-05,0.5344485056117828
2003-11-06,0.18550562603306112
2003-11-07,0.10660609716253228
2003-11-08,0.0
2003-11-09,0.0214901309022062
2003-11-10,0.11264432670418342
2003-11-11,0.02949828536961244
2003-11-12,0.0
2003-11-13,0.0
2003-11-14,0.0
2003-11-15,0.0
2003-11-16,0.0
2003-11-17,0.0
2003-11-18,0.0
2003-11-19,0.40437935180422807
2003-11-20,0.0
2003-11-21,0.0
2003-11-22,0.0
2003-11-23,0.0
2003-11-24,0.0
2003-11-25,5.556019523618035E-4
2003-11-26,0.0
2003-11-27,0.2293083675606802
2003-11-28,0.0
2003-11-29,4.162445570592307E-4
2003-11-30,0.011492851300134886
2003-12-01,0.0
2003-12-02,0.0
2003-12-03,0.0
2003-12-04,0.02351024071330466
2003-12-05,0.0
2003-12-06,0.0
2003-12-07,0.0033905156664197677
2003-12-08,0.0
2003-12-09,0.0
2003-12-10,0.0
2003-12-11,0.0
2003-12-12,0.0
2003-12-13,0.0
2003-12-14,0.0
2003-12-15,0.07513756660267334
2003-12-16,0.13779511583749068
2003-12-17,0.010362406830290629
2003-12-18,1.176854237508135
2003-12-19,1.7598252452633965
2003-12-20,0.2587241944922303
2003-12-21,0.0
2003-12-22,0.0
2003-12-23,0.0
2003-12-24,0.0
2003-12-25,0.0
2003-12-26,0.0
2003-12-27,0.0
2003-12-28,4.377442057027083
2003-12-29,0.0
2003-12-30,0.0
2003-12-31,0.0
2004-01-01,0.0
2004-01-02,0.0
2004-01-03,0.0
2004-01-04,0.0
2004-01-05,0.0
2004-01-06,0.0
2004-01-07,0.0
2004-01-08,0.0
2004-01-09,0.0
2004-01-10,0.014331627329151825
2004-01-11,0.0
2004-01-12,0.0
2004-01-13,0.0
2004-01-14,0.0
2004-01-15,0.002684748595921076
2004-01-16,0.0
2004-01-17,0.0
2004-01-18,0.0
2004-01-19,0.2424315076361404
2004-01-20,0.0
2004-01-21,0.0
2004-01-22,0.0
2004-01-23,0.8264327498999807
2004-01-24,6.130686099053946
2004-01-25,0.2649421380919272
2004-01-26,0.06263362199440134
2004-01-27,0.0
2004-01-28,0.0
2004-01-29,0.0
2004-01-30,0.020329904826183597
2004-01-31,0.03684333322547128
2004-02-01,0.21074415544588315
2004-02-02,0.5272293205604444
2004-02-03,0.19945332070372473
2004-02-04,0.6823467286377406
2004-02-05,1.4098180788137469
2004-02-06,1.8322596390575452
2004-02-07,0.0
2004-02-08,0.6436368594925211
2004-02-09,1.5093893381420767
2004-02-10,1.5411657169471464
2004-02-11,0.0
2004-02-12,0.0
2004-02-13,0.0
2004-02-14,0.0
2004-02-15,0.7229876050444148
2004-02-16,0.0
2004-02-17,0.0
2004-02-18,0.0
2004-02-19,0.05456918535648053
2004-02-20,0.0
2004-02-21,0.0
2004-02-22,0.0
2004-02-23,0.122290807187392
2004-02-24,0.0
2004-02-25,0.015151779330010181
2004-02-26,0.0
2004-02-27,1.3413350227124752
2004-02-28,0.0
2004-02-29,0.0
2004-03-01,0.0
2004-03-02,0.0
2004-03-03,0.0
2004-03-04,0.0
2004-03-05,0.0
2004-03-06,0.0
2004-03-07,9.11901615783296
2004-03-08,0.0
2004-03-09,0.32961888558933106
2004-03-10,0.0
2004-03-11,0.0
2004-03-12,0.0
2004-03-13,0.0
2004-03-14,0.0
2004-03-15,0.0
2004-03-16,0.0
2004-03-17,0.0
2004-03-18,0.0
2004-03-19,0.0
2004-03-20,0.0
2004-03-21,0.013259699921063026
2004-03-22,0.5651717602151063
2004-03-23,0.15561904514497724
2004-03-24,0.18883995774969844
2004-03-25,0.0
2004-03-26,0.0
2004-03-27,0.011506667745665293
2004-03-28,0.7465030146850429
2004-03-29,7.399599312584123
2004-03-30,8.834014332582631
2004-03-31,28.070233198390913
2004-04-01,21.04043790712543
2004-04-02,11.935649460025681
2004-04-03,7.995385236328889
2004-04-04,18.168503687413143
2004-04-05,11.041159529743208
2004-04-06,121.95275656795563
2004-04-07,78.9521002011434
2004-04-08,4.7823900736382825
2004-04-09,13.175252852255522
2004-04-10,4.891829973403591
2004-04-11,33.621806834206474
2004-04-12,42.64892647338133
2004-04-13,25.83853260209281
2004-04-14,60.818797389054005
2004-04-15,59.582601029854544
2004-04-16,30.72070243541567
2004-04-17,50.04777832258078
2004-04-18,105.37475276231794
2004-04-19,34.97753617792986
2004-04-20,0.6126145702840241
2004-04-21,11.947964055588818
2004-04-22,26.017997463099007
2004-04-23,48.89868206299098
2004-04-24,0.0
2004-04-25,0.0
2004-04-26,0.0
2004-04-27,0.1586362637198148
2004-04-28,0.0
2004-04-29,0.8620291448019625
2004-04-30,0.11038040565147601
2004-05-01,1.237420054605032
2004-05-02,15.822930148472508
2004-05-03,0.0
2004-05-04,0.0
2004-05-05,0.0
2004-05-06,0.048113419606871814
2004-05-07,0.0
2004-05-08,4.827386828990648
2004-05-09,13.601009344491747
2004-05-10,21.04566749877866
2004-05-11,19.646014652676993
2004-05-12,32.699583991013974
2004-05-13,66.32394650456206
2004-05-14,75.48753168092398
2004-05-15,14.725225267577642
2004-05-16,49.961299146088166
2004-05-17,18.46708736461035
2004-05-18,12.502368882214538
2004-05-19,16.290882879191482
2004-05-20,1.4634931377171296
2004-05-21,16.74941577493495
2004-05-22,28.497502966922163
2004-05-23,19.28678127767398
2004-05-24,0.7752490144860359
2004-05-25,0.3868277928109351
2004-05-26,10.059114423859576
2004-05-27,5.20375463435592
2004-05-28,4.34186380736411
2004-05-29,16.71814731375721
2004-05-30,10.62187268160429
2004-05-31,11.810460503264444
2004-06-01,7.264451528372411
2004-06-02,78.05776365221244
2004-06-03,45.57923636239408
2004-06-04,0.0
2004-06-05,7.298924587222066
2004-06-06,26.17178588996033
2004-06-07,0.6421523433386448
2004-06-08,9.071579989142293
2004-06-09,12.479765926331444
2004-06-10,7.5280713075119845
2004-06-11,19.03750369873328
2004-06-12,14.654741607026729
2004-06-13,26.704866757452088
2004-06-14,24.927170067838045
2004-06-15,3.9095408381635854
2004-06-16,27.424608319450392
2004-06-17,42.09837461584012
2004-06-18,63.00309602241497
2004-06-19,24.770621032182838
2004-06-20,73.56302437498984
2004-06-21,56.95550432859094
2004-06-22,70.83812555072599
2004-06-23,90.46213101564035
2004-06-24,33.394607137394175
2004-06-25,15.43478441915491
2004-06-26,2.9723544958225783
2004-06-27,2.6810309707272593
2004-06-28,10.835865603036838
2004-06-29,8.664549907262229
2004-06-30,5.1682000538603665
2004-07-01,12.516861731598379
2004-07-02,14.227214194002425
2004-07-03,6.965985888776786
2004-07-04,14.283219782515662
2004-07-05,57.54888034291531
2004-07-06,50.9533885234544
2004-07-07,33.37382129185837
2004-07-08,25.09947857964516
2004-07-09,27.147852633141753
2004-07-10,47.5706002522699
2004-07-11,51.31405090793315
2004-07-12,4.706262967092598
2004-07-13,10.985509739905533
2004-07-14,53.41965342398788
2004-07-15,45.17986460563399
2004-07-16,34.18461472224402
2004-07-17,72.22107187850555
2004-07-18,79.8447536962772
2004-07-19,70.95325920308524
2004-07-20,12.30244131708213
2004-07-21,0.0416845715007164
2004-07-22,15.30648088129328
2004-07-23,43.97028032193907
2004-07-24,28.513866284197622
2004-07-25,4.091074638442498
2004-07-26,8.052085277263206
2004-07-27,35.638633606231195
2004-07-28,29.105407808256015
2004-07-29,0.6006177092706577
2004-07-30,3.0219042149929702
2004-07-31,10.530623625499302
2004-08-01,18.0009858690383
2004-08-02,8.135839939305729
2004-08-03,18.03641687967168
2004-08-04,14.408420398399143
2004-08-05,2.4533845042062428
2004-08-06,11.710153137139727
2004-08-07,16.201448905349164
2004-08-08,4.089919054693324
2004-08-09,19.35635360364543
2004-08-10,10.952693536338435
2004-08-11,4.450245088083376
2004-08-12,11.16756829044185
2004-08-13,6.412692199625333
2004-08-14,0.8264203039588555
2004-08-15,11.349820216251791
2004-08-16,15.684520364465817
2004-08-17,26.798175059944985
2004-08-18,19.94411134852842
2004-08-19,28.266137620451076
2004-08-20,24.27388625060041
2004-08-21,14.348278381243626
2004-08-22,10.712898696675822
2004-08-23,7.786935531845156
2004-08-24,8.55317116416791
2004-08-25,24.662347303638505
2004-08-26,25.413173842011382
2004-08-27,12.332156721288934
2004-08-28,7.670816365194171
2004-08-29,21.614578935165767
2004-08-30,9.995451922148042
2004-08-31,22.090435368031663
2004-09-01,22.082767942278895
2004-09-02,17.579850707505805
2004-09-03,5.62088838816949
2004-09-04,13.547209580649247
2004-09-05,30.706047005724045
2004-09-06,27.189836379507106
2004-09-07,24.547200884122745
2004-09-08,52.18726247043013
2004-09-09,19.008596577934245
2004-09-10,4.078580078966173
2004-09-11,10.71437372205838
2004-09-12,50.23784680630484
2004-09-13,47.22807394839432
2004-09-14,32.416625861555985
2004-09-15,12.123708517878143
2004-09-16,0.5593642143481589
2004-09-17,1.968491615738609
2004-09-18,21.73524683670061
2004-09-19,4.927243393310153
2004-09-20,11.909871573653644
2004-09-21,20.88219660564075
2004-09-22,44.5572304885095
2004-09-23,33.48927688433305
2004-09-24,23.22052383276181
2004-09-25,19.92824314972021
2004-09-26,8.021091891503572
2004-09-27,10.1950876654881
2004-09-28,10.410592594451996
2004-09-29,4.2308358464122815
2004-09-30,0.23513196669126704
2004-10-01,1.1668330131440177
2004-10-02,8.159676481969408
2004-10-03,2.5167255935319464
2004-10-04,27.72902245864238
2004-10-05,59.88878970383385
2004-10-06,46.31560972045154
2004-10-07,99.7315341180049
2004-10-08,21.913192368473908
2004-10-09,4.139350636128765
2004-10-10,0.18311619329866421
2004-10-11,0.0
2004-10-12,0.0
2004-10-13,7.368378919423506
2004-10-14,6.8513067769800475
2004-10-15,5.588961477133385
2004-10-16,0.0
2004-10-17,0.0
2004-10-18,0.0
2004-10-19,0.0
2004-10-20,0.0
2004-10-21,0.0
2004-10-22,0.0
2004-10-23,0.0
2004-10-24,0.0
2004-10-25,0.0
2004-10-26,0.0
2004-10-27,0.0
2004-10-28,0.0
2004-10-29,0.2712821970316229
2004-10-30,0.0
2004-10-31,0.0
2004-11-01,0.18757907524409217
2004-11-02,0.0
2004-11-03,0.0
2004-11-04,0.0
2004-11-05,0.0
2004-11-06,0.419832164088986
2004-11-07,0.07303669802659114
2004-11-08,0.013221221492480194
2004-11-09,0.4253716705935707
2004-11-10,1.8397288376653111
2004-11-11,0.0
2004-11-12,0.0
2004-11-13,0.2901264056367095
2004-11-14,0.0
2004-11-15,0.0
2004-11-16,0.0
2004-11-17,0.0
2004-11-18,0.0
2004-11-19,0.0044050881238289555
2004-11-20,1.338818523132648E-4
2004-11-21,0.0
2004-11-22,0.0
2004-11-23,1.2039017301753532
2004-11-24,0.9607910384348909
2004-11-25,0.03568504754226569
2004-11-26,0.0
2004-11-27,0.0
2004-11-28,0.481202907911787
2004-11-29,0.0
2004-11-30,0.004141778371052387
2004-12-01,0.03159279400588244
2004-12-02,0.013424455363894562
2004-12-03,0.0
2004-12-04,0.002889637177285296
2004-12-05,0.10594316438734665
2004-12-06,0.0
2004-12-07,0.0
2004-12-08,0.0
2004-12-09,0.0
2004-12-10,0.20915773486864528
2004-12-11,0.0
2004-12-12,0.0
2004-12-13,0.0
2004-12-14,0.0
2004-12-15,0.0
2004-12-16,0.8715469909860538
2004-12-17,0.34663095845971625
2004-12-18,0.0
2004-12-19,0.03117309920075018
2004-12-20,0.214587240102955
2004-12-21,5.671427493333285
2004-12-22,0.0
2004-12-23,0.0
2004-12-24,0.0
2004-12-25,0.0
2004-12-26,0.0
2004-12-27,0.0
2004-12-28,0.0
2004-12-29,0.0
2004-12-30,0.002961561754822459
2004-12-31,0.34757958517226273
2005-01-01,0.0
2005-01-02,0.031782778378477004
2005-01-03,0.0
2005-01-04,0.0
2005-01-05,0.0
2005-01-06,0.0
2005-01-07,0.0
2005-01-08,0.0
2005-01-09,0.0
2005-01-10,0.0
2005-01-11,0.0
2005-01-12,0.0
2005-01-13,0.0
2005-01-14,0.0
2005-01-15,0.0
2005-01-16,0.0
2005-01-17,0.0
2005-01-18,0.0
2005-01-19,0.022721462760272683
2005-01-20,0.12193197610771087
2005-01-21,3.365621662822977
2005-01-22,0.37135583902889185
2005-01-23,5.925887074709111
2005-01-24,0.046746969520829754
2005-01-25,0.07868809054455347
2005-01-26,0.0
2005-01-27,0.0
2005-01-28,0.013994587826616417
2005-01-29,0.0
2005-01-30,0.0
2005-01-31,0.0
2005-02-01,3.6530256739736897
2005-02-02,0.0
2005-02-03,0.0
2005-02-04,0.0
2005-02-05,0.0
2005-02-06,0.03157199407677985
2005-02-07,0.0
2005-02-08,0.8911160988187823
2005-02-09,0.6275661212858986
2005-02-10,0.42033225258220375
2005-02-11,0.0
2005-02-12,0.0
2005-02-13,0.10463437585267422
2005-02-14,0.0
2005-02-15,0.11671756803610772
2005-02-16,4.801305796783259
2005-02-17,8.667113926325799
2005-02-18,10.665353000999296
2005-02-19,0.6572863379281882
2005-02-20,0.08754837150894705
2005-02-21,0.0
2005-02-22,0.0
2005-02-23,0.12808983995048787
2005-02-24,0.010548383139784222
2005-02-25,0.05676634201829708
2005-02-26,0.0
2005-02-27,0.0
2005-02-28,0.0
2005-03-01,0.0
2005-03-02,0.0
2005-03-03,0.0
2005-03-04,1.3223361613782145
2005-03-05,2.4153808569350423
2005-03-06,5.143931872151488
2005-03-07,18.499558646728907
2005-03-08,3.6592829964759916
2005-03-09,0.0
2005-03-10,0.0
2005-03-11,12.994657040441659
2005-03-12,2.8600381898852376
2005-03-13,0.08852052445560649
2005-03-14,5.416334651716159
2005-03-15,0.4504330618003385
2005-03-16,0.01177987812684764
2005-03-17,8.375735836976723
2005-03-18,32.53662632206942
2005-03-19,47.801409056874505
2005-03-20,14.813687694325138
2005-03-21,8.390498017143056
2005-03-22,31.23180331938483
2005-03-23,1.7561659561502765
2005-03-24,14.23033342748193
2005-03-25,0.0
2005-03-26,0.19654805083066818
2005-03-27,0.4812837007311888
2005-03-28,4.590906349873491
2005-03-29,0.0
2005-03-30,83.05355115275434
2005-03-31,0.2538674562107694
2005-04-01,0.0
2005-04-02,0.3810012715543051
2005-04-03,3.373341312896314
2005-04-04,0.0086767682696213
2005-04-05,0.0
2005-04-06,37.02288345329712
2005-04-07,0.5723784140639047
2005-04-08,0.9419758359545269
2005-04-09,33.79990724554341
2005-04-10,29.1256858466762
2005-04-11,14.302008524709462
2005-04-12,1.5689837581756212
2005-04-13,0.0
2005-04-14,0.0
2005-04-15,10.268912911842161
2005-04-16,4.743904466878963
2005-04-17,9.075225546654757
2005-04-18,1.76340638427288
2005-04-19,1.6526899081029753
2005-04-20,2.352527636310869
2005-04-21,0.8933677377851861
2005-04-22,5.385085105096728
2005-04-23,18.98883075490454
2005-04-24,18.797172244879288
2005-04-25,23.444063201520514
2005-04-26,24.396173891213863
2005-04-27,18.934262728657107
2005-04-28,37.00803219532778
2005-04-29,21.58704248430981
2005-04-30,2.399007809646427
2005-05-01,2.839685122799609
2005-05-02,0.015252822318399487
2005-05-03,7.507612521636056
2005-05-04,2.254485441432953
2005-05-05,0.4254359675056552
2005-05-06,0.0
2005-05-07,0.0
2005-05-08,0.0
2005-05-09,0.0
2005-05-10,30.84254033727392
2005-05-11,6.528375538787609
2005-05-12,16.996824961757987
2005-05-13,21.030933540042618
2005-05-14,24.2713377579989
2005-05-15,39.899103533197334
2005-05-16,39.12475674836368
2005-05-17,54.010595532153765
2005-05-18,20.566486122796498
2005-05-19,60.154216034867964
2005-05-20,17.07232759612308
2005-05-21,30.650537764064055
2005-05-22,34.37863219886487
2005-05-23,53.44938779674677
2005-05-24,52.44883378598258
2005-05-25,57.02569132111162
2005-05-26,27.001947927748564
2005-05-27,6.513089048796669
2005-05-28,13.048102172872252
2005-05-29,3.0275037433684253
2005-05-30,6.329946621786626
2005-05-31,16.792912547071047
2005-06-01,9.840547331337925
2005-06-02,0.5786937307551047
2005-06-03,9.244499843285476
2005-06-04,13.64860736474416
2005-06-05,1.9989210920893048
2005-06-06,0.02649120964907
2005-06-07,0.9003943508771439
2005-06-08,0.3089712533085394
2005-06-09,12.650873424780112
2005-06-10,1.1078258901717926
2005-06-11,10.80283513656966
2005-06-12,4.9783571773276885
2005-06-13,21.59793831698938
2005-06-14,15.764880249951682
2005-06-15,9.558333309007203
2005-06-16,19.82219111381046
2005-06-17,21.115541976800458
2005-06-18,29.1085657800753
2005-06-19,12.236732758730959
2005-06-20,5.437042448167434
2005-06-21,37.21991137425146
2005-06-22,39.356573394019
2005-06-23,16.013578185191346
2005-06-24,36.94445305060221
2005-06-25,10.057294727690534
2005-06-26,1.6429329458309545
2005-06-27,5.73659969458194
2005-06-28,25.64483739881142
2005-06-29,18.82698075226266
2005-06-30,10.305725007677447
2005-07-01,23.611330199055665
2005-07-02,5.223423537762616
2005-07-03,23.250485937733785
2005-07-04,9.328663204434491
2005-07-05,18.070165467114613
2005-07-06,30.73188204228284
2005-07-07,5.825660398207202
2005-07-08,0.5713616604550025
2005-07-09,0.8791567733098355
2005-07-10,3.6929621417868566
2005-07-11,12.05674838223573
2005-07-12,50.27562202325514
2005-07-13,69.7705833865806
2005-07-14,46.50590273890015
2005-07-15,10.387635683647302
2005-07-16,21.008745035695075
2005-07-17,34.41893597623593
2005-07-18,25.733107548542392
2005-07-19,22.665469260239142
2005-07-20,12.88648100885346
2005-07-21,24.90252392786716
2005-07-22,26.44249166671009
2005-07-23,31.78836570236662
2005-07-24,15.71568755056541
2005-07-25,7.766100820571292
2005-07-26,22.418779890614072
2005-07-27,33.891274499803934
2005-07-28,3.498970039989604
2005-07-29,1.7623353599796063
2005-07-30,4.6754462434900255
2005-07-31,8.697495657696264
2005-08-01,14.474886572594404
2005-08-02,24.718354840671385
2005-08-03,7.306928050121754
2005-08-04,16.230635149816255
2005-08-05,17.5487913166551
2005-08-06,28.570799524449193
2005-08-07,4.294771958781765
2005-08-08,29.312277148940208
2005-08-09,22.713309702892573
2005-08-10,13.709318411608653
2005-08-11,15.038665331058473
2005-08-12,27.337035514717268
2005-08-13,26.453481899815866
2005-08-14,19.25010016241081
2005-08-15,2.8348682398067093
2005-08-16,11.540286071516146
2005-08-17,18.487117151480856
2005-08-18,33.186783821159935
2005-08-19,21.126649922138082
2005-08-20,2.422122192858969
2005-08-21,0.3136433756690964
2005-08-22,3.7152720915105855
2005-08-23,37.5668819345146
2005-08-24,41.296119553775235
2005-08-25,31.918609385656527
2005-08-26,8.118672131008188
2005-08-27,7.337962394067036
2005-08-28,1.7206030011741067
2005-08-29,6.183291980054212
2005-08-30,22.293680439264072
2005-08-31,11.78022979440757
2005-09-01,0.3689021543191977
2005-09-02,11.432850798458627
2005-09-03,13.656283527395148
2005-09-04,10.013294837228235
2005-09-05,11.966713559222706
2005-09-06,8.582777705418756
2005-09-07,17.44017987183475
2005-09-08,1.0367306898677815
2005-09-09,1.4824052453858383
2005-09-10,2.1526341692062867
2005-09-11,0.10469547647985623
2005-09-12,0.007737780444879701
2005-09-13,2.1283051677297475
2005-09-14,0.03384567610915475
2005-09-15,0.44704468387488594
2005-09-16,1.3435057258812413
2005-09-17,1.1955281469519217
2005-09-18,2.9152542263069057
2005-09-19,20.73231625783045
2005-09-20,38.96029329203747
2005-09-21,4.841396105869601
2005-09-22,5.737883832661607
2005-09-23,32.371376970345146
2005-09-24,28.781483691347784
2005-09-25,19.669833681543953
2005-09-26,2.97825401581245
2005-09-27,1.4295004244214489
2005-09-28,15.967016286190605
2005-09-29,18.2555919488055
2005-09-30,14.963834297054511
2005-10-01,4.379134402513105
2005-10-02,0.43870152322396583
2005-10-03,6.589626697820284
2005-10-04,6.643537108411645
2005-10-05,0.002480052994387507
2005-10-06,0.07638522645531891
2005-10-07,0.013003695811367288
2005-10-08,0.00559678306598487
2005-10-09,0.00537463416260852
2005-10-10,0.012811257440740386
2005-10-11,0.0
2005-10-12,0.0
2005-10-13,0.0
2005-10-14,0.01767878257759604
2005-10-15,0.5351221504232394
2005-10-16,1.3773846543905588
2005-10-17,0.032293116595965794
2005-10-18,10.460978346008233
2005-10-19,0.5685201570473079
2005-10-20,4.709325768818549
2005-10-21,63.7397609904332
2005-10-22,53.16476988069657
2005-10-23,44.88385295458538
2005-10-24,0.0
2005-10-25,0.0
2005-10-26,0.008317997629814129
2005-10-27,0.015011730592434571
2005-10-28,29.529957967595205
2005-10-29,0.0025200778327694583
2005-10-30,0.030568360813388058
2005-10-31,0.0025200778327694583
2005-11-01,0.8499307653421181
2005-11-02,0.07092879605493031
2005-11-03,0.25549944533758334
2005-11-04,0.08460088951187325
2005-11-05,0.09915456402497021
2005-11-06,0.0
2005-11-07,0.0
2005-11-08,0.4088538322740321
2005-11-09,0.9361667542071455
2005-11-10,0.7027101135911329
2005-11-11,0.0
2005-11-12,0.0
2005-11-13,0.0
2005-11-14,0.0
2005-11-15,0.0
2005-11-16,0.0
2005-11-17,0.037886466996479795
2005-11-18,0.0
2005-11-19,0.0
2005-11-20,0.0
2005-11-21,0.011337475376481216
2005-11-22,0.07394776180779257
2005-11-23,0.05684359195277748
2005-11-24,0.02534881968310688
2005-11-25,0.02534881968310688
2005-11-26,0.0
2005-11-27,0.0
2005-11-28,0.0
2005-11-29,0.0
2005-11-30,0.008623510293520358
2005-12-01,0.0
2005-12-02,0.0
2005-12-03,0.0
2005-12-04,0.0
2005-12-05,0.005890081111868325
2005-12-06,0.0
2005-12-07,0.0
2005-12-08,0.0
2005-12-09,0.0
2005-12-10,0.0
2005-12-11,0.0
2005-12-12,0.0
2005-12-13,0.0
2005-12-14,0.0
2005-12-15,0.0
2005-12-16,0.0
2005-12-17,0.0
2005-12-18,0.0
2005-12-19,0.0
2005-12-20,0.0
2005-12-21,0.0
2005-12-22,1.5722320456375507
2005-12-23,0.7931216468218937
2005-12-24,0.0
2005-12-25,0.0
2005-12-26,0.44991994625526033
2005-12-27,0.0
2005-12-28,0.0
2005-12-29,0.0
2005-12-30,0.0
2005-12-31,0.0
2006-01-01,0.0
2006-01-02,0.0
2006-01-03,0.0
2006-01-04,0.04421790876520078
2006-01-05,0.04421790876520078
2006-01-06,0.0
2006-01-07,0.0
2006-01-08,0.0
2006-01-09,0.0
2006-01-10,0.0
2006-01-11,0.0
2006-01-12,0.0
2006-01-13,0.0
2006-01-14,0.009151758348767853
2006-01-15,0.050292566780316725
2006-01-16,0.0
2006-01-17,0.0
2006-01-18,0.0
2006-01-19,0.7117461950919106
2006-01-20,1.1036884967105396
2006-01-21,0.0
2006-01-22,0.0
2006-01-23,0.0
2006-01-24,0.0
2006-01-25,0.0
2006-01-26,0.0
2006-01-27,0.0
2006-01-28,0.0
2006-01-29,0.0
2006-01-30,0.10592152362224098
2006-01-31,0.11578350110085407
2006-02-01,0.0
2006-02-02,0.0
2006-02-03,0.0
2006-02-04,0.04532826960956725
2006-02-05,0.13170872460926306
2006-02-06,0.0
2006-02-07,0.005411913364616705
2006-02-08,0.08829656655440614
2006-02-09,0.14303808035102186
2006-02-10,0.14303808035102186
2006-02-11,0.0
2006-02-12,0.0
2006-02-13,0.0
2006-02-14,0.0
2006-02-15,2.66157669918721
2006-02-16,27.56322076169854
2006-02-17,0.4168286417223982
2006-02-18,0.0
2006-02-19,0.0
2006-02-20,0.0
2006-02-21,1.1300143191172136
2006-02-22,0.5393725617718931
2006-02-23,0.0062874612748769
2006-02-24,0.08584911745966961
2006-02-25,0.09723793610883086
2006-02-26,0.0
2006-02-27,0.0
2006-02-28,0.0
2006-03-01,0.6279628276140358
2006-03-02,1.1153182941825284
2006-03-03,0.6279628276140358
2006-03-04,0.6513471384368403
2006-03-05,1.0716370486364937
2006-03-06,0.7925136226495972
2006-03-07,0.8747441020286014
2006-03-08,1.027755642182693
2006-03-09,1.3926600517611782
2006-03-10,6.18476362445281
2006-03-11,22.020408223396306
2006-03-12,2.9896108829318253
2006-03-13,1.1733525359395542
2006-03-14,1.2490720731546439
2006-03-15,2.22762834545189
2006-03-16,0.32549745244037454
2006-03-17,0.0
2006-03-18,0.0
2006-03-19,0.0
2006-03-20,0.0
2006-03-21,0.0
2006-03-22,0.0
2006-03-23,0.0
2006-03-24,0.0
2006-03-25,0.0
2006-03-26,0.0
2006-03-27,0.0
2006-03-28,0.018066001697823797
2006-03-29,0.018066001697823797
2006-03-30,1.0389986554783621
2006-03-31,0.018066001697823797
2006-04-01,10.097269293460984
2006-04-02,31.963985638671932
2006-04-03,61.8115353823496
2006-04-04,29.812519841140805
2006-04-05,13.430416820309496
2006-04-06,17.959073759359537
2006-04-07,32.54279541353331
2006-04-08,12.962767676556968
2006-04-09,26.407471201294804
2006-04-10,11.230365524673635
2006-04-11,37.29329766773012
2006-04-12,4.15770630532143
2006-04-13,30.083516865921514
2006-04-14,0.06766073329333314
2006-04-15,0.30089865490688267
2006-04-16,16.365610928139503
2006-04-17,24.255082462463204
2006-04-18,0.03735965094505871
2006-04-19,5.878632462869094
2006-04-20,0.0
2006-04-21,0.06223923008089077
2006-04-22,1.224045644283911
2006-04-23,0.0
2006-04-24,0.6801846066808063
2006-04-25,0.0
2006-04-26,19.300834059098335
2006-04-27,0.002883115207281816
2006-04-28,0.0
2006-04-29,0.0
2006-04-30,0.0
2006-05-01,13.985638938000944
2006-05-02,10.800472448254228
2006-05-03,5.7604429065407325
2006-05-04,18.13855070511087
2006-05-05,6.7687039986545985
2006-05-06,44.53356991008243
2006-05-07,0.0
2006-05-08,0.0
2006-05-09,1.8869672530837407
2006-05-10,23.652368312600906
2006-05-11,45.44031891672662
2006-05-12,53.05195030216978
2006-05-13,4.803865854399956
2006-05-14,9.782673999572312
2006-05-15,0.0
2006-05-16,0.0
2006-05-17,0.0
2006-05-18,2.98501261742381
2006-05-19,5.404842070107136
2006-05-20,2.026385047589103
2006-05-21,0.48210270413664463
2006-05-22,0.3372695288073937
2006-05-23,2.0743886347622396
2006-05-24,6.823630935881319
2006-05-25,35.66685707117922
2006-05-26,7.974381497006926
2006-05-27,34.06213593924216
2006-05-28,42.98080760693399
2006-05-29,26.648791137056193
2006-05-30,62.50024533765926
2006-05-31,37.48758570122945
2006-06-01,12.21739267795451
2006-06-02,18.433644089568524
2006-06-03,0.24154255076288858
2006-06-04,24.115369244065736
2006-06-05,21.340757584443697
2006-06-06,14.175748026015645
2006-06-07,10.973389172581266
2006-06-08,4.941782234399703
2006-06-09,12.036240930113184
2006-06-10,54.34796303869462
2006-06-11,45.00510704710696
2006-06-12,37.3992762282971
2006-06-13,37.064049786528294
2006-06-14,11.651692879790408
2006-06-15,5.6319494479495225
2006-06-16,14.67654915850569
2006-06-17,6.342136474798378
2006-06-18,1.0131577369221205
2006-06-19,4.691139652056743
2006-06-20,29.27298330501966
2006-06-21,17.643133087294018
2006-06-22,17.275953721261136
2006-06-23,17.87298557480743
2006-06-24,31.00296164547552
2006-06-25,24.068668397811216
2006-06-26,30.66333515987363
2006-06-27,30.86206441011665
2006-06-28,23.44540282600008
2006-06-29,20.78486274252173
2006-06-30,18.574985255573907
2006-07-01,10.191906235861465
2006-07-02,6.475446642891856
2006-07-03,18.71876073041074
2006-07-04,11.11075677086353
2006-07-05,16.36033893188469
2006-07-06,75.95831803100873
2006-07-07,60.84031576583191
2006-07-08,45.16416521971507
2006-07-09,4.883107672264769
2006-07-10,14.158394552771554
2006-07-11,6.929502554273111
2006-07-12,14.64155456697203
2006-07-13,16.165082985556904
2006-07-14,31.006035959676808
2006-07-15,25.14001346908535
2006-07-16,10.919237243180252
2006-07-17,0.7749007841391315
2006-07-18,24.551074020203753
2006-07-19,1.142871099742431
2006-07-20,0.1722989295696422
2006-07-21,0.0
2006-07-22,0.09578420510316969
2006-07-23,0.0
2006-07-24,2.7238781915662797
2006-07-25,32.42898510646771
2006-07-26,22.084215864024582
2006-07-27,18.07181963168653
2006-07-28,6.750227726766996
2006-07-29,12.751375525705694
2006-07-30,12.398843715121115
2006-07-31,37.37651348224591
2006-08-01,12.725633756031787
2006-08-02,16.993315970977914
2006-08-03,17.69839572792854
2006-08-04,7.888044449036407
2006-08-05,6.104202697929543
2006-08-06,1.4573216379348228
2006-08-07,2.953459941933771
2006-08-08,4.38230954333947
2006-08-09,33.47107826247735
2006-08-10,0.5462585700944536
2006-08-11,1.0714946589700411
2006-08-12,29.738558345350746
2006-08-13,47.43569771022387
2006-08-14,12.491827875907862
2006-08-15,7.42740454336152E-4
2006-08-16,1.069718925807657
2006-08-17,22.562045083497992
2006-08-18,2.769977728468757
2006-08-19,13.252398158254373
2006-08-20,19.684029481707842
2006-08-21,17.69392435234113
2006-08-22,10.654076810348725
2006-08-23,10.992756795116788
2006-08-24,26.51341522829617
2006-08-25,16.23521311633416
2006-08-26,10.761841357984506
2006-08-27,3.116570207367708
2006-08-28,8.700889627132238
2006-08-29,18.80407985396753
2006-08-30,2.8961503442311605
2006-08-31,1.1282336528697958
2006-09-01,3.535138620401234
2006-09-02,6.653021279252951
2006-09-03,1.2108421763015143
2006-09-04,0.0
2006-09-05,2.2060908366437166
2006-09-06,0.20885634953391716
2006-09-07,28.153589515807436
2006-09-08,34.62980338014845
2006-09-09,11.991400161854687
2006-09-10,37.07711722738517
2006-09-11,53.91263508592178
2006-09-12,60.795140456611286
2006-09-13,0.6871339547853308
2006-09-14,5.31081725765788
2006-09-15,6.462159041881721
2006-09-16,15.472809931642182
2006-09-17,18.729360479136908
2006-09-18,1.0354319205214904
2006-09-19,4.614284473859027
2006-09-20,9.873891293864357
2006-09-21,57.54202042971197
2006-09-22,2.235947867666861
2006-09-23,23.663760223022205
2006-09-24,0.184178707413956
2006-09-25,9.439355345142266
2006-09-26,0.3779688534095265
2006-09-27,1.2130770576891023
2006-09-28,15.782465911262646
2006-09-29,14.500763080795181
2006-09-30,4.878206733267501
2006-10-01,22.21239217469731
2006-10-02,1.1350425394961556
2006-10-03,4.643918254777837
2006-10-04,27.531930047375013
2006-10-05,11.164643422743362
2006-10-06,0.0
2006-10-07,0.0
2006-10-08,0.0
2006-10-09,0.055938878783948744
2006-10-10,0.005383171176608503
2006-10-11,0.0
2006-10-12,6.75583106437136
2006-10-13,1.9563625724114377
2006-10-14,0.5351518975939691
2006-10-15,0.00976234030360216
2006-10-16,0.0
2006-10-17,8.954866165978377
2006-10-18,3.5360502569515755
2006-10-19,3.58123708620823
2006-10-20,2.1796332131026896
2006-10-21,0.9019556776802828
2006-10-22,0.0
2006-10-23,0.0
2006-10-24,0.0
2006-10-25,0.0
2006-10-26,0.0
2006-10-27,0.0
2006-10-28,2.3808588445027947
2006-10-29,0.0
2006-10-30,0.0
2006-10-31,0.0
2006-11-01,0.0
2006-11-02,0.0
2006-11-03,0.0
2006-11-04,0.0
2006-11-05,0.009940853786677688
2006-11-06,0.041042724479531216
2006-11-07,0.1571012727040207
2006-11-08,16.30071887542001
2006-11-09,0.35975637614409217
2006-11-10,6.673982188975173
2006-11-11,0.31571175777631805
2006-11-12,0.0
2006-11-13,0.4082617451352263
2006-11-14,0.0
2006-11-15,0.0
2006-11-16,0.0
2006-11-17,0.0
2006-11-18,0.0
2006-11-19,0.0
2006-11-20,0.0024063443610163717
2006-11-21,0.0
2006-11-22,0.0
2006-11-23,0.0
2006-11-24,0.0
2006-11-25,0.0
2006-11-26,0.0
2006-11-27,0.0
2006-11-28,0.0
2006-11-29,0.0
2006-11-30,0.0
2006-12-01,0.0
2006-12-02,0.01858401325137329
2006-12-03,0.0
2006-12-04,0.012654822113746739
2006-12-05,0.03840239215512122
2006-12-06,0.0
2006-12-07,0.0
2006-12-08,0.0
2006-12-09,0.00902257594130088
2006-12-10,0.0
2006-12-11,0.0
2006-12-12,0.698260101433572
2006-12-13,0.0
2006-12-14,0.12523206370329482
2006-12-15,0.12523206370329482
2006-12-16,0.0
2006-12-17,0.0
2006-12-18,0.10134698268062221
2006-12-19,0.0
2006-12-20,0.13347186196207353
2006-12-21,0.09406157622839639
2006-12-22,0.0
2006-12-23,0.0
2006-12-24,0.0
2006-12-25,0.0
2006-12-26,0.0
2006-12-27,0.293460109551501
2006-12-28,0.18923628637665302
2006-12-29,0.0
2006-12-30,1.048097067369254
2006-12-31,1.2060342560460524
2007-01-01,0.0
2007-01-02,0.0
2007-01-03,0.0
2007-01-04,0.0
2007-01-05,0.010371826156262942
2007-01-06,0.0
2007-01-07,0.0
2007-01-08,0.0
2007-01-09,0.0
2007-01-10,0.0
2007-01-11,0.0
2007-01-12,0.0
2007-01-13,0.0
2007-01-14,0.0031655545128599317
2007-01-15,0.020598356971134945
2007-01-16,0.0
2007-01-17,0.0
2007-01-18,0.0
2007-01-19,0.0
2007-01-20,0.0012579979850958706
2007-01-21,0.0
2007-01-22,0.0
2007-01-23,0.0
2007-01-24,0.0
2007-01-25,0.0
2007-01-26,0.0
2007-01-27,0.0
2007-01-28,0.0
2007-01-29,0.0
2007-01-30,1.1321413900801565
2007-01-31,2.1183934264951207
2007-02-01,0.7921053279900258
2007-02-02,0.009971083961869302
2007-02-03,1.3253102963477785
2007-02-04,6.882309145337343
2007-02-05,3.8702555196707986
2007-02-06,1.4267317604201744
2007-02-07,33.623752484192416
2007-02-08,1.4857930481703907
2007-02-09,0.0
2007-02-10,0.0
2007-02-11,0.14465628152530316
2007-02-12,0.0
2007-02-13,46.27886926590686
2007-02-14,8.993629017687242
2007-02-15,0.0
2007-02-16,0.0
2007-02-17,0.0
2007-02-18,0.0
2007-02-19,0.0
2007-02-20,0.0
2007-02-21,0.0
2007-02-22,0.0
2007-02-23,0.0
2007-02-24,0.0
2007-02-25,0.0
2007-02-26,0.0
2007-02-27,0.0
2007-02-28,0.0
2007-03-01,5.059831498566099
2007-03-02,20.72046379154717
2007-03-03,0.0
2007-03-04,0.0
2007-03-05,0.0
2007-03-06,0.8579795095106088
2007-03-07,0.16951410993309557
2007-03-08,0.31908659633989955
2007-03-09,0.47153846667395505
2007-03-10,0.5165551718251405
2007-03-11,0.029924017588137876
2007-03-12,0.34331308370227087
2007-03-13,0.6361259943151827
2007-03-14,4.555319428008768
2007-03-15,1.171493485603653
2007-03-16,0.0
2007-03-17,0.0
2007-03-18,0.0
2007-03-19,0.0
2007-03-20,0.0
2007-03-21,0.8611100238433846
2007-03-22,4.744082087394811
2007-03-23,1.8772703884458408
2007-03-24,0.061000778730601744
2007-03-25,0.0
2007-03-26,0.0
2007-03-27,0.0
2007-03-28,0.0
2007-03-29,0.0
2007-03-30,0.007878712261289058
2007-03-31,0.03828984210070514
2007-04-01,0.0
2007-04-02,5.444118591343554
2007-04-03,4.908143581313282
2007-04-04,8.111074911933734
2007-04-05,35.398818705746336
2007-04-06,80.0682087158798
2007-04-07,41.730185306489716
2007-04-08,23.107861957848197
2007-04-09,20.595180382089453
2007-04-10,37.68873556290053
2007-04-11,39.30077954467426
2007-04-12,84.59380760319958
2007-04-13,0.031655801035646136
2007-04-14,0.32046952792127575
2007-04-15,0.03711954284099915
2007-04-16,9.802215667311163
2007-04-17,11.847293532473818
2007-04-18,2.323419433044998
2007-04-19,1.6181671388152685
2007-04-20,10.660058198685924
2007-04-21,39.2059289618617
2007-04-22,14.80697749134645
2007-04-23,15.251265745161437
2007-04-24,20.65638585994026
2007-04-25,0.7271910417768072
2007-04-26,12.017178048155271
2007-04-27,0.03617195308393751
2007-04-28,0.0
2007-04-29,0.0
2007-04-30,0.0
2007-05-01,0.0
2007-05-02,0.0
2007-05-03,0.0
2007-05-04,0.2552647534344819
2007-05-05,4.7860726914011735
2007-05-06,49.139772602095164
2007-05-07,0.2962319532387805
2007-05-08,0.37021006201885925
2007-05-09,1.3583331821769296
2007-05-10,3.53786156927705
2007-05-11,6.280247357424608
2007-05-12,2.0967395192158818
2007-05-13,0.42079440657104605
2007-05-14,47.709191254149516
2007-05-15,2.025551877064002
2007-05-16,4.639176518205734
2007-05-17,39.41881219538425
2007-05-18,4.146892939665404
2007-05-19,45.84018840170643
2007-05-20,20.63445821261187
2007-05-21,12.830811858010351
2007-05-22,64.5364432378683
2007-05-23,69.28712349144558
2007-05-24,35.05720409536175
2007-05-25,33.08666724893964
2007-05-26,7.875698785393505
2007-05-27,63.87667132746986
2007-05-28,5.755795604676854
2007-05-29,34.66086466670935
2007-05-30,8.713559450981275
2007-05-31,41.1254300346299
2007-06-01,26.224044618265633
2007-06-02,12.942927588516339
2007-06-03,17.967001042577728
2007-06-04,5.935767825588215
2007-06-05,9.614860174737261
2007-06-06,0.4364722479505761
2007-06-07,7.051454865363658
2007-06-08,66.91868133726229
2007-06-09,66.53936426113165
2007-06-10,62.348085745749636
2007-06-11,79.85552640996782
2007-06-12,0.9675581641086362
2007-06-13,4.90006111265869
2007-06-14,4.223930367324601
2007-06-15,36.97846220989002
2007-06-16,55.875043488510194
2007-06-17,55.79711943118567
2007-06-18,44.78753553749522
2007-06-19,12.90758513727218
2007-06-20,11.573363440422641
2007-06-21,20.797080298289856
2007-06-22,19.996631627474795
2007-06-23,23.691294712696624
2007-06-24,29.941074364553458
2007-06-25,1.2351771836157597
2007-06-26,6.7638198535172736
2007-06-27,28.151214476728086
2007-06-28,38.64325024589221
2007-06-29,8.119253087939438
2007-06-30,5.218498508777607
2007-07-01,3.7859325773013475
2007-07-02,12.664136732490075
2007-07-03,11.215732364700585
2007-07-04,29.03398597567103
2007-07-05,11.483930285425883
2007-07-06,2.7252545897758327
2007-07-07,4.547187108964313
2007-07-08,2.715903497343177
2007-07-09,1.558805463868616
2007-07-10,9.016448178689863
2007-07-11,2.436082788482846
2007-07-12,5.909154521651457
2007-07-13,15.86138823099802
2007-07-14,31.704453704747483
2007-07-15,29.785430051740683
2007-07-16,32.62280585262814
2007-07-17,39.025797485188605
2007-07-18,60.92312818862315
2007-07-19,52.80485927329784
2007-07-20,0.10546447728904176
2007-07-21,0.3660680572048402
2007-07-22,0.6807531465090114
2007-07-23,10.833604900150025
2007-07-24,19.95413121877544
2007-07-25,110.18771687251345
2007-07-26,52.452012147837976
2007-07-27,30.527544175935663
2007-07-28,21.887792259141378
2007-07-29,45.98912844134285
2007-07-30,44.691251919253126
2007-07-31,54.11533514605684
2007-08-01,20.04333141904534
2007-08-02,4.719986889841769
2007-08-03,5.57228602785464
2007-08-04,8.960245038330699
2007-08-05,0.039449512715060836
2007-08-06,1.8057543363135877
2007-08-07,7.363971479307008
2007-08-08,0.4993097940828578
2007-08-09,0.0
2007-08-10,23.97095623635497
2007-08-11,53.882542248309
2007-08-12,10.83910323038256
2007-08-13,9.357852227970222
2007-08-14,33.802865084252836
2007-08-15,27.95823959597371
2007-08-16,6.561889006286591
2007-08-17,22.75228867902335
2007-08-18,9.335059488448946
2007-08-19,32.44762687744524
2007-08-20,9.147455793514908
2007-08-21,6.632287333452725
2007-08-22,24.05451399959042
2007-08-23,15.776990931701338
2007-08-24,18.138614774146582
2007-08-25,44.82352597287261
2007-08-26,46.228303413836365
2007-08-27,26.841603547328546
2007-08-28,16.83532184188396
2007-08-29,32.56645027357714
2007-08-30,7.495533922016583
2007-08-31,5.194750159405731
2007-09-01,23.602387892162888
2007-09-02,34.55484019717228
2007-09-03,29.892547485913244
2007-09-04,18.096769880995563
2007-09-05,8.582621012435528
2007-09-06,36.83035526905077
2007-09-07,39.419279045920554
2007-09-08,54.39749806106715
2007-09-09,64.79969105074714
2007-09-10,13.71354076915243
2007-09-11,3.493453808415688
2007-09-12,9.74769140131935
2007-09-13,33.46946397024432
2007-09-14,18.05352916647603
2007-09-15,33.8117693901789
2007-09-16,1.5427080843347896
2007-09-17,2.783903637498626
2007-09-18,6.538281602520325
2007-09-19,0.0
2007-09-20,0.0
2007-09-21,0.0
2007-09-22,0.9123585413438887
2007-09-23,5.419355037446425
2007-09-24,0.05066869014148198
2007-09-25,0.7598228091213807
2007-09-26,1.3899776146679474
2007-09-27,8.009536290110422
2007-09-28,5.729970510190421
2007-09-29,8.986224861936835
2007-09-30,10.234388465903663
2007-10-01,18.027341245592613
2007-10-02,10.740739169717699
2007-10-03,16.388561008274408
2007-10-04,8.389853263936638
2007-10-05,24.291452478564484
2007-10-06,9.42204395902362
2007-10-07,40.49606250633739
2007-10-08,9.952161243347502
2007-10-09,15.045615151724734
2007-10-10,17.370078958746824
2007-10-11,0.04557830878446919
2007-10-12,2.022042527775483
2007-10-13,9.233483847623209
2007-10-14,16.136270780898734
2007-10-15,37.7205030314618
2007-10-16,29.065915180511894
2007-10-17,7.9303734014110185
2007-10-18,19.799621109034838
2007-10-19,0.0
2007-10-20,0.0
2007-10-21,0.0
2007-10-22,0.0
2007-10-23,0.0
2007-10-24,0.0
2007-10-25,0.0
2007-10-26,0.0
2007-10-27,0.0
2007-10-28,0.0
2007-10-29,0.0
2007-10-30,0.0
2007-10-31,0.0
2007-11-01,0.0
2007-11-02,0.0
2007-11-03,0.0
2007-11-04,0.0
2007-11-05,0.0
2007-11-06,0.0
2007-11-07,0.0
2007-11-08,0.0
2007-11-09,0.0
2007-11-10,0.0
2007-11-11,0.0
2007-11-12,0.0
2007-11-13,0.0
2007-11-14,0.0
2007-11-15,41.57627829639621
2007-11-16,10.553542272242005
2007-11-17,0.0
2007-11-18,0.0
2007-11-19,0.0
2007-11-20,0.0
2007-11-21,0.0
2007-11-22,0.0
2007-11-23,0.0
2007-11-24,0.0
2007-11-25,0.0
2007-11-26,0.0
2007-11-27,0.0
2007-11-28,0.0
2007-11-29,0.0
2007-11-30,0.0
2007-12-01,0.2747862779842816
2007-12-02,0.06855852489701625
2007-12-03,0.6354851851664375
2007-12-04,0.5604358527882222
2007-12-05,0.7387787804338416
2007-12-06,0.0
2007-12-07,0.06636017719104745
2007-12-08,0.0
2007-12-09,0.0030376208518184977
2007-12-10,0.0
2007-12-11,0.0
2007-12-12,0.0
2007-12-13,0.0
2007-12-14,0.0
2007-12-15,0.0
2007-12-16,0.0
2007-12-17,0.0
2007-12-18,0.0
2007-12-19,0.0
2007-12-20,0.0
2007-12-21,0.0
2007-12-22,0.0
2007-12-23,0.0
2007-12-24,0.0
2007-12-25,0.0
2007-12-26,0.0
2007-12-27,0.0
2007-12-28,0.0
2007-12-29,0.0
2007-12-30,0.0
2007-12-31,6.673928697357708E-4
2008-01-01,0.0
2008-01-02,0.0
2008-01-03,0.0
2008-01-04,0.0
2008-01-05,0.0
2008-01-06,0.0
2008-01-07,0.0
2008-01-08,0.0
2008-01-09,0.0
2008-01-10,0.0
2008-01-11,0.0
2008-01-12,0.0
2008-01-13,0.0
2008-01-14,0.0
2008-01-15,0.0
2008-01-16,0.0
2008-01-17,0.0
2008-01-18,0.0
2008-01-19,0.0
2008-01-20,0.03585504047074835
2008-01-21,0.12356420295009071
2008-01-22,0.5292342999549021
2008-01-23,9.071331659613376
2008-01-24,17.898875985242082
2008-01-25,0.023747131140409942
2008-01-26,0.02479221944729347
2008-01-27,0.0
2008-01-28,0.0
2008-01-29,0.0
2008-01-30,0.0
2008-01-31,0.001622452870795539
2008-02-01,0.338180435615135
2008-02-02,0.0
2008-02-03,0.0
2008-02-04,0.0
2008-02-05,0.06328269966988752
2008-02-06,0.0
2008-02-07,0.0
2008-02-08,1.969243648371406
2008-02-09,5.209934725229041
2008-02-10,0.08855638714542913
2008-02-11,0.19708855821888185
2008-02-12,0.0
2008-02-13,0.0
2008-02-14,0.0
2008-02-15,0.0027501488365886356
2008-02-16,0.0
2008-02-17,0.0
2008-02-18,1.9017278028415474
2008-02-19,7.981971914600118
2008-02-20,1.13403687422189
2008-02-21,0.0
2008-02-22,0.0
2008-02-23,0.0
2008-02-24,0.0
2008-02-25,0.014406979027106389
2008-02-26,0.0
2008-02-27,0.0
2008-02-28,0.0
2008-02-29,0.0
2008-03-01,0.04282710683165156
2008-03-02,0.04282710683165156
2008-03-03,0.04608260386390708
2008-03-04,4.162883590764841
2008-03-05,4.0199466403460615
2008-03-06,1.4582208086902293
2008-03-07,0.28046521581789435
2008-03-08,5.379252052925183
2008-03-09,0.03029277947487104
2008-03-10,0.7311544378661596
2008-03-11,20.157395222799984
2008-03-12,1.6242607143378682
2008-03-13,1.6628371517647726
2008-03-14,5.322568111678615
2008-03-15,1.6706564177025804
2008-03-16,0.0
2008-03-17,0.0
2008-03-18,0.0
2008-03-19,0.21932551646799023
2008-03-20,23.69961127786038
2008-03-21,11.039218103024956
2008-03-22,11.822939294931913
2008-03-23,5.230016892191221
2008-03-24,4.403061595831077
2008-03-25,0.9902865832362259
2008-03-26,2.371668103934172
2008-03-27,14.498455983078644
2008-03-28,8.911120280530614
2008-03-29,15.620567596790309
2008-03-30,21.003490054911513
2008-03-31,8.128105994883521
2008-04-01,5.370722740051028
2008-04-02,2.2549902100154786
2008-04-03,39.665566055214526
2008-04-04,0.0
2008-04-05,0.0
2008-04-06,0.0
2008-04-07,0.0
2008-04-08,0.0
2008-04-09,0.009166563845407533
2008-04-10,1.1236883091881769
2008-04-11,0.16516707779271816
2008-04-12,11.253387035881563
2008-04-13,13.775746743537598
2008-04-14,9.734052045943637
2008-04-15,23.141127668699927
2008-04-16,1.2174444092595942
2008-04-17,25.21356931580012
2008-04-18,2.974450945286823
2008-04-19,0.6278424910696813
2008-04-20,0.04429264728092312
2008-04-21,0.0
2008-04-22,0.0
2008-04-23,0.020353350252296735
2008-04-24,0.9430771678171213
2008-04-25,1.7510934098716953
2008-04-26,2.4015156168099825
2008-04-27,7.688530847786359
2008-04-28,5.175254538909353
2008-04-29,2.702788283639724
2008-04-30,0.911376307747829
2008-05-01,11.856867619250098
2008-05-02,2.2816724051222708
2008-05-03,0.0
2008-05-04,0.8869543130604528
2008-05-05,13.237048363091915
2008-05-06,0.0
2008-05-07,11.621870788122521
2008-05-08,11.850845733079757
2008-05-09,0.0
2008-05-10,9.869281917633968
2008-05-11,0.0
2008-05-12,3.5392304747213656
2008-05-13,0.08589011242086406
2008-05-14,0.0
2008-05-15,2.046323023818262
2008-05-16,6.6022222057231055
2008-05-17,6.845070285698422
2008-05-18,70.55083840041294
2008-05-19,4.0616543076336145
2008-05-20,1.2300343301224201
2008-05-21,17.40332284385392
2008-05-22,42.329715145328336
2008-05-23,0.0
2008-05-24,23.191802955204594
2008-05-25,1.8812642583549226
2008-05-26,20.36133063322767
2008-05-27,15.932944423461771
2008-05-28,13.127618176525644
2008-05-29,13.648360455957272
2008-05-30,42.5962325170371
2008-05-31,22.260798103159843
2008-06-01,9.34296993521906
2008-06-02,40.26883455072515
2008-06-03,4.1646172759403
2008-06-04,23.435040151135652
2008-06-05,16.385404684880132
2008-06-06,4.135649056009536
2008-06-07,9.461973893577502
2008-06-08,16.687074400100318
2008-06-09,12.63696056333411
2008-06-10,7.655408092914732
2008-06-11,11.087546059117821
2008-06-12,11.380156862651145
2008-06-13,34.79703581092103
2008-06-14,25.142320134337034
2008-06-15,4.617068615578693
2008-06-16,57.19705240344526
2008-06-17,22.620135508752952
2008-06-18,0.0
2008-06-19,2.968101529951646
2008-06-20,16.62140114252075
2008-06-21,9.953218227074622
2008-06-22,7.531116750911085
2008-06-23,1.1301856962291195
2008-06-24,21.03816322731075
2008-06-25,27.005405915492055
2008-06-26,35.72996954106273
2008-06-27,7.965985760743678
2008-06-28,39.41885047514807
2008-06-29,27.22218557702185
2008-06-30,3.9876920564198
2008-07-01,0.6098447359554487
2008-07-02,3.500831708996339
2008-07-03,27.900715408444675
2008-07-04,52.927567898017685
2008-07-05,50.43725280781041
2008-07-06,0.22589229467191596
2008-07-07,2.785906522296499
2008-07-08,3.065369019933619
2008-07-09,33.94889473500064
2008-07-10,18.00311535729882
2008-07-11,28.92233793288511
2008-07-12,10.855035054899462
2008-07-13,35.114215895045994
2008-07-14,36.35583990722329
2008-07-15,20.197969065170525
2008-07-16,1.091720434394943
2008-07-17,14.942204331555184
2008-07-18,44.86444456650346
2008-07-19,26.56829684613906
2008-07-20,21.166991986589792
2008-07-21,25.232940768227937
2008-07-22,24.006163482783297
2008-07-23,35.266204793951694
2008-07-24,13.534660102835028
2008-07-25,22.340060577039328
2008-07-26,14.823707119554149
2008-07-27,4.870029522370888
2008-07-28,13.4138150221191
2008-07-29,6.973919791459586
2008-07-30,2.0189288424943803
2008-07-31,30.451035998049818
2008-08-01,11.589293753623066
2008-08-02,22.265319850196512
2008-08-03,32.75082847512068
2008-08-04,11.872795481076698
2008-08-05,36.52642600835416
2008-08-06,22.064447556122893
2008-08-07,6.586126187122564
2008-08-08,4.368605982493021
2008-08-09,33.6551110506386
2008-08-10,25.622003921946458
2008-08-11,24.29551247078811
2008-08-12,41.19040449827029
2008-08-13,22.933880588761777
2008-08-14,18.29270433419583
2008-08-15,19.310894262759845
2008-08-16,19.4799881252228
2008-08-17,34.955987462338534
2008-08-18,23.129611937010758
2008-08-19,14.916059039465638
2008-08-20,7.303531853512812
2008-08-21,2.689792602493763
2008-08-22,1.0274236110553077
2008-08-23,3.4323421493608657
2008-08-24,14.83576987120051
2008-08-25,16.953926524323855
2008-08-26,13.045920075595363
2008-08-27,55.66700995577652
2008-08-28,39.71809415472705
2008-08-29,26.413770844868488
2008-08-30,15.951645557131199
2008-08-31,12.369376105716816
2008-09-01,11.098215624238357
2008-09-02,32.02558043050145
2008-09-03,56.506248350177025
2008-09-04,35.38811344327859
2008-09-05,50.52956628351374
2008-09-06,0.23319625024055335
2008-09-07,8.773568662042823
2008-09-08,8.901489438530122
2008-09-09,4.915164585658699
2008-09-10,12.721744999771031
2008-09-11,17.43258647599984
2008-09-12,3.185897565569374
2008-09-13,15.163065448871832
2008-09-14,2.76108683165587
2008-09-15,1.4110931566814708
2008-09-16,19.292380036015995
2008-09-17,4.444899400810108
2008-09-18,4.497680007486764
2008-09-19,9.400372349058344
2008-09-20,32.255907344658716
2008-09-21,21.755603761584243
2008-09-22,22.622606940980212
2008-09-23,13.275356075279225
2008-09-24,0.20396301559657087
2008-09-25,1.824581068943883
2008-09-26,26.38711000436516
2008-09-27,34.02079877196961
2008-09-28,0.09089085374924016
2008-09-29,0.48234857652558233
2008-09-30,0.023560032296954928
2008-10-01,15.538997089244749
2008-10-02,15.838238157826996
2008-10-03,2.134111994498132
2008-10-04,16.42148478705971
2008-10-05,17.8809907359626
2008-10-06,0.325379384447063
2008-10-07,4.103675362531556
2008-10-08,7.693873382437275
2008-10-09,15.223106090975016
2008-10-10,0.0
2008-10-11,0.0
2008-10-12,0.0
2008-10-13,0.0
2008-10-14,0.0
2008-10-15,0.0
2008-10-16,0.0
2008-10-17,0.0
2008-10-18,0.0
2008-10-19,0.0
2008-10-20,0.0
2008-10-21,0.0
2008-10-22,0.6347119661364429
2008-10-23,1.6536064026841033
2008-10-24,30.275757334798794
2008-10-25,7.064242848514701
2008-10-26,44.46617177957423
2008-10-27,40.293139677111334
2008-10-28,0.0
2008-10-29,0.0
2008-10-30,0.0
2008-10-31,0.0
2008-11-01,0.03985980870794749
2008-11-02,0.0
2008-11-03,0.004799500734508047
2008-11-04,0.26560823984575316
2008-11-05,2.608692928752568
2008-11-06,0.5112435003327239
2008-11-07,0.0
2008-11-08,0.0
2008-11-09,0.0
2008-11-10,0.0
2008-11-11,0.0249501296556029
2008-11-12,0.0
2008-11-13,0.0
2008-11-14,0.1567418554534505
2008-11-15,0.05152479391190599
2008-11-16,0.0
2008-11-17,0.0
2008-11-18,0.0
2008-11-19,0.0
2008-11-20,0.0
2008-11-21,0.0
2008-11-22,0.4615095546319682
2008-11-23,0.0
2008-11-24,4.4867023689257616E-4
2008-11-25,0.027595792362451663
2008-11-26,0.0
2008-11-27,0.0
2008-11-28,0.0
2008-11-29,0.0017731542868862117
2008-11-30,0.0017731542868862117
2008-12-01,0.0
2008-12-02,0.011128491036985303
2008-12-03,0.0
2008-12-04,0.0
2008-12-05,0.011536751480184937
2008-12-06,0.0
2008-12-07,0.3695934709423103
2008-12-08,0.0
2008-12-09,0.0
2008-12-10,0.060650234372993175
2008-12-11,0.21247162149552976
2008-12-12,0.01014106106014801
2008-12-13,0.0
2008-12-14,0.2623488873932447
2008-12-15,0.0
2008-12-16,0.0
2008-12-17,0.0
2008-12-18,0.0
2008-12-19,0.0
2008-12-20,0.05576155358453296
2008-12-21,0.6177247226417554
2008-12-22,0.1648183923383078
2008-12-23,0.0
2008-12-24,0.0038443251397770528
2008-12-25,0.010605425062102991
2008-12-26,0.9084429113046182
2008-12-27,0.08361599359868971
2008-12-28,0.0
2008-12-29,0.0
2008-12-30,0.0
2008-12-31,0.19662315175457726
2009-01-01,0.07880018523216593
2009-01-02,0.0
2009-01-03,0.0
2009-01-04,0.0
2009-01-05,0.12310810468293457
2009-01-06,0.0
2009-01-07,0.0
2009-01-08,0.009884323442474623
2009-01-09,0.09451170557994154
2009-01-10,0.18461076622147718
2009-01-11,0.0
2009-01-12,0.0
2009-01-13,0.0
2009-01-14,0.0
2009-01-15,0.0
2009-01-16,0.0
2009-01-17,0.0
2009-01-18,0.0
2009-01-19,0.0
2009-01-20,0.0
2009-01-21,0.0
2009-01-22,0.0
2009-01-23,0.0
2009-01-24,0.014371850705949717
2009-01-25,0.0
2009-01-26,1.1616660054136139
2009-01-27,0.23384047509003164
2009-01-28,0.050452566756328476
2009-01-29,0.0
2009-01-30,0.07276520130215879
2009-01-31,0.07276520130215879
2009-02-01,0.2080158778970251
2009-02-02,0.006838798511824261
2009-02-03,0.4209922126912063
2009-02-04,0.06198978050551099
2009-02-05,0.21808937620125216
2009-02-06,0.0
2009-02-07,0.0
2009-02-08,0.0
2009-02-09,0.0
2009-02-10,0.014304065068125288
2009-02-11,0.0
2009-02-12,0.589153884248788
2009-02-13,0.0
2009-02-14,0.0
2009-02-15,0.0
2009-02-16,0.0
2009-02-17,0.06585248411200256
2009-02-18,0.0
2009-02-19,0.0
2009-02-20,0.0
2009-02-21,0.0
2009-02-22,0.0
2009-02-23,0.4908416252245922
2009-02-24,3.8252148967508344
2009-02-25,6.0007480720716675
2009-02-26,0.6403570608317716
2009-02-27,0.0
2009-02-28,0.006319229088035268
2009-03-01,0.0
2009-03-02,0.0
2009-03-03,0.0
2009-03-04,0.0
2009-03-05,0.24904053902381537
2009-03-06,0.0
2009-03-07,0.0
2009-03-08,0.0
2009-03-09,0.0
2009-03-10,0.0
2009-03-11,0.0
2009-03-12,0.0
2009-03-13,0.0
2009-03-14,0.0
2009-03-15,0.8891114482906984
2009-03-16,1.9574850233265937
2009-03-17,0.0
2009-03-18,0.11324012345147912
2009-03-19,0.0
2009-03-20,0.0
2009-03-21,0.0
2009-03-22,0.0
2009-03-23,0.0
2009-03-24,0.0
2009-03-25,0.0
2009-03-26,0.1412979869015657
2009-03-27,0.19436225425678433
2009-03-28,6.606438600368605
2009-03-29,37.200490024105136
2009-03-30,13.06277415311027
2009-03-31,38.59422852836745
2009-04-01,2.80420962451153
2009-04-02,28.531836468514882
2009-04-03,44.10685629702999
2009-04-04,21.419512494171958
2009-04-05,6.250363822907621
2009-04-06,34.4451560472745
2009-04-07,0.3203748835448388
2009-04-08,11.018019751481852
2009-04-09,0.0766365217617073
2009-04-10,0.0
2009-04-11,0.0
2009-04-12,0.0
2009-04-13,0.0
2009-04-14,0.0
2009-04-15,0.0
2009-04-16,5.385394762620452
2009-04-17,1.3867210653101918
2009-04-18,3.251735703029379
2009-04-19,1.1327948425079077
2009-04-20,10.592596281495725
2009-04-21,12.542127818423117
2009-04-22,53.98213438316961
2009-04-23,13.925318387691886
2009-04-24,0.18750774974284815
2009-04-25,0.0
2009-04-26,0.0
2009-04-27,0.0
2009-04-28,0.0
2009-04-29,4.596388508904349
2009-04-30,46.488627378155535
2009-05-01,45.840832178129396
2009-05-02,19.57746814905282
2009-05-03,25.02723713040479
2009-05-04,0.0
2009-05-05,5.928794044432389
2009-05-06,9.301636059088562
2009-05-07,2.5343136130458923
2009-05-08,5.790310753280891
2009-05-09,5.792676828738377
2009-05-10,25.929873754539752
2009-05-11,14.912113457518354
2009-05-12,3.5538249238787043
2009-05-13,29.05088832895778
2009-05-14,0.0
2009-05-15,0.3593682602170199
2009-05-16,6.599788947716139
2009-05-17,21.770438659134808
2009-05-18,56.09875522412703
2009-05-19,0.3173143715578839
2009-05-20,7.321977771243104
2009-05-21,9.098157879599423
2009-05-22,1.1251427116096684
2009-05-23,26.859405688242244
2009-05-24,6.106377145225549
2009-05-25,28.243365100559426
2009-05-26,113.18179235135888
2009-05-27,0.9009071712285939
2009-05-28,1.7382970929463357
2009-05-29,12.873141477502054
2009-05-30,10.709689426088062
2009-05-31,17.516953798306815
2009-06-01,10.878686785232432
2009-06-02,0.8409143221604191
2009-06-03,0.7782656084634496
2009-06-04,7.189240854553821
2009-06-05,23.90119331043798
2009-06-06,34.86838361532877
2009-06-07,12.516358995717326
2009-06-08,67.9082612201325
2009-06-09,2.8554859254792633
2009-06-10,6.11619724244834
2009-06-11,3.481621656504051
2009-06-12,26.49885187735874
2009-06-13,24.53353592572617
2009-06-14,52.19340406481629
2009-06-15,56.85513408892253
2009-06-16,12.33803965380264
2009-06-17,5.104041011960538
2009-06-18,7.9268992993059255
2009-06-19,10.706418028579638
2009-06-20,25.965263814859682
2009-06-21,16.87157273599083
2009-06-22,4.439837279642812
2009-06-23,6.874144932004124
2009-06-24,29.610140537971144
2009-06-25,34.99663993163362
2009-06-26,1.5130310204621986
2009-06-27,6.7381369702851375
2009-06-28,7.537288975655245
2009-06-29,34.362011746142876
2009-06-30,71.0162611669133
2009-07-01,36.540057376432756
2009-07-02,52.62218406261682
2009-07-03,30.695408684583715
2009-07-04,14.109959159573261
2009-07-05,7.661852608432159
2009-07-06,14.01921019050882
2009-07-07,25.63816731938046
2009-07-08,2.5139873641352763
2009-07-09,14.078281968089469
2009-07-10,0.0
2009-07-11,0.0
2009-07-12,0.0842393543450493
2009-07-13,13.747498793432294
2009-07-14,33.441290146303345
2009-07-15,2.948525652183819
2009-07-16,0.0
2009-07-17,14.246155567410083
2009-07-18,15.867878409929853
2009-07-19,7.44950262890276
2009-07-20,0.47804860992185877
2009-07-21,17.0366958943483
2009-07-22,0.5544502005014114
2009-07-23,2.747581055751043
2009-07-24,0.4650855276827867
2009-07-25,33.48158058081732
2009-07-26,54.50821976259799
2009-07-27,33.60132911726103
2009-07-28,47.350831447295185
2009-07-29,31.765108546574375
2009-07-30,1.3668152722114963
2009-07-31,10.870831565979648
2009-08-01,1.5610030723141373
2009-08-02,15.689226543209125
2009-08-03,21.11212377557946
2009-08-04,42.903352838494776
2009-08-05,34.751280362357605
2009-08-06,21.030826173565828
2009-08-07,34.265725475686864
2009-08-08,24.377877755479783
2009-08-09,27.92366523735016
2009-08-10,34.16971763660252
2009-08-11,27.807216809318568
2009-08-12,37.32720665700965
2009-08-13,19.395169733096175
2009-08-14,7.3916346115689375
2009-08-15,31.538588054955508
2009-08-16,27.37010305552084
2009-08-17,21.35378698305506
2009-08-18,44.0912319433947
2009-08-19,21.58890981272538
2009-08-20,27.107840310828944
2009-08-21,12.98885518562984
2009-08-22,7.653505486699783
2009-08-23,7.824560550750622
2009-08-24,11.581190706120093
2009-08-25,46.34927278525157
2009-08-26,52.19624076590066
2009-08-27,8.726188823061428
2009-08-28,2.688490139257215
2009-08-29,6.043000785805803
2009-08-30,7.518099041291699
2009-08-31,9.34128520529836
2009-09-01,7.35984394841903
2009-09-02,5.926993884496613
2009-09-03,22.297759960838036
2009-09-04,4.748446520593085
2009-09-05,21.81093595328152
2009-09-06,27.671207055750475
2009-09-07,6.967929500086289
2009-09-08,9.733633715446084
2009-09-09,9.600144337689066
2009-09-10,12.087071052741862
2009-09-11,0.0957089791832702
2009-09-12,0.0
2009-09-13,0.09805826958324243
2009-09-14,27.17118247515799
2009-09-15,12.770970402093015
2009-09-16,3.3099426780363026
2009-09-17,10.491082116858074
2009-09-18,39.70430781733619
2009-09-19,20.15530849926433
2009-09-20,18.073542156886752
2009-09-21,18.64759510857595
2009-09-22,9.22309671893287
2009-09-23,15.206348140171597
2009-09-24,16.2464119780796
2009-09-25,0.0
2009-09-26,3.260249343697395
2009-09-27,4.569805019873186
2009-09-28,7.836948959902973
2009-09-29,2.859511180613461
2009-09-30,0.0
2009-10-01,0.0
2009-10-02,4.586937198483111
2009-10-03,36.519283706870354
2009-10-04,26.746782724128707
2009-10-05,7.100707876871518
2009-10-06,13.150495482983935
2009-10-07,19.635085203667515
2009-10-08,73.54860333328521
2009-10-09,8.5340207244964
2009-10-10,1.949277721955219
2009-10-11,0.0
2009-10-12,0.0
2009-10-13,0.0
2009-10-14,1.387406782757669
2009-10-15,2.597048395675341
2009-10-16,2.2769550385570634
2009-10-17,0.6935184679741955
2009-10-18,7.452416436963932
2009-10-19,0.0
2009-10-20,0.0
2009-10-21,0.0
2009-10-22,0.0
2009-10-23,0.0
2009-10-24,0.0
2009-10-25,0.0
2009-10-26,0.0
2009-10-27,0.0
2009-10-28,0.0
2009-10-29,0.0
2009-10-30,0.0
2009-10-31,0.0
2009-11-01,0.002636172138339842
2009-11-02,0.40198260738064495
2009-11-03,0.661226337795928
2009-11-04,0.8435484167208248
2009-11-05,12.322960771124343
2009-11-06,0.14640438873647527
2009-11-07,0.0
2009-11-08,0.0
2009-11-09,0.0
2009-11-10,0.0
2009-11-11,0.0
2009-11-12,0.0
2009-11-13,0.0
2009-11-14,0.0
2009-11-15,0.4348963629453988
2009-11-16,0.43146560744116924
2009-11-17,3.433819319649297
2009-11-18,0.024857399227906772
2009-11-19,0.028857919367308627
2009-11-20,0.0
2009-11-21,0.0
2009-11-22,0.0
2009-11-23,0.0
2009-11-24,0.0
2009-11-25,0.0
2009-11-26,0.002179552636371893
2009-11-27,0.0
2009-11-28,0.0
2009-11-29,0.0
2009-11-30,0.0
2009-12-01,0.0
2009-12-02,0.0
2009-12-03,0.0
2009-12-04,0.056770097330422334
2009-12-05,0.07504461017594008
2009-12-06,0.0
2009-12-07,0.0
2009-12-08,0.0
2009-12-09,0.0
2009-12-10,0.0
2009-12-11,0.0
2009-12-12,0.0627554108616084
2009-12-13,0.0
2009-12-14,0.0
2009-12-15,0.38545889003233424
2009-12-16,0.0
2009-12-17,0.011363744572266188
2009-12-18,0.06256463635745801
2009-12-19,1.4475284229515244
2009-12-20,0.778439854213353
2009-12-21,0.0
2009-12-22,0.23922102246676263
2009-12-23,0.33403170526067577
2009-12-24,0.0
2009-12-25,0.0
2009-12-26,0.3037820761666284
2009-12-27,0.0
2009-12-28,0.002089344978763833
2009-12-29,0.0
2009-12-30,0.0
2009-12-31,0.08268925040108208
2010-01-01,0.0
2010-01-02,0.0
2010-01-03,0.0
2010-01-04,0.0
2010-01-05,0.0049192753621401936
2010-01-06,0.0237083633981785
2010-01-07,0.0
2010-01-08,0.0
2010-01-09,0.0
2010-01-10,0.10942213496166059
2010-01-11,0.06369492363626313
2010-01-12,0.0956555514394478
2010-01-13,0.12039013061638765
2010-01-14,0.3776651300260087
2010-01-15,0.3776651300260087
2010-01-16,0.0
2010-01-17,0.0
2010-01-18,0.0
2010-01-19,0.806006357841089
2010-01-20,0.6326829034848572
2010-01-21,0.0
2010-01-22,0.0
2010-01-23,0.0
2010-01-24,0.0
2010-01-25,0.0
2010-01-26,0.0
2010-01-27,0.0
2010-01-28,0.06323763681801986
2010-01-29,0.0
2010-01-30,0.09756423831743406
2010-01-31,0.09756423831743406
2010-02-01,0.0
2010-02-02,0.0
2010-02-03,0.0
2010-02-04,5.825684725566064E-4
2010-02-05,0.0058596174803599325
2010-02-06,0.0
2010-02-07,0.014240027839804239
2010-02-08,0.15648747830781862
2010-02-09,1.1561115308939829
2010-02-10,2.4562556215512714
2010-02-11,0.0
2010-02-12,1.2158226396227798
2010-02-13,0.4372618465223143
2010-02-14,0.0
2010-02-15,0.0
2010-02-16,0.06584717547633134
2010-02-17,2.857779544756563
2010-02-18,0.0
2010-02-19,0.056756530820178126
2010-02-20,0.03558697308113916
2010-02-21,0.0
2010-02-22,0.16562076618265478
2010-02-23,0.07377083395456155
2010-02-24,2.178408259155982
2010-02-25,3.310309620138689
2010-02-26,0.0
2010-02-27,0.0
2010-02-28,0.0012455335574103365
2010-03-01,0.0
2010-03-02,0.06472333134918963
2010-03-03,0.0
2010-03-04,0.04365529782022374
2010-03-05,5.129260174007005
2010-03-06,0.0
2010-03-07,0.0
2010-03-08,0.0
2010-03-09,0.0
2010-03-10,0.0
2010-03-11,0.0
2010-03-12,0.0
2010-03-13,0.04371658465089376
2010-03-14,0.0
2010-03-15,14.348997148048404
2010-03-16,0.11193399595648323
2010-03-17,0.0
2010-03-18,0.0
2010-03-19,0.0
2010-03-20,0.0
2010-03-21,0.0
2010-03-22,0.08591127075230501
2010-03-23,3.36754947686275
2010-03-24,2.2912122450133667
2010-03-25,1.0369204563118692
2010-03-26,0.2821319954609981
2010-03-27,18.782541469030424
2010-03-28,28.27691740758671
2010-03-29,11.15350096501008
2010-03-30,39.59113958830626
2010-03-31,18.99656231162493
2010-04-01,7.233177727344886
2010-04-02,18.972366306653655
2010-04-03,6.083422069286825
2010-04-04,8.624497074059832
2010-04-05,10.757941506398346
2010-04-06,3.373076815785604
2010-04-07,0.0
2010-04-08,2.3391878183132464
2010-04-09,0.5161437266937599
2010-04-10,4.51880596855188
2010-04-11,6.383502466004415
2010-04-12,13.747646236038731
2010-04-13,12.26984023103259
2010-04-14,14.126443511233942
2010-04-15,20.791081055722987
2010-04-16,2.6289541867629005
2010-04-17,47.70746600493473
2010-04-18,34.80136251226069
2010-04-19,56.0722902979899
2010-04-20,31.10182629833033
2010-04-21,20.872143942707687
2010-04-22,24.765499973431382
2010-04-23,8.495159474748464
2010-04-24,25.244838572614142
2010-04-25,18.566238351594354
2010-04-26,36.12176206610473
2010-04-27,0.11866387490759805
2010-04-28,16.16920460067117
2010-04-29,27.394052152293977
2010-04-30,12.821064405701954
2010-05-01,3.9727979938528493
2010-05-02,65.28661875540271
2010-05-03,4.824449974938049
2010-05-04,26.57183284766924
2010-05-05,11.11986246247544
2010-05-06,3.3537566242388865
2010-05-07,14.5365054137524
2010-05-08,3.728395044921299
2010-05-09,12.714484444919217
2010-05-10,57.9918141796531
2010-05-11,38.31636431062122
2010-05-12,15.409792835875544
2010-05-13,22.988012285677826
2010-05-14,37.348036930965606
2010-05-15,0.7242718374271087
2010-05-16,10.676700581121459
2010-05-17,3.6754635929074753
2010-05-18,16.37512760520549
2010-05-19,63.251561141445784
2010-05-20,70.1230580884661
2010-05-21,7.620955764439096
2010-05-22,0.0
2010-05-23,0.8620324647089204
2010-05-24,31.128739270387616
2010-05-25,73.41597913772735
2010-05-26,51.32168170472522
2010-05-27,18.408026423709593
2010-05-28,44.21571401181865
2010-05-29,4.973045450704154
2010-05-30,9.472559035034493
2010-05-31,40.37331792525259
2010-06-01,22.59178601619859
2010-06-02,49.69913439249173
2010-06-03,44.74236435168321
2010-06-04,60.907744974843105
2010-06-05,25.884904773018672
2010-06-06,42.45062443459061
2010-06-07,35.38571714623935
2010-06-08,33.88401696126101
2010-06-09,21.506403137547863
2010-06-10,21.349745068854592
2010-06-11,19.16502758401839
2010-06-12,19.2993342667679
2010-06-13,5.5785971080321435
2010-06-14,7.2825447572593935
2010-06-15,19.678225758341046
2010-06-16,57.161458066771004
2010-06-17,30.685728283149572
2010-06-18,10.488190643669373
2010-06-19,7.7764775456737585
2010-06-20,34.70209360664222
2010-06-21,16.061085937398058
2010-06-22,23.348643262467135
2010-06-23,3.80567453669556
2010-06-24,25.201638993828926
2010-06-25,10.088007431466881
2010-06-26,13.709494324916813
2010-06-27,30.578138593968493
2010-06-28,58.491657795385464
2010-06-29,43.38323828777677
2010-06-30,3.057104737855125
2010-07-01,22.06238566178449
2010-07-02,12.461009776330174
2010-07-03,34.0577819494027
2010-07-04,6.28985684285348
2010-07-05,12.496217107481217
2010-07-06,0.02246702204137356
2010-07-07,0.2626173554352969
2010-07-08,0.32482144408552643
2010-07-09,8.652338485793246
2010-07-10,29.212348264966476
2010-07-11,18.39081006712787
2010-07-12,7.90618573821806
2010-07-13,0.4268474383365873
2010-07-14,10.921176408465312
2010-07-15,16.39436992623984
2010-07-16,2.082012669139749
2010-07-17,10.377866074865748
2010-07-18,28.157334511407193
2010-07-19,27.456080050295036
2010-07-20,14.448795498612578
2010-07-21,4.93394200697242
2010-07-22,7.476612689198997
2010-07-23,25.715369281717116
2010-07-24,10.482951603345152
2010-07-25,37.138714667611865
2010-07-26,22.68626066337312
2010-07-27,17.413225997523934
2010-07-28,25.935162298155742
2010-07-29,32.98205256952462
2010-07-30,24.697154670951907
2010-07-31,18.59088488134172
2010-08-01,6.484528639105359
2010-08-02,23.114031020417915
2010-08-03,24.60606412363473
2010-08-04,21.165317943675223
2010-08-05,9.541860063601778
2010-08-06,30.387499163722048
2010-08-07,4.128688531332171
2010-08-08,3.478881010541908
2010-08-09,6.763076218915818
2010-08-10,20.81548502231611
2010-08-11,42.3665399072711
2010-08-12,63.1532048386776
2010-08-13,43.15610803740281
2010-08-14,12.621984622879728
2010-08-15,8.221622474773758
2010-08-16,17.796680014867473
2010-08-17,28.926417287329368
2010-08-18,16.908414870095626
2010-08-19,23.88980887374878
2010-08-20,21.305257156791615
2010-08-21,12.839048087826706
2010-08-22,23.884237139359662
2010-08-23,16.822853915029967
2010-08-24,29.199304213848368
2010-08-25,34.941985133065735
2010-08-26,36.11622615619817
2010-08-27,20.718768518050396
2010-08-28,13.579468598818599
2010-08-29,37.19575020748027
2010-08-30,25.371672495271703
2010-08-31,9.059235850451671
2010-09-01,5.232549084885297
2010-09-02,4.573334672062668
2010-09-03,39.60122376854918
2010-09-04,31.93401346592386
2010-09-05,12.861935384199915
2010-09-06,24.099379301230407
2010-09-07,24.276900353599068
2010-09-08,8.567145476114424
2010-09-09,47.14146638886162
2010-09-10,32.456692517879965
2010-09-11,17.176748443833077
2010-09-12,19.433908238446847
2010-09-13,33.19006639807979
2010-09-14,16.621578438152113
2010-09-15,17.684626980685966
2010-09-16,26.194097671011424
2010-09-17,22.84139411110606
2010-09-18,42.98555963265215
2010-09-19,31.972027708716208
2010-09-20,12.759956161624745
2010-09-21,16.10420502761323
2010-09-22,0.0
2010-09-23,10.803675230233658
2010-09-24,15.184369026853433
2010-09-25,52.64426455949706
2010-09-26,24.002797247729426
2010-09-27,43.96003691229888
2010-09-28,19.142137966690335
2010-09-29,0.0
2010-09-30,2.378834438264421
2010-10-01,2.1188977846634622
2010-10-02,0.3566945039803502
2010-10-03,0.02787525689387708
2010-10-04,0.25946755247877257
2010-10-05,12.011517523263404
2010-10-06,26.764309132862845
2010-10-07,14.761624339672643
2010-10-08,137.74934916775268
2010-10-09,0.0
2010-10-10,0.0
2010-10-11,0.0
2010-10-12,0.0
2010-10-13,0.0
2010-10-14,15.12807101832861
2010-10-15,7.908444700223589
2010-10-16,9.530068861306136
2010-10-17,2.76954835248485
2010-10-18,0.36059616860783417
2010-10-19,0.058148694268935104
2010-10-20,0.7499543987844915
2010-10-21,4.7241456383865685
2010-10-22,22.53697697666056
2010-10-23,0.1357483975251519
2010-10-24,1.142406888217305
2010-10-25,0.0
2010-10-26,0.0
2010-10-27,0.0
2010-10-28,0.0
2010-10-29,0.0
2010-10-30,0.0
2010-10-31,0.0
2010-11-01,3.9173108025012024
2010-11-02,3.8300438273720854
2010-11-03,0.7095168717064078
2010-11-04,0.0
2010-11-05,0.0
2010-11-06,0.0
2010-11-07,0.0
2010-11-08,0.007355742704036449
2010-11-09,0.0
2010-11-10,0.0
2010-11-11,0.0068733941385844995
2010-11-12,0.0
2010-11-13,0.04425572317199981
2010-11-14,0.0
2010-11-15,0.0
2010-11-16,0.0
2010-11-17,0.0
2010-11-18,0.05500493684361581
2010-11-19,0.03262631379363629
2010-11-20,3.559185897249436
2010-11-21,0.0
2010-11-22,0.0
2010-11-23,0.0
2010-11-24,0.0
2010-11-25,0.0
2010-11-26,0.0
2010-11-27,0.0
2010-11-28,0.0
2010-11-29,0.1559575887745809
2010-11-30,0.25463724837055174
2010-12-01,0.25194154925305756
2010-12-02,0.0
2010-12-03,0.0
2010-12-04,0.0
2010-12-05,0.0
2010-12-06,0.32789772020218305
2010-12-07,0.0
2010-12-08,2.907174561664025
2010-12-09,6.406417710727753
2010-12-10,0.0
2010-12-11,0.0877050334988396
2010-12-12,0.03071536554278612
2010-12-13,0.0
2010-12-14,0.05595112865544081
2010-12-15,0.0
2010-12-16,0.0
2010-12-17,0.0
2010-12-18,0.0
2010-12-19,0.0
2010-12-20,0.0
2010-12-21,0.0
2010-12-22,0.0
2010-12-23,0.0
2010-12-24,0.0
2010-12-25,0.0
2010-12-26,0.0
2010-12-27,0.0
2010-12-28,0.26277201389084004
2010-12-29,0.0
2010-12-30,0.0
2010-12-31,0.0
2011-01-01,0.00815694410305738
2011-01-02,0.0
2011-01-03,0.0
2011-01-04,0.0
2011-01-05,0.0
2011-01-06,0.003292572017080605
2011-01-07,0.0
2011-01-08,0.0
2011-01-09,0.4208206177564815
2011-01-10,0.0
2011-01-11,0.0
2011-01-12,0.0
2011-01-13,0.0
2011-01-14,0.0
2011-01-15,0.0
2011-01-16,6.16077611734109
2011-01-17,0.16534688437387535
2011-01-18,0.0
2011-01-19,0.0
2011-01-20,0.0
2011-01-21,0.0
2011-01-22,0.0
2011-01-23,0.0
2011-01-24,0.0
2011-01-25,0.0
2011-01-26,0.30511360862557435
2011-01-27,0.0
2011-01-28,0.04368272138794982
2011-01-29,0.0
2011-01-30,0.1103060277271457
2011-01-31,0.5794182147986199
2011-02-01,0.3139868383196194
2011-02-02,0.0
2011-02-03,0.0
2011-02-04,0.029293400534130428
2011-02-05,0.05095719233483774
2011-02-06,0.0
2011-02-07,0.003846159503409983
2011-02-08,0.0
2011-02-09,0.0
2011-02-10,0.0
2011-02-11,0.0
2011-02-12,0.32511011007035023
2011-02-13,0.0
2011-02-14,0.0
2011-02-15,0.6902055605605152
2011-02-16,6.3781035436429265
2011-02-17,8.512797264868627
2011-02-18,0.3595911131245005
2011-02-19,0.16066649023252114
2011-02-20,0.0
2011-02-21,0.8923137083036397
2011-02-22,0.0012844340289370191
2011-02-23,0.036381740039355605
2011-02-24,0.0810282539264394
2011-02-25,0.08453402304616689
2011-02-26,0.0
2011-02-27,0.0
2011-02-28,0.0
2011-03-01,0.016442196438368566
2011-03-02,0.016442196438368566
2011-03-03,0.016442196438368566
2011-03-04,0.016442196438368566
2011-03-05,0.017109883067679837
2011-03-06,0.0
2011-03-07,0.007195884692390043
2011-03-08,0.025276262562771067
2011-03-09,0.15822350741589786
2011-03-10,0.15098016110078713
2011-03-11,9.682608162981728
2011-03-12,3.1713162132958197
2011-03-13,0.0
2011-03-14,0.11646869032382369
2011-03-15,0.5192813384613473
2011-03-16,0.26848768533864126
2011-03-17,3.0185929694135325
2011-03-18,19.07812677737811
2011-03-19,11.744524590446304
2011-03-20,10.18128196955981
2011-03-21,21.16949776647743
2011-03-22,0.4128397493927041
2011-03-23,0.0
2011-03-24,5.343838047796771
2011-03-25,0.3881182073926395
2011-03-26,0.598605508555329
2011-03-27,0.6220011560659559
2011-03-28,0.8541030917506335
2011-03-29,3.060419451294336
2011-03-30,8.87357426264434
2011-03-31,2.7211067783609377
2011-04-01,0.0
2011-04-02,0.0
2011-04-03,0.47411742433469845
2011-04-04,4.560273491366961
2011-04-05,0.0
2011-04-06,0.0
2011-04-07,0.0
2011-04-08,0.0
2011-04-09,0.0
2011-04-10,0.0
2011-04-11,9.757235328341343
2011-04-12,0.5985145569857481
2011-04-13,3.4717190605249906
2011-04-14,9.36272391488659
2011-04-15,0.0
2011-04-16,36.470309142813996
2011-04-17,0.19818532935250124
2011-04-18,53.16142099869888
2011-04-19,3.4780148798364814
2011-04-20,2.652236402949156
2011-04-21,1.8392724830978826
2011-04-22,0.0
2011-04-23,0.0
2011-04-24,9.5454133112634
2011-04-25,0.0
2011-04-26,2.7737734442704585
2011-04-27,5.4290089912148956
2011-04-28,0.039128866954984354
2011-04-29,0.35931507322716655
2011-04-30,0.0
2011-05-01,26.66815588933847
2011-05-02,27.455462344831854
2011-05-03,37.019829466401575
2011-05-04,0.0
2011-05-05,0.0
2011-05-06,0.0
2011-05-07,0.0
2011-05-08,0.029243809190269164
2011-05-09,0.3430655768180861
2011-05-10,30.989090912237817
2011-05-11,2.920564671165077
2011-05-12,0.05955014221735064
2011-05-13,25.09554300172957
2011-05-14,9.497479656492485
2011-05-15,31.833355556813785
2011-05-16,31.952372629736164
2011-05-17,24.006998295375052
2011-05-18,29.921308134592547
2011-05-19,27.85244067486929
2011-05-20,17.922601326368735
2011-05-21,41.005581224234675
2011-05-22,11.991668408944367
2011-05-23,33.50755758366865
2011-05-24,24.68949312886873
2011-05-25,2.8419574933817535
2011-05-26,0.13595757954184054
2011-05-27,20.08583539165925
2011-05-28,2.0745169185743073
2011-05-29,18.61015589137042
2011-05-30,1.3933056639845953
2011-05-31,55.043122050758925
2011-06-01,15.003633521440017
2011-06-02,24.619709160118134
2011-06-03,10.513186623022039
2011-06-04,21.14247848180238
2011-06-05,22.605665767250503
2011-06-06,3.365566678157107
2011-06-07,25.92084006438368
2011-06-08,12.28014652175237
2011-06-09,15.931329083789663
2011-06-10,41.71957928323063
2011-06-11,46.786005173995086
2011-06-12,0.769975045784355
2011-06-13,21.15973862990262
2011-06-14,43.01232840008989
2011-06-15,41.12365071738509
2011-06-16,29.70824318064065
2011-06-17,26.61814627042312
2011-06-18,9.823987878986957
2011-06-19,4.912211139298269
2011-06-20,28.193565054034586
2011-06-21,30.841814102667524
2011-06-22,10.164480273214844
2011-06-23,23.175011909283402
2011-06-24,28.586677755733053
2011-06-25,44.43690075768123
2011-06-26,51.57666093361238
2011-06-27,16.069598252076354
2011-06-28,24.5294890543615
2011-06-29,72.7193959516032
2011-06-30,58.56820207153886
2011-07-01,34.6190874135233
2011-07-02,15.053151625132024
2011-07-03,9.305308762882483
2011-07-04,18.925257207073972
2011-07-05,0.7050229853332152
2011-07-06,0.13467868289526788
2011-07-07,0.9082825746912205
2011-07-08,20.140678533298548
2011-07-09,21.691519260262794
2011-07-10,12.315819285348828
2011-07-11,11.610477342301731
2011-07-12,36.10762853373796
2011-07-13,25.81545573776225
2011-07-14,14.880928312660522
2011-07-15,29.598075573744364
2011-07-16,55.51548930075601
2011-07-17,43.26730282116139
2011-07-18,35.64459545081718
2011-07-19,64.14114192148973
2011-07-20,5.311425193035728
2011-07-21,37.659024393341845
2011-07-22,13.11526092652641
2011-07-23,0.5790373484099663
2011-07-24,2.476192835379384
2011-07-25,11.518159622266397
2011-07-26,9.785364136713962
2011-07-27,3.890447409479679
2011-07-28,5.710841904401895
2011-07-29,4.060275855508959
2011-07-30,1.8981455118703918
2011-07-31,2.8869590536880536
2011-08-01,14.836998315384038
2011-08-02,25.04347225999828
2011-08-03,59.41483996062545
2011-08-04,43.97216084526147
2011-08-05,47.207829027809076
2011-08-06,55.682684493379426
2011-08-07,40.27744191365596
2011-08-08,48.107346951347665
2011-08-09,34.87484129606132
2011-08-10,25.14224952921329
2011-08-11,12.274904063538365
2011-08-12,33.296625572103665
2011-08-13,16.104263077916958
2011-08-14,22.404224884898547
2011-08-15,81.67408405882922
2011-08-16,48.4666732734455
2011-08-17,26.822340473449426
2011-08-18,12.131605077978215
2011-08-19,8.029894426806402
2011-08-20,21.582173498072912
2011-08-21,31.07309845225197
2011-08-22,29.11512552356962
2011-08-23,23.208460672260465
2011-08-24,35.18072761693879
2011-08-25,6.708285521627784
2011-08-26,11.57928892301157
2011-08-27,9.96042176155278
2011-08-28,2.8263266322376666
2011-08-29,0.6745242250784568
2011-08-30,5.422860168713958
2011-08-31,3.8878386639466105
2011-09-01,8.996478764757779
2011-09-02,0.05043950301899267
2011-09-03,4.092651540752597
2011-09-04,11.610941412767252
2011-09-05,32.60844401437243
2011-09-06,11.116184550150972
2011-09-07,22.082009769114393
2011-09-08,3.243082778965467
2011-09-09,32.51185490120766
2011-09-10,17.799687779795885
2011-09-11,5.327237790680472
2011-09-12,10.454049400273115
2011-09-13,48.396172063164165
2011-09-14,43.548764362574005
2011-09-15,14.999231163635168
2011-09-16,17.02676542824098
2011-09-17,33.00156289291796
2011-09-18,6.991604984365019
2011-09-19,3.323646350161642
2011-09-20,51.58371891363615
2011-09-21,20.98553122732418
2011-09-22,24.118314887264592
2011-09-23,14.262425730224555
2011-09-24,2.3738306613125326
2011-09-25,0.25422333772464556
2011-09-26,0.36594678916082074
2011-09-27,9.98043837003705
2011-09-28,0.9967727857651327
2011-09-29,0.0
2011-09-30,0.6885527890604582
2011-10-01,2.0004042267269724
2011-10-02,1.7134138289896712
2011-10-03,0.22773018015157534
2011-10-04,0.8229523418411835
2011-10-05,0.0
2011-10-06,0.0
2011-10-07,1.4950141367318028
2011-10-08,0.3398020294563071
2011-10-09,0.10852551150991718
2011-10-10,0.059542629434854125
2011-10-11,0.0
2011-10-12,0.0
2011-10-13,0.0
2011-10-14,0.0
2011-10-15,0.0
2011-10-16,0.0
2011-10-17,0.1495588952119418
2011-10-18,23.153554328808415
2011-10-19,0.5114823382816184
2011-10-20,0.7890158023732657
2011-10-21,17.9179095826012
2011-10-22,1.863083907005039
2011-10-23,0.016341295195482018
2011-10-24,0.0
2011-10-25,0.0
2011-10-26,0.3264984685677515
2011-10-27,0.0
2011-10-28,0.0
2011-10-29,0.0
2011-10-30,0.0
2011-10-31,0.026079672248821188
2011-11-01,0.8479894421148413
2011-11-02,0.0
2011-11-03,0.38445533356296413
2011-11-04,0.0
2011-11-05,0.0
2011-11-06,0.8148727157335193
2011-11-07,0.5868211265267572
2011-11-08,0.0
2011-11-09,0.0
2011-11-10,0.0043465527787046
2011-11-11,0.0
2011-11-12,0.0
2011-11-13,0.0
2011-11-14,0.0
2011-11-15,0.07429379246385379
2011-11-16,0.09717158248392539
2011-11-17,0.35090856137299326
2011-11-18,0.0
2011-11-19,0.016627577602965626
2011-11-20,0.009789524078814171
2011-11-21,0.0
2011-11-22,0.0
2011-11-23,0.0
2011-11-24,0.05501466330019888
2011-11-25,0.0
2011-11-26,0.0
2011-11-27,0.0
2011-11-28,0.0
2011-11-29,0.01459054345431683
2011-11-30,0.013575585168071816
2011-12-01,0.0
2011-12-02,0.0
2011-12-03,0.8962146958079654
2011-12-04,0.020592500642816577
2011-12-05,0.0
2011-12-06,0.08474531635974651
2011-12-07,0.0
2011-12-08,0.12607003058101274
2011-12-09,0.0
2011-12-10,0.09392267452541003
2011-12-11,0.23129942939146
2011-12-12,0.06451716735971803
2011-12-13,0.0
2011-12-14,0.0
2011-12-15,0.0
2011-12-16,0.035134741562032376
2011-12-17,0.0
2011-12-18,0.0
2011-12-19,0.0
2011-12-20,0.0
2011-12-21,0.0
2011-12-22,0.0
2011-12-23,0.0
2011-12-24,0.0
2011-12-25,0.0
2011-12-26,0.007654915970098076
2011-12-27,0.33325991283600426
2011-12-28,0.0
2011-12-29,0.0
2011-12-30,0.0
2011-12-31,0.0
2012-01-01,0.0
2012-01-02,1.895126969001104
2012-01-03,0.0
2012-01-04,0.0
2012-01-05,0.0
2012-01-06,0.0
2012-01-07,0.0
2012-01-08,0.0
2012-01-09,10.278296489540894
2012-01-10,0.40011153462474097
2012-01-11,0.022029440132699033
2012-01-12,0.0
2012-01-13,0.0
2012-01-14,0.0
2012-01-15,0.0
2012-01-16,0.0
2012-01-17,0.0
2012-01-18,0.0
2012-01-19,0.0
2012-01-20,0.0
2012-01-21,0.0
2012-01-22,0.0
2012-01-23,0.0
2012-01-24,0.0
2012-01-25,0.0
2012-01-26,0.0
2012-01-27,0.0
2012-01-28,0.0
2012-01-29,0.0
2012-01-30,0.0
2012-01-31,0.0
2012-02-01,0.10882932104848499
2012-02-02,0.0
2012-02-03,0.0
2012-02-04,0.13993231863591746
2012-02-05,0.2823843181926148
2012-02-06,0.0
2012-02-07,0.0
2012-02-08,0.8500168778742473
2012-02-09,2.8912658819638852
2012-02-10,0.1805219224554106
2012-02-11,0.0
2012-02-12,0.047725339672103344
2012-02-13,0.0
2012-02-14,0.21379486139114703
2012-02-15,7.71382749870106E-4
2012-02-16,0.0
2012-02-17,0.0
2012-02-18,0.0
2012-02-19,0.0
2012-02-20,0.0
2012-02-21,0.0
2012-02-22,0.001397950608732323
2012-02-23,0.0
2012-02-24,0.0
2012-02-25,0.0
2012-02-26,0.0
2012-02-27,0.0
2012-02-28,1.3452747412983737E-4
2012-02-29,5.181484694183137
2012-03-01,4.741952422330975
2012-03-02,20.372449476251152
2012-03-03,1.366268730298533
2012-03-04,0.0
2012-03-05,0.16837588121093142
2012-03-06,3.5736282252484015
2012-03-07,7.4931089803913125
2012-03-08,0.35370101055340253
2012-03-09,0.0
2012-03-10,0.0
2012-03-11,0.0
2012-03-12,2.605001959937413
2012-03-13,5.483016894723417
2012-03-14,0.11010652900896592
2012-03-15,0.6869494615104793
2012-03-16,0.0
2012-03-17,2.1231462215680907
2012-03-18,0.23796197315837797
2012-03-19,0.0
2012-03-20,2.6627244299804707
2012-03-21,8.917109600848196
2012-03-22,0.0
2012-03-23,0.0
2012-03-24,0.0
2012-03-25,0.0
2012-03-26,0.0
2012-03-27,4.762134517575291
2012-03-28,0.0
2012-03-29,0.0
2012-03-30,7.7498276174933425
2012-03-31,0.9061351017871859
2012-04-01,0.10163935314497284
2012-04-02,0.0
2012-04-03,1.0456764105974306
2012-04-04,27.49216246652166
2012-04-05,15.534563245535873
2012-04-06,20.559538711102483
2012-04-07,15.697514962096117
2012-04-08,55.43923175127253
2012-04-09,21.786492842912452
2012-04-10,49.457426730416316
2012-04-11,7.936113707592305
2012-04-12,32.92769036392072
2012-04-13,16.727358532292893
2012-04-14,0.0
2012-04-15,17.625439716661784
2012-04-16,18.078932918053226
2012-04-17,3.28326140522625
2012-04-18,25.80990619641666
2012-04-19,33.27403759365206
2012-04-20,32.32816952871454
2012-04-21,21.289044130540088
2012-04-22,5.6763527448743645
2012-04-23,12.733144172575502
2012-04-24,10.394456245631531
2012-04-25,17.4340812638695
2012-04-26,60.142804459113115
2012-04-27,5.854406378068812
2012-04-28,10.173859839146715
2012-04-29,26.04009044519285
2012-04-30,12.496137716302266
2012-05-01,7.052834209518266
2012-05-02,10.67244206300775
2012-05-03,4.3742797261597275
2012-05-04,0.0
2012-05-05,0.0
2012-05-06,0.0
2012-05-07,0.0
2012-05-08,0.0
2012-05-09,0.08899464675084057
2012-05-10,0.8865703825312214
2012-05-11,8.123845533523978
2012-05-12,39.782429333584794
2012-05-13,36.21456491633203
2012-05-14,36.672315194940104
2012-05-15,20.552301094630153
2012-05-16,7.329291768413319
2012-05-17,8.440585327195022
2012-05-18,8.02315892602663
2012-05-19,30.16608277868626
2012-05-20,7.192666244981297
2012-05-21,4.68724537511906
2012-05-22,10.00561961061676
2012-05-23,23.000791551726255
2012-05-24,28.35483944878425
2012-05-25,1.0858812524769537
2012-05-26,9.628898231155913
2012-05-27,17.188410763668678
2012-05-28,22.200971375791955
2012-05-29,28.64896004703234
2012-05-30,30.060145786909676
2012-05-31,40.62301842105094
2012-06-01,41.16323605695294
2012-06-02,39.91141048636686
2012-06-03,44.13811841185194
2012-06-04,45.91310569380008
2012-06-05,7.793373797446679
2012-06-06,4.0454648980464585
2012-06-07,19.942564343299857
2012-06-08,13.280834503077546
2012-06-09,36.02968500314158
2012-06-10,35.17438053452034
2012-06-11,4.709387352892411
2012-06-12,15.007868950007996
2012-06-13,27.016906740937635
2012-06-14,51.163970815888334
2012-06-15,69.06649311983706
2012-06-16,33.893142093510924
2012-06-17,0.0
2012-06-18,16.462963533708248
2012-06-19,17.885570801663157
2012-06-20,23.867170519019705
2012-06-21,36.02766196477246
2012-06-22,21.20322229181525
2012-06-23,2.7957885700713665
2012-06-24,30.173597510542745
2012-06-25,48.086021368042026
2012-06-26,61.82509858740347
2012-06-27,7.823464826699221
2012-06-28,0.04330277607581839
2012-06-29,8.243636369496418
2012-06-30,32.60890803657952
2012-07-01,13.909052830146539
2012-07-02,19.992157322480043
2012-07-03,12.213307464461094
2012-07-04,3.5693406356575696
2012-07-05,19.407790671658006
2012-07-06,6.717465355299486
2012-07-07,13.030269496630096
2012-07-08,5.737437053417059
2012-07-09,3.4494999663990678
2012-07-10,6.569141389901321
2012-07-11,2.9232991410871674
2012-07-12,5.680279143352054
2012-07-13,24.893593159993067
2012-07-14,42.0363523556826
2012-07-15,51.40098736163478
2012-07-16,20.680600448703654
2012-07-17,31.482141481835843
2012-07-18,42.14227271873327
2012-07-19,37.07074417422593
2012-07-20,34.827688634990025
2012-07-21,11.757609305849508
2012-07-22,0.6752749382322102
2012-07-23,17.647062703957847
2012-07-24,11.26259015185851
2012-07-25,12.993380591240935
2012-07-26,32.54087989524098
2012-07-27,17.936784273001773
2012-07-28,12.74078774434157
2012-07-29,8.647955730531686
2012-07-30,2.513244784324789
2012-07-31,10.44501647965242
2012-08-01,21.413808341432045
2012-08-02,19.982854166040944
2012-08-03,17.525171565126076
2012-08-04,20.94386858125473
2012-08-05,21.213684253421043
2012-08-06,6.789875685576928
2012-08-07,8.79962588824725
2012-08-08,41.204767550423824
2012-08-09,16.184048923773272
2012-08-10,33.31203203018993
2012-08-11,39.562403776283965
2012-08-12,18.343935774211037
2012-08-13,1.1837705913043173
2012-08-14,7.026842817221415
2012-08-15,10.203617640855635
2012-08-16,13.096221122162149
2012-08-17,10.719613815815455
2012-08-18,0.7709800248810122
2012-08-19,15.443643935383086
2012-08-20,44.86563206308461
2012-08-21,22.766155863955706
2012-08-22,31.06880137662135
2012-08-23,37.36010171767024
2012-08-24,14.234694422604578
2012-08-25,31.914147485782333
2012-08-26,22.71285694180734
2012-08-27,6.292114200426454
2012-08-28,9.68398822425935
2012-08-29,31.156559657083946
2012-08-30,27.075530460535223
2012-08-31,1.5294835428463516
2012-09-01,1.572539824443208
2012-09-02,10.481764592680868
2012-09-03,28.18178208332775
2012-09-04,17.000834001733136
2012-09-05,3.404157787876992
2012-09-06,1.8191692281714686
2012-09-07,0.37023557848740873
2012-09-08,15.087425994739252
2012-09-09,15.650374011015634
2012-09-10,12.915772392710787
2012-09-11,30.08252813886921
2012-09-12,16.88618352997654
2012-09-13,28.414657046831422
2012-09-14,12.607377389840757
2012-09-15,20.85096506214085
2012-09-16,20.10852323021141
2012-09-17,8.848004172487943
2012-09-18,2.5591339163896305
2012-09-19,17.699258468874117
2012-09-20,31.017535438448768
2012-09-21,36.70153461632863
2012-09-22,20.007530930877543
2012-09-23,33.24568133234356
2012-09-24,23.35913804151462
2012-09-25,22.449001299383475
2012-09-26,10.251098636037922
2012-09-27,8.135508775646903
2012-09-28,2.3289652165864756
2012-09-29,9.089095938360723
2012-09-30,11.1089322955214
2012-10-01,19.322843199925575
2012-10-02,33.01629352073586
2012-10-03,38.210850924940964
2012-10-04,43.17861336180457
2012-10-05,13.008241417810225
2012-10-06,1.0613568065443792
2012-10-07,0.10317120730165383
2012-10-08,21.216641928689103
2012-10-09,41.88250139773012
2012-10-10,13.420406884006773
2012-10-11,43.534971473713505
2012-10-12,3.860598800840455
2012-10-13,0.0
2012-10-14,1.3999389217753648
2012-10-15,0.0
2012-10-16,0.0
2012-10-17,0.0
2012-10-18,0.0
2012-10-19,0.0
2012-10-20,0.0
2012-10-21,0.0
2012-10-22,0.0
2012-10-23,0.0
2012-10-24,0.0
2012-10-25,0.0
2012-10-26,0.0
2012-10-27,0.0
2012-10-28,0.0
2012-10-29,0.0
2012-10-30,0.0
2012-10-31,0.0
2012-11-01,10.669110517757446
2012-11-02,7.329691290657321
2012-11-03,5.499076920036075
2012-11-04,1.6872235993880482
2012-11-05,4.413905415363595
2012-11-06,3.9014349447299885
2012-11-07,0.35314965307241564
2012-11-08,0.0
2012-11-09,0.0
2012-11-10,0.0
2012-11-11,0.0
2012-11-12,0.0
2012-11-13,0.0
2012-11-14,0.0
2012-11-15,0.0
2012-11-16,0.0
2012-11-17,0.021283714469407338
2012-11-18,0.5299539379743716
2012-11-19,0.12724669782217948
2012-11-20,0.03310028005547092
2012-11-21,0.006685430940278003
2012-11-22,0.0
2012-11-23,0.0
2012-11-24,0.0
2012-11-25,0.0
2012-11-26,0.0
2012-11-27,0.0
2012-11-28,0.0
2012-11-29,0.0
2012-11-30,0.0
2012-12-01,0.020058762145664967
2012-12-02,0.0746342599541271
2012-12-03,0.017392677090660818
2012-12-04,0.0
2012-12-05,0.00939566497394502
2012-12-06,0.4631599397176012
2012-12-07,0.00731914489418385
2012-12-08,0.0
2012-12-09,0.0
2012-12-10,0.0
2012-12-11,0.0
2012-12-12,1.6500562108900387
2012-12-13,0.0
2012-12-14,0.0
2012-12-15,0.0
2012-12-16,0.0
2012-12-17,0.0
2012-12-18,0.0
2012-12-19,0.0
2012-12-20,0.016980679381978104
2012-12-21,0.02352827681326899
2012-12-22,0.0
2012-12-23,0.0
2012-12-24,0.05434050253530064
2012-12-25,0.0
2012-12-26,0.01174153305638882
2012-12-27,0.17726598978051217
2012-12-28,0.0
2012-12-29,0.0
2012-12-30,0.0
2012-12-31,0.0
2013-01-01,0.0
2013-01-02,0.0
2013-01-03,0.009505218127480026
2013-01-04,0.0
2013-01-05,0.0
2013-01-06,0.0
2013-01-07,0.3396188679407664
2013-01-08,8.246665967898769E-4
2013-01-09,0.0
2013-01-10,0.08129165051674077
2013-01-11,0.031302176004777485
2013-01-12,0.0
2013-01-13,0.11122086539319775
2013-01-14,0.25885645033615823
2013-01-15,0.0
2013-01-16,0.0
2013-01-17,0.0
2013-01-18,0.0
2013-01-19,0.21465526023972875
2013-01-20,0.26364152845816585
2013-01-21,0.0
2013-01-22,0.09167822645562589
2013-01-23,0.02521762155601484
2013-01-24,0.0
2013-01-25,0.0
2013-01-26,0.0
2013-01-27,0.0
2013-01-28,0.16668061676135393
2013-01-29,0.06464517796111743
2013-01-30,0.0017175951638734124
2013-01-31,0.001381546111520418
2013-02-01,2.012010576894437
2013-02-02,0.9689926555514945
2013-02-03,4.763395848165977
2013-02-04,0.04625050509193619
2013-02-05,0.05940848926586627
2013-02-06,0.0
2013-02-07,0.0
2013-02-08,2.6158508175828996
2013-02-09,0.0
2013-02-10,0.0
2013-02-11,2.6096034043603855
2013-02-12,0.14250966236588491
2013-02-13,0.0
2013-02-14,0.0
2013-02-15,0.0
2013-02-16,0.0
2013-02-17,1.8493137439860254
2013-02-18,0.0
2013-02-19,0.0
2013-02-20,0.0
2013-02-21,0.0
2013-02-22,0.8322758967529481
2013-02-23,0.0
2013-02-24,0.0014467470129072271
2013-02-25,0.0
2013-02-26,0.0
2013-02-27,0.0
2013-02-28,0.0
2013-03-01,1.4120085231965267
2013-03-02,0.8370150497372689
2013-03-03,0.0
2013-03-04,0.0
2013-03-05,5.774398066408932E-4
2013-03-06,0.0
2013-03-07,0.048996873390080756
2013-03-08,0.47260452881861525
2013-03-09,0.61990826432222
2013-03-10,2.450378720896814
2013-03-11,0.012378680331283556
2013-03-12,0.003647345996676812
2013-03-13,1.5045755306043924
2013-03-14,0.005392005625492103
2013-03-15,2.9335601247838134
2013-03-16,2.755354432501536
2013-03-17,0.33389210505873856
2013-03-18,0.0
2013-03-19,0.005343863072730357
2013-03-20,0.0
2013-03-21,19.929917062220923
2013-03-22,2.9194148309210295
2013-03-23,0.17875872435293816
2013-03-24,13.836081436408326
2013-03-25,4.912402865388664
2013-03-26,3.100907617896869
2013-03-27,0.0
2013-03-28,0.0
2013-03-29,0.0
2013-03-30,0.0032390138536263673
2013-03-31,1.0584462181489678
2013-04-01,0.40160987576064394
2013-04-02,1.8213466410113195
2013-04-03,0.0
2013-04-04,0.0
2013-04-05,0.0
2013-04-06,0.0
2013-04-07,0.0
2013-04-08,0.5038593213091529
2013-04-09,0.13806086734782697
2013-04-10,6.002066861598962
2013-04-11,3.1103991908339705
2013-04-12,4.560567540773845
2013-04-13,3.1248957186118247
2013-04-14,3.0541424619356694
2013-04-15,0.6023922068166604
2013-04-16,15.585428991264479
2013-04-17,10.060818875904257
2013-04-18,2.346011835803386
2013-04-19,32.32556302534064
2013-04-20,1.219976336003336
2013-04-21,5.8422844833188385
2013-04-22,2.9281271998895617
2013-04-23,0.0
2013-04-24,0.0
2013-04-25,0.0
2013-04-26,4.230646694804732
2013-04-27,37.55829007657378
2013-04-28,21.252087993162032
2013-04-29,30.863735501132606
2013-04-30,39.65753235239393
2013-05-01,75.97227280177988
2013-05-02,23.01513924461675
2013-05-03,52.77998399522971
2013-05-04,23.922555292795465
2013-05-05,5.484628248936665
2013-05-06,14.544692199675806
2013-05-07,1.5991590174631507
2013-05-08,21.98552027926953
2013-05-09,52.68856690748965
2013-05-10,103.4475503026475
2013-05-11,88.22726150570251
2013-05-12,24.094364890773278
2013-05-13,2.271815935501396
2013-05-14,0.0
2013-05-15,1.206279832362917
2013-05-16,84.04366121813752
2013-05-17,8.6668764700848
2013-05-18,7.464482396892634
2013-05-19,0.0
2013-05-20,0.4770647065956026
2013-05-21,0.033356696776962666
2013-05-22,3.599877507594836
2013-05-23,57.235392431621804
2013-05-24,6.072948584997252
2013-05-25,1.2943242025252517
2013-05-26,1.907412921617903
2013-05-27,26.381894901482973
2013-05-28,14.66911023409915
2013-05-29,38.4390167356486
2013-05-30,16.091554324103825
2013-05-31,3.6034114369794996
2013-06-01,2.019709144547203
2013-06-02,0.2637578841947633
2013-06-03,19.364323374516573
2013-06-04,17.584540904095046
2013-06-05,18.99906292452014
2013-06-06,44.18108884842621
2013-06-07,25.40172547082515
2013-06-08,37.07433648878988
2013-06-09,32.09323743386813
2013-06-10,4.916872796027801
2013-06-11,0.1094914513694885
2013-06-12,0.01931897634809557
2013-06-13,30.031262785447776
2013-06-14,27.446113193217737
2013-06-15,12.873176187973696
2013-06-16,11.63113564737949
2013-06-17,11.020717370686505
2013-06-18,12.429125703251223
2013-06-19,27.14811993689651
2013-06-20,7.1120631751574095
2013-06-21,36.414758694557015
2013-06-22,40.62031785407073
2013-06-23,43.067338581842755
2013-06-24,50.303174448024095
2013-06-25,28.556259013026132
2013-06-26,45.642892199412856
2013-06-27,40.61649145024597
2013-06-28,33.584531489286846
2013-06-29,12.740363596483569
2013-06-30,13.960449864926506
2013-07-01,8.655637291266608
2013-07-02,47.67708484322653
2013-07-03,14.710674542329757
2013-07-04,12.659493862145386
2013-07-05,5.234603598765131
2013-07-06,22.951624548641266
2013-07-07,3.4797991152926615
2013-07-08,10.055932033416386
2013-07-09,5.9639702519061615
2013-07-10,24.757150992964803
2013-07-11,36.21916967639598
2013-07-12,49.65517988984215
2013-07-13,2.7741483246494356
2013-07-14,12.603344348237588
2013-07-15,9.730273721072672
2013-07-16,32.51994741138337
2013-07-17,0.6583896673206384
2013-07-18,7.2864987053059
2013-07-19,25.9677419590027
2013-07-20,17.620698782950345
2013-07-21,27.529234391167844
2013-07-22,25.243235881573014
2013-07-23,22.793119943591897
2013-07-24,30.023856338828786
2013-07-25,15.077958350195289
2013-07-26,50.566766474962755
2013-07-27,35.06337318781145
2013-07-28,0.15363597802438603
2013-07-29,9.911853258276446
2013-07-30,52.62219777785949
2013-07-31,47.14152913043912
2013-08-01,16.232997955109997
2013-08-02,8.53577414713633
2013-08-03,28.747749919007482
2013-08-04,33.72071879563763
2013-08-05,36.63384142326514
2013-08-06,11.046689263785153
2013-08-07,27.518486823078373
2013-08-08,9.909213763645877
2013-08-09,11.296968876708393
2013-08-10,51.16230082550771
2013-08-11,37.80036145319944
2013-08-12,16.980381466380706
2013-08-13,21.39182489562754
2013-08-14,16.125577968958638
2013-08-15,8.187662695863851
2013-08-16,51.483824283763425
2013-08-17,9.806649901083217
2013-08-18,13.04279248198389
2013-08-19,20.73850870223848
2013-08-20,18.535834524689946
2013-08-21,14.674135275268318
2013-08-22,17.133620406101585
2013-08-23,17.98057918522197
2013-08-24,5.124118310573512
2013-08-25,33.07878564037208
2013-08-26,73.46002286944625
2013-08-27,28.92633091064744
2013-08-28,4.470045228604227
2013-08-29,0.07494882996755425
2013-08-30,4.258880168744463
2013-08-31,10.615637835083273
2013-09-01,13.879598981838638
2013-09-02,13.293459740627538
2013-09-03,4.129882967440171
2013-09-04,27.366884025204246
2013-09-05,27.106946598171596
2013-09-06,18.510694012068686
2013-09-07,5.273496761089167
2013-09-08,2.523518995419198
2013-09-09,11.495901729475934
2013-09-10,3.3706846533603523
2013-09-11,6.522838705912972
2013-09-12,0.0
2013-09-13,2.3247244630278234
2013-09-14,5.371294775214708
2013-09-15,8.639177935371949
2013-09-16,6.306644836990841
2013-09-17,22.155246651103116
2013-09-18,14.152224887438445
2013-09-19,9.872141948474631
2013-09-20,11.31209580765524
2013-09-21,1.2011970570272814
2013-09-22,1.9810323124114184
2013-09-23,1.4017781713460926
2013-09-24,8.195994545762275
2013-09-25,8.336441746506946
2013-09-26,13.179497571062793
2013-09-27,8.54922451663587
2013-09-28,39.156231359189945
2013-09-29,2.291368279626302
2013-09-30,0.753229162865737
2013-10-01,0.0
2013-10-02,1.2340084156465778
2013-10-03,10.067830888707523
2013-10-04,43.6293979323823
2013-10-05,103.98363373879864
2013-10-06,78.56008698132273
2013-10-07,1.521084554448665
2013-10-08,0.008456421670682255
2013-10-09,0.011859248611634586
2013-10-10,0.0
2013-10-11,0.0
2013-10-12,7.441953508647918
2013-10-13,0.37197826389277233
2013-10-14,0.9786113421693347
2013-10-15,4.876169959854998
2013-10-16,0.0
2013-10-17,0.0
2013-10-18,0.0
2013-10-19,0.0
2013-10-20,4.5672205735288225
2013-10-21,1.5742777282331288
2013-10-22,0.3527057122345905
2013-10-23,1.726902239712949
2013-10-24,0.2756869014343717
2013-10-25,1.0279226454571493
2013-10-26,0.36107087234840834
2013-10-27,0.8305520434667861
2013-10-28,0.0
2013-10-29,0.0
2013-10-30,0.0
2013-10-31,0.0
2013-11-01,0.004252854461963498
2013-11-02,0.368284116990184
2013-11-03,1.3642527345690227
2013-11-04,0.0
2013-11-05,0.3805254459391385
2013-11-06,0.0
2013-11-07,0.0
2013-11-08,0.48729164273503456
2013-11-09,0.004633207142174645
2013-11-10,0.0
2013-11-11,0.0
2013-11-12,0.0
2013-11-13,0.0
2013-11-14,0.0
2013-11-15,0.10589866435674769
2013-11-16,0.4918828558310297
2013-11-17,0.0
2013-11-18,0.0
2013-11-19,0.0
2013-11-20,0.4117183360966808
2013-11-21,0.26327650136481695
2013-11-22,0.0
2013-11-23,0.0
2013-11-24,0.10095648927355429
2013-11-25,0.01802009962521451
2013-11-26,0.0
2013-11-27,0.061847779481445625
2013-11-28,0.0
2013-11-29,0.0
2013-11-30,0.0
2013-12-01,0.7211659025666215
2013-12-02,0.0
2013-12-03,0.7332969889996935
2013-12-04,0.0
2013-12-05,0.0
2013-12-06,3.544234946061953E-4
2013-12-07,0.10634420724638463
2013-12-08,2.274739169832116
2013-12-09,1.030254667744869
2013-12-10,0.11675167755902972
2013-12-11,0.0
2013-12-12,0.0
2013-12-13,0.0
2013-12-14,0.07932666990938625
2013-12-15,0.0
2013-12-16,0.0
2013-12-17,0.0
2013-12-18,0.0
2013-12-19,0.0
2013-12-20,0.0
2013-12-21,0.04214815085829775
2013-12-22,0.0
2013-12-23,0.0
2013-12-24,0.0
2013-12-25,0.0
2013-12-26,0.028228925262531113
2013-12-27,0.010954025022757715
2013-12-28,0.0011433493285671035
2013-12-29,0.12436481938699434
2013-12-30,0.4682452223848486
2013-12-31,0.0
2014-01-01,0.025160349087323595
2014-01-02,0.008351102674489496
2014-01-03,0.0
2014-01-04,0.05679843395602057
2014-01-05,0.09502788317720351
2014-01-06,0.26113406836658437
2014-01-07,0.18056233275935502
2014-01-08,0.0
2014-01-09,0.0
2014-01-10,0.0
2014-01-11,0.0
2014-01-12,0.4517157646113175
2014-01-13,0.0
2014-01-14,0.0
2014-01-15,0.0
2014-01-16,0.0
2014-01-17,0.0
2014-01-18,0.0
2014-01-19,0.4046026951665905
2014-01-20,0.0
2014-01-21,0.0
2014-01-22,0.0013038130636818602
2014-01-23,0.10040417086005762
2014-01-24,0.0
2014-01-25,0.0
2014-01-26,0.02184945865188877
2014-01-27,0.0
2014-01-28,0.20866475813279403
2014-01-29,0.0
2014-01-30,0.002282348794443055
2014-01-31,0.0
2014-02-01,0.18569917712584544
2014-02-02,0.0
2014-02-03,0.0
2014-02-04,2.3412274709021
2014-02-05,0.15974118609336754
2014-02-06,0.0
2014-02-07,0.0
2014-02-08,0.0
2014-02-09,0.0
2014-02-10,0.04814778263769605
2014-02-11,0.01953115857491883
2014-02-12,0.0
2014-02-13,0.0
2014-02-14,0.0
2014-02-15,2.3787094759741434
2014-02-16,5.922788426619036
2014-02-17,0.0
2014-02-18,0.0
2014-02-19,0.0
2014-02-20,0.0
2014-02-21,0.0
2014-02-22,0.0
2014-02-23,1.5073713584577524
2014-02-24,2.7876121380448313
2014-02-25,0.0
2014-02-26,0.0
2014-02-27,0.0
2014-02-28,0.3109364600696111
2014-03-01,0.5978033370007624
2014-03-02,0.13925255531804384
2014-03-03,0.0
2014-03-04,0.0
2014-03-05,0.13752027150319007
2014-03-06,0.029411241967663048
2014-03-07,0.0
2014-03-08,0.13031524972139819
2014-03-09,0.0
2014-03-10,1.7694787002250143
2014-03-11,0.07132156271034983
2014-03-12,0.0
2014-03-13,0.7651634844630343
2014-03-14,0.12112241839430828
2014-03-15,1.3727483121033737
2014-03-16,0.0
2014-03-17,0.0
2014-03-18,0.0
2014-03-19,1.1766446987338925
2014-03-20,0.7542011541493294
2014-03-21,0.0
2014-03-22,43.63802739947152
2014-03-23,0.8790791484181916
2014-03-24,4.485983167695665
2014-03-25,0.10133814398370798
2014-03-26,5.99675656988041
2014-03-27,7.703069392401196
2014-03-28,0.6534750292333222
2014-03-29,0.0
2014-03-30,0.0
2014-03-31,0.0438356863259509
2014-04-01,0.0
2014-04-02,0.07706095248600071
2014-04-03,14.090993358088022
2014-04-04,0.1533654788006988
2014-04-05,0.0
2014-04-06,0.0
2014-04-07,13.632005437036755
2014-04-08,43.39071353181307
2014-04-09,7.253953492786697
2014-04-10,0.24787945361972047
2014-04-11,0.0
2014-04-12,1.508152758241395
2014-04-13,0.0
2014-04-14,0.0
2014-04-15,0.0
2014-04-16,3.922105727280062
2014-04-17,26.352768551518572
2014-04-18,0.6004271662858878
2014-04-19,5.0025333158720215
2014-04-20,0.0
2014-04-21,0.0
2014-04-22,0.0
2014-04-23,0.0
2014-04-24,0.0
2014-04-25,2.449628448534429
2014-04-26,13.460849106015317
2014-04-27,19.71896275621935
2014-04-28,1.383110610746662
2014-04-29,17.859515149294182
2014-04-30,0.0
2014-05-01,55.55354254999931
2014-05-02,9.551667690372977
2014-05-03,8.27055164261538
2014-05-04,19.9263531105987
2014-05-05,16.2030343396328
2014-05-06,28.082401189120176
2014-05-07,34.91532118162451
2014-05-08,32.94095928551353
2014-05-09,96.60461158454012
2014-05-10,13.234611226869188
2014-05-11,5.430096547077036
2014-05-12,11.517721110821618
2014-05-13,27.910277859178766
2014-05-14,18.188147027682856
2014-05-15,13.924761001675671
2014-05-16,4.257679994906913
2014-05-17,10.434157951173534
2014-05-18,4.519077382325043
2014-05-19,6.537328464805323
2014-05-20,3.2741842309143063
2014-05-21,6.940608320145106
2014-05-22,2.6889713013230683
2014-05-23,0.1771155430590595
2014-05-24,23.384253244006583
2014-05-25,14.48600893135786
2014-05-26,9.938282190511273
2014-05-27,21.065123416630612
2014-05-28,54.5011010476315
2014-05-29,7.950213271304489
2014-05-30,10.006704974700492
2014-05-31,35.813247454344435
2014-06-01,0.8763414195685789
2014-06-02,4.545450473915828
2014-06-03,13.552514819942965
2014-06-04,13.039014779321903
2014-06-05,17.583361798485164
2014-06-06,4.912757640468564
2014-06-07,5.914784881765899
2014-06-08,10.029548487094491
2014-06-09,58.683983668891926
2014-06-10,61.21925986267832
2014-06-11,27.724806762707207
2014-06-12,30.84656359266909
2014-06-13,32.16808971584861
2014-06-14,10.685026269769628
2014-06-15,11.631820855014515
2014-06-16,7.85430284488514
2014-06-17,27.35441328636962
2014-06-18,70.07278813749026
2014-06-19,35.256901710867254
2014-06-20,7.664195384395025
2014-06-21,48.17048707033263
2014-06-22,21.684737518682162
2014-06-23,87.18914228871995
2014-06-24,2.1802624329311597
2014-06-25,9.259846763076322
2014-06-26,42.91712857303227
2014-06-27,0.021917585540970255
2014-06-28,0.9088267391947888
2014-06-29,24.024297306929146
2014-06-30,38.01019699174518
2014-07-01,27.28677400556589
2014-07-02,22.652112663449927
2014-07-03,25.69448902276971
2014-07-04,38.90592427735054
2014-07-05,1.0659910654275644
2014-07-06,33.94200562540456
2014-07-07,48.0130949166929
2014-07-08,23.91601317756279
2014-07-09,8.754863373556406
2014-07-10,17.581808438295226
2014-07-11,19.808488511625747
2014-07-12,22.055118743610446
2014-07-13,37.18536102217145
2014-07-14,45.12674066769025
2014-07-15,27.509391065532245
2014-07-16,22.095846934517695
2014-07-17,2.4339103504967636
2014-07-18,25.6997591836271
2014-07-19,28.994393217304506
2014-07-20,9.80866438991072
2014-07-21,17.58975280158312
2014-07-22,3.5469546872215223
2014-07-23,3.0522806138749576
2014-07-24,39.48227847030082
2014-07-25,7.073806134169936
2014-07-26,15.858036878631891
2014-07-27,32.756370974289226
2014-07-28,33.424703201494076
2014-07-29,28.54987130293236
2014-07-30,17.055962002122286
2014-07-31,24.18277542435061
2014-08-01,12.221215545956174
2014-08-02,23.419541449946724
2014-08-03,13.79514276457372
2014-08-04,9.479382838937008
2014-08-05,0.25685350560887715
2014-08-06,4.7334501355619825
2014-08-07,15.241255753730158
2014-08-08,11.01171367348108
2014-08-09,4.6094918699999115
2014-08-10,0.1657686853798022
2014-08-11,0.17021184972227377
2014-08-12,7.699805118975336
2014-08-13,54.02453544908166
2014-08-14,52.651918045592375
2014-08-15,46.65335581991565
2014-08-16,26.812450292489604
2014-08-17,63.59763644303883
2014-08-18,19.597948722625958
2014-08-19,18.794128672891716
2014-08-20,9.282311890719393
2014-08-21,11.657372153208174
2014-08-22,17.59590844712896
2014-08-23,27.287540104223922
2014-08-24,35.79489812551889
2014-08-25,24.701814890830427
2014-08-26,2.628917297771258
2014-08-27,9.309218691998769
2014-08-28,13.674059826349064
2014-08-29,7.667363226019671
2014-08-30,30.206713789422654
2014-08-31,15.320467062918548
2014-09-01,12.88280823421737
2014-09-02,5.0336403644582886
2014-09-03,11.0053841225729
2014-09-04,29.96374599003978
2014-09-05,12.62729123795345
2014-09-06,36.47389051973633
2014-09-07,39.58231599445021
2014-09-08,12.346690799867197
2014-09-09,0.09838568974381312
2014-09-10,1.0312881590475411
2014-09-11,3.5880670742891456
2014-09-12,4.861378706810639
2014-09-13,10.791378557264885
2014-09-14,13.7372569745666
2014-09-15,12.011469915652071
2014-09-16,12.338773572410124
2014-09-17,4.535017417122999
2014-09-18,84.10466617001349
2014-09-19,38.28635413606607
2014-09-20,25.302484909093877
2014-09-21,77.16668932519441
2014-09-22,121.55667630530836
2014-09-23,51.14134649704605
2014-09-24,14.171320249517137
2014-09-25,19.04862958561112
2014-09-26,69.27820395304705
2014-09-27,7.764243246890288
2014-09-28,0.13851301156322954
2014-09-29,0.0
2014-09-30,0.0
2014-10-01,0.0
2014-10-02,0.0
2014-10-03,0.0
2014-10-04,0.0
2014-10-05,0.0
2014-10-06,0.0
2014-10-07,1.3809034078738887
2014-10-08,0.0
2014-10-09,0.0
2014-10-10,0.8175709599343873
2014-10-11,6.504222170532467
2014-10-12,0.3147338292717532
2014-10-13,5.021312938795426
2014-10-14,6.509614284781405
2014-10-15,7.894424265236692
2014-10-16,5.592966557326128
2014-10-17,0.0
2014-10-18,0.0
2014-10-19,0.0
2014-10-20,0.0
2014-10-21,0.0
2014-10-22,0.1533170673742988
2014-10-23,0.0147606676363769
2014-10-24,0.0
2014-10-25,0.0
2014-10-26,21.235847925549592
2014-10-27,33.069053138050705
2014-10-28,0.9327499573710396
2014-10-29,0.07383439234001896
2014-10-30,0.0018223779672915795
2014-10-31,0.0029501468455582504
2014-11-01,0.0
2014-11-02,0.0
2014-11-03,0.0
2014-11-04,0.05001340193636932
2014-11-05,1.1702831734050145
2014-11-06,0.4308142240873747
2014-11-07,0.0
2014-11-08,0.22024520225632324
2014-11-09,0.47626468948487616
2014-11-10,0.0
2014-11-11,0.2029702087892219
2014-11-12,0.012020235296947419
2014-11-13,0.0
2014-11-14,0.056699226666261725
2014-11-15,0.0
2014-11-16,0.35914219559557403
2014-11-17,0.0
2014-11-18,0.010762189175883919
2014-11-19,0.02886219060377954
2014-11-20,0.004067835137323466
2014-11-21,0.5502042529281781
2014-11-22,0.0
2014-11-23,0.0
2014-11-24,0.0
2014-11-25,0.48144238574810627
2014-11-26,0.016982748409509568
2014-11-27,0.11603670220329881
2014-11-28,0.0
2014-11-29,0.0
2014-11-30,0.0
2014-12-01,0.009534105855036865
2014-12-02,0.1919356521119458
2014-12-03,0.31709137487887057
2014-12-04,0.0
2014-12-05,0.0
2014-12-06,0.5904900503872641
2014-12-07,0.006531992835506181
2014-12-08,0.11527307662048847
2014-12-09,0.0
2014-12-10,0.019194230047583614
2014-12-11,0.0
2014-12-12,0.0
2014-12-13,0.05153007553056459
2014-12-14,0.00653026134626988
2014-12-15,0.0028332647134422222
2014-12-16,0.0
2014-12-17,0.13414201240336057
2014-12-18,0.0
2014-12-19,0.0
2014-12-20,0.0
2014-12-21,0.0
2014-12-22,0.0
2014-12-23,0.0049723807601105416
2014-12-24,0.0
2014-12-25,0.07311318526970545
2014-12-26,0.0
2014-12-27,0.007619335482280927
2014-12-28,0.007089227599071305
2014-12-29,0.0
2014-12-30,0.0
2014-12-31,0.9818515640964609
2015-01-01,0.0
2015-01-02,0.0
2015-01-03,0.0
2015-01-04,0.27920844227809705
2015-01-05,0.0
2015-01-06,0.0
2015-01-07,0.0
2015-01-08,0.0
2015-01-09,1.1233155010903604
2015-01-10,0.0
2015-01-11,0.1583649693313743
2015-01-12,0.0
2015-01-13,0.07266628671788362
2015-01-14,0.0
2015-01-15,0.40231698068162025
2015-01-16,0.0
2015-01-17,0.5532145698686989
2015-01-18,0.0
2015-01-19,0.0
2015-01-20,0.0
2015-01-21,0.0
2015-01-22,0.023547371256491124
2015-01-23,2.3718169259841617
2015-01-24,0.10468194859981958
2015-01-25,0.0
2015-01-26,0.0
2015-01-27,0.0
2015-01-28,0.0
2015-01-29,2.9979926137230897
2015-01-30,0.8531772349960961
2015-01-31,0.0
2015-02-01,0.11886180003508658
2015-02-02,0.0
2015-02-03,0.0
2015-02-04,0.033223529971793335
2015-02-05,0.5013411815941422
2015-02-06,2.8984791080102568
2015-02-07,0.11782684864518225
2015-02-08,0.059073784667281366
2015-02-09,0.31688442019346447
2015-02-10,1.337512595433726
2015-02-11,0.31744615539974086
2015-02-12,0.024016447501511554
2015-02-13,0.5678052963742835
2015-02-14,0.0
2015-02-15,0.2802961113292019
2015-02-16,0.0
2015-02-17,0.0
2015-02-18,1.0729144354376514
2015-02-19,1.567831753358869
2015-02-20,0.0
2015-02-21,0.1356593377934151
2015-02-22,0.3905771751651
2015-02-23,0.0
2015-02-24,0.0
2015-02-25,0.0
2015-02-26,23.280990093413614
2015-02-27,3.22236153361124
2015-02-28,0.1363786465515743
2015-03-01,2.3585393246096165
2015-03-02,0.0
2015-03-03,0.0
2015-03-04,0.0
2015-03-05,0.0
2015-03-06,0.0
2015-03-07,0.0
2015-03-08,0.0
2015-03-09,0.0
2015-03-10,0.0
2015-03-11,0.0
2015-03-12,0.0
2015-03-13,0.0
2015-03-14,0.0
2015-03-15,0.0
2015-03-16,0.0
2015-03-17,0.0
2015-03-18,0.0
2015-03-19,0.0
2015-03-20,0.0
2015-03-21,0.0
2015-03-22,0.0
2015-03-23,0.09901870764326834
2015-03-24,1.6638577655139142
2015-03-25,7.697567775938724
2015-03-26,0.9859333853294758
2015-03-27,8.487518815576472
2015-03-28,15.472947639898434
2015-03-29,2.7569281868617703
2015-03-30,28.060285119989725
2015-03-31,1.4417040271444705
2015-04-01,48.03165824783985
2015-04-02,35.30544803922349
2015-04-03,1.8294307568859929
2015-04-04,50.91503361718897
2015-04-05,26.767578614903105
2015-04-06,5.884779295525397
2015-04-07,39.981673368944755
2015-04-08,0.0
2015-04-09,0.15963009244638304
2015-04-10,0.0
2015-04-11,13.995494617171486
2015-04-12,24.249084078265533
2015-04-13,0.059646312838277774
2015-04-14,0.046006730507856614
2015-04-15,0.0
2015-04-16,0.0
2015-04-17,0.49164549494737
2015-04-18,14.04216674972395
2015-04-19,0.02318810906930771
2015-04-20,23.031373478625436
2015-04-21,59.166078902770884
2015-04-22,55.59072653074437
2015-04-23,13.637393286977515
2015-04-24,5.457492557306466
2015-04-25,8.305356096426733
2015-04-26,0.28829409236958575
2015-04-27,0.0
2015-04-28,1.2611566703327
2015-04-29,0.2998657973168439
2015-04-30,0.418031755674229
2015-05-01,15.697033749699134
2015-05-02,41.77671884116923
2015-05-03,1.6158797227184778
2015-05-04,3.9410521871840865
2015-05-05,5.293473906683441
2015-05-06,5.6011195877581095
2015-05-07,47.70804150589708
2015-05-08,0.013520758314312993
2015-05-09,4.087067606026373
2015-05-10,53.94677192242786
2015-05-11,39.3044156528705
2015-05-12,22.24899122465821
2015-05-13,9.138719400556296
2015-05-14,23.625213413779246
2015-05-15,59.32798508444704
2015-05-16,22.182812899997515
2015-05-17,4.9114166345027614
2015-05-18,0.020982354653670623
2015-05-19,0.0
2015-05-20,2.131158230201194
2015-05-21,22.814281026147857
2015-05-22,58.92165125908569
2015-05-23,42.92206934183847
2015-05-24,12.94104602267554
2015-05-25,5.914751960363828
2015-05-26,3.9170251849969433
2015-05-27,13.213200120494436
2015-05-28,17.597814907498055
2015-05-29,39.118413588830364
2015-05-30,47.941521954904054
2015-05-31,23.080056803162243
2015-06-01,16.140543564272367
2015-06-02,24.774352890657187
2015-06-03,3.127055586507574
2015-06-04,1.6504731123411922
2015-06-05,33.34594463582543
2015-06-06,29.82978977067045
2015-06-07,13.187568206143476
2015-06-08,17.187809316628748
2015-06-09,37.8595205028791
2015-06-10,48.41636220824935
2015-06-11,56.51322500648279
2015-06-12,38.29835824330913
2015-06-13,36.015245440412
2015-06-14,15.20087303809175
2015-06-15,8.283076761638387
2015-06-16,17.119050043031386
2015-06-17,9.127818541143746
2015-06-18,13.21699174069485
2015-06-19,30.101249079102935
2015-06-20,38.09032468597046
2015-06-21,22.37576844396808
2015-06-22,9.598025113954169
2015-06-23,7.8436901893445885
2015-06-24,16.045280035762065
2015-06-25,24.49177868647745
2015-06-26,5.603004227959611
2015-06-27,4.20755794909367
2015-06-28,2.1773320439549937
2015-06-29,0.0036470195795101587
2015-06-30,0.0
2015-07-01,1.7058951394474022
2015-07-02,0.0
2015-07-03,10.863811654721657
2015-07-04,41.05373643710493
2015-07-05,40.072231745230695
2015-07-06,28.331133876072645
2015-07-07,17.194716789427414
2015-07-08,39.68505465637003
2015-07-09,46.36923478504634
2015-07-10,9.659625383588338
2015-07-11,17.816536437419344
2015-07-12,0.42748748093231514
2015-07-13,12.695455930468226
2015-07-14,100.29710805254653
2015-07-15,65.42935824657997
2015-07-16,45.22517507992514
2015-07-17,25.884324655398675
2015-07-18,7.690586162246243
2015-07-19,33.91711592929456
2015-07-20,34.081074997847985
2015-07-21,39.95051339260375
2015-07-22,27.977600155819427
2015-07-23,21.610861608707808
2015-07-24,30.09948660735504
2015-07-25,9.098494686524747
2015-07-26,4.368924145300596
2015-07-27,0.24371998671959094
2015-07-28,2.500891090884792
2015-07-29,2.6477522193628684
2015-07-30,3.5816549976594723
2015-07-31,11.711922191834033
2015-08-01,12.889004123206579
2015-08-02,3.833955575009179
2015-08-03,15.06233964477542
2015-08-04,16.681645566178496
2015-08-05,11.025114598450111
2015-08-06,9.106376877991572
2015-08-07,23.822031099263523
2015-08-08,13.89716797181335
2015-08-09,8.004864202353685
2015-08-10,27.15069190430348
2015-08-11,8.686545268066055
2015-08-12,12.349622570920108
2015-08-13,4.3885475668533935
2015-08-14,6.784080970888178
2015-08-15,20.489969198543335
2015-08-16,0.6760084312767136
2015-08-17,3.904112113670492
2015-08-18,35.40776307356208
2015-08-19,75.5594789929181
2015-08-20,31.58825346536663
2015-08-21,1.3498571733881752
2015-08-22,19.132946216762598
2015-08-23,28.649438252398696
2015-08-24,24.15854996757254
2015-08-25,25.648771951962352
2015-08-26,35.41254370407732
2015-08-27,18.755373072827414
2015-08-28,2.910835810331882
2015-08-29,16.3629428743294
2015-08-30,41.8750322856045
2015-08-31,40.32830621554025
2015-09-01,15.795898187603909
2015-09-02,7.865164850491751
2015-09-03,37.71675210464769
2015-09-04,21.043288536615627
2015-09-05,0.5059346348151461
2015-09-06,2.7559409753089295
2015-09-07,4.7861541551201645
2015-09-08,1.9470963212971621
2015-09-09,4.717303709010285
2015-09-10,19.093028675276674
2015-09-11,5.009421005358477
2015-09-12,2.648462306663205
2015-09-13,6.686064106991176
2015-09-14,12.151818888280616
2015-09-15,7.90208346764255
2015-09-16,0.4107543282541005
2015-09-17,0.8685560188401585
2015-09-18,8.982291200699438
2015-09-19,17.403138421708753
2015-09-20,0.5619782969318055
2015-09-21,18.83909093987839
2015-09-22,32.815413386365485
2015-09-23,75.15034892965208
2015-09-24,24.971689842506283
2015-09-25,0.02341770338316072
2015-09-26,0.0
2015-09-27,0.0
2015-09-28,0.0
2015-09-29,0.026853036733643518
2015-09-30,0.019581537646698524
2015-10-01,0.4089463907074063
2015-10-02,1.5936656427038085
2015-10-03,3.74564392426456
2015-10-04,7.715028134310838
2015-10-05,17.53591101667186
2015-10-06,3.713311749193851
2015-10-07,30.489122762051085
2015-10-08,17.60252605065733
2015-10-09,6.308185851997313
2015-10-10,0.03171511175504105
2015-10-11,0.03429956579446973
2015-10-12,0.0
2015-10-13,0.4286805321780537
2015-10-14,0.0
2015-10-15,0.0
2015-10-16,0.0
2015-10-17,0.0
2015-10-18,0.0
2015-10-19,0.0
2015-10-20,0.0
2015-10-21,0.0
2015-10-22,0.0
2015-10-23,0.0
2015-10-24,0.0
2015-10-25,0.0
2015-10-26,0.0
2015-10-27,0.0
2015-10-28,0.0
2015-10-29,0.07153272874560672
2015-10-30,23.169096296332963
2015-10-31,10.272898022905578
2015-11-01,9.908705170973182
2015-11-02,0.5391397884945168
2015-11-03,0.11287092659944316
2015-11-04,0.0
2015-11-05,0.0
2015-11-06,1.1483346005443589
2015-11-07,0.2135322907901358
2015-11-08,0.0
2015-11-09,0.02279407836462553
2015-11-10,1.3477201743510745
2015-11-11,0.013003663696118882
2015-11-12,0.0
2015-11-13,0.0
2015-11-14,0.0
2015-11-15,0.0
2015-11-16,0.0
2015-11-17,0.5250665671240029
2015-11-18,0.23583171976583928
2015-11-19,0.0
2015-11-20,0.0
2015-11-21,0.0
2015-11-22,0.0
2015-11-23,0.2052759645502962
2015-11-24,0.4756681428529109
2015-11-25,0.057898303271906204
2015-11-26,0.0
2015-11-27,0.0
2015-11-28,0.0801414023137073
2015-11-29,0.0
2015-11-30,0.0033819295955391914
2015-12-01,0.0
2015-12-02,0.0
2015-12-03,4.723645431684881
2015-12-04,0.0
2015-12-05,0.0
2015-12-06,0.0
2015-12-07,0.38207193171929943
2015-12-08,0.49889587689931486
2015-12-09,0.0
2015-12-10,0.0
2015-12-11,0.0
2015-12-12,0.0
2015-12-13,0.0
2015-12-14,0.0
2015-12-15,0.02454043403678102
2015-12-16,0.0
2015-12-17,0.0
2015-12-18,0.09224646826189084
2015-12-19,0.019771678161161096
2015-12-20,0.0
2015-12-21,0.018831698168176557
2015-12-22,0.0
2015-12-23,0.0
2015-12-24,0.016334261797764
2015-12-25,0.006649248253471572
2015-12-26,0.7694750144191903
2015-12-27,0.3969118956864847
2015-12-28,0.0
2015-12-29,0.011226101397129632
2015-12-30,0.0
2015-12-31,2.3119846504537933
2016-01-01,0.0
2016-01-02,0.0
2016-01-03,0.06581869231806611
2016-01-04,0.0
2016-01-05,0.0
2016-01-06,0.0
2016-01-07,0.0
2016-01-08,0.0
2016-01-09,2.2759613197153414
2016-01-10,0.0
2016-01-11,0.0
2016-01-12,0.029479902353423144
2016-01-13,0.04985823262348087
2016-01-14,1.5752558013701294
2016-01-15,0.03765851495637393
2016-01-16,0.0
2016-01-17,0.0
2016-01-18,0.0
2016-01-19,0.0
2016-01-20,4.35121537704041
2016-01-21,0.027847304494689747
2016-01-22,0.0
2016-01-23,0.0
2016-01-24,0.0
2016-01-25,0.0
2016-01-26,0.0
2016-01-27,0.0
2016-01-28,0.07457910107877927
2016-01-29,0.21338358142506245
2016-01-30,0.0
2016-01-31,0.4841107790874456
2016-02-01,1.5275406628407946
2016-02-02,0.0
2016-02-03,0.0
2016-02-04,0.0
2016-02-05,0.0028067515896460105
2016-02-06,0.0
2016-02-07,0.0
2016-02-08,0.0
2016-02-09,0.10297913900774762
2016-02-10,0.0
2016-02-11,0.0012309782989451275
2016-02-12,1.6949280969740697
2016-02-13,0.0
2016-02-14,0.0
2016-02-15,0.0
2016-02-16,0.67055059677384
2016-02-17,0.020006496855225486
2016-02-18,0.0
2016-02-19,0.014736105581527024
2016-02-20,0.5634765842193848
2016-02-21,0.30580722561610135
2016-02-22,0.3883607448867048
2016-02-23,0.5382773463042696
2016-02-24,9.597449448717818
2016-02-25,0.0
2016-02-26,15.747402195869736
2016-02-27,0.7168906066377684
2016-02-28,0.26613643330441517
2016-02-29,0.29563410486783376
2016-03-01,0.0
2016-03-02,0.3034200141764021
2016-03-03,0.0
2016-03-04,2.0005599016872924
2016-03-05,0.0
2016-03-06,2.69815751958754
2016-03-07,0.0
2016-03-08,0.0
2016-03-09,0.0
2016-03-10,0.0
2016-03-11,0.40313502551520153
2016-03-12,0.0
2016-03-13,0.05609106249380064
2016-03-14,0.0
2016-03-15,0.0058449472349226496
2016-03-16,0.2929647509019218
2016-03-17,0.0
2016-03-18,0.0
2016-03-19,0.0
2016-03-20,0.0
2016-03-21,0.0
2016-03-22,0.0
2016-03-23,0.0
2016-03-24,0.0
2016-03-25,0.0
2016-03-26,0.0
2016-03-27,5.898781436965751
2016-03-28,34.01580040881784
2016-03-29,28.16749717302485
2016-03-30,33.50446914425213
2016-03-31,30.29465991825104
2016-04-01,7.89085824476195
2016-04-02,0.0
2016-04-03,19.261531216483128
2016-04-04,32.358837191245236
2016-04-05,41.38419873910893
2016-04-06,15.565730839588452
2016-04-07,7.79162617233478
2016-04-08,5.086884393321382
2016-04-09,1.9163824355071495
2016-04-10,1.4390492153101362
2016-04-11,0.9884991288598487
2016-04-12,0.5861676356570672
2016-04-13,1.728951147864534
2016-04-14,20.798176790880504
2016-04-15,18.27458049047272
2016-04-16,32.167066133766674
2016-04-17,42.90324077493188
2016-04-18,9.302165379472129
2016-04-19,23.94309703445636
2016-04-20,21.201145269392615
2016-04-21,19.23113775931755
2016-04-22,7.327682547976266
2016-04-23,9.00070115240233
2016-04-24,3.221343593810818
2016-04-25,9.264953336560255
2016-04-26,17.252355209200594
2016-04-27,23.401329804484885
2016-04-28,8.355430654838965
2016-04-29,4.325602197120641
2016-04-30,7.375294400119319
2016-05-01,11.031988869151498
2016-05-02,17.95742758796728
2016-05-03,14.152144454554069
2016-05-04,19.783379884703503
2016-05-05,8.998401194664348
2016-05-06,5.814946810742795
2016-05-07,33.793933408672814
2016-05-08,0.0
2016-05-09,1.5043232019671238
2016-05-10,5.410251997312053
2016-05-11,8.666678546793786
2016-05-12,44.66309457474593
2016-05-13,10.606402962982521
2016-05-14,34.57738367527985
2016-05-15,50.5975495197712
2016-05-16,22.26444512665536
2016-05-17,39.113696782472935
2016-05-18,43.97116324880391
2016-05-19,26.65058148235453
2016-05-20,11.482584805630028
2016-05-21,104.34551321457673
2016-05-22,0.0
2016-05-23,0.0
2016-05-24,6.849063828633659
2016-05-25,3.9657956733062676
2016-05-26,0.0
2016-05-27,0.0
2016-05-28,15.731893318620168
2016-05-29,6.860458237162249
2016-05-30,12.6533520914523
2016-05-31,7.661989603388973
2016-06-01,0.0
2016-06-02,0.0
2016-06-03,10.192449850667813
2016-06-04,21.51838903791139
2016-06-05,8.46281862728816
2016-06-06,24.981146276901356
2016-06-07,55.84400530711621
2016-06-08,3.4221307671322396
2016-06-09,3.7642994373473173
2016-06-10,16.772037533441924
2016-06-11,13.269915830726122
2016-06-12,21.806541806086337
2016-06-13,1.4974172523236182
2016-06-14,13.18798771532405
2016-06-15,35.811167353699894
2016-06-16,33.48396623160382
2016-06-17,42.09202358870251
2016-06-18,5.362728276737709
2016-06-19,7.661007652813246
2016-06-20,25.354232208063813
2016-06-21,25.459317139963634
2016-06-22,40.614596404923034
2016-06-23,38.747368001488525
2016-06-24,5.2193239544224745
2016-06-25,1.5534849164593825
2016-06-26,23.357453627567306
2016-06-27,43.91011040034842
2016-06-28,1.6838313034134151
2016-06-29,29.67531797508185
2016-06-30,44.15347815130235
2016-07-01,9.307176004379446
2016-07-02,31.305314518388965
2016-07-03,34.52708116430634
2016-07-04,14.474519985892755
2016-07-05,0.7295155969059992
2016-07-06,9.675392471379329
2016-07-07,15.499060489141462
2016-07-08,30.32375008424885
2016-07-09,49.406766851498205
2016-07-10,10.405580173066735
2016-07-11,14.943996209969814
2016-07-12,2.987725620349337
2016-07-13,5.934693484589407
2016-07-14,5.5292562323042365
2016-07-15,19.793281562567962
2016-07-16,10.9235275181212
2016-07-17,3.1140398320964864
2016-07-18,27.17287898466564
2016-07-19,43.51754682685065
2016-07-20,36.8910633349257
2016-07-21,26.507398347242113
2016-07-22,8.934431870782422
2016-07-23,13.151084735526535
2016-07-24,5.500284669454066
2016-07-25,16.041295787309007
2016-07-26,0.1290898460803447
2016-07-27,10.160491370535928
2016-07-28,10.404164700970915
2016-07-29,19.000415578419023
2016-07-30,32.87905635463957
2016-07-31,2.9408464943135306
2016-08-01,11.616367914927599
2016-08-02,7.322979611349788
2016-08-03,9.919826863559177
2016-08-04,20.30374663418744
2016-08-05,38.04911364048489
2016-08-06,9.371395535962378
2016-08-07,7.91741942757259
2016-08-08,16.44449387146533
2016-08-09,16.281922417665513
2016-08-10,15.75752473738239
2016-08-11,7.251347031347124
2016-08-12,13.484081362474125
2016-08-13,22.91401036258186
2016-08-14,30.24852164373706
2016-08-15,46.00750247243047
2016-08-16,10.728149177541196
2016-08-17,9.594725423493825
2016-08-18,3.1491731662998377
2016-08-19,0.0
2016-08-20,6.02491090876217
2016-08-21,18.77684868325539
2016-08-22,0.0
2016-08-23,1.5454983355431648
2016-08-24,0.1621328200624124
2016-08-25,33.33309488526689
2016-08-26,0.42377807519787586
2016-08-27,9.674462706759236
2016-08-28,10.334618217942511
2016-08-29,13.226903382595815
2016-08-30,32.464794530739326
2016-08-31,44.44562703955337
2016-09-01,41.97546570270653
2016-09-02,19.35916977037708
2016-09-03,20.902936860933725
2016-09-04,10.190175151562434
2016-09-05,20.196473095858856
2016-09-06,32.68145082453239
2016-09-07,14.789338201572209
2016-09-08,3.613041624803926
2016-09-09,0.8850063658227213
2016-09-10,7.431829413782629
2016-09-11,13.215141225236524
2016-09-12,26.682605961295295
2016-09-13,29.089107852969043
2016-09-14,13.535458293423522
2016-09-15,1.7950426385707066
2016-09-16,10.113312039999808
2016-09-17,12.728127267370807
2016-09-18,25.565184535244754
2016-09-19,18.12443664522355
2016-09-20,24.93839145552061
2016-09-21,25.07724354446256
2016-09-22,7.726024952726664
2016-09-23,23.79901298658105
2016-09-24,10.388541965146416
2016-09-25,31.112908024117804
2016-09-26,5.488932757296137
2016-09-27,0.6375573511230681
2016-09-28,13.99865714681954
2016-09-29,5.511000440620158
2016-09-30,4.3760822886824355
2016-10-01,6.342050874205283
2016-10-02,14.475240419962265
2016-10-03,0.28310347871298996
2016-10-04,2.8642759784789735
2016-10-05,13.974829005624827
2016-10-06,12.499945303531899
2016-10-07,18.27207341813291
2016-10-08,14.052973665041574
2016-10-09,21.324245673626184
2016-10-10,19.972648249948598
2016-10-11,1.0297078891783478
2016-10-12,0.04307381635817851
2016-10-13,0.16702454012808413
2016-10-14,0.0
2016-10-15,0.0
2016-10-16,0.0
2016-10-17,0.0
2016-10-18,0.0
2016-10-19,0.0
2016-10-20,0.0
2016-10-21,0.0
2016-10-22,0.0
2016-10-23,0.0
2016-10-24,2.251568516114028
2016-10-25,0.14501412303292652
2016-10-26,0.0679655808842659
2016-10-27,5.0944008788024036
2016-10-28,0.0
2016-10-29,0.0
2016-10-30,0.0
2016-10-31,0.0
2016-11-01,0.07360967250266749
2016-11-02,0.22655290284862606
2016-11-03,1.968526440531816
2016-11-04,5.800225060782562
2016-11-05,63.481291332261925
2016-11-06,14.076716447080072
2016-11-07,0.0
2016-11-08,0.0
2016-11-09,0.0
2016-11-10,0.0
2016-11-11,0.0030751046302182586
2016-11-12,0.0
2016-11-13,0.0
2016-11-14,0.0
2016-11-15,0.0
2016-11-16,0.2899071099747871
2016-11-17,0.0
2016-11-18,0.0
2016-11-19,0.0
2016-11-20,0.0
2016-11-21,0.0
2016-11-22,0.0
2016-11-23,0.0
2016-11-24,0.0
2016-11-25,0.05575727742226345
2016-11-26,0.0
2016-11-27,0.013170121775766421
2016-11-28,0.01968809488113189
2016-11-29,0.0
2016-11-30,0.0
2016-12-01,1.2401942499914511
2016-12-02,0.5144014639751446
2016-12-03,0.25300877031078994
2016-12-04,0.43630747602951053
2016-12-05,0.0
2016-12-06,0.0
2016-12-07,0.0
2016-12-08,0.0
2016-12-09,0.8742140135832983
2016-12-10,0.030938236935275844
2016-12-11,0.2681018332451927
2016-12-12,0.0
2016-12-13,0.0
2016-12-14,0.011130235275448068
2016-12-15,0.0
2016-12-16,0.0
2016-12-17,0.023767515932346193
2016-12-18,0.0
2016-12-19,0.0
2016-12-20,0.0
2016-12-21,0.0
2016-12-22,0.0
2016-12-23,0.0571148872637355
2016-12-24,0.0
2016-12-25,0.0
2016-12-26,2.5851452492228977
2016-12-27,0.0
2016-12-28,0.0
2016-12-29,0.0
2016-12-30,0.0
2016-12-31,0.0
2017-01-01,0.002234111315654624
2017-01-02,0.0
2017-01-03,0.0
2017-01-04,0.0
2017-01-05,0.0011727377161420143
2017-01-06,0.0
2017-01-07,0.0
2017-01-08,0.0
2017-01-09,0.01845005152705603
2017-01-10,0.1628060095661133
2017-01-11,0.0
2017-01-12,0.0
2017-01-13,0.13152579414328613
2017-01-14,0.16622346465869609
2017-01-15,0.0
2017-01-16,0.10052315852974829
2017-01-17,0.20206948489597112
2017-01-18,0.047823849506092024
2017-01-19,0.0
2017-01-20,0.042534289429808705
2017-01-21,0.0
2017-01-22,0.002525073515066481
2017-01-23,0.07357223403117447
2017-01-24,0.0
2017-01-25,0.05022683175347603
2017-01-26,0.32286182992394313
2017-01-27,0.0
2017-01-28,0.5768859964112947
2017-01-29,0.009305319230096679
2017-01-30,0.0
2017-01-31,0.0
2017-02-01,0.03664858045925868
2017-02-02,0.3126049248672675
2017-02-03,0.0
2017-02-04,1.4807883353877982
2017-02-05,0.0
2017-02-06,0.0
2017-02-07,3.775325976278423
2017-02-08,0.0
2017-02-09,0.326822481838573
2017-02-10,0.5928083476778545
2017-02-11,0.0
2017-02-12,0.5479983969842672
2017-02-13,0.0
2017-02-14,0.9438626541822587
2017-02-15,0.0
2017-02-16,0.0
2017-02-17,0.0
2017-02-18,0.0
2017-02-19,0.0
2017-02-20,6.101304093029974
2017-02-21,0.08158545371841765
2017-02-22,0.8885625791317283
2017-02-23,0.068879299561374
2017-02-24,0.0
2017-02-25,0.0
2017-02-26,0.1789435179414757
2017-02-27,0.0
2017-02-28,0.3333910659407322
2017-03-01,0.0
2017-03-02,0.0
2017-03-03,0.0
2017-03-04,0.0
2017-03-05,0.053864019942173755
2017-03-06,0.0
2017-03-07,0.0
2017-03-08,0.06408907953119498
2017-03-09,0.0
2017-03-10,21.175665934049405
2017-03-11,0.04254839721052485
2017-03-12,0.0
2017-03-13,0.0
2017-03-14,0.0
2017-03-15,0.0
2017-03-16,0.0
2017-03-17,0.0
2017-03-18,0.7583665103568563
2017-03-19,0.0053722511920075685
2017-03-20,0.0
2017-03-21,0.0
2017-03-22,0.0
2017-03-23,0.0
2017-03-24,0.0
2017-03-25,6.1417518207001365
2017-03-26,0.0029744900249948723
2017-03-27,8.103882554754113
2017-03-28,6.949681872434159
2017-03-29,66.75969571411628
2017-03-30,43.60780670180388
2017-03-31,99.03561605524453
2017-04-01,36.67783512919474
2017-04-02,46.20947413972338
2017-04-03,18.883911984838786
2017-04-04,3.6389482601148724
2017-04-05,14.22330091165302
2017-04-06,0.0
2017-04-07,0.8247992152225584
2017-04-08,1.8970620194669032
2017-04-09,2.5586603399492147
2017-04-10,0.0
2017-04-11,0.0
2017-04-12,0.0
2017-04-13,0.0
2017-04-14,0.0
2017-04-15,0.8572552549545603
2017-04-16,0.0
2017-04-17,0.0
2017-04-18,3.6038522434134106
2017-04-19,72.31496728682731
2017-04-20,23.10863383812556
2017-04-21,13.61465734607141
2017-04-22,22.651504998501515
2017-04-23,1.8084959261489384
2017-04-24,21.256739115886404
2017-04-25,40.4904969736536
2017-04-26,8.653673753573372
2017-04-27,0.3494798375533626
2017-04-28,7.401971887814283
2017-04-29,0.1533791628608991
2017-04-30,25.395001045681262
2017-05-01,5.486994755423778
2017-05-02,0.0
2017-05-03,3.658015838406269
2017-05-04,4.129176600374898
2017-05-05,30.856461392579657
2017-05-06,19.034424366731525
2017-05-07,0.0
2017-05-08,3.9098420320596667
2017-05-09,13.69128366141069
2017-05-10,0.0
2017-05-11,1.4083021235290958
2017-05-12,0.0
2017-05-13,2.2272698843265544
2017-05-14,19.384104211880157
2017-05-15,56.743966506152944
2017-05-16,4.622254330186273
2017-05-17,19.6852507613019
2017-05-18,18.822685630190406
2017-05-19,38.40704597929701
2017-05-20,19.35952883027021
2017-05-21,11.645191207058655
2017-05-22,41.33109845282018
2017-05-23,0.19448115794314927
2017-05-24,27.07409104002131
2017-05-25,20.222034872484112
2017-05-26,34.747299344718385
2017-05-27,0.0
2017-05-28,0.35967762478238346
2017-05-29,4.517953556026111
2017-05-30,46.81209910721645
2017-05-31,45.137764077754234
2017-06-01,85.31136243305943
2017-06-02,28.09341157224058
2017-06-03,53.95324042821042
2017-06-04,14.328808388569136
2017-06-05,2.62660714303028
2017-06-06,0.19912819212632757
2017-06-07,8.490396680243578
2017-06-08,18.18960156486678
2017-06-09,7.193010408898323
2017-06-10,24.866392255793922
2017-06-11,52.63030541895032
2017-06-12,79.68063906869003
2017-06-13,37.152602913581724
2017-06-14,20.22215537925434
2017-06-15,3.0940213794457643
2017-06-16,27.691330406147472
2017-06-17,79.95333123995621
2017-06-18,86.76165879802682
2017-06-19,62.210371002949195
2017-06-20,0.2311841250176237
2017-06-21,23.32687333050329
2017-06-22,42.07955770470113
2017-06-23,17.46682418756232
2017-06-24,62.209824087594356
2017-06-25,20.638621275731797
2017-06-26,12.059799920727814
2017-06-27,7.720912893073788
2017-06-28,21.942375497339995
2017-06-29,11.094991507172088
2017-06-30,27.5511096865268
2017-07-01,43.71116054632565
2017-07-02,7.924797385296271
2017-07-03,40.63987105091676
2017-07-04,85.8472518091525
2017-07-05,38.86471667347151
2017-07-06,19.410454050869827
2017-07-07,11.136392254944832
2017-07-08,24.21718967565857
2017-07-09,26.14111462632172
2017-07-10,11.422537625487669
2017-07-11,9.63450079440865
2017-07-12,26.88761665847766
2017-07-13,25.71709513936559
2017-07-14,9.190169341565866
2017-07-15,35.77248970502657
2017-07-16,16.02027588215616
2017-07-17,3.4456500450796983
2017-07-18,24.015908894955306
2017-07-19,32.44206556943994
2017-07-20,6.84894543123313
2017-07-21,26.748676770727982
2017-07-22,31.501648015619587
2017-07-23,59.467198707149805
2017-07-24,1.3994223731198165
2017-07-25,15.386967887698827
2017-07-26,3.5634125283128744
2017-07-27,8.296264701782658
2017-07-28,17.662428357510656
2017-07-29,45.42385352783301
2017-07-30,17.04384971773888
2017-07-31,29.47141495034142
2017-08-01,16.16009652999608
2017-08-02,8.538528067518953
2017-08-03,24.254629214466714
2017-08-04,30.548009529364492
2017-08-05,27.326902009105204
2017-08-06,30.252756010889577
2017-08-07,6.606972486366724
2017-08-08,5.068634821419916
2017-08-09,2.2658298331218782
2017-08-10,77.4061050816157
2017-08-11,87.9175366576053
2017-08-12,56.938533379611904
2017-08-13,30.24694230892797
2017-08-14,13.42624739035699
2017-08-15,17.452214812992185
2017-08-16,2.092256863185121
2017-08-17,19.79469357305967
2017-08-18,15.087469108660947
2017-08-19,8.690241191711726
2017-08-20,1.8144302751325527
2017-08-21,19.12996764021004
2017-08-22,16.338061031008664
2017-08-23,19.93292472337042
2017-08-24,10.318889067887275
2017-08-25,20.615096897778827
2017-08-26,43.60098552647048
2017-08-27,18.541133237707857
2017-08-28,12.77503980458163
2017-08-29,1.3581341911446203
2017-08-30,19.845127618150048
2017-08-31,13.021339331916447
2017-09-01,15.547652880601824
2017-09-02,22.81236546895578
2017-09-03,58.5488257855625
2017-09-04,9.710215168635443
2017-09-05,5.428291773043194
2017-09-06,6.872023415717328
2017-09-07,6.856897894563807
2017-09-08,25.38757134419592
2017-09-09,55.13396825796307
2017-09-10,22.47825308129713
2017-09-11,2.1692472987872984
2017-09-12,1.368899370930637
2017-09-13,14.020858444240515
2017-09-14,25.486868921439218
2017-09-15,0.40650896306156153
2017-09-16,3.110423314006669
2017-09-17,43.73392430050877
2017-09-18,6.173968036590992
2017-09-19,16.866524740747366
2017-09-20,13.404918683389875
2017-09-21,3.1316665352375495
2017-09-22,1.1341833820254124
2017-09-23,4.432569443204402
2017-09-24,4.081417586624405
2017-09-25,4.73380431732191
2017-09-26,14.346499097336098
2017-09-27,16.35160436654455
2017-09-28,28.114215379884115
2017-09-29,20.31308644063393
2017-09-30,27.69994259590228
2017-10-01,23.69382452452186
2017-10-02,3.2491251563056567
2017-10-03,0.8819024420179256
2017-10-04,2.6216944127870865
2017-10-05,11.727433916565737
2017-10-06,35.36447877787255
2017-10-07,6.875411804750645
2017-10-08,6.417483990458118
2017-10-09,1.5823682724572532
2017-10-10,0.7620023026207848
2017-10-11,1.3787236525252013
2017-10-12,25.73050962616297
2017-10-13,18.296698042186403
2017-10-14,17.41939175778898
2017-10-15,9.377051520072582
2017-10-16,0.0
2017-10-17,12.755301571514687
2017-10-18,15.308699569829118
2017-10-19,23.101516709998812
2017-10-20,58.608327017630856
2017-10-21,151.84265874489097
2017-10-22,0.0
2017-10-23,0.0
2017-10-24,0.0
2017-10-25,0.0
2017-10-26,0.0
2017-10-27,0.0
2017-10-28,0.0
2017-10-29,0.008044085808407434
2017-10-30,0.0
2017-10-31,0.0
2017-11-01,0.5265783092052108
2017-11-02,0.0772723534224177
2017-11-03,0.0
2017-11-04,0.001676084037648664
2017-11-05,0.04881809132111884
2017-11-06,0.591936306427443
2017-11-07,0.0
2017-11-08,0.0
2017-11-09,0.40012493758323897
2017-11-10,0.26570126297508195
2017-11-11,0.0
2017-11-12,1.032115227071273
2017-11-13,0.37692108243108563
2017-11-14,0.24782618092901573
2017-11-15,9.834139852117994
2017-11-16,1.4972921507871084
2017-11-17,0.2892373540612141
2017-11-18,0.0033769771611719466
2017-11-19,0.0
2017-11-20,0.0
2017-11-21,0.028135373967528222
2017-11-22,0.08390754419355863
2017-11-23,0.0
2017-11-24,0.0
2017-11-25,0.0
2017-11-26,5.7359440100888E-4
2017-11-27,0.01446321408803965
2017-11-28,0.0
2017-11-29,0.0
2017-11-30,0.0014694028474539404
2017-12-01,0.0
2017-12-02,0.24069638001552682
2017-12-03,3.3053992017496645
2017-12-04,1.1059276356252015
2017-12-05,0.09651107369992125
2017-12-06,0.0
2017-12-07,0.0
2017-12-08,0.1360919325590701
2017-12-09,1.469807133358095
2017-12-10,0.055693796544110066
2017-12-11,3.914217295173849
2017-12-12,0.0
2017-12-13,0.0
2017-12-14,0.0
2017-12-15,0.0
2017-12-16,0.6464886273916135
2017-12-17,0.0
2017-12-18,0.0
2017-12-19,0.11245061683625382
2017-12-20,1.3757758106376095
2017-12-21,0.21996589535815486
2017-12-22,1.1097923305441826
2017-12-23,0.0
2017-12-24,0.0
2017-12-25,1.170628477691484
2017-12-26,2.8709835350064696
2017-12-27,0.32218423790986944
2017-12-28,0.0
2017-12-29,0.0
2017-12-30,0.0
2017-12-31,4.6180168901912
2018-01-01,6.759124549006665
2018-01-02,0.8766689287906004
2018-01-03,0.06551701850149559
2018-01-04,0.0
2018-01-05,0.0
2018-01-06,0.0
2018-01-07,0.0
2018-01-08,0.0
2018-01-09,0.0
2018-01-10,0.015806321556898987
2018-01-11,0.0
2018-01-12,0.0
2018-01-13,0.0
2018-01-14,0.0
2018-01-15,0.0
2018-01-16,0.0
2018-01-17,0.0
2018-01-18,0.0
2018-01-19,0.0
2018-01-20,0.0
2018-01-21,0.0
2018-01-22,0.0
2018-01-23,0.0
2018-01-24,0.0
2018-01-25,0.0
2018-01-26,0.0
2018-01-27,0.0
2018-01-28,0.0
2018-01-29,0.0
2018-01-30,0.0
2018-01-31,0.0
2018-02-01,0.0
2018-02-02,0.09046550278033787
2018-02-03,0.2603643578303485
2018-02-04,0.0053580842520737065
2018-02-05,0.0
2018-02-06,0.0
2018-02-07,0.0
2018-02-08,2.3775626714990907
2018-02-09,0.159073926002615
2018-02-10,6.934135067259357
2018-02-11,3.328182769143409
2018-02-12,0.0
2018-02-13,0.04925939303569089
2018-02-14,2.4638734659283794
2018-02-15,0.0
2018-02-16,0.05611662640011837
2018-02-17,0.0
2018-02-18,0.4634293594935168
2018-02-19,0.0
2018-02-20,0.0
2018-02-21,0.0
2018-02-22,0.0
2018-02-23,0.0
2018-02-24,0.0
2018-02-25,3.2008591478638198
2018-02-26,0.08447618603654185
2018-02-27,0.0
2018-02-28,0.0
2018-03-01,0.0
2018-03-02,0.0
2018-03-03,0.010485306069289246
2018-03-04,0.0
2018-03-05,0.0
2018-03-06,0.0
2018-03-07,0.0
2018-03-08,0.0
2018-03-09,0.0
2018-03-10,0.0
2018-03-11,0.0
2018-03-12,0.2476720959593178
2018-03-13,0.0
2018-03-14,0.0
2018-03-15,0.900358185429349
2018-03-16,0.03241466572713945
2018-03-17,0.0
2018-03-18,0.0
2018-03-19,0.0
2018-03-20,0.0
2018-03-21,0.0
2018-03-22,0.0
2018-03-23,0.0
2018-03-24,0.0
2018-03-25,0.7452550673137215
2018-03-26,6.33189121987325
2018-03-27,0.0
2018-03-28,4.325863213974929
2018-03-29,24.612431558624603
2018-03-30,47.735674675568475
2018-03-31,23.261953662605226
2018-04-01,0.022561460866699582
2018-04-02,0.36190296476373024
2018-04-03,0.0
2018-04-04,0.0
2018-04-05,0.29310270438439906
2018-04-06,0.976957695565343
2018-04-07,21.283139574153914
2018-04-08,10.269667846754464
2018-04-09,1.7155004511536731
2018-04-10,0.0
2018-04-11,4.82564080493616
2018-04-12,0.21647775324743773
2018-04-13,0.0
2018-04-14,11.459239201404
2018-04-15,0.0
2018-04-16,2.4783976887435677
2018-04-17,0.0
2018-04-18,2.65264660674677
2018-04-19,0.2571614266105978
2018-04-20,8.333013784455751
2018-04-21,48.99442025423434
2018-04-22,12.761570012831074
2018-04-23,0.0
2018-04-24,0.6960805970723368
2018-04-25,0.8202017298460268
2018-04-26,0.0
2018-04-27,0.0
2018-04-28,20.352466452901485
2018-04-29,8.400104457837914
2018-04-30,76.96381721978852
2018-05-01,1.2118941797381697
2018-05-02,4.868302013765199
2018-05-03,0.0
2018-05-04,0.026089055427903355
2018-05-05,48.29439190402262
2018-05-06,44.8405095388038
2018-05-07,57.22840116435849
2018-05-08,44.69987864990716
2018-05-09,38.69310615166119
2018-05-10,14.310809499042461
2018-05-11,26.457814898174593
2018-05-12,0.4315361943180149
2018-05-13,0.0
2018-05-14,0.0
2018-05-15,0.24873477029827534
2018-05-16,0.0
2018-05-17,0.0
2018-05-18,0.0
2018-05-19,0.0
2018-05-20,0.1102901897810658
2018-05-21,2.5087894726420594
2018-05-22,14.786472359612212
2018-05-23,7.878721208586311
2018-05-24,15.500499211489322
2018-05-25,56.19955849366164
2018-05-26,66.05513810123234
2018-05-27,8.496462543568988
2018-05-28,15.901515208839905
2018-05-29,0.49450076732281995
2018-05-30,12.63396932372231
2018-05-31,41.65342724002459
2018-06-01,0.5805241070447801
2018-06-02,0.11695496781868617
2018-06-03,7.935164520741743
2018-06-04,28.37459235123842
2018-06-05,25.691871066022365
2018-06-06,7.591210989755935
2018-06-07,5.730257700528874
2018-06-08,8.310627036131969
2018-06-09,23.146604397801188
2018-06-10,29.410872211244232
2018-06-11,17.336906248540405
2018-06-12,69.7001701940013
2018-06-13,53.10677383952089
2018-06-14,91.11581918457182
2018-06-15,38.71801520374643
2018-06-16,0.0
2018-06-17,36.231899780251375
2018-06-18,10.01572456643194
2018-06-19,23.354733116576277
2018-06-20,1.7043134991420512
2018-06-21,29.739054791902667
2018-06-22,12.27140418628157
2018-06-23,22.84645810176455
2018-06-24,24.852646416388524
2018-06-25,7.399094789822566
2018-06-26,10.626481203918912
2018-06-27,14.013748824901526
2018-06-28,4.374771849636611
2018-06-29,5.096250609152959
2018-06-30,4.70507732453207
2018-07-01,21.89309306944043
2018-07-02,51.70851216784105
2018-07-03,36.362323257836145
2018-07-04,14.371358703465969
2018-07-05,0.4069027736764962
2018-07-06,0.3207946876588846
2018-07-07,7.6326216410957874
2018-07-08,0.41282717991082124
2018-07-09,2.232375807488684
2018-07-10,4.98565347277118
2018-07-11,8.694204235609902
2018-07-12,12.318943179058271
2018-07-13,16.539388766688525
2018-07-14,20.478176952232566
2018-07-15,23.15803496473803
2018-07-16,13.361501865159857
2018-07-17,11.01558568918765
2018-07-18,1.5260554884561146
2018-07-19,2.2654903018354253
2018-07-20,27.491823307870668
2018-07-21,38.86926264359688
2018-07-22,10.809898389145644
2018-07-23,28.23038832903656
2018-07-24,24.21569848628162
2018-07-25,19.21421299404427
2018-07-26,10.586758959405586
2018-07-27,7.961898708801195
2018-07-28,19.19206050674758
2018-07-29,21.30504791854586
2018-07-30,14.616439099443692
2018-07-31,30.92792360330495
2018-08-01,24.71067462929804
2018-08-02,5.091296370348272
2018-08-03,2.5702658879825555
2018-08-04,1.3711454923787554
2018-08-05,40.11709516855828
2018-08-06,5.825684596790147
2018-08-07,15.896636233776633
2018-08-08,17.195032477201764
2018-08-09,13.395432492456825
2018-08-10,7.746213637497421
2018-08-11,23.830393571656757
2018-08-12,19.676392601161645
2018-08-13,16.924382087521213
2018-08-14,16.046255668564648
2018-08-15,23.978370314942648
2018-08-16,17.239132165182323
2018-08-17,12.63657316930267
2018-08-18,5.134669961282784
2018-08-19,5.996430958533884
2018-08-20,10.157631399465496
2018-08-21,6.3142326446681345
2018-08-22,1.5493093340920026
2018-08-23,25.66370769927454
2018-08-24,12.07306896443098
2018-08-25,15.051420283038121
2018-08-26,41.38726028565051
2018-08-27,23.718435587685804
2018-08-28,2.5109822760001426
2018-08-29,0.3427517290434603
2018-08-30,1.019690921726436
2018-08-31,15.680573571437861
2018-09-01,7.044847857884449
2018-09-02,2.0294497157939335
2018-09-03,18.196137056829244
2018-09-04,40.88542814079032
2018-09-05,3.799887210892977
2018-09-06,0.03811616293274135
2018-09-07,0.0
2018-09-08,0.5547379151858182
2018-09-09,24.995386232581136
2018-09-10,9.699371545042904
2018-09-11,18.63163585512438
2018-09-12,43.40944766047633
2018-09-13,17.78811688324098
2018-09-14,15.786131204296982
2018-09-15,0.06741552301353851
2018-09-16,0.7384719792956592
2018-09-17,1.034956218178798
2018-09-18,6.083442472860294
2018-09-19,13.735813860205218
2018-09-20,5.4723365500488965
2018-09-21,11.076882100873972
2018-09-22,0.16403470700465356
2018-09-23,2.7582224568932525
2018-09-24,12.238661311930628
2018-09-25,24.614072163217486
2018-09-26,8.74478813840627
2018-09-27,17.529222248345153
2018-09-28,0.01776988814855613
2018-09-29,0.6891097969334905
2018-09-30,1.9297880474428728
2018-10-01,1.384948872576675
2018-10-02,0.0
2018-10-03,0.2449902889378562
2018-10-04,3.3237270830336647
2018-10-05,0.06428416391742764
2018-10-06,2.3007305759898324
2018-10-07,0.4092277258373785
2018-10-08,0.8095159948716402
2018-10-09,3.985608170861255
2018-10-10,40.639479740023106
2018-10-11,1.5270489360537225
2018-10-12,10.27703444161325
2018-10-13,6.173309040730595
2018-10-14,0.014924221230989592
2018-10-15,0.0
2018-10-16,0.0746203224129813
2018-10-17,0.14315652448160054
2018-10-18,0.6556851034468213
2018-10-19,1.4640568351121968
2018-10-20,0.47045542930822776
2018-10-21,0.21572405945837955
2018-10-22,2.776439288916368
2018-10-23,0.7757325527268398
2018-10-24,1.5640944337536136
2018-10-25,0.23937766001250796
2018-10-26,0.00259882954876598
2018-10-27,25.586432857343752
2018-10-28,13.546060151962683
2018-10-29,5.352151164744063
2018-10-30,1.6002114773765412
2018-10-31,2.2911137903571364
2018-11-01,0.3244601385365671
2018-11-02,0.6919888683562179
2018-11-03,0.418709450678228
2018-11-04,0.10564097211442794
2018-11-05,1.3716992036259885
2018-11-06,3.565190383960458
2018-11-07,0.0
2018-11-08,0.0
2018-11-09,0.0
2018-11-10,0.0
2018-11-11,0.04951219353981983
2018-11-12,0.012852490616199398
2018-11-13,0.0
2018-11-14,0.0
2018-11-15,0.0
2018-11-16,0.0
2018-11-17,0.4147010115555169
2018-11-18,0.0
2018-11-19,0.0058005378093655725
2018-11-20,0.0
2018-11-21,2.109908029794462
2018-11-22,0.11461592443875909
2018-11-23,0.3536540711830014
2018-11-24,0.3110514698283182
2018-11-25,0.0
2018-11-26,0.003204006973173395
2018-11-27,0.3049840631627463
2018-11-28,0.0
2018-11-29,0.4207261508983466
2018-11-30,1.3710658307224484
2018-12-01,3.0056632364680596
2018-12-02,0.27279716238351
2018-12-03,0.6437121184596
2018-12-04,0.9316680717808546
2018-12-05,0.04546416449952976
2018-12-06,0.16910697034591093
2018-12-07,3.2813159094333684
2018-12-08,0.0
2018-12-09,1.3249485333165576
2018-12-10,1.104774229420459
2018-12-11,0.6695657665485257
2018-12-12,0.04284335642165423
2018-12-13,0.00868566778294729
2018-12-14,0.011384068505430174
2018-12-15,0.3376868219211519
2018-12-16,0.0
2018-12-17,0.0
2018-12-18,1.4904583037392107
2018-12-19,0.0
2018-12-20,0.0
2018-12-21,0.3401802434088511
2018-12-22,0.0
2018-12-23,0.0
2018-12-24,0.0
2018-12-25,0.0
2018-12-26,0.26287148329923515
2018-12-27,0.1226628498168765
2018-12-28,0.18161680427270527
2018-12-29,0.9400608385346325
2018-12-30,0.3895014196949014
2018-12-31,0.5496363148672275
2019-01-01,0.001095929830153267
2019-01-02,0.0
2019-01-03,0.0
2019-01-04,0.01618002850299378
2019-01-05,0.008302265622634822
2019-01-06,0.0
2019-01-07,0.1877092427308368
2019-01-08,0.02579207836029708
2019-01-09,0.0
2019-01-10,0.004954585185197384
2019-01-11,0.2620192385869323
2019-01-12,0.0
2019-01-13,0.04342274489595743
2019-01-14,0.03444176098772232
2019-01-15,0.12909002070401274
2019-01-16,0.04523179308529375
2019-01-17,0.0
2019-01-18,0.0
2019-01-19,0.13061656460334284
2019-01-20,0.04845368128673661
2019-01-21,0.0
2019-01-22,0.0
2019-01-23,0.0
2019-01-24,0.00644478120332889
2019-01-25,0.13721385158467908
2019-01-26,0.0
2019-01-27,0.0
2019-01-28,0.013002465664195875
2019-01-29,0.20211610699778965
2019-01-30,0.0
2019-01-31,0.0050675425743182435
2019-02-01,0.0
2019-02-02,0.415309812144409
2019-02-03,0.04110324294937446
2019-02-04,0.19795474370798788
2019-02-05,3.2420436578973173
2019-02-06,0.0
2019-02-07,0.0
2019-02-08,0.0
2019-02-09,7.208851481743552
2019-02-10,0.0
2019-02-11,0.16486886562219003
2019-02-12,1.2429504922368775
2019-02-13,0.9197753625702009
2019-02-14,0.0
2019-02-15,2.8699520197350585
2019-02-16,0.3780805463668565
2019-02-17,2.017849819469236
2019-02-18,0.0
2019-02-19,0.0
2019-02-20,0.0
2019-02-21,0.0
2019-02-22,0.0828589428064296
2019-02-23,0.20937490409600268
2019-02-24,0.0
2019-02-25,9.75159133530224
2019-02-26,0.0
2019-02-27,0.06564233349812118
2019-02-28,2.1092766802384316E-4
2019-03-01,0.0
2019-03-02,0.0
2019-03-03,0.0
2019-03-04,0.0
2019-03-05,0.0
2019-03-06,0.0
2019-03-07,0.0
2019-03-08,0.0
2019-03-09,0.0
2019-03-10,0.0
2019-03-11,0.0
2019-03-12,0.0
2019-03-13,0.0
2019-03-14,0.0
2019-03-15,0.0
2019-03-16,0.0
2019-03-17,1.02371740584396
2019-03-18,0.0
2019-03-19,0.0
2019-03-20,0.0
2019-03-21,0.0
2019-03-22,0.9641100691435961
2019-03-23,0.0
2019-03-24,0.0
2019-03-25,0.0
2019-03-26,0.0
2019-03-27,0.0
2019-03-28,0.0
2019-03-29,3.618004873070535
2019-03-30,0.32614915725109267
2019-03-31,78.66363707256338
2019-04-01,20.15130755686392
2019-04-02,31.86540934710935
2019-04-03,0.0
2019-04-04,36.710661312978345
2019-04-05,24.96367662805547
2019-04-06,52.39107317996092
2019-04-07,0.0
2019-04-08,9.33846135605896
2019-04-09,18.665883719009337
2019-04-10,0.004512854748147536
2019-04-11,7.092724507531485
2019-04-12,5.462760374644158
2019-04-13,11.464285277251326
2019-04-14,0.8234486422194183
2019-04-15,11.78108325128907
2019-04-16,7.867734100973365
2019-04-17,7.817636574507028
2019-04-18,0.0
2019-04-19,0.0
2019-04-20,0.1753223073712635
2019-04-21,1.1233187676514769
2019-04-22,2.298113116222485
2019-04-23,1.140019209413863
2019-04-24,1.0811759967452772
2019-04-25,3.1409639447811837
2019-04-26,0.0
2019-04-27,20.476693780084027
2019-04-28,37.99370146373504
2019-04-29,32.54967977814763
2019-04-30,15.850399077302807
2019-05-01,11.013718553784479
2019-05-02,2.3707313687459757
2019-05-03,54.22053410557648
2019-05-04,129.38137501556668
2019-05-05,1.372946994954925
2019-05-06,0.06312631489137747
2019-05-07,6.173795294507858
2019-05-08,6.123803061585477
2019-05-09,12.062974171683333
2019-05-10,7.461672781325073
2019-05-11,24.416659027082872
2019-05-12,7.784386037779845
2019-05-13,20.299231320866745
2019-05-14,0.44125665092582045
2019-05-15,8.955371859433072
2019-05-16,1.4484157769933592
2019-05-17,40.399167856079465
2019-05-18,26.64860251558816
2019-05-19,3.68642529275319
2019-05-20,4.200306058463149
2019-05-21,8.214781178689497
2019-05-22,36.38394735087131
2019-05-23,21.56227596118946
2019-05-24,27.499428566501404
2019-05-25,8.111797962160265
2019-05-26,23.777408127219957
2019-05-27,13.117952145675861
2019-05-28,0.0
2019-05-29,0.027920146920258494
2019-05-30,16.475529269384314
2019-05-31,12.348420219338722
2019-06-01,22.990743061098634
2019-06-02,4.948871866708415
2019-06-03,31.369910695416156
2019-06-04,11.742788630744826
2019-06-05,1.7562064613481565
2019-06-06,2.665926497016523
2019-06-07,0.5041980756912233
2019-06-08,8.47059039602984
2019-06-09,6.186427037144843
2019-06-10,4.603285162853898
2019-06-11,4.768259932898653
2019-06-12,6.530828104741553
2019-06-13,19.468070645973235
2019-06-14,28.132008805718232
2019-06-15,10.635936785596298
2019-06-16,9.989111825542373
2019-06-17,12.287348111132268
2019-06-18,8.109174432585512
2019-06-19,21.633307410558583
2019-06-20,29.136616638795886
2019-06-21,18.149584899127507
2019-06-22,1.9186399324333256
2019-06-23,0.6585360492356045
2019-06-24,3.177161901954143
2019-06-25,50.63503691066231
2019-06-26,93.00818562110413
2019-06-27,41.90419283449
2019-06-28,69.2541513343795
2019-06-29,0.08267587629607405
2019-06-30,17.739996265531083
2019-07-01,10.723197145185349
2019-07-02,4.292211843451243
2019-07-03,1.2609536953802067
2019-07-04,16.5194108007802
2019-07-05,19.548486856634494
2019-07-06,45.93285153975207
2019-07-07,25.506738768206866
2019-07-08,27.68623297849205
2019-07-09,44.21792250256847
2019-07-10,83.62635050295029
2019-07-11,92.38647812775098
2019-07-12,40.79544355401356
2019-07-13,47.202510923825315
2019-07-14,21.22721857943169
2019-07-15,73.61734645612346
2019-07-16,0.01561772913103772
2019-07-17,0.16295637302137347
2019-07-18,12.107464797149351
2019-07-19,6.7795961580918815
2019-07-20,17.61205471075619
2019-07-21,16.477031001098176
2019-07-22,19.925452705576454
2019-07-23,19.94368576864679
2019-07-24,8.888588420145052
2019-07-25,54.1144992418684
2019-07-26,22.594674318514816
2019-07-27,12.31900668030584
2019-07-28,7.304379460279368
2019-07-29,0.9646397016341837
2019-07-30,4.7061090354088595
2019-07-31,13.067555742266714
2019-08-01,5.533363369657759
2019-08-02,38.492525325415606
2019-08-03,12.88935426935711
2019-08-04,6.306354133091202
2019-08-05,5.19510891372477
2019-08-06,3.463842828301459
2019-08-07,22.434757955021272
2019-08-08,10.96825026534235
2019-08-09,4.764178659807068
2019-08-10,7.440287880118419
2019-08-11,2.953798461274121
2019-08-12,32.13509300494642
2019-08-13,11.819894225668222
2019-08-14,11.116203079062714
2019-08-15,17.33579591223239
2019-08-16,12.180233013975593
2019-08-17,4.733005454889918
2019-08-18,0.0
2019-08-19,0.0
2019-08-20,2.0444105861029596
2019-08-21,10.885279612945467
2019-08-22,31.11405236038092
2019-08-23,35.56458351360182
2019-08-24,8.398993396206919
2019-08-25,2.2512805075727025
2019-08-26,1.2135246242835318
2019-08-27,5.611621958968254
2019-08-28,12.681187273483895
2019-08-29,0.4657310197726852
2019-08-30,14.059226456716711
2019-08-31,18.66135201968502
2019-09-01,4.476107751666536
2019-09-02,21.061374586815234
2019-09-03,25.861657848387402
2019-09-04,34.62103260716433
2019-09-05,9.291531430837273
2019-09-06,20.638144024988772
2019-09-07,18.244129395426963
2019-09-08,6.698482798998278
2019-09-09,5.038564285572486
2019-09-10,10.621349054574447
2019-09-11,8.69306173587548
2019-09-12,19.615994510438053
2019-09-13,11.997356044456373
2019-09-14,5.629283043512617
2019-09-15,20.377418768640364
2019-09-16,8.947910743451073
2019-09-17,0.19194819971527285
2019-09-18,0.07384882135408923
2019-09-19,0.08194710783009893
2019-09-20,0.03878313995609336
2019-09-21,8.246347867624698
2019-09-22,39.52377551574175
2019-09-23,15.575679564701808
2019-09-24,9.852855211125794
2019-09-25,0.37549612628599977
2019-09-26,0.0
2019-09-27,5.2705937688545506
2019-09-28,9.833679790448114
2019-09-29,7.956545462905384
2019-09-30,13.7278707401757
2019-10-01,34.293604315465096
2019-10-02,2.8796183045903674
2019-10-03,4.4304592492028565
2019-10-04,5.910264161866077
2019-10-05,12.499967831844655
2019-10-06,19.75617159892989
2019-10-07,12.366806472053254
2019-10-08,17.771510604904975
2019-10-09,20.250003541227358
2019-10-10,0.18918740616544052
2019-10-11,0.0268195223325123
2019-10-12,0.0
2019-10-13,0.0
2019-10-14,0.013355304177843388
2019-10-15,0.1767640645750071
2019-10-16,0.47158977311739053
2019-10-17,0.0
2019-10-18,0.0
2019-10-19,0.0
2019-10-20,0.0
2019-10-21,0.25551682206129844
2019-10-22,0.08095417184034422
2019-10-23,0.0
2019-10-24,0.6079561802010401
2019-10-25,9.82307839007154
2019-10-26,11.073048506086675
2019-10-27,0.11739041457637435
2019-10-28,0.0
2019-10-29,0.0031901052202307576
2019-10-30,0.0
2019-10-31,0.0
2019-11-01,0.0
2019-11-02,0.0
2019-11-03,0.0
2019-11-04,0.0709707485587249
2019-11-05,0.13857432891121582
2019-11-06,0.21376341202239602
2019-11-07,1.0050898647711617
2019-11-08,0.9142184725081681
2019-11-09,7.105590747981331
2019-11-10,21.922177844322803
2019-11-11,1.3294928412011868
2019-11-12,0.1359814982816959
2019-11-13,0.008712125742907367
2019-11-14,0.012771992986865969
2019-11-15,9.110062755604353E-7
2019-11-16,0.0
2019-11-17,0.0
2019-11-18,0.0
2019-11-19,0.0
2019-11-20,0.0
2019-11-21,0.0
2019-11-22,0.0
2019-11-23,0.0
2019-11-24,0.0
2019-11-25,0.0
2019-11-26,0.0
2019-11-27,0.0
2019-11-28,0.0
2019-11-29,0.0
2019-11-30,0.011725475347892499
2019-12-01,1.367645325923841
2019-12-02,0.5773672789153205
2019-12-03,0.0
2019-12-04,0.0
2019-12-05,0.5827761273027394
2019-12-06,0.0
2019-12-07,0.0
2019-12-08,0.0
2019-12-09,0.029045029510319703
2019-12-10,0.01573100693668246
2019-12-11,0.0
2019-12-12,0.0
2019-12-13,0.031708190557447634
2019-12-14,0.0
2019-12-15,0.0
2019-12-16,0.0
2019-12-17,0.0
2019-12-18,0.0
2019-12-19,0.0
2019-12-20,0.0
2019-12-21,0.0
2019-12-22,0.0
2019-12-23,0.0
2019-12-24,0.0
2019-12-25,0.0
2019-12-26,0.0
2019-12-27,1.933382793745064
2019-12-28,0.0
2019-12-29,0.0
2019-12-30,0.0
2019-12-31,0.0
2020-01-01,0.09161933438290046
2020-01-02,0.3622252116907548
2020-01-03,23.643268976919096
2020-01-04,0.0
2020-01-05,0.43597929289303095
2020-01-06,0.0
2020-01-07,0.0
2020-01-08,0.0
2020-01-09,0.51678502579687
2020-01-10,0.0
2020-01-11,0.3226942853781594
2020-01-12,0.0
2020-01-13,0.0
2020-01-14,0.0
2020-01-15,0.0
2020-01-16,0.0
2020-01-17,0.0
2020-01-18,0.0
2020-01-19,0.0
2020-01-20,0.30840773402268157
2020-01-21,0.2820380040164521
2020-01-22,0.0
2020-01-23,0.0
2020-01-24,0.0
2020-01-25,0.009458487345737102
2020-01-26,0.0
2020-01-27,0.0
2020-01-28,0.0
2020-01-29,0.0
2020-01-30,0.08082996035096997
2020-01-31,0.0
2020-02-01,0.1640832766975787
2020-02-02,0.005197796140163589
2020-02-03,0.2836607067844521
2020-02-04,0.0
2020-02-05,0.041126119721734467
2020-02-06,0.0
2020-02-07,0.0
2020-02-08,0.20950371968893525
2020-02-09,3.348646870246559
2020-02-10,0.0
2020-02-11,0.8529575643949814
2020-02-12,0.0
2020-02-13,0.0
2020-02-14,0.0
2020-02-15,1.9800738592873448
2020-02-16,0.6691883109079567
2020-02-17,0.0
2020-02-18,0.3962902151723023
2020-02-19,0.05086338410939689
2020-02-20,0.0048396400232556406
2020-02-21,0.020711266884339087
2020-02-22,0.0
2020-02-23,0.0
2020-02-24,0.0
2020-02-25,7.2913661594645305
2020-02-26,2.139376008629805
2020-02-27,0.0
2020-02-28,0.0
2020-02-29,0.0
2020-03-01,0.0
2020-03-02,0.29767491366382215
2020-03-03,0.0
2020-03-04,0.0
2020-03-05,1.32593471934911
2020-03-06,3.976905076657169
2020-03-07,2.1498812853953324
2020-03-08,0.0
2020-03-09,0.0
2020-03-10,0.0
2020-03-11,0.0
2020-03-12,0.0
2020-03-13,0.0
2020-03-14,0.035891739745548254
2020-03-15,7.561881597630481
2020-03-16,3.6121169869543412
2020-03-17,0.0
2020-03-18,0.0
2020-03-19,0.0
2020-03-20,8.016167692547294
2020-03-21,9.93845121834372
2020-03-22,0.8148260387530328
2020-03-23,2.149894482739393
2020-03-24,0.5136737188438286
2020-03-25,0.0
2020-03-26,6.719097100194493
2020-03-27,0.0
2020-03-28,0.0
2020-03-29,0.13154126189198212
2020-03-30,1.6030409575311428
2020-03-31,0.0
2020-04-01,0.0
2020-04-02,0.2904489635775109
2020-04-03,0.0
2020-04-04,0.0
2020-04-05,0.0
2020-04-06,0.0
2020-04-07,0.0
2020-04-08,0.5561885811875388
2020-04-09,0.13400360623134888
2020-04-10,0.5954904492387099
2020-04-11,6.503773871983281
2020-04-12,0.0
2020-04-13,1.0470037956569727
2020-04-14,3.1516931702379267
2020-04-15,27.465976008160574
2020-04-16,11.795926414478584
2020-04-17,31.53077805249286
2020-04-18,47.010969075103056
2020-04-19,2.3031488278688546
2020-04-20,40.58532902163084
2020-04-21,8.977974142140242
2020-04-22,8.463178749123047
2020-04-23,3.9188188188477526
2020-04-24,8.500281235296148
2020-04-25,0.0
2020-04-26,9.071600370631826
2020-04-27,0.014263777677018885
2020-04-28,0.6944736754993291
2020-04-29,0.0
2020-04-30,0.0
2020-05-01,0.7765304155674468
2020-05-02,2.2588650457195083
2020-05-03,0.0
2020-05-04,0.0
2020-05-05,24.566390016228087
2020-05-06,1.3547737678467742
2020-05-07,0.08943052909597467
2020-05-08,1.137554982217865
2020-05-09,1.2013305147288411
2020-05-10,28.59416422617438
2020-05-11,0.5467548273419985
2020-05-12,2.542223307810178
2020-05-13,38.29857656767654
2020-05-14,15.35704245068312
2020-05-15,2.0032699154420874
2020-05-16,31.1706116005081
2020-05-17,3.054115075984494
2020-05-18,0.22584933689358297
2020-05-19,0.9583381942516258
2020-05-20,37.10277711632025
2020-05-21,51.240663322161446
2020-05-22,23.506991296191764
2020-05-23,18.20976576532063
2020-05-24,12.231069926661895
2020-05-25,9.26566869698105
2020-05-26,92.69820013891177
2020-05-27,43.143211853615476
2020-05-28,0.23396672068177585
2020-05-29,0.0
2020-05-30,2.033170529693331
2020-05-31,3.901787633082085
2020-06-01,28.0671373548658
2020-06-02,37.13994966075076
2020-06-03,47.11203236396811
2020-06-04,24.344859212334303
2020-06-05,16.015510249453364
2020-06-06,79.82248098216098
2020-06-07,21.907033643584242
2020-06-08,12.429518147100826
2020-06-09,9.892530625852753
2020-06-10,11.239358721687864
2020-06-11,15.806085978929778
2020-06-12,14.968769366596955
2020-06-13,8.48378216260788
2020-06-14,11.291897051305215
2020-06-15,15.574777417238113
2020-06-16,20.332955959900154
2020-06-17,28.83193058984748
2020-06-18,25.177686179530056
2020-06-19,1.0501654249168002
2020-06-20,6.467783253160113
2020-06-21,0.4245538572742352
2020-06-22,1.7520824015710104
2020-06-23,7.224940032601502
2020-06-24,39.57655785215418
2020-06-25,45.44423587436528
2020-06-26,79.70793214247125
2020-06-27,78.12836060687394
2020-06-28,4.14832946753233
2020-06-29,0.7486998726308915
2020-06-30,7.293408435095904
2020-07-01,25.06086458878722
2020-07-02,26.80352798031876
2020-07-03,18.60175839856705
2020-07-04,33.58168927177527
2020-07-05,13.151553600534733
2020-07-06,10.948175838242328
2020-07-07,5.199881032201594
2020-07-08,10.870596857521301
2020-07-09,49.18522625988171
2020-07-10,58.0386300680366
2020-07-11,106.989811931105
2020-07-12,26.364519968451294
2020-07-13,10.877139272199056
2020-07-14,19.53228641770333
2020-07-15,1.1177440361242716
2020-07-16,16.491663337328117
2020-07-17,19.031419920447803
2020-07-18,23.52711522588358
2020-07-19,34.19178984438722
2020-07-20,44.41787118358107
2020-07-21,58.54093761927311
2020-07-22,14.896586244033992
2020-07-23,32.321826929495096
2020-07-24,3.851571764078486
2020-07-25,1.3729822445447764
2020-07-26,6.993669167799735
2020-07-27,15.354336688900611
2020-07-28,27.056498978018446
2020-07-29,39.81660120065553
2020-07-30,7.866986681939721
2020-07-31,8.071975865962012
2020-08-01,2.9720838480684333
2020-08-02,4.864082031199148
2020-08-03,1.9010036772976067
2020-08-04,9.960569607967741
2020-08-05,1.797441627491309
2020-08-06,15.237453408726077
2020-08-07,16.25943858199511
2020-08-08,4.03111660630003
2020-08-09,10.01297454158411
2020-08-10,6.129382170266508
2020-08-11,9.949624048888333
2020-08-12,7.079092920927474
2020-08-13,3.3075873230985247
2020-08-14,76.21989139236618
2020-08-15,5.474221906855683
2020-08-16,0.14468038615180517
2020-08-17,0.5070531352150085
2020-08-18,2.51423009301921
2020-08-19,1.0998627130391783
2020-08-20,12.155216111586519
2020-08-21,10.345214284952586
2020-08-22,17.88162052083949
2020-08-23,9.189796664050919
2020-08-24,6.972651154999043
2020-08-25,18.59457280831964
2020-08-26,3.455380490637122
2020-08-27,1.786888316037396
2020-08-28,19.612578360634167
2020-08-29,34.868966283184285
2020-08-30,21.747773213961377
2020-08-31,26.615676393132524
2020-09-01,38.60156738518057
2020-09-02,0.2198887320033992
2020-09-03,1.7623798283025163
2020-09-04,1.70636447440382
2020-09-05,25.375936104247902
2020-09-06,27.60929249590982
2020-09-07,10.146540296076816
2020-09-08,16.91792722043631
2020-09-09,20.739573032837008
2020-09-10,15.77381758501068
2020-09-11,31.19227482330688
2020-09-12,12.670780222479006
2020-09-13,11.611053952771961
2020-09-14,14.716317889544984
2020-09-15,19.560434295585544
2020-09-16,20.271282358795734
2020-09-17,10.849173339093385
2020-09-18,15.95322420319967
2020-09-19,11.753071730768003
2020-09-20,10.867279236198584
2020-09-21,21.650334873401224
2020-09-22,50.56086811219153
2020-09-23,20.837246250655678
2020-09-24,54.79340637023312
2020-09-25,40.99996707972766
2020-09-26,20.852352715049705
2020-09-27,4.454165121729258
2020-09-28,0.0
2020-09-29,3.819699931277882
2020-09-30,11.640807289083565
2020-10-01,19.495164774560354
2020-10-02,25.539170552725498
2020-10-03,10.735277558691651
2020-10-04,15.849997464416287
2020-10-05,24.437690227853544
2020-10-06,40.2858023327169
2020-10-07,20.94459594159784
2020-10-08,0.19081357429437035
2020-10-09,4.153640046823042
2020-10-10,4.4693917373083645
2020-10-11,0.5731033643171205
2020-10-12,0.8811786783764131
2020-10-13,0.1342083321186868
2020-10-14,0.04526345597406409
2020-10-15,0.0
2020-10-16,0.0
2020-10-17,1.9694184223755546
2020-10-18,2.6928569254862014
2020-10-19,0.3196514535491625
2020-10-20,1.1025328844788505
2020-10-21,0.6804363265917185
2020-10-22,14.361681929904716
2020-10-23,141.376213894994
2020-10-24,3.3949547232674937
2020-10-25,0.5102304328171806
2020-10-26,4.526657799138276
2020-10-27,4.445865089050743
2020-10-28,1.2935860471750307
2020-10-29,0.7175126485999719
2020-10-30,9.295741432820737
2020-10-31,19.528523276906085
2020-11-01,2.946413232371691
2020-11-02,0.41865212279173514
2020-11-03,0.7951535189432738
2020-11-04,0.06178952563980641
2020-11-05,0.0
2020-11-06,0.5954597573257384
2020-11-07,0.08554836968917083
2020-11-08,0.032331089772481336
2020-11-09,0.0
2020-11-10,0.0
2020-11-11,0.0
2020-11-12,0.0
2020-11-13,0.0
2020-11-14,0.0
2020-11-15,0.5234498538019077
2020-11-16,0.0
2020-11-17,0.45256982192037515
2020-11-18,0.0
2020-11-19,0.0
2020-11-20,0.0
2020-11-21,3.8249421945642776
2020-11-22,0.1751336303583324
2020-11-23,0.0
2020-11-24,3.9586406665045595
2020-11-25,0.8794127339805513
2020-11-26,0.2298203380574058
2020-11-27,0.0
2020-11-28,0.9733672848582703
2020-11-29,0.0
2020-11-30,0.0
2020-12-01,0.005444478550836748
2020-12-02,0.0339146130379428
2020-12-03,0.07308658274172332
2020-12-04,0.05907307404467013
2020-12-05,0.04265620370377463
2020-12-06,0.24610761177661342
2020-12-07,0.027042965215197032
2020-12-08,0.02821528233223568
2020-12-09,0.0
2020-12-10,0.0
2020-12-11,0.0
2020-12-12,0.0
2020-12-13,0.0
2020-12-14,0.0
2020-12-15,0.05775095645409638
2020-12-16,0.0
2020-12-17,0.0
2020-12-18,0.0
2020-12-19,0.011950484961862873
2020-12-20,8.01652272188603E-4
2020-12-21,0.014305370988601532
2020-12-22,0.039770967766902955
2020-12-23,0.0
2020-12-24,0.0
2020-12-25,1.02481407064417
2020-12-26,0.0
2020-12-27,0.0
2020-12-28,0.0
2020-12-29,0.8302684470298439
2020-12-30,0.00844394871382797
2020-12-31,0.02008310865403775
2021-01-01,0.0
2021-01-02,0.0
2021-01-03,1.0948218490265145
2021-01-04,0.0
2021-01-05,0.6154540548143113
2021-01-06,0.1560630186371844
2021-01-07,0.42613658677583505
2021-01-08,0.3009191207066405
2021-01-09,0.0
2021-01-10,0.1508108069423104
2021-01-11,0.5707529198288942
2021-01-12,0.31864961333208575
2021-01-13,0.0
2021-01-14,0.10408776342873546
2021-01-15,0.07556103955566273
2021-01-16,0.0
2021-01-17,0.0
2021-01-18,0.0
2021-01-19,0.0
2021-01-20,2.0337473522450353
2021-01-21,0.9519786495122552
2021-01-22,0.0
2021-01-23,0.0
2021-01-24,0.0
2021-01-25,0.0
2021-01-26,0.0
2021-01-27,0.018212946768663724
2021-01-28,0.001786544786263026
2021-01-29,0.00822515690179758
2021-01-30,0.017763631079289598
2021-01-31,0.07086690323721552
2021-02-01,0.7984454849957734
2021-02-02,0.0
2021-02-03,0.0
2021-02-04,0.44665739146158184
2021-02-05,0.09156203007836894
2021-02-06,0.0
2021-02-07,0.8417924082120659
2021-02-08,0.0
2021-02-09,0.0
2021-02-10,0.33456204457426586
2021-02-11,0.5926448732682784
2021-02-12,0.0
2021-02-13,0.0
2021-02-14,0.0
2021-02-15,1.4068633679141287
2021-02-16,0.0
2021-02-17,0.0
2021-02-18,0.0
2021-02-19,0.22157047471478447
2021-02-20,0.0054500461186934345
2021-02-21,2.657004602309659
2021-02-22,0.0
2021-02-23,0.28391402865988774
2021-02-24,0.21885953162969563
2021-02-25,0.11471573402763204
2021-02-26,0.0
2021-02-27,0.0
2021-02-28,0.2018929397137933
2021-03-01,0.0
2021-03-02,0.0
2021-03-03,6.899106053126599E-4
2021-03-04,0.0
2021-03-05,7.094435450544696
2021-03-06,3.6490601195411903
2021-03-07,0.12303237703844203
2021-03-08,1.2410052902872226
2021-03-09,0.41791272228130066
2021-03-10,0.4610128634160895
2021-03-11,4.525869318106023
2021-03-12,0.21719904738194754
2021-03-13,0.04916990463367814
2021-03-14,0.7580013789167624
2021-03-15,0.0033906756222302527
2021-03-16,0.15702285746302805
2021-03-17,1.0269303323849464
2021-03-18,2.607720028439202
2021-03-19,0.0
2021-03-20,1.4004489398574493
2021-03-21,0.022000917049021934
2021-03-22,0.0
2021-03-23,0.0
2021-03-24,5.236786615773164
2021-03-25,0.0
2021-03-26,0.0
2021-03-27,0.0
2021-03-28,0.0
2021-03-29,2.8230502504397834
2021-03-30,56.754778436895414
2021-03-31,35.09468108886929
2021-04-01,0.9370032535434666
2021-04-02,0.21638485311117509
2021-04-03,0.0
2021-04-04,0.0
2021-04-05,0.0
2021-04-06,0.0
2021-04-07,0.0
2021-04-08,25.60174282524661
2021-04-09,3.271656691557811
2021-04-10,0.26294642324725875
2021-04-11,7.965071984980879
2021-04-12,0.31599363175750705
2021-04-13,1.7588199176365358
2021-04-14,1.6552386891645032
2021-04-15,11.212309300870874
2021-04-16,6.368278656417264
2021-04-17,0.003608483152986316
2021-04-18,5.587268691874348
2021-04-19,1.7924305306152895
2021-04-20,19.749954667896095
2021-04-21,35.995563046372524
2021-04-22,8.00957919670016
2021-04-23,2.9525444190742443
2021-04-24,0.0
2021-04-25,0.0
2021-04-26,0.0
2021-04-27,0.0
2021-04-28,1.7338734299620373
2021-04-29,0.0
2021-04-30,0.5556315298872938
2021-05-01,1.6768787446517988
2021-05-02,34.06599636594298
2021-05-03,5.824286101796377
2021-05-04,33.427245779426656
2021-05-05,15.938389893648777
2021-05-06,0.8548917761485785
2021-05-07,3.0866293208619613
2021-05-08,0.0
2021-05-09,1.968300114939318
2021-05-10,2.579835321227848
2021-05-11,7.093640498928935
2021-05-12,0.21538645275315202
2021-05-13,0.09514331751219413
2021-05-14,0.0
2021-05-15,14.156645949931416
2021-05-16,2.4878662711061894
2021-05-17,19.682044293983015
2021-05-18,46.78187176193374
2021-05-19,9.491582327967816
2021-05-20,48.684036743575916
2021-05-21,0.3107555980342677
2021-05-22,2.4140374871883745
2021-05-23,15.550122566349362
2021-05-24,43.983423388563
2021-05-25,3.127663312605727
2021-05-26,9.616978179889827
2021-05-27,0.0
2021-05-28,0.0
2021-05-29,1.9026883697759023
2021-05-30,11.645762534986424
2021-05-31,63.32977524555164
2021-06-01,40.854600434604606
2021-06-02,2.4073991451416443
2021-06-03,9.135269158093683
2021-06-04,47.08335476609477
2021-06-05,58.86896281667158
2021-06-06,15.695728861287252
2021-06-07,22.84557711257335
2021-06-08,4.481478120778159
2021-06-09,5.526825130402159
2021-06-10,30.213161677179734
2021-06-11,24.852119871901266
2021-06-12,21.03445529593047
2021-06-13,20.882318042596193
2021-06-14,19.98886650536493
2021-06-15,11.835637010224449
2021-06-16,1.7984941757053727
2021-06-17,1.757005024939239
2021-06-18,14.941574080346557
2021-06-19,5.659284867961121
2021-06-20,0.4835859680440058
2021-06-21,0.18404827774054153
2021-06-22,1.8838161463960081
2021-06-23,17.753305458553456
2021-06-24,14.827161196517348
2021-06-25,7.087133040783397
2021-06-26,3.865428694507964
2021-06-27,21.004409400788074
2021-06-28,23.709179466537098
2021-06-29,38.786915018980004
2021-06-30,39.996816078693
2021-07-01,0.5624661054292261
2021-07-02,1.969137125428224
2021-07-03,2.533447305022411
2021-07-04,0.01760384877997458
2021-07-05,1.3644619653259578
2021-07-06,30.32202119154852
2021-07-07,32.31143416681906
2021-07-08,6.3738611159746315
2021-07-09,25.280417583949667
2021-07-10,28.427139688899427
2021-07-11,20.127777271262733
2021-07-12,39.25456338521285
2021-07-13,18.30086972806054
2021-07-14,8.516906720919463
2021-07-15,2.720379082355817
2021-07-16,17.3304129002029
2021-07-17,0.7468722112640889
2021-07-18,45.645724907293705
2021-07-19,36.56914334523768
2021-07-20,37.043356639945486
2021-07-21,29.82280522748505
2021-07-22,15.387994198710837
2021-07-23,17.646873711240673
2021-07-24,4.161449210123355
2021-07-25,0.11784038657278692
2021-07-26,32.02937491876263
2021-07-27,8.57212827604979
2021-07-28,12.150012209013585
2021-07-29,3.0806544407284573
2021-07-30,17.06409007256232
2021-07-31,4.413256689480072
2021-08-01,25.594417122171905
2021-08-02,20.022413437141015
2021-08-03,13.066400771579218
2021-08-04,11.413418326163725
2021-08-05,12.032303586718102
2021-08-06,44.49800609463874
2021-08-07,16.344801495689218
2021-08-08,0.8080147643312539
2021-08-09,11.744247070597224
2021-08-10,31.570269866285578
2021-08-11,31.32521126377292
2021-08-12,17.00577127599672
2021-08-13,24.518220955077503
2021-08-14,19.420149222768085
2021-08-15,24.582043966341104
2021-08-16,32.34421518724411
2021-08-17,7.693682979658903
2021-08-18,0.33760241843746375
2021-08-19,0.10026699294439873
2021-08-20,0.036271582751940666
2021-08-21,0.16063622365960584
2021-08-22,8.582761433840657
2021-08-23,34.721194931092
2021-08-24,2.6382066497838697
2021-08-25,25.25477252139114
2021-08-26,42.28054087379106
2021-08-27,11.397050681943883
2021-08-28,5.0544203270082635
2021-08-29,43.45473394251637
2021-08-30,13.650707437174349
2021-08-31,9.494978248013188
2021-09-01,11.687760836028907
2021-09-02,7.634988987295497
2021-09-03,1.013867771651794
2021-09-04,4.4739128605794
2021-09-05,7.835819713105846
2021-09-06,38.520877725926645
2021-09-07,4.782364632042557
2021-09-08,8.977784015722628
2021-09-09,9.037102707493476
2021-09-10,15.378575023242906
2021-09-11,16.26996035659941
2021-09-12,16.66272261036433
2021-09-13,8.39275389738037
2021-09-14,5.461433591031812
2021-09-15,17.714320188888273
2021-09-16,28.18726786957258
2021-09-17,14.746559993690951
2021-09-18,10.013759475005243
2021-09-19,0.0
2021-09-20,1.7599817240308675
2021-09-21,0.4504037487220284
2021-09-22,0.03724753062078683
2021-09-23,1.0544578247716074
2021-09-24,1.1082780767990397
2021-09-25,9.019225917287253
2021-09-26,5.15258704497596
2021-09-27,9.175043047881788
2021-09-28,19.031153393861867
2021-09-29,1.5970253991327321
2021-09-30,3.696029510135453
2021-10-01,7.074995187161384
2021-10-02,29.753306828170235
2021-10-03,48.42996969572603
2021-10-04,21.424930488791794
2021-10-05,6.917921486491792
2021-10-06,0.0
2021-10-07,0.0
2021-10-08,0.0
2021-10-09,0.5394393143267953
2021-10-10,0.0029948747313543614
2021-10-11,0.0
2021-10-12,0.703042011985105
2021-10-13,3.4283624205047456
2021-10-14,0.3347390240431227
2021-10-15,0.9421691077523483
2021-10-16,0.4974380811537029
2021-10-17,3.9737449002246708
2021-10-18,5.426866076069469
2021-10-19,5.628355460115913
2021-10-20,32.77294408731055
2021-10-21,22.32763259504966
2021-10-22,0.0
2021-10-23,0.0
2021-10-24,0.0
2021-10-25,0.0
2021-10-26,0.0
2021-10-27,0.0
2021-10-28,0.0
2021-10-29,0.0
2021-10-30,0.0
2021-10-31,0.0
2021-11-01,0.8084545562757186
2021-11-02,0.0
2021-11-03,0.8697934460689103
2021-11-04,0.8887504072466831
2021-11-05,0.06248073457012256
2021-11-06,0.0
2021-11-07,0.0
2021-11-08,0.0
2021-11-09,0.0
2021-11-10,1.7417969197710306
2021-11-11,0.0
2021-11-12,0.0
2021-11-13,6.397994943880687E-4
2021-11-14,0.0
2021-11-15,0.0
2021-11-16,0.20085814162952909
2021-11-17,0.0
2021-11-18,0.09254349683216168
2021-11-19,0.0
2021-11-20,0.0
2021-11-21,0.6428113891262343
2021-11-22,0.0
2021-11-23,0.0
2021-11-24,0.0
2021-11-25,0.0
2021-11-26,0.018290533176436446
2021-11-27,0.0
2021-11-28,0.1712543521817193
2021-11-29,0.0
2021-11-30,0.0
2021-12-01,0.0
2021-12-02,0.0
2021-12-03,0.0
2021-12-04,2.22742353866798
2021-12-05,4.662322126389343
2021-12-06,10.176487058260147
2021-12-07,4.529530253710112E-4
2021-12-08,0.0
2021-12-09,0.0
2021-12-10,0.0
2021-12-11,0.25453766053931753
2021-12-12,0.0
2021-12-13,0.13420656446556536
2021-12-14,0.0
2021-12-15,0.04941178751854793
2021-12-16,0.0058229785154776895
2021-12-17,0.0
2021-12-18,0.0
2021-12-19,0.0
2021-12-20,0.005517320637521503
2021-12-21,0.0
2021-12-22,0.39724639075292756
2021-12-23,0.047098524896461366
2021-12-24,0.0
2021-12-25,0.03821350530411117
2021-12-26,0.0
2021-12-27,0.0
2021-12-28,0.08589961537489818
2021-12-29,0.0
2021-12-30,0.44056555009307885
2021-12-31,1.4954657013712895
2022-01-01,3.9107055472413466
2022-01-02,0.0
2022-01-03,0.14228226217353918
2022-01-04,0.0
2022-01-05,0.5553141991858234
2022-01-06,0.6933459658243523
2022-01-07,0.33569755050220645
2022-01-08,0.0029829312400851647
2022-01-09,0.0
2022-01-10,2.6509180513369945
2022-01-11,0.0
2022-01-12,2.116494828045465
2022-01-13,0.0
2022-01-14,0.0
2022-01-15,0.0
2022-01-16,0.0
2022-01-17,0.0
2022-01-18,0.0
2022-01-19,0.0
2022-01-20,3.1961051686570237
2022-01-21,0.0
2022-01-22,0.0
2022-01-23,0.0
2022-01-24,0.0
2022-01-25,0.0
2022-01-26,0.006728363677565906
2022-01-27,0.41715194467226674
2022-01-28,0.0
2022-01-29,0.0
2022-01-30,0.0
2022-01-31,0.0
2022-02-01,0.0
2022-02-02,0.0
2022-02-03,0.0
2022-02-04,0.6409440267024521
2022-02-05,2.523697794220131
2022-02-06,0.7633609554004135
2022-02-07,0.0
2022-02-08,0.0
2022-02-09,0.0
2022-02-10,0.627926306026552
2022-02-11,1.4542267254883339
2022-02-12,0.17310568126284978
2022-02-13,2.664955926219942
2022-02-14,0.0
2022-02-15,0.0
2022-02-16,0.0
2022-02-17,0.0
2022-02-18,0.0
2022-02-19,0.0
2022-02-20,5.507819583202556
2022-02-21,1.7085212555542098
2022-02-22,0.0
2022-02-23,0.4016007872095275
2022-02-24,11.859371297561518
2022-02-25,3.9384183543893108
2022-02-26,0.0
2022-02-27,0.0
2022-02-28,0.17536299572994937
2022-03-01,0.6249800154651441
2022-03-02,3.7074852376056837
2022-03-03,0.29216874900081213
2022-03-04,0.39866049101212114
2022-03-05,0.47777123238009994
2022-03-06,0.3462944739765229
2022-03-07,2.7380368280413925
2022-03-08,0.0
2022-03-09,2.874804212210422
2022-03-10,3.2745168174434567
2022-03-11,1.798902733285007
2022-03-12,0.0
2022-03-13,1.5105520099776564
2022-03-14,1.600863923656871
2022-03-15,4.162722378613848
2022-03-16,0.020486561175711536
2022-03-17,0.0
2022-03-18,0.003091871621621563
2022-03-19,1.7026194029137307
2022-03-20,4.295379517067307
2022-03-21,0.0
2022-03-22,0.0
2022-03-23,0.0
2022-03-24,0.009576868175182635
2022-03-25,7.152629065967702
2022-03-26,1.5894833883781687
2022-03-27,0.1357552999929866
2022-03-28,8.68708192872134E-4
2022-03-29,0.10886776897429962
2022-03-30,0.7416391538614034
2022-03-31,25.59334754586573
2022-04-01,2.5717275905073156
2022-04-02,0.03221549094097706
2022-04-03,17.080132713042424
2022-04-04,13.575386675043227
2022-04-05,0.00692171868745258
2022-04-06,0.007398635026413382
2022-04-07,1.1257659561333673
2022-04-08,0.5770500878276358
2022-04-09,3.6489224299218335
2022-04-10,20.186647018681484
2022-04-11,8.20496436072556
2022-04-12,6.351848335088338
2022-04-13,17.26052395304479
2022-04-14,6.470793143272822
2022-04-15,5.067484786285058
2022-04-16,0.37115596254705846
2022-04-17,8.53519320059753
2022-04-18,3.3600647430991817
2022-04-19,17.598477811332682
2022-04-20,15.700788873707848
2022-04-21,0.5894970095770972
2022-04-22,23.86281545889817
2022-04-23,5.10133055561555
2022-04-24,4.143205862362072
2022-04-25,2.016931192442633
2022-04-26,9.349456355116187
2022-04-27,8.898480609695948
2022-04-28,0.046682149665393365
2022-04-29,26.741867940079082
2022-04-30,0.0
2022-05-01,0.18743348311110083
2022-05-02,2.9945191826930246
2022-05-03,2.677232573199621
2022-05-04,0.0
2022-05-05,0.0
2022-05-06,0.0
2022-05-07,0.0
2022-05-08,0.3660428884620719
2022-05-09,0.0
2022-05-10,1.0088801876723212
2022-05-11,7.903827413251358
2022-05-12,15.69705177218984
2022-05-13,73.71026168680275
2022-05-14,54.3483045549641
2022-05-15,105.37398918894303
2022-05-16,62.67779410083538
2022-05-17,26.049406625571805
2022-05-18,59.77455774045637
2022-05-19,40.060417838157015
2022-05-20,4.607230115307048
2022-05-21,5.466568719482324
2022-05-22,0.040945791361069364
2022-05-23,0.09880230058311927
2022-05-24,1.075720017871542
2022-05-25,0.036290687713402985
2022-05-26,0.06150787062431413
2022-05-27,0.0
2022-05-28,0.0
2022-05-29,1.0440464952254083
2022-05-30,0.8637139083688768
2022-05-31,35.31993763068621
2022-06-01,18.553328628142207
2022-06-02,33.3804221580939
2022-06-03,57.135556390094486
2022-06-04,37.75799752576355
2022-06-05,33.59581244533478
2022-06-06,42.877698386018814
2022-06-07,43.966046704483524
2022-06-08,40.83640330601551
2022-06-09,53.99056102401141
2022-06-10,3.238776063156759
2022-06-11,10.513482605522471
2022-06-12,23.3920173049697
2022-06-13,39.7070565494871
2022-06-14,43.823653235081245
2022-06-15,54.936897186402
2022-06-16,53.67260172497515
2022-06-17,70.51580551867158
2022-06-18,67.84015867492616
2022-06-19,51.55249258860222
2022-06-20,17.17704507224982
2022-06-21,15.723495168835413
2022-06-22,17.861261881121578
2022-06-23,3.8699223884284275
2022-06-24,1.0525741445522847
2022-06-25,0.3798420988131601
2022-06-26,0.6657492260227071
2022-06-27,10.438563350612801
2022-06-28,36.12465167526205
2022-06-29,24.05060947658945
2022-06-30,20.883372634373995
2022-07-01,0.17817324799976764
2022-07-02,21.747635418560577
2022-07-03,13.499166507205688
2022-07-04,8.21087557365248
2022-07-05,29.58926214556252
2022-07-06,36.98784225510138
2022-07-07,8.748277394494554
2022-07-08,7.108346256649888
2022-07-09,7.103825986187263
2022-07-10,17.57760859605139
2022-07-11,17.490154602254837
2022-07-12,6.471881272993925
2022-07-13,2.3669877050390276
2022-07-14,12.74681545253971
2022-07-15,10.348564251849716
2022-07-16,35.455691378111304
2022-07-17,2.9297202190575318
2022-07-18,1.8980084574753797
2022-07-19,2.9271378532092673
2022-07-20,16.63031946146752
2022-07-21,24.097286320211282
2022-07-22,29.731230096234636
2022-07-23,44.69303234835235
2022-07-24,26.915871414802634
2022-07-25,10.938274571124092
2022-07-26,6.472804244997644
2022-07-27,0.9962203886261469
2022-07-28,14.837688301375737
2022-07-29,8.664843446998718
2022-07-30,30.151138401226007
2022-07-31,47.73810298881641
2022-08-01,7.494465345925657
2022-08-02,3.015504173992501
2022-08-03,29.20207290221163
2022-08-04,15.925545187585483
2022-08-05,22.25725221233933
2022-08-06,11.446286137299646
2022-08-07,20.145036034688136
2022-08-08,3.051322406516227
2022-08-09,0.7808286609075018
2022-08-10,2.9388125555030036
2022-08-11,0.0
2022-08-12,2.3381071701271425
2022-08-13,19.38662821122542
2022-08-14,10.421736250041771
2022-08-15,1.8880625221337584
2022-08-16,0.14865684095342577
2022-08-17,0.300944179677525
2022-08-18,15.394558607896593
2022-08-19,8.107433884022564
2022-08-20,0.9842873767529992
2022-08-21,8.478867290531781
2022-08-22,20.782257411660765
2022-08-23,19.039799419024778
2022-08-24,0.0
2022-08-25,0.0
2022-08-26,32.355600715399916
2022-08-27,52.378043552418056
2022-08-28,1.303749983223809
2022-08-29,0.6671444715794187
2022-08-30,8.399797742712087
2022-08-31,9.507684587817044
2022-09-01,15.8039966633154
2022-09-02,13.001897634595167
2022-09-03,41.40347838537532
2022-09-04,22.63001245441198
2022-09-05,49.48287731774802
2022-09-06,5.614614834216465
2022-09-07,16.42041717419517
2022-09-08,11.236435715393554
2022-09-09,9.577053904939907
2022-09-10,18.37611793707547
2022-09-11,13.280579294561345
2022-09-12,2.919838911745893
2022-09-13,16.718106530321883
2022-09-14,11.950156917252073
2022-09-15,57.70831645169292
2022-09-16,12.825175340663927
2022-09-17,0.0
2022-09-18,9.519225206359135
2022-09-19,19.855162632689556
2022-09-20,2.130635549806119
2022-09-21,6.1529255049440135
2022-09-22,12.074113490946946
2022-09-23,18.76841814247507
2022-09-24,17.453775704235262
2022-09-25,15.739641755215413
2022-09-26,6.558360630689036
2022-09-27,7.330414373696445
2022-09-28,2.543895604441794
2022-09-29,1.195287106738742
2022-09-30,0.4614042081605239
2022-10-01,15.838687486494088
2022-10-02,53.656380267005844
2022-10-03,6.42349402382717
2022-10-04,12.078032940415024
2022-10-05,0.5561833919519933
2022-10-06,0.5388090926984159
2022-10-07,0.4540098305576111
2022-10-08,19.5544190087958
2022-10-09,15.950686643526241
2022-10-10,15.348341915602555
2022-10-11,56.49878327148287
2022-10-12,23.904367288249574
2022-10-13,2.5506170403841835
2022-10-14,1.0542108586157657
2022-10-15,0.0
2022-10-16,0.0
2022-10-17,0.12166037695644831
2022-10-18,0.0
2022-10-19,0.0
2022-10-20,0.0
2022-10-21,0.0
2022-10-22,0.0
2022-10-23,0.004586751962115257
2022-10-24,106.54696997223166
2022-10-25,2.9238331114280354
2022-10-26,0.0
2022-10-27,0.0
2022-10-28,0.0
2022-10-29,0.0
2022-10-30,0.0
2022-10-31,0.0
2022-11-01,0.0
2022-11-02,0.06298499164919791
2022-11-03,0.0
2022-11-04,0.0
2022-11-05,2.1366924264073517
2022-11-06,1.1757213191374563
2022-11-07,0.0
2022-11-08,0.0
2022-11-09,0.0
2022-11-10,0.0
2022-11-11,0.0
2022-11-12,0.0
2022-11-13,0.0
2022-11-14,0.0
2022-11-15,0.0012269693775092013
2022-11-16,0.0
2022-11-17,0.17353773363098687
2022-11-18,0.028398336965819903
2022-11-19,0.009710127731873045
2022-11-20,0.08710694508078792
2022-11-21,0.0
2022-11-22,0.17591884742237546
2022-11-23,0.0
2022-11-24,0.0
2022-11-25,0.004302206175906549
2022-11-26,0.0
2022-11-27,0.0
2022-11-28,0.0
2022-11-29,0.0
2022-11-30,0.0
2022-12-01,4.300994186123052
2022-12-02,0.0
2022-12-03,0.0
2022-12-04,0.05190137765403145
2022-12-05,0.163212814398387
2022-12-06,0.007708671164426568
2022-12-07,0.827225260296459
2022-12-08,0.021553432678031555
2022-12-09,0.3732663961789496
2022-12-10,0.05109310126270583
2022-12-11,0.0
2022-12-12,0.0
2022-12-13,0.0
2022-12-14,0.0
2022-12-15,0.07805113942016201
2022-12-16,0.0
2022-12-17,0.0
2022-12-18,0.025111370926229414
2022-12-19,0.0
2022-12-20,0.0
2022-12-21,0.0
2022-12-22,0.0
2022-12-23,0.0
2022-12-24,0.0027522145142176288
2022-12-25,0.0
2022-12-26,0.0
2022-12-27,1.0758353592966943
2022-12-28,0.0
2022-12-29,0.0
2022-12-30,0.0
2022-12-31,0.0
2023-01-01,0.31744396311471096
2023-01-02,0.0
2023-01-03,0.0
2023-01-04,0.0
2023-01-05,0.0
2023-01-06,0.3869290869906636
2023-01-07,0.0
2023-01-08,0.0
2023-01-09,0.0
2023-01-10,0.19074517160934606
2023-01-11,0.10719710717718933
2023-01-12,0.0
2023-01-13,0.24879331190847467
2023-01-14,0.04297979013010043
2023-01-15,0.2352249643910323
2023-01-16,0.0
2023-01-17,5.464815424063385E-4
2023-01-18,0.0
2023-01-19,0.0762706902193819
2023-01-20,0.0
2023-01-21,0.08073376026510685
2023-01-22,8.322473490599607E-4
2023-01-23,0.02228434556980277
2023-01-24,0.0
2023-01-25,0.0
2023-01-26,0.0
2023-01-27,0.0
2023-01-28,0.04629811470854714
2023-01-29,0.35507102898388143
2023-01-30,0.027955475486338775
2023-01-31,0.0
2023-02-01,0.21476068431862655
2023-02-02,6.561259344652238E-4
2023-02-03,0.0
2023-02-04,0.0
2023-02-05,0.0
2023-02-06,0.0
2023-02-07,0.0
2023-02-08,0.2630046600300257
2023-02-09,0.0
2023-02-10,0.0
2023-02-11,0.0014558182013537971
2023-02-12,0.07528439468879171
2023-02-13,0.05937786358717159
2023-02-14,0.0
2023-02-15,0.0010555504664882826
2023-02-16,0.021941557456736475
2023-02-17,0.25047136717845314
2023-02-18,0.0
2023-02-19,0.0
2023-02-20,1.5878082852616227
2023-02-21,1.8345638990082223
2023-02-22,7.2468863421612495
2023-02-23,4.308984345881836
2023-02-24,1.0746938930904062
2023-02-25,0.0
2023-02-26,0.001317993543571496
2023-02-27,0.0
2023-02-28,0.0
2023-03-01,0.0
2023-03-02,0.0
2023-03-03,0.0
2023-03-04,0.0
2023-03-05,0.0
2023-03-06,0.0
2023-03-07,0.0
2023-03-08,0.0
2023-03-09,0.0
2023-03-10,0.0
2023-03-11,0.0
2023-03-12,0.0
2023-03-13,0.0
2023-03-14,18.987524058603032
2023-03-15,17.597513088393537
2023-03-16,23.112246081084304
2023-03-17,29.08247749152048
2023-03-18,14.953261680392078
2023-03-19,81.54515270035982
2023-03-20,12.43224263723001
2023-03-21,1.538037450259437
2023-03-22,0.0
2023-03-23,0.0
2023-03-24,0.0
2023-03-25,0.0
2023-03-26,5.997694609583698
2023-03-27,0.0
2023-03-28,0.9933275144088805
2023-03-29,0.0
2023-03-30,10.05384027380704
2023-03-31,0.0
2023-04-01,0.049377670445187934
2023-04-02,0.007371994481381241
2023-04-03,0.003803735043541954
2023-04-04,1.14564512170668
2023-04-05,2.547090158245271
2023-04-06,0.11372573388743838
2023-04-07,0.0
2023-04-08,0.0
2023-04-09,0.0
2023-04-10,0.0
2023-04-11,0.0012128554131229773
2023-04-12,0.044365651607034345
2023-04-13,0.0
2023-04-14,0.0
2023-04-15,1.0780932490347708
2023-04-16,0.0
2023-04-17,6.4457076791624335
2023-04-18,5.162354863734622
2023-04-19,6.650162002211799
2023-04-20,28.29933708400809
2023-04-21,37.63971501772096
2023-04-22,0.03148939993707369
2023-04-23,5.8955077280699815
2023-04-24,0.0
2023-04-25,0.0
2023-04-26,0.0
2023-04-27,7.9835902995821755
2023-04-28,0.0
2023-04-29,29.202484885625985
2023-04-30,1.969517450924976
2023-05-01,0.029653502982882878
2023-05-02,0.0
2023-05-03,0.0
2023-05-04,0.0
2023-05-05,0.0
2023-05-06,0.30397178223031845
2023-05-07,0.0
2023-05-08,0.0
2023-05-09,0.0
2023-05-10,30.693894202140683
2023-05-11,9.548496672818288
2023-05-12,35.5243515465338
2023-05-13,42.68274180514198
2023-05-14,15.04156189926697
2023-05-15,0.5074601520123716
2023-05-16,2.9571167640681475
2023-05-17,0.14374873573816507
2023-05-18,0.0
2023-05-19,2.4607347854507644
2023-05-20,1.7169702979438608
2023-05-21,22.851254406314712
2023-05-22,4.4309447207537165
2023-05-23,34.6315919248603
2023-05-24,0.0
2023-05-25,24.851917011092766
2023-05-26,0.0
2023-05-27,2.222161615979388
2023-05-28,0.0
2023-05-29,0.0
2023-05-30,1.8165023382276237
2023-05-31,12.012785659536519
2023-06-01,12.73840600623345
2023-06-02,10.687659430601952
2023-06-03,0.5913219667044303
2023-06-04,1.3941935288041902
2023-06-05,0.09579452584588646
2023-06-06,3.863313565183127
2023-06-07,0.6336455362269181
2023-06-08,34.74982133152233
2023-06-09,39.626020792389056
2023-06-10,18.744356793568894
2023-06-11,4.306571867738787
2023-06-12,4.209791894552997
2023-06-13,16.984904958483348
2023-06-14,89.99821820777615
2023-06-15,90.15224900471856
2023-06-16,113.65608778894094
2023-06-17,91.70582227443504
2023-06-18,13.652415054850758
2023-06-19,22.018834869101454
2023-06-20,20.725343684058387
2023-06-21,27.940708599640327
2023-06-22,21.96978082703319
2023-06-23,0.0
2023-06-24,0.015935477282386368
2023-06-25,5.488513134690412
2023-06-26,11.190356225964223
2023-06-27,19.110738936256645
2023-06-28,22.125157133858522
2023-06-29,55.84681430159674
2023-06-30,39.831064723727486
2023-07-01,25.053698791651424
2023-07-02,82.7359506462659
2023-07-03,30.250859995139855
2023-07-04,6.1703939407983
2023-07-05,39.62647606203909
2023-07-06,17.48351545891007
2023-07-07,4.859856264167508
2023-07-08,0.6235460193987944
2023-07-09,6.969445120609612
2023-07-10,18.47136949124492
2023-07-11,11.050112718926593
2023-07-12,8.069078064561511
2023-07-13,15.392508412664473
2023-07-14,0.32256573783732817
2023-07-15,1.0234057620176216
2023-07-16,7.003883030081521
2023-07-17,6.616837529601924
2023-07-18,3.186454011042174
2023-07-19,4.347252876109695
2023-07-20,28.481718427196164
2023-07-21,10.807264666380345
2023-07-22,34.74984785488196
2023-07-23,19.703415102079404
2023-07-24,10.3806112445124
2023-07-25,13.461478235091773
2023-07-26,20.792725363744516
2023-07-27,12.160820070522698
2023-07-28,10.85143290115207
2023-07-29,2.319081383283212
2023-07-30,30.395456637187223
2023-07-31,10.738901354647181
2023-08-01,0.8354972407233909
2023-08-02,48.258830943324
2023-08-03,20.766096561780287
2023-08-04,9.587594479376591
2023-08-05,4.127147974739891
2023-08-06,61.27103025892495
2023-08-07,63.77785078972156
2023-08-08,36.01062417527891
2023-08-09,5.207535718601749
2023-08-10,2.469940494290736
2023-08-11,0.7362922927470539
2023-08-12,8.502639578937405
2023-08-13,6.35015296783026
2023-08-14,7.8875306631736715
2023-08-15,5.706214452342529
2023-08-16,2.0992578652675986
2023-08-17,11.841788009582636
2023-08-18,21.21540449200326
2023-08-19,7.9603206532603235
2023-08-20,6.259774356161173
2023-08-21,17.9761030320361
2023-08-22,22.883824430689042
2023-08-23,3.8835186382912052
2023-08-24,18.93553809080184
2023-08-25,9.125558322487926
2023-08-26,60.91196206257145
2023-08-27,89.3958578125901
2023-08-28,2.729886332083404
2023-08-29,0.0
2023-08-30,20.772498490936222
2023-08-31,17.930699256530037
2023-09-01,9.446209123395287
2023-09-02,5.7059678106663965
2023-09-03,7.087455975944436
2023-09-04,5.439717807406675
2023-09-05,6.100146220297447
2023-09-06,9.782567745827961
2023-09-07,24.121185057230125
2023-09-08,7.000166505709772
2023-09-09,2.9715783714134845
2023-09-10,8.811127825954593
2023-09-11,23.065965112115368
2023-09-12,16.60750855670837
2023-09-13,14.214412674700343
2023-09-14,4.103815224775539
2023-09-15,0.0
2023-09-16,0.12065017619835344
2023-09-17,20.072526750730255
2023-09-18,26.38134053953397
2023-09-19,22.021437631564087
2023-09-20,19.183141380943685
2023-09-21,13.86019392444382
2023-09-22,11.534425948706145
2023-09-23,5.967036568079014
2023-09-24,19.11903097446743
2023-09-25,2.212420279496666
2023-09-26,0.0
2023-09-27,1.137083420256213
2023-09-28,1.0221184014704137
2023-09-29,12.140447080642419
2023-09-30,4.352887308379102
2023-10-01,45.22430487806858
2023-10-02,28.22532534586819
2023-10-03,1.553494146103479
2023-10-04,10.111688221525581
2023-10-05,81.5999795296506
2023-10-06,97.2483881017807
2023-10-07,7.8452976451818985
2023-10-08,10.63758461399435
2023-10-09,11.093551096036952
2023-10-10,0.0
2023-10-11,0.14646600006824814
2023-10-12,2.7210968207965975
2023-10-13,0.0
2023-10-14,0.0
2023-10-15,0.0
2023-10-16,0.0
2023-10-17,0.0
2023-10-18,0.0
2023-10-19,0.0
2023-10-20,0.0
2023-10-21,0.0
2023-10-22,4.342415351513265
2023-10-23,2.8848500263785084
2023-10-24,32.72231809926967
2023-10-25,0.0
2023-10-26,0.0
2023-10-27,0.0
2023-10-28,0.0
2023-10-29,0.0
2023-10-30,0.0
2023-10-31,0.0
2023-11-01,0.0
2023-11-02,0.0
2023-11-03,0.0
2023-11-04,0.0
2023-11-05,0.0
2023-11-06,0.0
2023-11-07,0.01378313087015139
2023-11-08,0.0
2023-11-09,0.0
2023-11-10,0.0
2023-11-11,0.0
2023-11-12,0.0
2023-11-13,0.0
2023-11-14,0.0
2023-11-15,0.018713071185723892
2023-11-16,3.3254896506565927
2023-11-17,46.729394657680594
2023-11-18,0.0
2023-11-19,0.0
2023-11-20,0.0
2023-11-21,0.11519913107062442
2023-11-22,0.0
2023-11-23,0.0
2023-11-24,0.0
2023-11-25,0.0
2023-11-26,0.0
2023-11-27,0.0
2023-11-28,0.0
2023-11-29,0.2644543733449858
2023-11-30,0.0
2023-12-01,0.0
2023-12-02,3.752344550751387
2023-12-03,0.26722266418150187
2023-12-04,0.02080204446437582
2023-12-05,5.451087010017949
2023-12-06,0.0
2023-12-07,4.436360236762793
2023-12-08,0.0
2023-12-09,0.0
2023-12-10,0.0
2023-12-11,0.0
2023-12-12,0.0
2023-12-13,0.003151757505877776
2023-12-14,0.6174079884428569
2023-12-15,0.0
2023-12-16,0.0
2023-12-17,0.024946392454088445
2023-12-18,0.0012210822437616758
2023-12-19,0.37572422652024556
2023-12-20,0.04794374798384169
2023-12-21,0.0
2023-12-22,0.0
2023-12-23,0.038393757474926536
2023-12-24,0.37737564412805913
2023-12-25,0.049689768441539064
2023-12-26,2.2757446732332225
2023-12-27,0.0
2023-12-28,0.0057232588566598925
2023-12-29,0.01756269452854295
2023-12-30,0.0
2023-12-31,0.0
2024-01-01,0.04909795013208564
2024-01-02,0.09495763670055409
2024-01-03,0.04573491339599648
2024-01-04,0.009727757433342409
2024-01-05,0.10388242921853492
2024-01-06,0.182689705738961
2024-01-07,0.0
2024-01-08,0.462547754764904
2024-01-09,0.0
2024-01-10,0.035890050171383615
2024-01-11,0.8068433743789892
2024-01-12,1.2389360768599202
2024-01-13,0.0
2024-01-14,0.0
2024-01-15,0.029795026865778586
2024-01-16,0.0
2024-01-17,0.0
2024-01-18,0.062271117348516127
2024-01-19,0.019235145830801617
2024-01-20,0.0011725642520391583
2024-01-21,0.0
2024-01-22,0.0
2024-01-23,0.0
2024-01-24,1.1294639888834554
2024-01-25,0.0
2024-01-26,0.0
2024-01-27,0.01708407499116862
2024-01-28,0.0
2024-01-29,0.0
2024-01-30,0.0
2024-01-31,0.7550998691718778
2024-02-01,0.007073748021099082
2024-02-02,3.0999710767257476
2024-02-03,0.0
2024-02-04,0.0
2024-02-05,0.0
2024-02-06,7.262790136359176
2024-02-07,0.03170419775910213
2024-02-08,0.0
2024-02-09,0.0
2024-02-10,0.0
2024-02-11,4.720608950729267
2024-02-12,0.0
2024-02-13,0.0
2024-02-14,2.736014670880213
2024-02-15,5.678529688097169
2024-02-16,0.8601384578395169
2024-02-17,0.0
2024-02-18,0.0
2024-02-19,0.0
2024-02-20,4.150245127892316
2024-02-21,0.0
2024-02-22,7.105231268762054
2024-02-23,0.1595664342968166
2024-02-24,0.0
2024-02-25,0.0
2024-02-26,1.9160261278654829
2024-02-27,0.8379654734433585
2024-02-28,8.557123649782808E-4
2024-02-29,0.45467304244633666
2024-03-01,0.0
2024-03-02,0.0
2024-03-03,0.0
2024-03-04,0.0
2024-03-05,0.0
2024-03-06,0.0
2024-03-07,0.0
2024-03-08,0.0
2024-03-09,0.0
2024-03-10,0.0
2024-03-11,0.0
2024-03-12,0.0
2024-03-13,0.0
2024-03-14,0.0
2024-03-15,0.0
2024-03-16,0.2309904202007289
2024-03-17,0.0
2024-03-18,0.0
2024-03-19,9.149107786316256
2024-03-20,0.29408918840209314
2024-03-21,2.708188595908275
2024-03-22,0.0
2024-03-23,4.750245416697814
2024-03-24,1.298799943373182
2024-03-25,42.16371672525282
2024-03-26,0.404419602774826
2024-03-27,1.2929214451770221
2024-03-28,0.0
2024-03-29,1.8847686053375037
2024-03-30,32.41306427132533
2024-03-31,61.53895765848818
2024-04-01,3.29486573901087
2024-04-02,10.649385752585085
2024-04-03,2.0509581567414497
2024-04-04,13.930913641858798
2024-04-05,8.111272696075217
2024-04-06,0.4265888530938777
2024-04-07,2.4994204019071304
2024-04-08,0.0
2024-04-09,0.0
2024-04-10,0.2128350440420763
2024-04-11,1.531326384168364
2024-04-12,0.7331242898448818
2024-04-13,0.7515652351758496
2024-04-14,3.2702693767449356
2024-04-15,1.6704647283159275
2024-04-16,12.604161554362395
2024-04-17,10.405201550358477
2024-04-18,3.2553861542868057
2024-04-19,1.8903458313331303
2024-04-20,1.3658188452117441
2024-04-21,28.464856000444087
2024-04-22,0.0
2024-04-23,1.6226660029912048
2024-04-24,1.8605861556299774
2024-04-25,1.7398976199102445
2024-04-26,15.12361360350531
2024-04-27,12.280345767959187
2024-04-28,2.3882904720130527
2024-04-29,2.129403020697873
2024-04-30,7.388093021954721
2024-05-01,1.5228141159348327
2024-05-02,1.5435397241020823
2024-05-03,0.5455195174065017
2024-05-04,36.72468259544563
2024-05-05,37.18333653822255
2024-05-06,42.304046733488285
2024-05-07,0.0
2024-05-08,0.0
2024-05-09,0.15096101648519128
2024-05-10,0.0
2024-05-11,0.0
2024-05-12,0.0
2024-05-13,0.0
2024-05-14,0.0
2024-05-15,0.05886210215399714
2024-05-16,2.516035773776238
2024-05-17,15.40581750022034
2024-05-18,9.567882788094181
2024-05-19,25.05012608868991
2024-05-20,18.903544818143477
2024-05-21,0.0968028927384052
2024-05-22,0.33074903971496855
2024-05-23,0.0
2024-05-24,2.648661063171534
2024-05-25,12.862954293704904
2024-05-26,72.07918994989383
2024-05-27,63.43647122382967
2024-05-28,117.58612464845783
2024-05-29,67.5509959412642
2024-05-30,66.58502473287002
2024-05-31,0.2071442689539021
2024-06-01,24.320103259674795
2024-06-02,45.94346512814781
2024-06-03,23.673019775468855
2024-06-04,33.84488757003876
2024-06-05,6.730156019036413
2024-06-06,16.15598170125964
2024-06-07,11.496804116736753
2024-06-08,36.225376629131034
2024-06-09,33.90575268924783
2024-06-10,24.97097839308141
2024-06-11,12.314443045077187
2024-06-12,30.450116173195788
2024-06-13,43.5850199784097
2024-06-14,31.312746062333506
2024-06-15,53.053765507146984
2024-06-16,59.138258665494995
2024-06-17,86.01454998134989
2024-06-18,87.56325206361872
2024-06-19,48.107452926998334
2024-06-20,1.1604274520998934
2024-06-21,4.321838032873194
2024-06-22,12.300424254533414
2024-06-23,12.583187322750252
2024-06-24,30.03709918130464
2024-06-25,15.055728798207852
2024-06-26,26.303761481609
2024-06-27,32.795724521548514
2024-06-28,7.010533686169482
2024-06-29,14.191169211520856
2024-06-30,71.05631126034386
2024-07-01,168.9913613052287
2024-07-02,4.241373968877821
2024-07-03,3.2339348823358294
2024-07-04,11.840276459738929
2024-07-05,5.939467735517699
2024-07-06,12.617746997686265
2024-07-07,2.55199099790931
2024-07-08,24.896008378862945
2024-07-09,9.727682052307777
2024-07-10,27.073974001971745
2024-07-11,43.16364777205163
2024-07-12,6.628834392658864
2024-07-13,8.604216280399859
2024-07-14,15.33241693409475
2024-07-15,57.097301697344555
2024-07-16,20.53560893574867
2024-07-17,13.902054510488304
2024-07-18,10.855558166401181
2024-07-19,26.315332176817183
2024-07-20,10.900552283998662
2024-07-21,11.559095752529286
2024-07-22,0.6353729024054848
2024-07-23,0.0
2024-07-24,20.162424191394127
2024-07-25,2.4983214465823327
2024-07-26,1.279443614903117
2024-07-27,13.933377410275972
2024-07-28,23.592772433349158
2024-07-29,30.787848750365512
2024-07-30,17.812010084319432
2024-07-31,7.320766349859623
2024-08-01,15.493094593366797
2024-08-02,38.70174601929691
2024-08-03,17.55544527487487
2024-08-04,16.56541090353362
2024-08-05,23.36071479054647
2024-08-06,13.842374578241065
2024-08-07,10.369695225816026
2024-08-08,0.24209245057161924
2024-08-09,0.10103423745649952
2024-08-10,8.278376176781222
2024-08-11,16.13798683179736
2024-08-12,39.726014435409084
2024-08-13,2.3660972086046868
2024-08-14,5.862248501932833
2024-08-15,56.34274681259347
2024-08-16,3.5353225607068413
2024-08-17,1.1896867717912987
2024-08-18,7.099185376239857
2024-08-19,57.02630903203627
2024-08-20,38.5545459876906
2024-08-21,48.15519901010392
2024-08-22,12.498483533865318
2024-08-23,12.811185981350018
2024-08-24,26.374536641511
2024-08-25,7.137829618780359
2024-08-26,3.1401817840750454
2024-08-27,5.602421485833725
2024-08-28,8.098752638077496
2024-08-29,10.211474545009667
2024-08-30,6.5370952916463345
2024-08-31,6.468639103226662
2024-09-01,11.99657571997559
2024-09-02,20.07719246872081
2024-09-03,10.830610229871827
2024-09-04,2.572364211273303
2024-09-05,5.5336193445789315
2024-09-06,11.333269853946968
2024-09-07,11.088268759972925
2024-09-08,3.126301152775594
2024-09-09,11.093443374972841
2024-09-10,4.580787588273728
2024-09-11,12.984174225488891
2024-09-12,4.107877334486039
2024-09-13,6.620832210517947
2024-09-14,7.436888873873241
2024-09-15,5.329064146532324
2024-09-16,1.5209839628131008
2024-09-17,1.6127721934439054
2024-09-18,0.02599609677852757
2024-09-19,1.4918622748678412
2024-09-20,0.2189274029155278
2024-09-21,16.844981518939612
2024-09-22,0.375297864135816
2024-09-23,14.76166370824848
2024-09-24,25.11363482573187
2024-09-25,15.04195961884883
2024-09-26,8.908496689135303
2024-09-27,0.5177717337586891
2024-09-28,13.977579672443886
2024-09-29,47.45148043558551
2024-09-30,15.007951916996682
2024-10-01,27.781477758533153
2024-10-02,27.812979838061604
2024-10-03,27.560445533211436
2024-10-04,54.38794799965619
2024-10-05,32.36597353357049
2024-10-06,9.059465871909966
2024-10-07,1.9480335508092719
2024-10-08,13.2988227108388
2024-10-09,2.7191741937553937
2024-10-10,28.645388717399054
2024-10-11,16.065164397166324
2024-10-12,1.2086378067678198
2024-10-13,0.11297872674589216
2024-10-14,0.0
2024-10-15,0.0
2024-10-16,0.0
2024-10-17,0.352190596539724
2024-10-18,0.3844825733986592
2024-10-19,0.6838275916769759
2024-10-20,0.0
2024-10-21,0.0
2024-10-22,0.03363798765176659
2024-10-23,5.118500172792815
2024-10-24,0.0
2024-10-25,0.0
2024-10-26,0.0
2024-10-27,0.0
2024-10-28,0.0
2024-10-29,0.0
2024-10-30,0.4000739594084234
2024-10-31,0.25165960729696035
2024-11-01,0.03101723546578789
2024-11-02,0.23605895304840657
2024-11-03,0.0
2024-11-04,0.0
2024-11-05,11.629617452671983
2024-11-06,1.2149776817099827
2024-11-07,0.0
2024-11-08,0.0
2024-11-09,0.0
2024-11-10,0.0
2024-11-11,0.044838923848150164
2024-11-12,0.0
2024-11-13,0.0
2024-11-14,0.006271585169689565
2024-11-15,0.0
2024-11-16,0.0
2024-11-17,0.00377687550607033
2024-11-18,0.0512438100450305
2024-11-19,0.0
2024-11-20,0.585669450155341
2024-11-21,0.6576628293849722
2024-11-22,0.0
2024-11-23,0.0
2024-11-24,0.011974063932229483
2024-11-25,0.007648346942073294
2024-11-26,0.17590436445514995
2024-11-27,0.0
2024-11-28,0.09484737469028438
2024-11-29,0.0
2024-11-30,0.7276781431919276
2024-12-01,0.12057567350994577
2024-12-02,0.25706737649890044
2024-12-03,0.03698753590137137
2024-12-04,0.0
2024-12-05,0.6837533552153172
2024-12-06,0.0
2024-12-07,0.0
2024-12-08,0.0
2024-12-09,0.1638020871863136
2024-12-10,0.0
2024-12-11,0.19650871247026894
2024-12-12,0.0
2024-12-13,0.0
2024-12-14,0.0
2024-12-15,0.0
2024-12-16,0.0
2024-12-17,0.0
2024-12-18,0.14616934978022614
2024-12-19,0.014228631752079805
2024-12-20,0.4997090475424349
2024-12-21,0.1391212808367947
2024-12-22,0.0
2024-12-23,0.0
2024-12-24,0.0
2024-12-25,0.0
2024-12-26,0.0
2024-12-27,0.0
2024-12-28,0.0
2024-12-29,0.15540888821296325
2024-12-30,0.2126390714618727
2024-12-31,0.24670670220444987
