date,precipitation_mm
1981-01-01,0.08692357752722404
1981-01-02,0.0
1981-01-03,0.08107008196758018
1981-01-04,0.05696966685263137
1981-01-05,0.0
1981-01-06,1.8350843184079972
1981-01-07,4.667483988249057
1981-01-08,0.6713938681083261
1981-01-09,0.0
1981-01-10,0.0
1981-01-11,0.045612069856596146
1981-01-12,0.10071262217482194
1981-01-13,4.781545005563135
1981-01-14,0.07204954498385932
1981-01-15,0.0
1981-01-16,0.0
1981-01-17,0.0
1981-01-18,0.0
1981-01-19,0.0
1981-01-20,0.0
1981-01-21,0.0
1981-01-22,0.0
1981-01-23,0.0
1981-01-24,0.0
1981-01-25,0.0
1981-01-26,0.0727944127916479
1981-01-27,0.0
1981-01-28,0.0
1981-01-29,0.0
1981-01-30,0.01226081082097038
1981-01-31,12.134616326749365
1981-02-01,9.82263992400563
1981-02-02,7.595658123050217E-4
1981-02-03,0.0
1981-02-04,0.0
1981-02-05,0.0
1981-02-06,0.0
1981-02-07,0.0
1981-02-08,0.01421887947478097
1981-02-09,6.215472981585804
1981-02-10,12.24623337341069
1981-02-11,0.5882339486157179
1981-02-12,0.0
1981-02-13,0.0
1981-02-14,0.0
1981-02-15,0.0
1981-02-16,0.0
1981-02-17,0.0
1981-02-18,0.0
1981-02-19,0.0
1981-02-20,0.0
1981-02-21,0.0
1981-02-22,0.0
1981-02-23,0.0
1981-02-24,0.0
1981-02-25,0.0
1981-02-26,0.0
1981-02-27,0.0
1981-02-28,2.718384132311894
1981-03-01,1.681723783443731
1981-03-02,0.0
1981-03-03,0.0
1981-03-04,0.0
1981-03-05,0.0
1981-03-06,0.0
1981-03-07,1.1842253420441935
1981-03-08,3.8096656680317373
1981-03-09,0.060085095918280894
1981-03-10,0.7161192974371754
1981-03-11,22.832731698151647
1981-03-12,24.19692250724013
1981-03-13,4.395001489342348
1981-03-14,0.6237547291886418
1981-03-15,9.394481633556891
1981-03-16,4.184802282063713
1981-03-17,0.0
1981-03-18,0.0
1981-03-19,0.0
1981-03-20,0.0
1981-03-21,9.520502190376027
1981-03-22,0.0
1981-03-23,2.2907811459085465
1981-03-24,0.7725795136196866
1981-03-25,13.525655721405348
1981-03-26,7.19810055616375
1981-03-27,32.61317147372586
1981-03-28,0.0
1981-03-29,2.419228927974208
1981-03-30,4.768960382397784
1981-03-31,7.76768969579083
1981-04-01,0.0
1981-04-02,0.0
1981-04-03,5.030585775146188
1981-04-04,0.2188588144297898
1981-04-05,22.353823258765715
1981-04-06,0.0
1981-04-07,0.0
1981-04-08,0.0
1981-04-09,0.0
1981-04-10,0.0
1981-04-11,19.51874035492912
1981-04-12,45.15254575187679
1981-04-13,12.211353250458686
1981-04-14,28.92870867359556
1981-04-15,3.5471365867550846
1981-04-16,6.36029566418479
1981-04-17,37.103604219278374
1981-04-18,108.59623660775401
1981-04-19,99.34575545717817
1981-04-20,0.0
1981-04-21,0.0
1981-04-22,0.0
1981-04-23,9.170830122003776
1981-04-24,3.953808601601449
1981-04-25,0.0
1981-04-26,0.0
1981-04-27,21.292258286461642
1981-04-28,0.547852702518764
1981-04-29,42.72159453127249
1981-04-30,2.806585436424933
1981-05-01,10.620896514922794
1981-05-02,16.675409152693163
1981-05-03,0.0
1981-05-04,0.028238350961521396
1981-05-05,29.94007075704033
1981-05-06,12.941089893276075
1981-05-07,0.6075649273057357
1981-05-08,0.0
1981-05-09,44.53255330317653
1981-05-10,10.556264256842228
1981-05-11,31.137150017239797
1981-05-12,0.0
1981-05-13,0.0
1981-05-14,34.22950962108898
1981-05-15,91.74827415088697
1981-05-16,64.62413084783799
1981-05-17,5.76860351174477
1981-05-18,0.0
1981-05-19,0.0
1981-05-20,0.0
1981-05-21,0.48610648354353
1981-05-22,7.088890124014006
1981-05-23,0.0
1981-05-24,9.739403279120468
1981-05-25,3.6618025011180797
1981-05-26,6.532422244412625E-4
1981-05-27,29.178266079360068
1981-05-28,33.56325296242738
1981-05-29,23.65196339463087
1981-05-30,19.573282045341916
1981-05-31,72.9478377368312
1981-06-01,0.0
1981-06-02,1.94399674701765
1981-06-03,4.55122511197479
1981-06-04,18.39142030807941
1981-06-05,5.614302356503532
1981-06-06,0.002742087591797889
1981-06-07,0.0
1981-06-08,0.0
1981-06-09,0.03618788985994252
1981-06-10,0.4452311607587636
1981-06-11,0.30312718686944123
1981-06-12,22.2706161217838
1981-06-13,6.929075365069142
1981-06-14,13.362227390370988
1981-06-15,19.196957972529475
1981-06-16,20.787478806177468
1981-06-17,10.052364855462628
1981-06-18,2.412913863604644
1981-06-19,30.868878055827416
1981-06-20,16.813299711421877
1981-06-21,24.170373847563777
1981-06-22,21.413607326018155
1981-06-23,6.5034081928781164
1981-06-24,19.517668628585053
1981-06-25,0.683420760039806
1981-06-26,1.2825679222253195
1981-06-27,15.208893827496972
1981-06-28,20.627974421929512
1981-06-29,6.410494403350147
1981-06-30,42.37829253712228
1981-07-01,88.50049109023323
1981-07-02,107.45757885293078
1981-07-03,37.67468461120337
1981-07-04,7.098503765556986
1981-07-05,13.681729553888983
1981-07-06,10.878452585202732
1981-07-07,12.963093543338095
1981-07-08,1.2280397578905413
1981-07-09,0.3980113258763348
1981-07-10,2.967063006672592
1981-07-11,37.35015951902847
1981-07-12,13.944152412156408
1981-07-13,0.0
1981-07-14,9.771490651694334
1981-07-15,17.151332306395112
1981-07-16,43.06212679464415
1981-07-17,40.6938455916172
1981-07-18,41.846667878082584
1981-07-19,12.27588942088784
1981-07-20,12.034420986399732
1981-07-21,20.313674550214877
1981-07-22,18.927337210693555
1981-07-23,4.544683758492914
1981-07-24,5.061903936484916
1981-07-25,13.083238002980279
1981-07-26,4.175751587827638
1981-07-27,20.748393865382937
1981-07-28,17.325850487867086
1981-07-29,14.196205411743545
1981-07-30,33.4451647218143
1981-07-31,5.789154794482642
1981-08-01,17.86541181356847
1981-08-02,38.952215290480446
1981-08-03,38.667070113172606
1981-08-04,8.237269678740063
1981-08-05,18.871548946078676
1981-08-06,11.615622853321026
1981-08-07,6.50197328332084
1981-08-08,0.8892691807897816
1981-08-09,9.270670610507612
1981-08-10,12.539692957548342
1981-08-11,9.99963779757784
1981-08-12,15.651839811017798
1981-08-13,12.533730439330895
1981-08-14,16.62047038029081
1981-08-15,0.46154122810946174
1981-08-16,1.1631522817493926E-4
1981-08-17,0.09668336734781097
1981-08-18,0.0
1981-08-19,4.229249231170216
1981-08-20,8.37277681343688
1981-08-21,62.32423601067499
1981-08-22,47.078797691833095
1981-08-23,14.324563060817955
1981-08-24,75.88311318520262
1981-08-25,6.618249739468781
1981-08-26,0.8154433198497892
1981-08-27,11.525524226123263
1981-08-28,27.920957032514703
1981-08-29,35.589758556404306
1981-08-30,2.7504810028542765
1981-08-31,18.801883990153538
1981-09-01,13.586893928543589
1981-09-02,13.848844598439356
1981-09-03,23.955318407023555
1981-09-04,25.435516184535462
1981-09-05,29.167587248496677
1981-09-06,27.206650527898805
1981-09-07,89.52099381222313
1981-09-08,18.993813511758606
1981-09-09,16.757922882965623
1981-09-10,12.321767385285993
1981-09-11,49.78656943578442
1981-09-12,26.196898204623025
1981-09-13,17.086571075549426
1981-09-14,0.0
1981-09-15,0.04917302390472222
1981-09-16,12.83200347336423
1981-09-17,0.2261457314120622
1981-09-18,4.55824731494805
1981-09-19,0.8586274163983801
1981-09-20,0.4533971996688083
1981-09-21,0.0
1981-09-22,0.06271866276515076
1981-09-23,0.0
1981-09-24,0.0
1981-09-25,0.0
1981-09-26,0.0
1981-09-27,8.228992923565471
1981-09-28,13.374073373413358
1981-09-29,23.038271296386593
1981-09-30,25.229094544801704
1981-10-01,16.55513095654392
1981-10-02,3.004593749866906
1981-10-03,0.0
1981-10-04,0.0
1981-10-05,0.0
1981-10-06,0.4181162493550054
1981-10-07,0.0
1981-10-08,0.0
1981-10-09,0.15568027101696905
1981-10-10,0.29954004097948683
1981-10-11,1.3512997827405516E-4
1981-10-12,0.0
1981-10-13,0.01127221469113033
1981-10-14,8.86355697152923
1981-10-15,9.955873870684307
1981-10-16,1.3533607273660455
1981-10-17,0.0
1981-10-18,0.0
1981-10-19,0.0
1981-10-20,0.0
1981-10-21,0.0
1981-10-22,0.0
1981-10-23,0.011892856551459052
1981-10-24,0.0
1981-10-25,0.0
1981-10-26,0.0
1981-10-27,0.3184896834221158
1981-10-28,0.22200074010330897
1981-10-29,0.0
1981-10-30,1.3715218486309744
1981-10-31,0.0498458059506082
1981-11-01,0.0
1981-11-02,0.0
1981-11-03,0.0
1981-11-04,1.2579509351601912
1981-11-05,1.5820007690454385
1981-11-06,0.0
1981-11-07,0.0
1981-11-08,0.0
1981-11-09,0.0
1981-11-10,0.3449540517579816
1981-11-11,0.0
1981-11-12,0.0
1981-11-13,0.0
1981-11-14,0.0
1981-11-15,0.0
1981-11-16,0.0
1981-11-17,0.13700036786972564
1981-11-18,0.13157928663896729
1981-11-19,1.9324512911199323
1981-11-20,4.058275127089602
1981-11-21,0.0
1981-11-22,0.0
1981-11-23,0.0
1981-11-24,0.0
1981-11-25,0.0
1981-11-26,0.0
1981-11-27,0.0
1981-11-28,0.0
1981-11-29,0.0
1981-11-30,0.0
1981-12-01,0.0
1981-12-02,0.0
1981-12-03,0.0
1981-12-04,0.0
1981-12-05,0.0
1981-12-06,0.0
1981-12-07,0.7257531792496804
1981-12-08,0.038587795947266156
1981-12-09,1.5277351440300502
1981-12-10,8.623373023959862
1981-12-11,4.178324757104477
1981-12-12,0.0
1981-12-13,0.0
1981-12-14,0.0
1981-12-15,0.0
1981-12-16,0.0
1981-12-17,0.0
1981-12-18,0.0
1981-12-19,0.0
1981-12-20,0.0
1981-12-21,0.0
1981-12-22,0.0
1981-12-23,0.0
1981-12-24,0.0
1981-12-25,0.0
1981-12-26,0.0
1981-12-27,0.0
1981-12-28,0.0
1981-12-29,0.0
1981-12-30,0.0
1981-12-31,0.0
1982-01-01,0.0
1982-01-02,0.0
1982-01-03,0.0
1982-01-04,0.0
1982-01-05,0.0
1982-01-06,1.3383572202899017
1982-01-07,0.0
1982-01-08,0.0
1982-01-09,0.0
1982-01-10,0.0
1982-01-11,0.0
1982-01-12,0.11434388309971405
1982-01-13,0.0
1982-01-14,1.5367872311866504
1982-01-15,0.0
1982-01-16,1.3905109483246119
1982-01-17,0.7519917083305018
1982-01-18,0.0
1982-01-19,0.021157590472702676
1982-01-20,0.686562956024121
1982-01-21,0.0
1982-01-22,0.0
1982-01-23,0.0
1982-01-24,0.0
1982-01-25,0.0
1982-01-26,0.0
1982-01-27,0.0
1982-01-28,0.0
1982-01-29,0.04697436434010362
1982-01-30,0.0
1982-01-31,0.0
1982-02-01,0.22164937568122453
1982-02-02,0.0
1982-02-03,0.0
1982-02-04,0.0
1982-02-05,0.06835842794612368
1982-02-06,0.0
1982-02-07,0.0
1982-02-08,2.015630160205631
1982-02-09,0.0
1982-02-10,0.0
1982-02-11,0.0
1982-02-12,0.0
1982-02-13,2.4083555617546435
1982-02-14,0.4713435530772843
1982-02-15,0.0
1982-02-16,0.2797607265673287
1982-02-17,1.1915513842449925
1982-02-18,9.219042234111757
1982-02-19,0.0
1982-02-20,0.0
1982-02-21,0.0
1982-02-22,0.0
1982-02-23,0.0
1982-02-24,0.0
1982-02-25,0.0
1982-02-26,0.0
1982-02-27,0.0
1982-02-28,0.0
1982-03-01,0.09475652625184933
1982-03-02,0.31221997081700803
1982-03-03,1.9356455723579047
1982-03-04,0.2641424627746839
1982-03-05,0.1842844926501873
1982-03-06,2.655571721222078
1982-03-07,1.3155697460447708
1982-03-08,0.0
1982-03-09,0.0
1982-03-10,0.0
1982-03-11,0.0
1982-03-12,0.2570730218079016
1982-03-13,0.041409246543582974
1982-03-14,0.1369567408367901
1982-03-15,0.20568166810340807
1982-03-16,0.0
1982-03-17,36.55097143417052
1982-03-18,10.154891652405377
1982-03-19,5.286952152370364
1982-03-20,0.0
1982-03-21,0.0
1982-03-22,0.0
1982-03-23,0.0
1982-03-24,0.0
1982-03-25,0.0
1982-03-26,0.14358601660085324
1982-03-27,0.0
1982-03-28,0.0
1982-03-29,0.0
1982-03-30,0.08252811500829721
1982-03-31,9.668922141007751
1982-04-01,5.392614546638723
1982-04-02,4.94596443399375
1982-04-03,4.02389833591461
1982-04-04,8.382567186607371
1982-04-05,52.718582551339566
1982-04-06,22.937006088221626
1982-04-07,2.041063021256687
1982-04-08,3.2915266602942697
1982-04-09,0.5785875944110705
1982-04-10,0.2283557134995467
1982-04-11,14.24591625758204
1982-04-12,48.99819804080419
1982-04-13,36.9142394813358
1982-04-14,43.20298730082252
1982-04-15,68.11599221669003
1982-04-16,44.48574371189796
1982-04-17,32.27208439302924
1982-04-18,12.346557745900846
1982-04-19,0.7277904126584903
1982-04-20,0.0
1982-04-21,0.0
1982-04-22,0.0
1982-04-23,0.0
1982-04-24,2.7436258994403304
1982-04-25,6.724929924735976
1982-04-26,5.660227521373647
1982-04-27,16.512054642093226
1982-04-28,5.4307194307663185
1982-04-29,12.72726164596743
1982-04-30,12.511071099929136
1982-05-01,13.62488173164372
1982-05-02,16.47508754067248
1982-05-03,21.1931249954099
1982-05-04,31.026547752994908
1982-05-05,0.0
1982-05-06,0.0
1982-05-07,23.85159475236437
1982-05-08,41.90380188506025
1982-05-09,35.81991808589783
1982-05-10,47.527039282545495
1982-05-11,54.68936127749828
1982-05-12,38.714547863925176
1982-05-13,5.879347517734378
1982-05-14,34.49830852770094
1982-05-15,0.04899153527810581
1982-05-16,26.195320119962823
1982-05-17,9.945596775391264
1982-05-18,0.0
1982-05-19,0.0
1982-05-20,0.0
1982-05-21,0.0
1982-05-22,2.9463592575876056
1982-05-23,0.0
1982-05-24,0.0
1982-05-25,0.0
1982-05-26,4.578681007473609
1982-05-27,30.37084382629899
1982-05-28,40.1413427333159
1982-05-29,22.938110506550764
1982-05-30,8.211700670336011
1982-05-31,0.0
1982-06-01,0.0
1982-06-02,25.270279559076712
1982-06-03,3.0584985358399064
1982-06-04,10.83455300745129
1982-06-05,3.6211053230464536E-4
1982-06-06,9.479965314715907
1982-06-07,5.797973979591875
1982-06-08,50.125384377232166
1982-06-09,86.69738472923115
1982-06-10,126.61869696327577
1982-06-11,1.6427134056294819
1982-06-12,0.917252565560244
1982-06-13,13.4969869535643
1982-06-14,29.428348643987743
1982-06-15,34.90197455813043
1982-06-16,28.782421871420357
1982-06-17,55.65915280918172
1982-06-18,43.149766465360756
1982-06-19,75.76968297395497
1982-06-20,15.182478049103322
1982-06-21,2.793254120299345
1982-06-22,0.5853475143661179
1982-06-23,1.3445939249032781
1982-06-24,4.478962260279062
1982-06-25,15.84979403755627
1982-06-26,9.331221235911542
1982-06-27,2.128043426606497
1982-06-28,0.09190578742816141
1982-06-29,0.7291432614716836
1982-06-30,39.92497711782009
1982-07-01,22.544779370565404
1982-07-02,50.212859769812106
1982-07-03,15.463840046384252
1982-07-04,32.0122293274928
1982-07-05,41.930627609229276
1982-07-06,9.649171893514803
1982-07-07,11.019882115119199
1982-07-08,0.0
1982-07-09,2.9863425526506275
1982-07-10,4.897639651726114
1982-07-11,0.9122794906032873
1982-07-12,7.519396072246738
1982-07-13,14.464110597142906
1982-07-14,0.0831970838823249
1982-07-15,3.434348389524003
1982-07-16,3.0854191737413363
1982-07-17,9.439663354168976
1982-07-18,12.706159854286158
1982-07-19,23.19594308011825
1982-07-20,17.848360275574816
1982-07-21,51.15720859024396
1982-07-22,5.330361346305506
1982-07-23,0.9220858650139117
1982-07-24,21.579256512858738
1982-07-25,84.40863877640858
1982-07-26,31.47549942546977
1982-07-27,25.73620098493678
1982-07-28,22.22442733147672
1982-07-29,26.054986326184483
1982-07-30,23.422750397410507
1982-07-31,0.4732731519166396
1982-08-01,10.242129464466753
1982-08-02,157.48216721861317
1982-08-03,153.61993113474426
1982-08-04,34.8860046863211
1982-08-05,6.880031656155106
1982-08-06,17.197153244047215
1982-08-07,30.098164051823712
1982-08-08,0.4937352678153279
1982-08-09,3.970888135032003
1982-08-10,11.585864081997316
1982-08-11,13.471026311598155
1982-08-12,0.7478712793958969
1982-08-13,18.65672907383625
1982-08-14,12.121200477258887
1982-08-15,3.775650052915907
1982-08-16,7.839468253751269
1982-08-17,18.486403571356608
1982-08-18,22.217424837377948
1982-08-19,7.194753898379045
1982-08-20,24.730084320969407
1982-08-21,31.20661632845278
1982-08-22,48.45188824160611
1982-08-23,25.11071599460916
1982-08-24,2.6371722992523905
1982-08-25,10.505525095915553
1982-08-26,17.755460253997608
1982-08-27,12.49798635717228
1982-08-28,4.502168889698067
1982-08-29,3.6929421381706145
1982-08-30,0.7564677561154357
1982-08-31,0.0
1982-09-01,0.0
1982-09-02,1.0771924087846183
1982-09-03,16.050852948842742
1982-09-04,8.714007586479482
1982-09-05,6.467904572685985
1982-09-06,1.3292365069883116
1982-09-07,0.14712844789933058
1982-09-08,9.854909799041806
1982-09-09,17.338249103215144
1982-09-10,15.54149244357752
1982-09-11,33.494375286678384
1982-09-12,40.828611381437014
1982-09-13,34.349085622965724
1982-09-14,64.36468660366413
1982-09-15,38.094023946360146
1982-09-16,10.997887939767118
1982-09-17,1.2592409045509891
1982-09-18,0.0
1982-09-19,7.355138474184189
1982-09-20,19.323993362012132
1982-09-21,0.42144862097190255
1982-09-22,4.250026207993906
1982-09-23,0.0
1982-09-24,0.0
1982-09-25,0.7629042105347801
1982-09-26,1.7510090580574242
1982-09-27,12.595905972342015
1982-09-28,30.094088498047366
1982-09-29,0.5167484505243208
1982-09-30,1.9227773426949748
1982-10-01,0.0
1982-10-02,8.561216935121116
1982-10-03,3.605949030738515
1982-10-04,2.061871269950877
1982-10-05,0.29013698505612723
1982-10-06,0.0
1982-10-07,0.06187299944563589
1982-10-08,0.09566094677739419
1982-10-09,0.0
1982-10-10,0.0
1982-10-11,0.011339030220718088
1982-10-12,0.0
1982-10-13,0.0
1982-10-14,0.0
1982-10-15,0.0
1982-10-16,0.0
1982-10-17,0.167494493724122
1982-10-18,0.0
1982-10-19,0.09303337433316025
1982-10-20,0.22890093806356587
1982-10-21,0.28754935569737783
1982-10-22,73.51229538276276
1982-10-23,21.04074469518193
1982-10-24,0.4111196684425737
1982-10-25,0.0
1982-10-26,0.026675534753029164
1982-10-27,0.06845973994525682
1982-10-28,0.0
1982-10-29,0.0
1982-10-30,0.0
1982-10-31,0.0
1982-11-01,0.5058338927948941
1982-11-02,0.340022765313085
1982-11-03,0.0
1982-11-04,0.0
1982-11-05,0.2117330887905687
1982-11-06,0.009827710055328662
1982-11-07,0.058695517930454674
1982-11-08,0.0
1982-11-09,0.3041590927164684
1982-11-10,9.462940665716605
1982-11-11,1.6836050366973374
1982-11-12,0.1720641512319365
1982-11-13,0.0
1982-11-14,0.0
1982-11-15,0.0
1982-11-16,0.0
1982-11-17,0.0
1982-11-18,0.0
1982-11-19,0.0
1982-11-20,0.0
1982-11-21,0.0
1982-11-22,0.0
1982-11-23,0.004429959156956456
1982-11-24,0.0
1982-11-25,0.0
1982-11-26,0.0
1982-11-27,0.0
1982-11-28,0.0
1982-11-29,0.0
1982-11-30,0.0
1982-12-01,0.0
1982-12-02,0.0
1982-12-03,0.0
1982-12-04,0.8048698254780003
1982-12-05,0.08786302694290224
1982-12-06,0.0
1982-12-07,0.0
1982-12-08,0.0
1982-12-09,0.0
1982-12-10,0.0
1982-12-11,0.0
1982-12-12,0.0
1982-12-13,0.0
1982-12-14,0.0
1982-12-15,0.0
1982-12-16,0.11215153342299093
1982-12-17,0.0
1982-12-18,0.0
1982-12-19,0.0
1982-12-20,0.0
1982-12-21,0.0
1982-12-22,0.0
1982-12-23,0.0
1982-12-24,0.03530118968618399
1982-12-25,0.0
1982-12-26,0.0
1982-12-27,0.0
1982-12-28,0.0
1982-12-29,1.6778747259903468
1982-12-30,2.192484912462504
1982-12-31,2.1305024825440055
1983-01-01,0.0
1983-01-02,0.1546675531609275
1983-01-03,0.0
1983-01-04,0.0
1983-01-05,0.0
1983-01-06,0.0
1983-01-07,0.0
1983-01-08,0.0
1983-01-09,0.0
1983-01-10,1.2233751807899929
1983-01-11,0.0
1983-01-12,0.0
1983-01-13,0.0
1983-01-14,0.0
1983-01-15,0.0
1983-01-16,0.0
1983-01-17,0.0
1983-01-18,0.0
1983-01-19,0.0
1983-01-20,0.0
1983-01-21,0.0
1983-01-22,0.0
1983-01-23,0.0
1983-01-24,0.0
1983-01-25,0.0
1983-01-26,0.0
1983-01-27,0.0
1983-01-28,0.0
1983-01-29,0.025488576183800026
1983-01-30,5.235295156853274
1983-01-31,1.7855142909403356
1983-02-01,0.15623366907193703
1983-02-02,0.0
1983-02-03,0.0
1983-02-04,0.0
1983-02-05,0.005650281423944084
1983-02-06,0.0
1983-02-07,0.0
1983-02-08,0.06635605695035224
1983-02-09,0.0
1983-02-10,0.0
1983-02-11,0.0
1983-02-12,0.0
1983-02-13,0.0
1983-02-14,0.0
1983-02-15,0.0
1983-02-16,0.0
1983-02-17,0.0
1983-02-18,0.0
1983-02-19,0.5128226181957205
1983-02-20,0.0
1983-02-21,0.0
1983-02-22,0.0
1983-02-23,0.13181425090043772
1983-02-24,1.1927260863788203
1983-02-25,9.233958064532489
1983-02-26,5.615841717273401
1983-02-27,15.38848406422188
1983-02-28,0.0
1983-03-01,0.0
1983-03-02,17.27417471845885
1983-03-03,35.96364711513434
1983-03-04,2.8152416748635414
1983-03-05,1.6457552051042428
1983-03-06,8.000594440968598
1983-03-07,1.1649089008996303
1983-03-08,0.5394734972334623
1983-03-09,0.5497328009903346
1983-03-10,1.60670919595392
1983-03-11,0.0
1983-03-12,0.4089756798000109
1983-03-13,0.1405066436417381
1983-03-14,0.018196724523058674
1983-03-15,13.084526716030531
1983-03-16,4.244210028066819
1983-03-17,0.02286250036231257
1983-03-18,1.935789064792777
1983-03-19,14.274483272939753
1983-03-20,36.534812899006205
1983-03-21,36.29972545601659
1983-03-22,1.016976148278336
1983-03-23,0.0
1983-03-24,0.0
1983-03-25,0.0
1983-03-26,0.017699371777619866
1983-03-27,10.477904873434323
1983-03-28,1.7216451909132469
1983-03-29,4.378458379449095
1983-03-30,0.6643663075184589
1983-03-31,0.05644162028742674
1983-04-01,0.0
1983-04-02,4.816764500648505
1983-04-03,1.9310675175275935
1983-04-04,0.0
1983-04-05,0.0
1983-04-06,0.0
1983-04-07,0.0
1983-04-08,0.0
1983-04-09,1.2279926120902227
1983-04-10,9.946282560190145
1983-04-11,0.0
1983-04-12,1.6363518030336435
1983-04-13,45.17079247318604
1983-04-14,0.0
1983-04-15,2.019023283128915
1983-04-16,0.0
1983-04-17,0.0
1983-04-18,0.0
1983-04-19,0.0
1983-04-20,0.0
1983-04-21,0.0
1983-04-22,0.0
1983-04-23,35.72898983155616
1983-04-24,10.685282805688441
1983-04-25,26.113815273186045
1983-04-26,2.434415260847305
1983-04-27,42.73397517759288
1983-04-28,51.50374176677274
1983-04-29,25.503758832319754
1983-04-30,70.90721372980138
1983-05-01,77.25796101083009
1983-05-02,78.5878828504625
1983-05-03,24.171061593777953
1983-05-04,7.8179803509994965
1983-05-05,13.704505230360688
1983-05-06,32.52627240547314
1983-05-07,35.36128162967471
1983-05-08,5.479710652668879
1983-05-09,5.530478791287919
1983-05-10,35.105903351032154
1983-05-11,24.518179245507486
1983-05-12,16.606309738282153
1983-05-13,0.0
1983-05-14,6.865199397041231
1983-05-15,0.0
1983-05-16,10.93696437420202
1983-05-17,15.663616829226486
1983-05-18,4.733610239434598
1983-05-19,28.56937336930653
1983-05-20,19.255474182610786
1983-05-21,28.402249160660524
1983-05-22,19.66651546323226
1983-05-23,1.5557479125444515
1983-05-24,6.129805900114908
1983-05-25,0.0
1983-05-26,0.0
1983-05-27,0.0
1983-05-28,0.1494857102166281
1983-05-29,0.0
1983-05-30,0.8172324826120927
1983-05-31,20.741227250981535
1983-06-01,19.10866207060364
1983-06-02,11.078455034646312
1983-06-03,7.981987710082639
1983-06-04,0.4374758126933486
1983-06-05,3.6210017024269336
1983-06-06,3.940227458001366
1983-06-07,30.750005800067445
1983-06-08,6.359126936606498
1983-06-09,0.0
1983-06-10,0.0
1983-06-11,2.3806978032910293
1983-06-12,17.60451252702958
1983-06-13,28.043873109128306
1983-06-14,8.651582957396514
1983-06-15,63.58992981948619
1983-06-16,60.090935244857604
1983-06-17,17.939338992755523
1983-06-18,30.632271767345124
1983-06-19,34.3234759171045
1983-06-20,28.395417002158073
1983-06-21,17.699572878911724
1983-06-22,47.297687753582046
1983-06-23,26.637388242483418
1983-06-24,50.16751625273735
1983-06-25,18.838699513927295
1983-06-26,4.091114309200101
1983-06-27,5.238708315940554
1983-06-28,4.5076052072452795
1983-06-29,4.574981166629671
1983-06-30,30.641347830954874
1983-07-01,29.41379537055241
1983-07-02,35.89987035174244
1983-07-03,54.50696994727381
1983-07-04,47.37715977310547
1983-07-05,10.539969808221565
1983-07-06,0.0
1983-07-07,2.1897911418735965
1983-07-08,37.343344038071436
1983-07-09,5.978717783712829
1983-07-10,27.606336380739652
1983-07-11,4.110994504381328
1983-07-12,7.367764828179661
1983-07-13,21.64696572157937
1983-07-14,24.409174560380176
1983-07-15,14.264110726006555
1983-07-16,15.286046335866141
1983-07-17,30.45403186059635
1983-07-18,36.632004693522354
1983-07-19,71.0816913837466
1983-07-20,36.49110441532474
1983-07-21,9.556100454150078
1983-07-22,5.7749922700382035
1983-07-23,10.937948196717016
1983-07-24,34.372611112245146
1983-07-25,22.74885793222572
1983-07-26,24.845307542532353
1983-07-27,1.813166630902044
1983-07-28,3.9654319243600513
1983-07-29,0.3599385519003714
1983-07-30,12.440725239121035
1983-07-31,0.0
1983-08-01,0.22173170044935012
1983-08-02,14.487311361820625
1983-08-03,28.34149470644637
1983-08-04,45.118737640418324
1983-08-05,30.111120922949254
1983-08-06,0.8942401855016243
1983-08-07,6.938732427974472
1983-08-08,25.89947660203535
1983-08-09,26.56624332784533
1983-08-10,11.99146759975762
1983-08-11,17.046065719327373
1983-08-12,20.486631092150002
1983-08-13,13.9607414071409
1983-08-14,13.88481051630344
1983-08-15,10.560546093312334
1983-08-16,12.015335976386293
1983-08-17,3.0103582633327255
1983-08-18,22.346361811394523
1983-08-19,11.767603340896555
1983-08-20,16.312006763813336
1983-08-21,35.98624801430284
1983-08-22,58.355367944106824
1983-08-23,51.66526449555713
1983-08-24,48.89590608957464
1983-08-25,14.182046226191227
1983-08-26,4.241222283793363
1983-08-27,8.287859940479914
1983-08-28,4.205424353491109
1983-08-29,3.61672875017728
1983-08-30,15.657218212113508
1983-08-31,4.833488580165768
1983-09-01,17.599203472053862
1983-09-02,10.104137975971494
1983-09-03,27.55243899449859
1983-09-04,31.35761059439857
1983-09-05,6.720840439519697
1983-09-06,18.466725719977845
1983-09-07,57.91210048565
1983-09-08,66.35253787539182
1983-09-09,47.02113045034457
1983-09-10,52.54422407680312
1983-09-11,27.219462310146426
1983-09-12,19.08802530569107
1983-09-13,10.633293910863664
1983-09-14,32.87651448063526
1983-09-15,55.70506495906283
1983-09-16,13.95680512691059
1983-09-17,24.261868481952337
1983-09-18,7.203292421792553
1983-09-19,5.5084275869577
1983-09-20,17.879522754197257
1983-09-21,34.1906514815937
1983-09-22,3.5087626007300177
1983-09-23,0.2224988758844944
1983-09-24,6.092866390341112
1983-09-25,7.553015598680336
1983-09-26,10.391979155613262
1983-09-27,8.900137086235336
1983-09-28,0.0
1983-09-29,4.5757564149236964
1983-09-30,0.7310454368156949
1983-10-01,1.927466140178521
1983-10-02,2.861181353056588
1983-10-03,4.9201062890200244
1983-10-04,3.562341303699344
1983-10-05,24.73411361034819
1983-10-06,30.76183018870949
1983-10-07,4.400379526132869
1983-10-08,2.756531936665031
1983-10-09,21.89706717267325
1983-10-10,31.56331134402986
1983-10-11,46.287788269349534
1983-10-12,0.0
1983-10-13,1.4532038752309646
1983-10-14,25.060373538129397
1983-10-15,21.71543239047626
1983-10-16,0.0
1983-10-17,0.0
1983-10-18,0.0
1983-10-19,0.0
1983-10-20,21.097685961583895
1983-10-21,5.365038810803995
1983-10-22,0.0
1983-10-23,0.0
1983-10-24,1.3499300756151376
1983-10-25,0.0
1983-10-26,0.0
1983-10-27,0.0
1983-10-28,0.0
1983-10-29,0.0
1983-10-30,0.0
1983-10-31,0.0
1983-11-01,0.0
1983-11-02,0.0
1983-11-03,0.0
1983-11-04,0.0
1983-11-05,0.0
1983-11-06,0.05275501669813151
1983-11-07,0.12371484188221875
1983-11-08,12.165920883064636
1983-11-09,3.876119811893531
1983-11-10,0.0
1983-11-11,0.0
1983-11-12,0.0
1983-11-13,0.0
1983-11-14,0.0
1983-11-15,0.0
1983-11-16,0.0
1983-11-17,0.0
1983-11-18,0.0
1983-11-19,0.0
1983-11-20,0.0
1983-11-21,0.0
1983-11-22,0.0
1983-11-23,0.0
1983-11-24,0.0
1983-11-25,0.0
1983-11-26,0.0
1983-11-27,0.0
1983-11-28,0.0
1983-11-29,0.0
1983-11-30,0.0
1983-12-01,0.0
1983-12-02,0.0
1983-12-03,0.0
1983-12-04,0.0
1983-12-05,2.0469950078247705
1983-12-06,0.0
1983-12-07,0.0
1983-12-08,0.0
1983-12-09,0.0
1983-12-10,0.0
1983-12-11,0.0
1983-12-12,0.0
1983-12-13,0.004393513668873077
1983-12-14,0.0
1983-12-15,0.0
1983-12-16,0.0
1983-12-17,0.0
1983-12-18,0.0
1983-12-19,0.0
1983-12-20,0.0
1983-12-21,0.0
1983-12-22,0.0
1983-12-23,0.0
1983-12-24,0.0
1983-12-25,0.1123332806044249
1983-12-26,8.576700040311698
1983-12-27,0.6646214504548883
1983-12-28,0.0
1983-12-29,0.0
1983-12-30,0.0
1983-12-31,0.0
1984-01-01,0.0
1984-01-02,0.0
1984-01-03,0.0
1984-01-04,0.0
1984-01-05,0.0
1984-01-06,0.0
1984-01-07,0.0
1984-01-08,0.0
1984-01-09,0.0
1984-01-10,0.0
1984-01-11,0.006497322574517681
1984-01-12,0.0
1984-01-13,0.0
1984-01-14,0.0
1984-01-15,0.0
1984-01-16,7.445165801336461
1984-01-17,0.5735955717871735
1984-01-18,0.0
1984-01-19,0.0
1984-01-20,0.0
1984-01-21,0.0
1984-01-22,0.0
1984-01-23,2.4974634167702003
1984-01-24,0.0
1984-01-25,0.0
1984-01-26,0.0
1984-01-27,0.0
1984-01-28,0.0
1984-01-29,0.0
1984-01-30,0.0
1984-01-31,0.0
1984-02-01,0.0
1984-02-02,0.0
1984-02-03,0.031784948789447
1984-02-04,1.3711683306733045
1984-02-05,1.9311580317129546
1984-02-06,0.8354858604472624
1984-02-07,0.0
1984-02-08,0.8805669665126318
1984-02-09,2.25734106422122
1984-02-10,2.3195600618671377
1984-02-11,0.0
1984-02-12,0.0
1984-02-13,0.20710471386141555
1984-02-14,0.0
1984-02-15,0.04543562075865691
1984-02-16,0.0
1984-02-17,0.0
1984-02-18,0.0
1984-02-19,0.0
1984-02-20,0.3662081638320431
1984-02-21,0.10063194095293809
1984-02-22,0.0
1984-02-23,0.0
1984-02-24,0.0
1984-02-25,0.025578505147934374
1984-02-26,0.0
1984-02-27,0.0
1984-02-28,0.0
1984-02-29,0.0
1984-03-01,0.0
1984-03-02,0.0
1984-03-03,0.0
1984-03-04,0.0
1984-03-05,0.0
1984-03-06,0.0
1984-03-07,0.0
1984-03-08,0.0
1984-03-09,0.0
1984-03-10,0.0
1984-03-11,0.0
1984-03-12,0.0
1984-03-13,0.0
1984-03-14,4.942752287919478
1984-03-15,0.0
1984-03-16,0.0
1984-03-17,0.0
1984-03-18,0.0
1984-03-19,0.0
1984-03-20,0.0
1984-03-21,0.0
1984-03-22,0.0
1984-03-23,0.0
1984-03-24,3.787126983057674
1984-03-25,0.02002217344852879
1984-03-26,24.737575552623532
1984-03-27,28.856280906801366
1984-03-28,0.0
1984-03-29,0.0
1984-03-30,1.9279991251085953
1984-03-31,3.1347414772677547
1984-04-01,21.935850060036763
1984-04-02,0.0
1984-04-03,3.7081409101789555
1984-04-04,1.301604305309724
1984-04-05,0.42501503206217
1984-04-06,0.012470401563037959
1984-04-07,22.361129257099204
1984-04-08,4.389932005584885
1984-04-09,0.01199033160133953
1984-04-10,0.0
1984-04-11,0.0
1984-04-12,0.0
1984-04-13,0.0
1984-04-14,0.0
1984-04-15,0.0
1984-04-16,26.687800235650506
1984-04-17,45.196551226744965
1984-04-18,20.428247983085885
1984-04-19,9.629761721261131
1984-04-20,10.219804489682549
1984-04-21,0.0
1984-04-22,15.645330714419654
1984-04-23,0.0
1984-04-24,0.461889854475387
1984-04-25,0.020632546721797873
1984-04-26,0.1566073784533514
1984-04-27,21.46579747855625
1984-04-28,4.3752494257218455
1984-04-29,0.07588923463509498
1984-04-30,0.5711329194761083
1984-05-01,0.001971462374739288
1984-05-02,9.466118175385455
1984-05-03,2.1156470689423026
1984-05-04,44.46765546261482
1984-05-05,24.573234117305816
1984-05-06,75.93975784089069
1984-05-07,54.92845486199156
1984-05-08,46.0196828328109
1984-05-09,28.71828676140853
1984-05-10,32.52980385835046
1984-05-11,55.2918437605344
1984-05-12,37.44637614575297
1984-05-13,27.321383021013702
1984-05-14,54.234777348522904
1984-05-15,96.40211793682161
1984-05-16,94.41460109476108
1984-05-17,66.39341622832147
1984-05-18,11.434817833806816
1984-05-19,1.847888910192311
1984-05-20,0.793825879746032
1984-05-21,2.2382889561957704
1984-05-22,7.345630018364839
1984-05-23,22.601358242050875
1984-05-24,43.385267359494534
1984-05-25,2.4190473750633075
1984-05-26,1.7074786360854104
1984-05-27,7.34401681148544
1984-05-28,0.08640117876022457
1984-05-29,1.0574676967395222
1984-05-30,8.562167985640405
1984-05-31,7.075435512797937
1984-06-01,0.0
1984-06-02,0.0
1984-06-03,5.100410666981739
1984-06-04,8.947302240253414
1984-06-05,10.667626903540459
1984-06-06,25.577072190871593
1984-06-07,0.8900345682784131
1984-06-08,12.575573574193257
1984-06-09,16.097184029038043
1984-06-10,19.821753112735678
1984-06-11,9.888740717246069
1984-06-12,28.82826743448988
1984-06-13,41.06541193861531
1984-06-14,14.153058809319983
1984-06-15,29.428251480019256
1984-06-16,146.68649060190938
1984-06-17,68.78968472491934
1984-06-18,15.264790328593277
1984-06-19,10.787813991674469
1984-06-20,17.716007824461986
1984-06-21,3.563723922427344
1984-06-22,19.794143520190676
1984-06-23,13.687533984327386
1984-06-24,0.7722586744044876
1984-06-25,5.466170798876939
1984-06-26,6.137893531721735
1984-06-27,7.068907598313146
1984-06-28,22.059655566684455
1984-06-29,4.132459967071086
1984-06-30,12.821736446610986
1984-07-01,2.995709065592123
1984-07-02,15.855138968298945
1984-07-03,6.351454425863307
1984-07-04,32.08211214405668
1984-07-05,18.4735186564178
1984-07-06,32.89516220128345
1984-07-07,53.53245169177868
1984-07-08,27.573031766601925
1984-07-09,40.37281077270278
1984-07-10,69.16535277088238
1984-07-11,28.676935718698
1984-07-12,11.581112642474487
1984-07-13,13.628810150131532
1984-07-14,28.500193412947638
1984-07-15,29.628856585191983
1984-07-16,14.820337625247713
1984-07-17,18.574697546167283
1984-07-18,3.8735579801182802
1984-07-19,13.054511520667184
1984-07-20,26.41500011334749
1984-07-21,16.458414561576607
1984-07-22,20.84508016816771
1984-07-23,37.81656576256415
1984-07-24,16.249397740952585
1984-07-25,16.11434947734922
1984-07-26,29.395721923939185
1984-07-27,13.225924190785866
1984-07-28,10.297942940200334
1984-07-29,25.67034264778558
1984-07-30,42.03526596205872
1984-07-31,22.441692188016297
1984-08-01,26.42365710671408
1984-08-02,7.898778858994498
1984-08-03,32.51373718879795
1984-08-04,18.496099102521548
1984-08-05,11.317228402152661
1984-08-06,9.97898680328312
1984-08-07,93.08879352288805
1984-08-08,9.006109134973919
1984-08-09,7.014365698898856
1984-08-10,9.51748789442663
1984-08-11,8.88914527112712
1984-08-12,4.631402639534534
1984-08-13,21.660555266916155
1984-08-14,8.280112330145698
1984-08-15,8.800955748048535
1984-08-16,16.42130498655003
1984-08-17,15.77174413647853
1984-08-18,14.622889116967896
1984-08-19,15.379971607815007
1984-08-20,44.51148103958219
1984-08-21,12.112752648921647
1984-08-22,17.99065998010018
1984-08-23,15.807576942042578
1984-08-24,10.360805009138152
1984-08-25,7.432866561654456
1984-08-26,0.5849042140307864
1984-08-27,16.416907660898612
1984-08-28,8.244555292055805
1984-08-29,2.2480818390594584
1984-08-30,4.012115319731921
1984-08-31,62.560974679651345
1984-09-01,30.95795176319531
1984-09-02,12.474517186431022
1984-09-03,17.144568877227602
1984-09-04,15.6232769643001
1984-09-05,12.272350467191428
1984-09-06,57.816729491974705
1984-09-07,29.89901654684659
1984-09-08,19.55514235032657
1984-09-09,73.74992014625381
1984-09-10,51.271276944424265
1984-09-11,11.394972192224513
1984-09-12,12.061648536464778
1984-09-13,18.11547510548299
1984-09-14,42.5969972489061
1984-09-15,66.85646559617719
1984-09-16,59.14797472411886
1984-09-17,28.43789887397256
1984-09-18,8.069711073987001
1984-09-19,17.755459151902016
1984-09-20,16.786318056317462
1984-09-21,6.10589348612476
1984-09-22,7.372183571787465
1984-09-23,0.4501435013973724
1984-09-24,0.5532589552046115
1984-09-25,0.0
1984-09-26,0.0
1984-09-27,0.0
1984-09-28,0.0
1984-09-29,0.0
1984-09-30,0.0
1984-10-01,6.328412148603683
1984-10-02,16.66057010100425
1984-10-03,33.26980263154542
1984-10-04,48.58320157601896
1984-10-05,38.56998513692963
1984-10-06,0.5491281400714567
1984-10-07,10.58221398161812
1984-10-08,10.594980693815584
1984-10-09,0.0
1984-10-10,0.0
1984-10-11,1.1142429399888842
1984-10-12,3.4038273801012346
1984-10-13,19.38734405422213
1984-10-14,2.177296053566591
1984-10-15,1.0450848143702136
1984-10-16,2.359442623405987
1984-10-17,0.0
1984-10-18,0.0
1984-10-19,0.0
1984-10-20,17.603972850563306
1984-10-21,13.669450537002405
1984-10-22,0.0
1984-10-23,0.0
1984-10-24,0.0
1984-10-25,0.0
1984-10-26,0.0
1984-10-27,0.0
1984-10-28,0.0
1984-10-29,0.0
1984-10-30,0.0
1984-10-31,0.0
1984-11-01,0.1069040601647391
1984-11-02,0.7413159410693112
1984-11-03,0.0
1984-11-04,0.13789608044123913
1984-11-05,0.01961758291634127
1984-11-06,0.0
1984-11-07,0.04243607974852876
1984-11-08,0.0
1984-11-09,1.1687423678076811
1984-11-10,0.12091589849082963
1984-11-11,0.0
1984-11-12,0.0
1984-11-13,1.0287679239897671
1984-11-14,0.0
1984-11-15,0.0
1984-11-16,0.0
1984-11-17,0.0
1984-11-18,0.0
1984-11-19,0.0
1984-11-20,1.8905614445037202
1984-11-21,0.0
1984-11-22,0.0
1984-11-23,0.3358170652809398
1984-11-24,0.0
1984-11-25,1.3992307379500077
1984-11-26,2.273555738324696
1984-11-27,0.0
1984-11-28,0.0
1984-11-29,0.0
1984-11-30,0.0
1984-12-01,0.0
1984-12-02,0.0
1984-12-03,0.43123168242556453
1984-12-04,0.3216630160086361
1984-12-05,0.0
1984-12-06,0.0
1984-12-07,0.0
1984-12-08,0.0
1984-12-09,0.0
1984-12-10,0.060130900671833576
1984-12-11,0.0
1984-12-12,0.0
1984-12-13,0.040831467193243196
1984-12-14,0.7499747458527684
1984-12-15,0.0
1984-12-16,0.0
1984-12-17,0.0
1984-12-18,0.0
1984-12-19,0.0
1984-12-20,0.0
1984-12-21,0.12420688676281157
1984-12-22,2.897564883119182E-4
1984-12-23,0.0414867406948896
1984-12-24,0.4749319825931918
1984-12-25,4.701979802086477
1984-12-26,6.031494715114074
1984-12-27,0.0
1984-12-28,0.0
1984-12-29,0.07783011259990866
1984-12-30,0.4472725275456979
1984-12-31,0.04979097223699662
1985-01-01,2.9074241679460915
1985-01-02,0.0
1985-01-03,0.0
1985-01-04,0.0
1985-01-05,0.0
1985-01-06,0.9489203425561812
1985-01-07,0.0
1985-01-08,0.0
1985-01-09,0.0
1985-01-10,0.0
1985-01-11,0.0
1985-01-12,0.4939740776295206
1985-01-13,0.3421203415802188
1985-01-14,0.0
1985-01-15,0.7262458089171465
1985-01-16,1.547591182168017
1985-01-17,0.0
1985-01-18,0.0
1985-01-19,0.0
1985-01-20,0.0
1985-01-21,0.0
1985-01-22,0.0
1985-01-23,0.0
1985-01-24,0.0
1985-01-25,0.0
1985-01-26,0.0
1985-01-27,0.0
1985-01-28,0.0
1985-01-29,0.28781694903078203
1985-01-30,0.3103349324624851
1985-01-31,1.0697992802552192
1985-02-01,2.3082050484672747
1985-02-02,0.004035407292870784
1985-02-03,0.0
1985-02-04,0.0
1985-02-05,1.042479063355175
1985-02-06,9.773398909431993
1985-02-07,0.6928369022326465
1985-02-08,5.479184074966648E-4
1985-02-09,0.0
1985-02-10,0.0
1985-02-11,0.0
1985-02-12,0.0
1985-02-13,0.0
1985-02-14,0.24316165324581995
1985-02-15,6.751281770916345
1985-02-16,4.306681358072389
1985-02-17,0.0
1985-02-18,0.0
1985-02-19,0.0
1985-02-20,0.0
1985-02-21,0.0
1985-02-22,0.0
1985-02-23,0.0
1985-02-24,0.0
1985-02-25,0.0
1985-02-26,0.0
1985-02-27,0.0
1985-02-28,0.0
1985-03-01,0.0
1985-03-02,0.0
1985-03-03,0.0
1985-03-04,0.0
1985-03-05,0.0
1985-03-06,0.0
1985-03-07,0.0
1985-03-08,0.0
1985-03-09,0.0
1985-03-10,0.0
1985-03-11,0.0
1985-03-12,0.0
1985-03-13,0.0
1985-03-14,0.0
1985-03-15,2.3728677092395216
1985-03-16,0.026112225893996373
1985-03-17,5.06330506994168
1985-03-18,0.9240413505515802
1985-03-19,0.05655143836025748
1985-03-20,9.42719141598127
1985-03-21,0.22151460729903275
1985-03-22,0.0
1985-03-23,17.33150572319825
1985-03-24,49.01225956123138
1985-03-25,22.211085826498923
1985-03-26,0.0
1985-03-27,21.143419345350914
1985-03-28,47.80522221910268
1985-03-29,48.585982371561016
1985-03-30,11.69967511502675
1985-03-31,0.17138101097570893
1985-04-01,0.7496166997088103
1985-04-02,0.318082897718479
1985-04-03,7.915925715506778
1985-04-04,0.0
1985-04-05,0.0
1985-04-06,8.292340878294985
1985-04-07,9.345020295754495
1985-04-08,5.249063155314703
1985-04-09,8.932604361516711
1985-04-10,9.14905608926533
1985-04-11,0.0
1985-04-12,4.0097134397020255
1985-04-13,0.0
1985-04-14,24.939623617773588
1985-04-15,27.202322710263957
1985-04-16,3.865185370326248
1985-04-17,0.9800186967743547
1985-04-18,0.0
1985-04-19,6.636531033161132
1985-04-20,0.0
1985-04-21,10.544765457540667
1985-04-22,23.96390398912544
1985-04-23,41.30285727143168
1985-04-24,0.6945093996021988
1985-04-25,0.008692412423148487
1985-04-26,37.727866687905916
1985-04-27,10.905412879116607
1985-04-28,0.0
1985-04-29,0.47120435494152907
1985-04-30,0.0
1985-05-01,0.0
1985-05-02,43.00345185566849
1985-05-03,17.720482899859224
1985-05-04,24.512179146004378
1985-05-05,2.7304128377165435
1985-05-06,23.543252353274383
1985-05-07,0.0
1985-05-08,0.0
1985-05-09,0.0
1985-05-10,0.0
1985-05-11,0.7279197111885667
1985-05-12,19.77477009258288
1985-05-13,5.569654106221654
1985-05-14,93.27758342155724
1985-05-15,58.06770143100476
1985-05-16,10.968097308094247
1985-05-17,6.178587160372183
1985-05-18,0.09567773190798365
1985-05-19,2.840987158705527
1985-05-20,10.405881723319698
1985-05-21,7.344014062017169
1985-05-22,0.0
1985-05-23,8.84594666701724
1985-05-24,5.04061731465249
1985-05-25,28.072926511207708
1985-05-26,40.153631589441666
1985-05-27,10.804970274183624
1985-05-28,57.936942815690976
1985-05-29,39.289368210035725
1985-05-30,0.0
1985-05-31,68.42335832596424
1985-06-01,35.57215346468488
1985-06-02,29.688935259748717
1985-06-03,54.427414283058525
1985-06-04,15.185230521585426
1985-06-05,12.975946941596622
1985-06-06,5.296543581076693
1985-06-07,4.202776702377449
1985-06-08,44.24107383566171
1985-06-09,38.64384126292972
1985-06-10,0.2821537143619244
1985-06-11,0.0
1985-06-12,22.5890082158815
1985-06-13,31.649700341104406
1985-06-14,19.12292107479596
1985-06-15,22.172538887078623
1985-06-16,81.44171637736021
1985-06-17,91.75914515951457
1985-06-18,20.373912694403774
1985-06-19,0.6243969276433236
1985-06-20,0.7917767508213807
1985-06-21,17.453671530974546
1985-06-22,11.217520177055807
1985-06-23,42.66402815410795
1985-06-24,21.938968643875732
1985-06-25,6.8461365724657135
1985-06-26,7.365117378505946
1985-06-27,1.2013701207138408
1985-06-28,2.267078847228222
1985-06-29,39.96297132962347
1985-06-30,29.179419655751712
1985-07-01,1.1253839382906463
1985-07-02,0.7722040031234868
1985-07-03,16.283968145239694
1985-07-04,0.05652990210811592
1985-07-05,3.47779107697079
1985-07-06,8.286282777379476
1985-07-07,13.795798987843936
1985-07-08,59.27919160265218
1985-07-09,40.2434112283817
1985-07-10,12.30977072059678
1985-07-11,10.902824798619935
1985-07-12,3.4467614370506374
1985-07-13,21.757165133092983
1985-07-14,24.708457953720067
1985-07-15,18.787060699173033
1985-07-16,15.63078392412747
1985-07-17,0.0
1985-07-18,2.722761504001548
1985-07-19,4.6175096585460205
1985-07-20,9.645438130907579
1985-07-21,6.191184971131985
1985-07-22,0.0
1985-07-23,18.122628413673578
1985-07-24,57.556086553887006
1985-07-25,15.96994621625247
1985-07-26,29.18034561417891
1985-07-27,51.70233414895045
1985-07-28,31.392230438581436
1985-07-29,7.678838035823914
1985-07-30,30.85137619760152
1985-07-31,4.601880564556152
1985-08-01,35.017777343603065
1985-08-02,13.456518151458733
1985-08-03,5.497548312325379
1985-08-04,9.012896920552851
1985-08-05,20.27803250341043
1985-08-06,19.230651306577183
1985-08-07,0.0
1985-08-08,4.140863957094421
1985-08-09,0.0
1985-08-10,5.560379974686457
1985-08-11,3.3772702297353967
1985-08-12,12.585372068977044
1985-08-13,12.302506876868788
1985-08-14,3.5033245867126883
1985-08-15,1.272424469440627
1985-08-16,0.7171742455141145
1985-08-17,17.302810522961224
1985-08-18,0.9793904611985134
1985-08-19,3.0657951784245574
1985-08-20,2.117643376441381
1985-08-21,3.929240069923386
1985-08-22,16.0740070457604
1985-08-23,49.24804057870457
1985-08-24,48.78810538607448
1985-08-25,46.95064520318095
1985-08-26,62.84118348002748
1985-08-27,25.510669235551468
1985-08-28,47.172188523003136
1985-08-29,2.773963672753985
1985-08-30,17.46604721470538
1985-08-31,3.1086659158849104
1985-09-01,24.33809178217001
1985-09-02,0.0
1985-09-03,1.5313877598490109
1985-09-04,9.607881673437687
1985-09-05,26.343231786680075
1985-09-06,12.9893198303357
1985-09-07,19.699912314241775
1985-09-08,5.53916340025636
1985-09-09,11.719170738126962
1985-09-10,4.453913490468749
1985-09-11,10.846433298641776
1985-09-12,28.656219787234427
1985-09-13,22.04447328002237
1985-09-14,23.25900939529142
1985-09-15,3.9956892674442406
1985-09-16,0.0
1985-09-17,0.0
1985-09-18,0.17496414720410555
1985-09-19,69.6468704770834
1985-09-20,10.429432043217469
1985-09-21,56.63990851228508
1985-09-22,45.01530378211833
1985-09-23,47.318293007736706
1985-09-24,0.19037155182419982
1985-09-25,23.67293749852946
1985-09-26,32.437710159962
1985-09-27,21.9134183736097
1985-09-28,7.354745745483058
1985-09-29,16.484038119429012
1985-09-30,19.82595686313954
1985-10-01,14.158743830552565
1985-10-02,0.0
1985-10-03,0.0
1985-10-04,0.0
1985-10-05,0.0
1985-10-06,0.0
1985-10-07,0.0
1985-10-08,0.0
1985-10-09,0.0
1985-10-10,0.0
1985-10-11,0.0
1985-10-12,0.0
1985-10-13,0.0
1985-10-14,9.23060046731244
1985-10-15,39.046905524279545
1985-10-16,4.205214427276636
1985-10-17,2.327128942304905
1985-10-18,1.3100124004864047
1985-10-19,0.0
1985-10-20,0.0
1985-10-21,0.0
1985-10-22,0.0
1985-10-23,0.0
1985-10-24,0.0
1985-10-25,0.0
1985-10-26,0.0
1985-10-27,0.0
1985-10-28,0.0
1985-10-29,0.0
1985-10-30,0.0
1985-10-31,0.0
1985-11-01,0.13563433725173865
1985-11-02,0.0
1985-11-03,0.0
1985-11-04,0.08123304240048117
1985-11-05,1.3528522196264618
1985-11-06,1.0447818179254786
1985-11-07,0.0
1985-11-08,0.0
1985-11-09,0.0
1985-11-10,0.0
1985-11-11,0.00101605224864816
1985-11-12,0.0
1985-11-13,0.0
1985-11-14,0.0
1985-11-15,0.0
1985-11-16,0.0
1985-11-17,0.0
1985-11-18,0.0
1985-11-19,0.22653788466233044
1985-11-20,0.0
1985-11-21,0.0
1985-11-22,0.0
1985-11-23,0.0
1985-11-24,0.0
1985-11-25,0.0
1985-11-26,0.0
1985-11-27,0.0
1985-11-28,0.0
1985-11-29,0.0
1985-11-30,0.0
1985-12-01,0.0
1985-12-02,0.008589578632855985
1985-12-03,1.6722091145197038
1985-12-04,0.0
1985-12-05,0.08765654759720423
1985-12-06,0.001396593750634899
1985-12-07,0.0
1985-12-08,0.0
1985-12-09,0.0
1985-12-10,0.0
1985-12-11,0.0
1985-12-12,0.011662048480277737
1985-12-13,0.0
1985-12-14,0.0
1985-12-15,0.0
1985-12-16,0.014637109514969293
1985-12-17,0.08413368467480563
1985-12-18,0.0
1985-12-19,0.0
1985-12-20,0.16847818150772922
1985-12-21,0.0
1985-12-22,0.0
1985-12-23,0.0
1985-12-24,0.06915701849354901
1985-12-25,0.0
1985-12-26,0.0
1985-12-27,1.978391456332876
1985-12-28,5.595350745983824
1985-12-29,0.0
1985-12-30,0.14650380672220503
1985-12-31,0.0
1986-01-01,0.0
1986-01-02,0.0
1986-01-03,0.0
1986-01-04,0.0
1986-01-05,0.02819693153038123
1986-01-06,0.0
1986-01-07,0.0
1986-01-08,0.0
1986-01-09,0.0
1986-01-10,0.0
1986-01-11,0.0
1986-01-12,0.0
1986-01-13,0.0
1986-01-14,0.0
1986-01-15,6.755351933072418
1986-01-16,0.6947313791975195
1986-01-17,0.0
1986-01-18,0.0
1986-01-19,0.002001426772947738
1986-01-20,0.2689230042959194
1986-01-21,0.0
1986-01-22,0.0
1986-01-23,0.0
1986-01-24,0.0
1986-01-25,0.0
1986-01-26,0.0
1986-01-27,0.0
1986-01-28,0.0
1986-01-29,0.0
1986-01-30,0.003902721792327627
1986-01-31,1.0023327350538025
1986-02-01,0.9011383646309656
1986-02-02,0.0
1986-02-03,0.0
1986-02-04,0.10229380888093767
1986-02-05,0.47206114011442196
1986-02-06,0.0
1986-02-07,0.0
1986-02-08,0.0
1986-02-09,0.0
1986-02-10,1.333087610427878
1986-02-11,0.0
1986-02-12,1.5145826625377892
1986-02-13,0.02373118138720756
1986-02-14,0.0
1986-02-15,5.388436219579914
1986-02-16,0.09017563425182222
1986-02-17,0.0
1986-02-18,0.0
1986-02-19,0.0
1986-02-20,0.0
1986-02-21,0.0
1986-02-22,0.0
1986-02-23,0.0
1986-02-24,0.0
1986-02-25,0.0
1986-02-26,0.0
1986-02-27,0.0
1986-02-28,0.0
1986-03-01,0.0
1986-03-02,0.0
1986-03-03,0.038531306251465065
1986-03-04,0.15538659008048916
1986-03-05,1.5938912605890099
1986-03-06,0.3637692493581737
1986-03-07,2.109798135532959
1986-03-08,0.3669105217574779
1986-03-09,0.4342044851274636
1986-03-10,0.10347918936716818
1986-03-11,0.0
1986-03-12,0.0
1986-03-13,2.072465135864266
1986-03-14,0.4086457051569235
1986-03-15,13.509512602188416
1986-03-16,0.17841205071115046
1986-03-17,0.0
1986-03-18,0.05739824824917012
1986-03-19,0.1034746458406255
1986-03-20,0.13475092505295913
1986-03-21,0.0
1986-03-22,0.0
1986-03-23,0.0
1986-03-24,0.0
1986-03-25,0.14328092850122268
1986-03-26,0.0
1986-03-27,0.0
1986-03-28,0.0
1986-03-29,0.0
1986-03-30,0.08552113664815206
1986-03-31,32.12612586424611
1986-04-01,3.7408299717197524
1986-04-02,1.0598571862752757
1986-04-03,56.23985149642442
1986-04-04,0.0
1986-04-05,24.552725573734115
1986-04-06,0.0
1986-04-07,4.729174991121229
1986-04-08,23.68929111435978
1986-04-09,33.69253125730935
1986-04-10,41.82196391766055
1986-04-11,42.240519979002045
1986-04-12,49.82012265525062
1986-04-13,76.7624492763434
1986-04-14,21.03651830595804
1986-04-15,21.565926891048733
1986-04-16,8.617071422831884
1986-04-17,5.293683938329807
1986-04-18,25.297299153950025
1986-04-19,21.578550486883692
1986-04-20,20.428748166773815
1986-04-21,6.502660395373023
1986-04-22,0.3669630545587493
1986-04-23,4.596167658557118
1986-04-24,27.674386699225636
1986-04-25,32.712137898619396
1986-04-26,28.945508965630697
1986-04-27,30.99495352713781
1986-04-28,17.11439526604032
1986-04-29,0.07103252427435457
1986-04-30,0.0
1986-05-01,0.0
1986-05-02,0.0
1986-05-03,29.779772400121736
1986-05-04,21.34259480875184
1986-05-05,22.79496013941349
1986-05-06,14.527531396204733
1986-05-07,6.0248229128955515
1986-05-08,1.6089033915570692
1986-05-09,1.0611105239456322
1986-05-10,1.3615780899561372
1986-05-11,0.0
1986-05-12,0.0
1986-05-13,0.35599414637164517
1986-05-14,6.941787017921982
1986-05-15,46.440164968444144
1986-05-16,0.0
1986-05-17,37.49839589642741
1986-05-18,5.623678832438709
1986-05-19,19.814517942118428
1986-05-20,0.0
1986-05-21,3.0010689023928117
1986-05-22,0.0
1986-05-23,0.0
1986-05-24,0.0
1986-05-25,19.582338913136276
1986-05-26,1.2741259919642522
1986-05-27,0.0
1986-05-28,0.0
1986-05-29,0.0
1986-05-30,0.0
1986-05-31,1.435513194695763
1986-06-01,0.0
1986-06-02,36.84803546595703
1986-06-03,0.0
1986-06-04,0.0
1986-06-05,0.0
1986-06-06,0.0
1986-06-07,5.318489508067491
1986-06-08,51.78790740290304
1986-06-09,85.50013719674092
1986-06-10,111.19100061473263
1986-06-11,0.9763856706395595
1986-06-12,5.910488972748398
1986-06-13,20.99531209374385
1986-06-14,10.591721634151083
1986-06-15,12.229650120959093
1986-06-16,27.16178302109086
1986-06-17,4.465804460425732
1986-06-18,24.470735771240072
1986-06-19,3.6177062689680572
1986-06-20,43.56290424889431
1986-06-21,14.235233999161133
1986-06-22,2.508200803444501
1986-06-23,16.077921106407796
1986-06-24,15.790069738458469
1986-06-25,1.4497588291117456
1986-06-26,33.530132037336166
1986-06-27,16.681854697299148
1986-06-28,7.71056632887913
1986-06-29,23.95002638612838
1986-06-30,15.048031251621689
1986-07-01,0.1351947002587938
1986-07-02,3.2676087540759178
1986-07-03,2.187804482980886
1986-07-04,27.114107571895794
1986-07-05,16.471744270981173
1986-07-06,41.706211712702256
1986-07-07,10.636896615072356
1986-07-08,3.922922083483555
1986-07-09,2.6487469105463886
1986-07-10,9.078671138326088
1986-07-11,11.964410154185392
1986-07-12,17.918065599465674
1986-07-13,16.130330351257996
1986-07-14,0.0
1986-07-15,0.6003269298622461
1986-07-16,9.654949264213212
1986-07-17,16.56776366161847
1986-07-18,4.032311895847081
1986-07-19,26.581303126933093
1986-07-20,8.607704209111365
1986-07-21,53.32360408751571
1986-07-22,57.25966251105006
1986-07-23,16.731401938071915
1986-07-24,46.73027029474169
1986-07-25,35.811529746115795
1986-07-26,114.07164641090702
1986-07-27,44.357631170798896
1986-07-28,5.77342913152924
1986-07-29,0.6832292583154821
1986-07-30,3.952373885325181
1986-07-31,3.851470977077424
1986-08-01,18.27791210399292
1986-08-02,42.689133183137926
1986-08-03,3.54645472316654
1986-08-04,31.78516470357293
1986-08-05,13.563080230018024
1986-08-06,11.103446217177689
1986-08-07,10.84125588624218
1986-08-08,15.322523565688563
1986-08-09,0.8932513086744298
1986-08-10,4.6658884509641645
1986-08-11,14.762087673056556
1986-08-12,14.5347938962988
1986-08-13,8.156290954956242
1986-08-14,15.472853822162906
1986-08-15,11.429093830453994
1986-08-16,8.744768694694248
1986-08-17,11.367798654323172
1986-08-18,15.21746838508885
1986-08-19,36.50096988441495
1986-08-20,20.966706464683657
1986-08-21,22.67730984361074
1986-08-22,19.92779809595211
1986-08-23,52.33208770062639
1986-08-24,64.53118646174852
1986-08-25,52.85866136553103
1986-08-26,30.037354963538164
1986-08-27,2.555433482246244
1986-08-28,14.771413818420147
1986-08-29,23.847793535597273
1986-08-30,31.927128580120428
1986-08-31,6.97443110660648
1986-09-01,12.076484945262255
1986-09-02,31.832758752903455
1986-09-03,17.32115436076
1986-09-04,0.0
1986-09-05,12.375881922392896
1986-09-06,27.18461127444036
1986-09-07,29.293492770199123
1986-09-08,27.28906681330032
1986-09-09,13.757445300009064
1986-09-10,37.98896437558123
1986-09-11,9.754855585051372
1986-09-12,9.364144847810902
1986-09-13,34.59830507996049
1986-09-14,28.721265283322694
1986-09-15,30.266655186610397
1986-09-16,28.894782323902888
1986-09-17,31.69382223862042
1986-09-18,6.228624750502567
1986-09-19,0.0
1986-09-20,0.5292592047404004
1986-09-21,0.857173043201093
1986-09-22,0.0
1986-09-23,0.038825086872882573
1986-09-24,0.0
1986-09-25,10.803844198552229
1986-09-26,84.45700556670475
1986-09-27,54.87550506073049
1986-09-28,0.5490492445155156
1986-09-29,0.0
1986-09-30,0.2669630503765479
1986-10-01,13.432993399538768
1986-10-02,9.537516684319945
1986-10-03,1.9659874328582816
1986-10-04,0.0
1986-10-05,39.72252372869269
1986-10-06,82.2374188305205
1986-10-07,96.98225397724585
1986-10-08,141.92852060116593
1986-10-09,11.744472839906688
1986-10-10,0.0
1986-10-11,0.0
1986-10-12,0.0
1986-10-13,0.0
1986-10-14,0.02333575350453448
1986-10-15,0.5541100089171711
1986-10-16,0.0
1986-10-17,0.0
1986-10-18,0.0
1986-10-19,0.0
1986-10-20,0.0
1986-10-21,0.0
1986-10-22,0.0
1986-10-23,0.0
1986-10-24,0.0
1986-10-25,0.0
1986-10-26,0.0
1986-10-27,0.0
1986-10-28,0.0
1986-10-29,0.0
1986-10-30,0.0
1986-10-31,0.0
1986-11-01,0.0
1986-11-02,1.587731714745887
1986-11-03,2.571897907642618
1986-11-04,0.0
1986-11-05,0.0
1986-11-06,0.0
1986-11-07,4.461969700454885
1986-11-08,38.84631865847973
1986-11-09,31.29841003577642
1986-11-10,0.0
1986-11-11,0.0
1986-11-12,0.0
1986-11-13,0.0
1986-11-14,0.0
1986-11-15,0.0
1986-11-16,0.0
1986-11-17,0.0
1986-11-18,0.0
1986-11-19,0.0
1986-11-20,0.0
1986-11-21,0.0
1986-11-22,0.0
1986-11-23,0.0
1986-11-24,0.0
1986-11-25,0.0
1986-11-26,0.0
1986-11-27,0.0
1986-11-28,0.0
1986-11-29,0.0
1986-11-30,0.0
1986-12-01,0.0
1986-12-02,0.08622833951716921
1986-12-03,0.0
1986-12-04,0.0
1986-12-05,0.0
1986-12-06,0.0
1986-12-07,0.0
1986-12-08,0.0
1986-12-09,0.0
1986-12-10,0.11632462140312862
1986-12-11,0.010796664058015921
1986-12-12,0.0
1986-12-13,0.0
1986-12-14,0.8901874317864416
1986-12-15,0.0
1986-12-16,0.01040959838244641
1986-12-17,0.0
1986-12-18,0.0
1986-12-19,0.0
1986-12-20,0.0
1986-12-21,0.025510097781689545
1986-12-22,0.0
1986-12-23,0.0
1986-12-24,0.0
1986-12-25,0.0
1986-12-26,0.0
1986-12-27,0.0
1986-12-28,2.8909924023771394
1986-12-29,0.0
1986-12-30,0.0
1986-12-31,0.0
1987-01-01,0.0
1987-01-02,0.0
1987-01-03,0.0
1987-01-04,0.0
1987-01-05,0.0
1987-01-06,0.0
1987-01-07,0.0
1987-01-08,1.0774077980110044
1987-01-09,0.19417567066668362
1987-01-10,0.3369526670612421
1987-01-11,0.0
1987-01-12,6.544054033364574
1987-01-13,0.0
1987-01-14,0.0
1987-01-15,0.014329154486391564
1987-01-16,0.0
1987-01-17,0.0
1987-01-18,0.0
1987-01-19,0.0
1987-01-20,2.0457096353708852E-4
1987-01-21,0.0
1987-01-22,0.0
1987-01-23,0.0
1987-01-24,0.0
1987-01-25,0.0
1987-01-26,0.0
1987-01-27,0.0
1987-01-28,0.0
1987-01-29,0.0
1987-01-30,0.0
1987-01-31,1.549864049031043E-4
1987-02-01,0.0
1987-02-02,0.0
1987-02-03,5.1952199570056585
1987-02-04,6.365189290395549
1987-02-05,1.1672013662558338
1987-02-06,0.057237832627451246
1987-02-07,0.0
1987-02-08,0.0
1987-02-09,0.0
1987-02-10,0.15207104692781478
1987-02-11,0.0
1987-02-12,0.0
1987-02-13,0.0
1987-02-14,0.0
1987-02-15,0.0
1987-02-16,0.0
1987-02-17,0.6464384475580222
1987-02-18,0.0
1987-02-19,0.29188405853913724
1987-02-20,0.5969452304989487
1987-02-21,0.0
1987-02-22,0.0
1987-02-23,0.03131551521722989
1987-02-24,0.0
1987-02-25,0.0
1987-02-26,0.0
1987-02-27,0.0
1987-02-28,0.010060875555191475
1987-03-01,0.0
1987-03-02,0.1333103629797528
1987-03-03,0.0
1987-03-04,0.0
1987-03-05,0.0
1987-03-06,0.0
1987-03-07,0.15346676829455458
1987-03-08,38.86108390358523
1987-03-09,1.656136278905371
1987-03-10,3.7622527555240928
1987-03-11,14.110169399657122
1987-03-12,50.443169363066
1987-03-13,0.02472042572725493
1987-03-14,0.5799583417194949
1987-03-15,0.831810527869465
1987-03-16,0.0
1987-03-17,0.0
1987-03-18,0.0
1987-03-19,0.0
1987-03-20,0.8875494651930109
1987-03-21,0.0
1987-03-22,0.0
1987-03-23,0.23396986631421707
1987-03-24,0.0
1987-03-25,0.0
1987-03-26,0.0
1987-03-27,0.0
1987-03-28,2.3211109268875916
1987-03-29,3.182950072262173
1987-03-30,17.515148875484503
1987-03-31,13.068569111081487
1987-04-01,46.600939402671656
1987-04-02,12.386277557277724
1987-04-03,6.2259264275673285
1987-04-04,1.2129098506685456
1987-04-05,2.8992547091297087
1987-04-06,0.07875137282770539
1987-04-07,1.2538843009157563
1987-04-08,24.649417557275385
1987-04-09,25.809336130133854
1987-04-10,16.95644876282037
1987-04-11,0.0
1987-04-12,0.0
1987-04-13,2.124828380365773
1987-04-14,6.95379075731764
1987-04-15,2.7723019561981013
1987-04-16,2.193888213869522
1987-04-17,1.5459360541135214
1987-04-18,3.154656281579769
1987-04-19,33.29996670723399
1987-04-20,0.0
1987-04-21,0.0
1987-04-22,50.70889787870305
1987-04-23,63.70065763092433
1987-04-24,25.433842587666103
1987-04-25,12.256855260305095
1987-04-26,0.0
1987-04-27,0.0
1987-04-28,0.0
1987-04-29,0.0
1987-04-30,3.0276795603176088
1987-05-01,0.0
1987-05-02,2.777436520619579
1987-05-03,0.0
1987-05-04,0.0
1987-05-05,0.0
1987-05-06,3.366963374201387
1987-05-07,47.679359352625504
1987-05-08,4.889962604235393
1987-05-09,18.474477574574383
1987-05-10,39.23416316752962
1987-05-11,0.037204478110438616
1987-05-12,0.0
1987-05-13,0.0
1987-05-14,0.0
1987-05-15,0.8063856124574564
1987-05-16,8.978640550647484
1987-05-17,8.363088559685176
1987-05-18,17.698101141134185
1987-05-19,33.505655041914665
1987-05-20,29.817664945891863
1987-05-21,11.174516092155178
1987-05-22,49.50912328052671
1987-05-23,9.768560388779667
1987-05-24,46.69033924875073
1987-05-25,10.691687713822533
1987-05-26,0.5713360087735931
1987-05-27,2.2705095472035466
1987-05-28,10.128323926447447
1987-05-29,2.1674722748341035
1987-05-30,24.923930137598877
1987-05-31,31.255922191749253
1987-06-01,19.016078537517938
1987-06-02,47.357493966777305
1987-06-03,4.476836244234209
1987-06-04,37.84997177907927
1987-06-05,31.404846219280678
1987-06-06,32.63134245969224
1987-06-07,3.1927488504959496
1987-06-08,13.029854074838827
1987-06-09,12.978557347479152
1987-06-10,7.079639938178181
1987-06-11,12.933870207063405
1987-06-12,39.44674186542659
1987-06-13,38.477990673816294
1987-06-14,8.110284153340482
1987-06-15,0.28924035288634564
1987-06-16,7.422759699489152
1987-06-17,7.775013760366105
1987-06-18,5.649585455091563
1987-06-19,13.173017880369922
1987-06-20,9.883627933920986
1987-06-21,1.7833189089244936
1987-06-22,2.382253465966577
1987-06-23,16.255215163000745
1987-06-24,33.12051840940708
1987-06-25,51.462115737150164
1987-06-26,18.484892844422973
1987-06-27,35.62848395179672
1987-06-28,0.3087464077456619
1987-06-29,26.322617262957756
1987-06-30,24.975839250087237
1987-07-01,70.26921711265581
1987-07-02,25.089300369238025
1987-07-03,0.0
1987-07-04,3.5455845911035846
1987-07-05,35.89711183877143
1987-07-06,6.933185560073596
1987-07-07,17.473620839417617
1987-07-08,42.51444407001112
1987-07-09,20.15207711941751
1987-07-10,0.14215744135333655
1987-07-11,0.0
1987-07-12,0.0
1987-07-13,0.0
1987-07-14,0.002292930567948144
1987-07-15,26.524940230358872
1987-07-16,18.999243237515756
1987-07-17,22.08469266701327
1987-07-18,21.20583010761605
1987-07-19,0.0826438109107574
1987-07-20,4.233874439827765
1987-07-21,1.6095944929004322
1987-07-22,7.979079373407301
1987-07-23,42.574790176270106
1987-07-24,83.91214036975988
1987-07-25,36.54728076914807
1987-07-26,26.68878057870967
1987-07-27,16.227193379880635
1987-07-28,12.795918190938783
1987-07-29,35.550391414953445
1987-07-30,57.99066821585877
1987-07-31,33.06371195092035
1987-08-01,41.853873315512025
1987-08-02,0.0
1987-08-03,0.0
1987-08-04,29.71594267294666
1987-08-05,0.0
1987-08-06,0.0
1987-08-07,1.2379108386216084
1987-08-08,3.1888752400552747
1987-08-09,15.073730065756331
1987-08-10,45.84738921879209
1987-08-11,85.41713609328913
1987-08-12,44.89696302566582
1987-08-13,7.012467449946402
1987-08-14,28.171169108460706
1987-08-15,9.431586024752987
1987-08-16,12.248458405689073
1987-08-17,3.4718313478533416
1987-08-18,14.06158870904158
1987-08-19,29.750425274336717
1987-08-20,19.8969662504114
1987-08-21,6.506258265247038
1987-08-22,7.611812561461698
1987-08-23,9.623153232672518
1987-08-24,56.75173717318525
1987-08-25,27.526675217830245
1987-08-26,3.2953677633844833
1987-08-27,18.257711300513858
1987-08-28,0.05431137960286192
1987-08-29,0.2467225974692887
1987-08-30,2.4551180709811713
1987-08-31,14.454319121725145
1987-09-01,26.396148762768128
1987-09-02,17.238612639759562
1987-09-03,31.6595762501685
1987-09-04,7.097516857710046
1987-09-05,4.288172307906883
1987-09-06,5.714472949971948
1987-09-07,18.917573062649833
1987-09-08,0.7615083413052238
1987-09-09,3.9737352255691607
1987-09-10,14.523741104322124
1987-09-11,11.33079590990055
1987-09-12,2.6315918520723356
1987-09-13,4.973535507576981
1987-09-14,21.651943451190093
1987-09-15,9.02768375137853
1987-09-16,16.477539218036373
1987-09-17,1.9791135494327259
1987-09-18,6.390685194641296
1987-09-19,6.300428463750053
1987-09-20,1.7889697847914836
1987-09-21,15.416751263924557
1987-09-22,12.547694201973542
1987-09-23,20.84313470304971
1987-09-24,9.581455619217754
1987-09-25,57.71136181657391
1987-09-26,172.29402278333563
1987-09-27,46.5093128702211
1987-09-28,31.50135434130617
1987-09-29,21.865338487645236
1987-09-30,0.29726263172406325
1987-10-01,0.999577723624703
1987-10-02,0.0
1987-10-03,0.0
1987-10-04,0.9798104476357837
1987-10-05,3.9649957071820934
1987-10-06,0.0
1987-10-07,0.5331756523072531
1987-10-08,5.729852037175258
1987-10-09,0.0
1987-10-10,0.0
1987-10-11,0.0
1987-10-12,0.0
1987-10-13,0.0
1987-10-14,0.0
1987-10-15,0.0
1987-10-16,0.0
1987-10-17,9.990701258270422
1987-10-18,14.434805555887726
1987-10-19,52.34688655818735
1987-10-20,75.46882400921952
1987-10-21,0.0
1987-10-22,0.0
1987-10-23,0.0
1987-10-24,0.0
1987-10-25,0.0
1987-10-26,0.0
1987-10-27,0.0
1987-10-28,0.0
1987-10-29,0.0
1987-10-30,0.0
1987-10-31,0.0
1987-11-01,4.092811993261993
1987-11-02,5.973127288717402
1987-11-03,0.0
1987-11-04,0.0
1987-11-05,0.0
1987-11-06,0.0
1987-11-07,0.0
1987-11-08,0.0
1987-11-09,0.0
1987-11-10,0.0
1987-11-11,0.0
1987-11-12,0.0
1987-11-13,2.8468906240718863
1987-11-14,3.5733728037406935
1987-11-15,0.013925276305634749
1987-11-16,0.008140020978440082
1987-11-17,0.0
1987-11-18,0.0
1987-11-19,0.0
1987-11-20,0.0
1987-11-21,0.0
1987-11-22,0.0
1987-11-23,0.0
1987-11-24,0.0
1987-11-25,0.0
1987-11-26,0.0
1987-11-27,0.0
1987-11-28,0.0
1987-11-29,0.0
1987-11-30,0.0
1987-12-01,0.0
1987-12-02,0.0
1987-12-03,0.0
1987-12-04,0.0032676603694748174
1987-12-05,0.08720149571281086
1987-12-06,0.0
1987-12-07,0.0
1987-12-08,0.0
1987-12-09,0.18858261381515284
1987-12-10,0.0
1987-12-11,0.0
1987-12-12,0.0
1987-12-13,9.03396926151382
1987-12-14,0.0048088198608757906
1987-12-15,0.0
1987-12-16,0.0
1987-12-17,0.3026669140365322
1987-12-18,0.0
1987-12-19,0.04413269872578324
1987-12-20,0.1040208543391211
1987-12-21,0.0
1987-12-22,0.0
1987-12-23,0.0
1987-12-24,0.00986397665320735
1987-12-25,0.002882064912292706
1987-12-26,0.0
1987-12-27,0.0
1987-12-28,0.0
1987-12-29,0.0
1987-12-30,0.0019335905446279803
1987-12-31,0.12505139629719184
1988-01-01,0.0
1988-01-02,0.0
1988-01-03,0.0
1988-01-04,0.0
1988-01-05,0.0
1988-01-06,0.0
1988-01-07,0.0
1988-01-08,0.0
1988-01-09,3.9529908325197005
1988-01-10,5.462103689746923
1988-01-11,0.0
1988-01-12,0.0
1988-01-13,0.0
1988-01-14,0.0
1988-01-15,0.0
1988-01-16,0.0
1988-01-17,0.0
1988-01-18,0.0
1988-01-19,0.0
1988-01-20,0.0
1988-01-21,0.0
1988-01-22,0.0
1988-01-23,0.0
1988-01-24,0.0
1988-01-25,0.0
1988-01-26,0.0
1988-01-27,0.0
1988-01-28,0.0
1988-01-29,0.0
1988-01-30,0.0
1988-01-31,0.0
1988-02-01,0.0
1988-02-02,0.0
1988-02-03,0.0
1988-02-04,0.0
1988-02-05,0.0
1988-02-06,0.0
1988-02-07,0.0
1988-02-08,0.0
1988-02-09,0.0
1988-02-10,0.0
1988-02-11,0.0
1988-02-12,0.0
1988-02-13,0.0
1988-02-14,0.0
1988-02-15,0.0
1988-02-16,5.725247082331478
1988-02-17,0.0
1988-02-18,0.0
1988-02-19,0.0
1988-02-20,0.0
1988-02-21,0.0
1988-02-22,0.011402746929282202
1988-02-23,35.381451340981435
1988-02-24,6.179001332401433
1988-02-25,0.8176470872503078
1988-02-26,0.0
1988-02-27,0.0
1988-02-28,0.0
1988-02-29,0.9310249728039026
1988-03-01,14.562558226272916
1988-03-02,0.012726460166148586
1988-03-03,2.0129116510856067
1988-03-04,8.291564304499563
1988-03-05,0.16161233153628207
1988-03-06,0.0
1988-03-07,0.0691789633066512
1988-03-08,7.6625918173630625
1988-03-09,8.66867974687589
1988-03-10,1.0733691764634188
1988-03-11,77.55682488095327
1988-03-12,0.0
1988-03-13,1.3106954516588445
1988-03-14,7.717789574537582
1988-03-15,0.0
1988-03-16,0.0
1988-03-17,0.0
1988-03-18,22.28596871070389
1988-03-19,0.011598225962739586
1988-03-20,0.001656889526789074
1988-03-21,0.0045882931143361675
1988-03-22,0.0045882931143361675
1988-03-23,0.0045882931143361675
1988-03-24,0.0045882931143361675
1988-03-25,0.0045882931143361675
1988-03-26,0.0
1988-03-27,0.040556898428972414
1988-03-28,0.0
1988-03-29,0.0
1988-03-30,0.0
1988-03-31,0.0
1988-04-01,0.0
1988-04-02,0.0
1988-04-03,0.0
1988-04-04,0.0
1988-04-05,0.0
1988-04-06,0.029203784613676714
1988-04-07,0.0
1988-04-08,0.0
1988-04-09,0.0
1988-04-10,1.4504998334971397
1988-04-11,12.52848874397775
1988-04-12,18.63108118650231
1988-04-13,16.039515325771507
1988-04-14,3.0643865593131685
1988-04-15,48.44499682003982
1988-04-16,34.52889421146743
1988-04-17,12.827224604496942
1988-04-18,8.116223923428699
1988-04-19,8.526030105251216
1988-04-20,11.08697000969718
1988-04-21,15.430230773456003
1988-04-22,0.0
1988-04-23,0.24505632422354437
1988-04-24,0.0
1988-04-25,14.79180136802055
1988-04-26,0.0
1988-04-27,21.742248055795688
1988-04-28,33.16883976567539
1988-04-29,7.420303968706056
1988-04-30,3.346655914711151
1988-05-01,0.0
1988-05-02,0.0
1988-05-03,0.0
1988-05-04,0.0
1988-05-05,0.0
1988-05-06,1.8994464503826272
1988-05-07,13.293193437720742
1988-05-08,50.00073761878087
1988-05-09,69.74944355370542
1988-05-10,40.52979734382359
1988-05-11,23.80042947737975
1988-05-12,38.03690369142072
1988-05-13,56.237228140671405
1988-05-14,16.211376400884788
1988-05-15,1.5261935872915566
1988-05-16,0.0
1988-05-17,0.0
1988-05-18,0.587347608481178
1988-05-19,0.8609399491622818
1988-05-20,119.13054425393528
1988-05-21,90.89133477011737
1988-05-22,101.25829517767909
1988-05-23,68.03452885153318
1988-05-24,60.165157303112736
1988-05-25,88.79835069852776
1988-05-26,8.38233231802514
1988-05-27,17.734762343740933
1988-05-28,48.65711344831751
1988-05-29,93.83991811105935
1988-05-30,69.71288624907696
1988-05-31,14.493592372042222
1988-06-01,0.0
1988-06-02,2.509933020159118
1988-06-03,0.0
1988-06-04,0.0
1988-06-05,0.7560779132712291
1988-06-06,19.419216562843175
1988-06-07,10.367141252187139
1988-06-08,6.91687575132167
1988-06-09,4.442393474100926
1988-06-10,3.26746808037143
1988-06-11,14.718871019439561
1988-06-12,1.0861494044557627
1988-06-13,0.0
1988-06-14,0.08442129898104374
1988-06-15,3.5641171166172936
1988-06-16,8.43737088498073
1988-06-17,3.548260276118549
1988-06-18,22.37826018338811
1988-06-19,41.184084584433656
1988-06-20,26.086495367105403
1988-06-21,16.614053955779546
1988-06-22,15.258228031275747
1988-06-23,106.92932133056726
1988-06-24,148.81189036651287
1988-06-25,99.49620167167514
1988-06-26,121.9461312900858
1988-06-27,10.811022282487848
1988-06-28,0.0
1988-06-29,10.239566752924464
1988-06-30,7.122109675055095
1988-07-01,3.0404152526177293
1988-07-02,1.7264018141993407
1988-07-03,9.963894195338217
1988-07-04,56.429908516952935
1988-07-05,54.996158571723946
1988-07-06,183.1369341102942
1988-07-07,66.80778489762724
1988-07-08,0.33339256538573536
1988-07-09,9.736887028920473
1988-07-10,0.3828668346572148
1988-07-11,30.964587943314875
1988-07-12,11.39205741314906
1988-07-13,65.39787889621756
1988-07-14,26.54605808261088
1988-07-15,24.574460128710417
1988-07-16,16.26486321924972
1988-07-17,42.23114208950893
1988-07-18,7.692111592854548
1988-07-19,0.0850861164788644
1988-07-20,5.142704564489292
1988-07-21,9.983244490917864
1988-07-22,1.756609233325213
1988-07-23,0.0
1988-07-24,0.5785057822349616
1988-07-25,0.27073827066601014
1988-07-26,1.9516251855304547
1988-07-27,0.004707553485210581
1988-07-28,0.04540925495661975
1988-07-29,7.544112473225553
1988-07-30,10.573405910174623
1988-07-31,0.23815505739917295
1988-08-01,0.9041598044903122
1988-08-02,5.213757373278602
1988-08-03,21.9312213468481
1988-08-04,28.275314418532027
1988-08-05,10.388854220509089
1988-08-06,18.046738170525334
1988-08-07,20.683759917145878
1988-08-08,25.933857921992978
1988-08-09,1.4216496777460013
1988-08-10,20.924916364431603
1988-08-11,33.73061974848165
1988-08-12,39.60474422199583
1988-08-13,60.68007301696133
1988-08-14,71.277881668673
1988-08-15,2.053234625933385
1988-08-16,17.063415155247764
1988-08-17,17.969349608054944
1988-08-18,31.166150303374522
1988-08-19,1.8545783159341953
1988-08-20,3.212666216449473
1988-08-21,12.962787070802046
1988-08-22,5.72408005176797
1988-08-23,24.999584687869227
1988-08-24,57.32269152069282
1988-08-25,81.09217389220554
1988-08-26,31.966612961896136
1988-08-27,55.297590189605266
1988-08-28,55.80444472249615
1988-08-29,42.525900429130246
1988-08-30,29.740045525212665
1988-08-31,9.770404938930177
1988-09-01,13.944044013357884
1988-09-02,26.906043828242115
1988-09-03,4.584575093270641
1988-09-04,81.42220642659679
1988-09-05,40.99384141608818
1988-09-06,7.394807225727586
1988-09-07,19.862860056374316
1988-09-08,2.9370907772159938
1988-09-09,15.303021446681784
1988-09-10,17.848445508827606
1988-09-11,110.33408385885961
1988-09-12,95.78259184880278
1988-09-13,44.057396109641
1988-09-14,0.0
1988-09-15,0.0
1988-09-16,0.799001717194451
1988-09-17,0.0
1988-09-18,0.0
1988-09-19,20.240746164455643
1988-09-20,23.12967825047601
1988-09-21,20.33216761201054
1988-09-22,31.2280693572734
1988-09-23,3.2367240945763545
1988-09-24,0.0
1988-09-25,30.25419588066373
1988-09-26,25.231896242771054
1988-09-27,9.403478389233623
1988-09-28,9.25470304160957
1988-09-29,1.6346135271563866
1988-09-30,1.4865982400092403
1988-10-01,8.825500127026869
1988-10-02,6.8383955240132375
1988-10-03,19.917176012381844
1988-10-04,63.934883716821304
1988-10-05,30.55452121375853
1988-10-06,55.608938571154056
1988-10-07,0.0
1988-10-08,0.0
1988-10-09,0.4200497871778505
1988-10-10,0.0
1988-10-11,0.0
1988-10-12,27.636948788380767
1988-10-13,21.449795948370053
1988-10-14,0.0
1988-10-15,0.0
1988-10-16,0.0
1988-10-17,1.3480353809479233
1988-10-18,14.184400581968122
1988-10-19,117.64760018445732
1988-10-20,0.0
1988-10-21,0.0
1988-10-22,0.0
1988-10-23,0.0
1988-10-24,0.0
1988-10-25,0.0
1988-10-26,0.0
1988-10-27,0.0
1988-10-28,0.0
1988-10-29,0.0
1988-10-30,0.0
1988-10-31,0.0
1988-11-01,0.0
1988-11-02,0.0
1988-11-03,0.0
1988-11-04,0.0
1988-11-05,0.0
1988-11-06,0.0
1988-11-07,0.0
1988-11-08,0.0
1988-11-09,0.0
1988-11-10,0.0
1988-11-11,0.0
1988-11-12,0.0
1988-11-13,0.0
1988-11-14,0.0
1988-11-15,0.0
1988-11-16,0.0
1988-11-17,0.0
1988-11-18,0.06976815629062649
1988-11-19,0.0
1988-11-20,0.0
1988-11-21,0.0
1988-11-22,0.0
1988-11-23,0.0
1988-11-24,0.0
1988-11-25,0.0
1988-11-26,0.23181533161257184
1988-11-27,0.0
1988-11-28,0.0
1988-11-29,22.37533878465159
1988-11-30,3.888931680082779
1988-12-01,7.095886153231424
1988-12-02,0.03962079191844933
1988-12-03,0.0
1988-12-04,0.0
1988-12-05,0.0
1988-12-06,0.37958928433177047
1988-12-07,0.0
1988-12-08,0.0
1988-12-09,1.4226414928257078
1988-12-10,0.381652622791903
1988-12-11,0.0
1988-12-12,0.09469596090381847
1988-12-13,0.0
1988-12-14,0.004794764270018832
1988-12-15,0.8706953596819369
1988-12-16,0.1627589380109237
1988-12-17,0.10847941002986816
1988-12-18,0.0
1988-12-19,0.0
1988-12-20,0.021166935888852396
1988-12-21,0.04319993196230506
1988-12-22,0.0
1988-12-23,0.0
1988-12-24,0.0
1988-12-25,0.0
1988-12-26,0.0
1988-12-27,0.012234691231740468
1988-12-28,0.0637445757875199
1988-12-29,0.0
1988-12-30,0.0
1988-12-31,0.06536131567574573
1989-01-01,0.0
1989-01-02,0.0
1989-01-03,0.12957733320233603
1989-01-04,1.1399808006107905
1989-01-05,4.010964031624495
1989-01-06,0.7655120855580002
1989-01-07,0.0
1989-01-08,0.0
1989-01-09,2.841056091269513
1989-01-10,0.030220538103705577
1989-01-11,0.0
1989-01-12,0.11814715392000563
1989-01-13,0.0
1989-01-14,0.055584081864088745
1989-01-15,0.2767196993179597
1989-01-16,0.0
1989-01-17,0.0
1989-01-18,0.0
1989-01-19,9.580932973191706E-4
1989-01-20,0.03786188663680976
1989-01-21,0.0
1989-01-22,0.0
1989-01-23,0.0
1989-01-24,0.0
1989-01-25,0.0
1989-01-26,0.09813300037372993
1989-01-27,0.0
1989-01-28,0.0
1989-01-29,0.0
1989-01-30,0.11776008125686402
1989-01-31,0.25022822793992494
1989-02-01,0.0
1989-02-02,0.0
1989-02-03,0.0
1989-02-04,0.056631998577050924
1989-02-05,0.24047530794978925
1989-02-06,2.1381521132296295
1989-02-07,0.0
1989-02-08,0.0
1989-02-09,0.0
1989-02-10,0.0
1989-02-11,0.0
1989-02-12,0.0
1989-02-13,0.0
1989-02-14,0.0663474030810595
1989-02-15,0.0011180089396409473
1989-02-16,0.0
1989-02-17,0.0
1989-02-18,0.9555642268721176
1989-02-19,28.258491041337553
1989-02-20,0.0
1989-02-21,0.0
1989-02-22,0.10150562659445037
1989-02-23,0.19748292925807254
1989-02-24,0.16789063279068595
1989-02-25,0.23331762183349755
1989-02-26,0.0
1989-02-27,0.0
1989-02-28,0.0
1989-03-01,0.0
1989-03-02,0.06091584521836619
1989-03-03,0.16458873198115856
1989-03-04,0.18195762011980082
1989-03-05,0.21726771971360392
1989-03-06,0.0
1989-03-07,0.021162975007149254
1989-03-08,0.08607176519426842
1989-03-09,0.399362822652073
1989-03-10,0.223930307924325
1989-03-11,9.108912973919495
1989-03-12,3.0601834914989072
1989-03-13,0.0
1989-03-14,0.1185784931383628
1989-03-15,0.0
1989-03-16,0.015758426730433723
1989-03-17,0.0
1989-03-18,0.0
1989-03-19,0.0
1989-03-20,10.062223474925814
1989-03-21,0.01909651349787113
1989-03-22,8.712680353760796
1989-03-23,2.915532776545918
1989-03-24,0.0
1989-03-25,0.0
1989-03-26,0.0
1989-03-27,0.0
1989-03-28,6.907470465773338
1989-03-29,7.536182733352338
1989-03-30,5.7047756087638275
1989-03-31,1.7539046335801527
1989-04-01,0.0
1989-04-02,2.9207434514208592
1989-04-03,0.15935194747091716
1989-04-04,0.0
1989-04-05,0.0
1989-04-06,0.0
1989-04-07,0.0
1989-04-08,0.0
1989-04-09,0.0
1989-04-10,1.1995156632857993
1989-04-11,2.526474566812789
1989-04-12,0.06813682386988974
1989-04-13,0.0
1989-04-14,0.0
1989-04-15,0.5143841081694104
1989-04-16,13.668472146612842
1989-04-17,0.35770169108617383
1989-04-18,1.8706384335227166
1989-04-19,2.3134515230129113
1989-04-20,0.0
1989-04-21,0.0
1989-04-22,0.25621493971819026
1989-04-23,16.9226872122814
1989-04-24,12.712574110585157
1989-04-25,14.939596956452759
1989-04-26,56.89987770002078
1989-04-27,32.19156426310085
1989-04-28,29.329924537517687
1989-04-29,19.298681243946007
1989-04-30,0.13172934369096886
1989-05-01,13.300478426713973
1989-05-02,36.12243978034929
1989-05-03,44.204070161695476
1989-05-04,34.10672536830087
1989-05-05,2.195368152354044
1989-05-06,11.58531265382751
1989-05-07,1.0393022332975084
1989-05-08,0.0
1989-05-09,0.0
1989-05-10,0.0
1989-05-11,0.0
1989-05-12,9.705577721583621
1989-05-13,6.7802764454791316
1989-05-14,0.928639204112359
1989-05-15,25.875281481431067
1989-05-16,19.831295767616684
1989-05-17,0.10160856912129242
1989-05-18,0.0
1989-05-19,0.28579600174959746
1989-05-20,6.830966865680964
1989-05-21,5.620920809135509
1989-05-22,7.5808532533849355
1989-05-23,1.8085602761928234
1989-05-24,18.49534923865317
1989-05-25,3.2730922511926885
1989-05-26,4.91904039862929
1989-05-27,33.25159537614667
1989-05-28,75.89007698621224
1989-05-29,2.3705866059853333
1989-05-30,3.95511823471167
1989-05-31,8.572436957557729
1989-06-01,13.715493884847334
1989-06-02,30.662738598619182
1989-06-03,56.649531361021204
1989-06-04,3.9912652177527423
1989-06-05,76.27349723053818
1989-06-06,104.64140320814253
1989-06-07,18.302497687711647
1989-06-08,3.55523513512815
1989-06-09,1.0539172469478546
1989-06-10,2.96638551155071
1989-06-11,30.80893753695342
1989-06-12,47.75251725372836
1989-06-13,23.887138526617026
1989-06-14,24.031934030673522
1989-06-15,34.204451954346474
1989-06-16,23.189148618577796
1989-06-17,0.0
1989-06-18,7.843897842084723
1989-06-19,8.338931118599813
1989-06-20,16.924008356256607
1989-06-21,12.599691313869357
1989-06-22,0.0
1989-06-23,8.642414223647592
1989-06-24,16.833622800142475
1989-06-25,30.791666740679045
1989-06-26,22.47501533050628
1989-06-27,49.42993168921395
1989-06-28,19.33578085519809
1989-06-29,26.746779510992162
1989-06-30,11.218401667270667
1989-07-01,46.48778669007691
1989-07-02,57.52971372713023
1989-07-03,61.910675139862974
1989-07-04,16.49956130351976
1989-07-05,7.706376372407907
1989-07-06,6.063293447144538
1989-07-07,2.8286393041266793
1989-07-08,3.6782352844577564
1989-07-09,0.5618688198295713
1989-07-10,59.74376423377319
1989-07-11,13.091609005489406
1989-07-12,77.41061722212218
1989-07-13,138.75862166961593
1989-07-14,51.43286571749231
1989-07-15,30.60437138329277
1989-07-16,5.4354017976083115
1989-07-17,36.96655965777309
1989-07-18,17.275196140716528
1989-07-19,0.5412880483934919
1989-07-20,24.41564318038979
1989-07-21,0.40290950598812814
1989-07-22,7.844756217225001
1989-07-23,17.420247514322146
1989-07-24,19.87584890245389
1989-07-25,10.996859674432214
1989-07-26,2.060465534307471
1989-07-27,28.15045782901374
1989-07-28,79.34369950793513
1989-07-29,87.12324633357979
1989-07-30,1.216946148592458
1989-07-31,0.2745312781976626
1989-08-01,0.3918026615252965
1989-08-02,1.1698992887384667
1989-08-03,28.997685142616994
1989-08-04,12.952843005016817
1989-08-05,16.29000602990611
1989-08-06,33.92500484989069
1989-08-07,21.457321394469172
1989-08-08,10.274427661914775
1989-08-09,13.86961688807071
1989-08-10,21.401265686469266
1989-08-11,23.067374538449346
1989-08-12,1.4207862645283353
1989-08-13,1.9842166074139753
1989-08-14,17.13860542762272
1989-08-15,9.222836001327277
1989-08-16,3.826720800950233
1989-08-17,0.0
1989-08-18,1.0060708140221017
1989-08-19,5.080801540956344
1989-08-20,11.290366078239394
1989-08-21,13.569730971858597
1989-08-22,3.10864552099596
1989-08-23,32.86358616123249
1989-08-24,10.214502762098306
1989-08-25,12.147854858759391
1989-08-26,24.7172475832993
1989-08-27,45.16504654437295
1989-08-28,33.434490647483756
1989-08-29,33.44702673061788
1989-08-30,69.77254670426264
1989-08-31,36.215107616661584
1989-09-01,3.838859037698537
1989-09-02,6.735834994726595
1989-09-03,35.228989721830274
1989-09-04,76.42194220681976
1989-09-05,7.670263629759274
1989-09-06,0.0986771980886954
1989-09-07,0.0
1989-09-08,2.0035151377100933
1989-09-09,10.876565055513327
1989-09-10,36.03920443600403
1989-09-11,67.44391058195976
1989-09-12,23.61042781538167
1989-09-13,11.291538004512386
1989-09-14,0.48003222425885533
1989-09-15,0.0
1989-09-16,59.26688319325891
1989-09-17,35.52199602168786
1989-09-18,47.90029039325291
1989-09-19,30.16770534350461
1989-09-20,9.074613153874141
1989-09-21,2.3315052909271357
1989-09-22,2.5829269851423677
1989-09-23,4.547349452115766
1989-09-24,8.44050855004681
1989-09-25,12.700819695041707
1989-09-26,32.6399012659557
1989-09-27,0.09613680589957796
1989-09-28,7.124163472749986
1989-09-29,0.08665007904905768
1989-09-30,18.54891417570217
1989-10-01,29.077313898863178
1989-10-02,5.507404485907387
1989-10-03,0.0
1989-10-04,0.23076387454318836
1989-10-05,16.84375453812643
1989-10-06,18.152247892562688
1989-10-07,50.347925265664514
1989-10-08,67.52124843756395
1989-10-09,41.843512092792544
1989-10-10,1.156742259326145
1989-10-11,0.05722345933130689
1989-10-12,0.0
1989-10-13,0.0
1989-10-14,0.0
1989-10-15,0.7109565912189723
1989-10-16,25.390193139068177
1989-10-17,26.44758872001855
1989-10-18,67.8361594782388
1989-10-19,0.0
1989-10-20,0.0
1989-10-21,0.0
1989-10-22,0.0
1989-10-23,0.0
1989-10-24,0.0
1989-10-25,3.743098658708169
1989-10-26,0.0
1989-10-27,0.0
1989-10-28,0.0
1989-10-29,0.0
1989-10-30,0.0
1989-10-31,2.453784447877891
1989-11-01,2.469291127419917
1989-11-02,0.05775938051362798
1989-11-03,0.1126952438349527
1989-11-04,2.2769737955578013
1989-11-05,1.5096223551660068
1989-11-06,0.0037910119291569536
1989-11-07,0.0
1989-11-08,0.0
1989-11-09,0.0051632190467871325
1989-11-10,0.02883004184049278
1989-11-11,0.0
1989-11-12,0.9190477062783622
1989-11-13,0.0
1989-11-14,0.0
1989-11-15,0.0
1989-11-16,0.4697094505220204
1989-11-17,0.0
1989-11-18,0.0
1989-11-19,0.025519893021929776
1989-11-20,1.2705362760865695
1989-11-21,0.0
1989-11-22,0.0
1989-11-23,0.0
1989-11-24,0.0
1989-11-25,0.0
1989-11-26,0.0
1989-11-27,0.0
1989-11-28,1.8631387894609512
1989-11-29,4.843864248975185E-5
1989-11-30,0.014529809260074628
1989-12-01,0.0
1989-12-02,0.0
1989-12-03,0.0
1989-12-04,0.0
1989-12-05,0.018680319026496472
1989-12-06,0.0
1989-12-07,0.0
1989-12-08,0.0
1989-12-09,0.0
1989-12-10,0.0
1989-12-11,0.0
1989-12-12,0.0
1989-12-13,0.0
1989-12-14,0.0
1989-12-15,0.0
1989-12-16,0.08235940908390108
1989-12-17,0.0
1989-12-18,0.0
1989-12-19,0.0
1989-12-20,0.0
1989-12-21,0.0
1989-12-22,0.0
1989-12-23,0.0
1989-12-24,1.184418261110642
1989-12-25,0.2507444362513124
1989-12-26,3.3548327421067157
1989-12-27,0.0
1989-12-28,0.0
1989-12-29,0.0
1989-12-30,0.0
1989-12-31,0.0
1990-01-01,0.0
1990-01-02,0.0
1990-01-03,0.0
1990-01-04,0.0
1990-01-05,0.0
1990-01-06,0.0
1990-01-07,0.0
1990-01-08,0.0
1990-01-09,0.0
1990-01-10,0.0
1990-01-11,0.0
1990-01-12,0.026368931361163903
1990-01-13,0.0
1990-01-14,0.0
1990-01-15,0.011752643266610392
1990-01-16,0.0
1990-01-17,0.0
1990-01-18,0.011388748504141927
1990-01-19,0.0
1990-01-20,5.110633893450244E-4
1990-01-21,0.0
1990-01-22,0.0
1990-01-23,0.20808337779701574
1990-01-24,1.474681769271654
1990-01-25,1.853674869895727
1990-01-26,0.0
1990-01-27,0.195561175157672
1990-01-28,0.0
1990-01-29,0.0
1990-01-30,0.9526626101365699
1990-01-31,3.253190697618368
1990-02-01,0.0
1990-02-02,0.0
1990-02-03,0.0
1990-02-04,0.0
1990-02-05,0.03954626034085266
1990-02-06,0.0
1990-02-07,0.7015296899301273
1990-02-08,0.0
1990-02-09,0.0
1990-02-10,0.0
1990-02-11,2.2060293900984207
1990-02-12,0.0
1990-02-13,0.0
1990-02-14,0.6172952400862738
1990-02-15,0.0
1990-02-16,0.0
1990-02-17,0.032789906411514136
1990-02-18,0.3532255371466794
1990-02-19,18.859405894600194
1990-02-20,2.7711146215616718
1990-02-21,0.10857633849614148
1990-02-22,0.04335702508054537
1990-02-23,0.0
1990-02-24,0.0
1990-02-25,8.509749587922258
1990-02-26,4.543338703869948
1990-02-27,0.0
1990-02-28,0.04548966469650533
1990-03-01,0.0
1990-03-02,0.0
1990-03-03,0.0
1990-03-04,0.0
1990-03-05,0.0
1990-03-06,0.0
1990-03-07,0.0
1990-03-08,0.0
1990-03-09,0.0
1990-03-10,0.0
1990-03-11,0.0
1990-03-12,0.0
1990-03-13,0.0
1990-03-14,0.0
1990-03-15,0.0
1990-03-16,0.0
1990-03-17,0.0
1990-03-18,0.0
1990-03-19,0.0
1990-03-20,13.042629752460117
1990-03-21,27.477928887390924
1990-03-22,0.9233935996418219
1990-03-23,3.5093064010255275
1990-03-24,52.382379054512974
1990-03-25,42.55200653362153
1990-03-26,0.022913415051193264
1990-03-27,2.230987038345822
1990-03-28,0.0
1990-03-29,0.0
1990-03-30,0.0
1990-03-31,24.792520994765127
1990-04-01,0.0
1990-04-02,0.0
1990-04-03,2.15384967764022
1990-04-04,17.23118305655818
1990-04-05,0.0
1990-04-06,1.0166704971564648
1990-04-07,19.01660515919328
1990-04-08,0.9251809156994825
1990-04-09,0.0
1990-04-10,0.0
1990-04-11,0.02739921611990956
1990-04-12,6.488849653543677
1990-04-13,17.905527918132133
1990-04-14,23.452156816781297
1990-04-15,2.324613399935278
1990-04-16,2.1008958081850766
1990-04-17,42.475383549903626
1990-04-18,47.039214973000675
1990-04-19,5.807468433790479
1990-04-20,37.43323800213639
1990-04-21,29.159184903448462
1990-04-22,17.918581793242808
1990-04-23,33.85360046482521
1990-04-24,13.610065431206815
1990-04-25,2.470530780916225
1990-04-26,11.961457501986677
1990-04-27,25.445215305471642
1990-04-28,99.05303192293104
1990-04-29,0.0
1990-04-30,0.0
1990-05-01,4.050585904797331
1990-05-02,8.813023061888272
1990-05-03,12.78823965269592
1990-05-04,21.38018286609098
1990-05-05,0.0
1990-05-06,0.0
1990-05-07,15.487518877488185
1990-05-08,0.0
1990-05-09,2.0014635573334973
1990-05-10,0.0
1990-05-11,0.0
1990-05-12,18.984128765088983
1990-05-13,9.382820839431124
1990-05-14,11.041300776157769
1990-05-15,0.026194414826754348
1990-05-16,0.0
1990-05-17,0.0
1990-05-18,0.0
1990-05-19,28.02755671077531
1990-05-20,42.33609188199023
1990-05-21,5.225372067313004
1990-05-22,0.45219269949795304
1990-05-23,0.0
1990-05-24,4.38515151580857
1990-05-25,15.806110242866392
1990-05-26,21.08528688183465
1990-05-27,54.62201864709525
1990-05-28,69.50643570109212
1990-05-29,38.95830766697446
1990-05-30,15.602358036545782
1990-05-31,52.287284766595924
1990-06-01,29.586188235893303
1990-06-02,26.023069596498097
1990-06-03,24.82956771617755
1990-06-04,11.167316363061953
1990-06-05,50.69844162734054
1990-06-06,21.262617175559274
1990-06-07,45.97397996032045
1990-06-08,58.02619455796336
1990-06-09,8.08638619260367
1990-06-10,4.31573253638872
1990-06-11,0.27990039319273086
1990-06-12,3.384011450065074
1990-06-13,20.531512905458495
1990-06-14,12.337941645610691
1990-06-15,14.888214767697958
1990-06-16,5.604666274936463
1990-06-17,11.133220799566118
1990-06-18,2.2885390009282567
1990-06-19,13.886773245016288
1990-06-20,6.9720742826067905
1990-06-21,18.410324021826117
1990-06-22,63.39585587972916
1990-06-23,43.87526004012648
1990-06-24,1.7073624925896609
1990-06-25,2.859690458343452
1990-06-26,9.314559271845718
1990-06-27,15.093314967672256
1990-06-28,3.5215075541899408
1990-06-29,8.607977656913263
1990-06-30,11.723876928401326
1990-07-01,18.58534124193256
1990-07-02,48.295041737791216
1990-07-03,21.354855843923158
1990-07-04,4.3623945480078135
1990-07-05,3.9731032218821642
1990-07-06,14.392072626792958
1990-07-07,18.86709983707151
1990-07-08,62.307322387687535
1990-07-09,8.762645480631464
1990-07-10,31.907476778437974
1990-07-11,18.683726077447783
1990-07-12,1.5285777133305576
1990-07-13,13.859134856948772
1990-07-14,2.577800854025764
1990-07-15,0.20058603453727847
1990-07-16,0.9386755395820163
1990-07-17,1.8015843006402183E-4
1990-07-18,0.0
1990-07-19,16.070857257261935
1990-07-20,13.37256532879735
1990-07-21,20.432696006671794
1990-07-22,4.412317736568844
1990-07-23,11.512562223935992
1990-07-24,7.831817795508044
1990-07-25,5.9955303196151215
1990-07-26,31.411716556308416
1990-07-27,23.417720134739955
1990-07-28,46.167784684431226
1990-07-29,13.289631634467156
1990-07-30,1.308007560169015
1990-07-31,26.352842230166086
1990-08-01,24.412110123032143
1990-08-02,7.1286350950835216
1990-08-03,1.6478241950076147
1990-08-04,6.332603854132798
1990-08-05,35.95613250119911
1990-08-06,15.063156847622015
1990-08-07,17.377654321463037
1990-08-08,15.01727949852491
1990-08-09,11.662157338880561
1990-08-10,22.42464754916591
1990-08-11,10.384847459914146
1990-08-12,7.9176982895368395
1990-08-13,9.779513451721495
1990-08-14,6.0753800003728715
1990-08-15,2.4376892687968863
1990-08-16,4.924991300857475
1990-08-17,0.08475701832577559
1990-08-18,0.005456640443829177
1990-08-19,4.619806801247928
1990-08-20,13.99536326985303
1990-08-21,1.3757366137012161
1990-08-22,4.051801792261401
1990-08-23,17.925539041567934
1990-08-24,53.86132198696084
1990-08-25,42.12826504554551
1990-08-26,4.197872262500748
1990-08-27,14.135015149992244
1990-08-28,4.183087675988765
1990-08-29,3.0601642679917864
1990-08-30,1.1878974464016119
1990-08-31,5.308157239664606
1990-09-01,62.10611899390444
1990-09-02,17.227033893091495
1990-09-03,9.018274813824085
1990-09-04,32.18721328417762
1990-09-05,6.967841653115644
1990-09-06,2.718307867354491
1990-09-07,3.9664603888735095
1990-09-08,7.748459556252977
1990-09-09,18.05525683825811
1990-09-10,15.416495197908134
1990-09-11,25.793545222869124
1990-09-12,22.38399365918948
1990-09-13,0.7785012286558983
1990-09-14,1.5277230911542228
1990-09-15,16.336933095419095
1990-09-16,35.60769392347421
1990-09-17,24.98279672541709
1990-09-18,6.365587569845368
1990-09-19,1.3197006895689603
1990-09-20,0.43130178882237236
1990-09-21,7.399357889521842
1990-09-22,16.164874572788506
1990-09-23,36.104242556711654
1990-09-24,36.096960272453494
1990-09-25,28.341728382149736
1990-09-26,30.17292659824106
1990-09-27,62.19479279578654
1990-09-28,64.84822465456399
1990-09-29,14.098317439506951
1990-09-30,6.09077164594269
1990-10-01,22.705450978846773
1990-10-02,6.154762889929294
1990-10-03,3.567055933705974
1990-10-04,0.0
1990-10-05,0.0
1990-10-06,4.5710044588341745
1990-10-07,91.78088424165853
1990-10-08,71.45855034525954
1990-10-09,23.078415086941504
1990-10-10,2.7829684745527326
1990-10-11,0.0
1990-10-12,0.0
1990-10-13,0.0
1990-10-14,0.0
1990-10-15,0.0
1990-10-16,0.0
1990-10-17,0.0
1990-10-18,0.0
1990-10-19,0.0
1990-10-20,0.0
1990-10-21,0.0
1990-10-22,0.0
1990-10-23,0.0
1990-10-24,0.0
1990-10-25,0.0
1990-10-26,0.0
1990-10-27,0.0
1990-10-28,0.0
1990-10-29,0.0
1990-10-30,0.0
1990-10-31,0.0
1990-11-01,0.0
1990-11-02,1.698367117218688
1990-11-03,1.6066826539278007
1990-11-04,31.933580846617357
1990-11-05,0.16453767824929974
1990-11-06,0.10566466676675568
1990-11-07,0.0
1990-11-08,0.0
1990-11-09,0.0
1990-11-10,0.01109316126268362
1990-11-11,3.2403771961125867
1990-11-12,0.0
1990-11-13,0.0
1990-11-14,0.0
1990-11-15,0.0
1990-11-16,0.0
1990-11-17,0.0
1990-11-18,0.0
1990-11-19,0.0
1990-11-20,0.0
1990-11-21,0.0
1990-11-22,0.0
1990-11-23,0.0
1990-11-24,0.0
1990-11-25,0.0
1990-11-26,0.0
1990-11-27,0.0
1990-11-28,0.0
1990-11-29,0.0
1990-11-30,0.0
1990-12-01,0.003286959850499579
1990-12-02,0.0
1990-12-03,0.0
1990-12-04,0.0
1990-12-05,0.0
1990-12-06,0.07618506998879428
1990-12-07,0.0
1990-12-08,0.0
1990-12-09,0.0
1990-12-10,1.2680541362526925
1990-12-11,0.0
1990-12-12,0.0
1990-12-13,0.011530836630073
1990-12-14,0.0
1990-12-15,1.8990041741402741
1990-12-16,0.8631896056394907
1990-12-17,0.8100389389714454
1990-12-18,2.9231109435574636
1990-12-19,0.0
1990-12-20,0.0
1990-12-21,0.30439906592090654
1990-12-22,0.0
1990-12-23,0.0
1990-12-24,0.0
1990-12-25,0.0
1990-12-26,0.005499766663133546
1990-12-27,0.0
1990-12-28,0.08648693036020962
1990-12-29,0.0
1990-12-30,0.0
1990-12-31,0.0
1991-01-01,0.0
1991-01-02,3.673917624527496
1991-01-03,7.253151812567463
1991-01-04,0.0
1991-01-05,0.0
1991-01-06,0.0
1991-01-07,0.0
1991-01-08,0.0
1991-01-09,0.0
1991-01-10,0.0
1991-01-11,0.0
1991-01-12,0.0
1991-01-13,0.8079831821063013
1991-01-14,0.0
1991-01-15,0.0
1991-01-16,0.0
1991-01-17,0.0
1991-01-18,0.0
1991-01-19,0.0
1991-01-20,0.0
1991-01-21,0.0
1991-01-22,0.0
1991-01-23,0.0
1991-01-24,0.0
1991-01-25,0.0
1991-01-26,0.0
1991-01-27,0.0
1991-01-28,0.0
1991-01-29,0.0
1991-01-30,0.06601160673169768
1991-01-31,0.09172736325178063
1991-02-01,0.0
1991-02-02,0.0
1991-02-03,0.0
1991-02-04,0.0
1991-02-05,0.0
1991-02-06,0.0
1991-02-07,0.0
1991-02-08,0.0
1991-02-09,0.0
1991-02-10,0.0
1991-02-11,0.0
1991-02-12,0.0
1991-02-13,0.0
1991-02-14,0.0
1991-02-15,0.0
1991-02-16,0.0
1991-02-17,0.0
1991-02-18,0.0
1991-02-19,0.0
1991-02-20,0.0
1991-02-21,0.0
1991-02-22,0.0
1991-02-23,0.0
1991-02-24,0.0
1991-02-25,0.0
1991-02-26,4.633420016800683
1991-02-27,0.0
1991-02-28,21.23025151960094
1991-03-01,0.21770506442094725
1991-03-02,0.0
1991-03-03,0.0
1991-03-04,0.0
1991-03-05,9.45451614316432
1991-03-06,0.09656447412265744
1991-03-07,0.0
1991-03-08,0.0
1991-03-09,0.0
1991-03-10,3.620361198315419
1991-03-11,0.007698957629678268
1991-03-12,0.07211435356864326
1991-03-13,3.808675229227086
1991-03-14,0.0
1991-03-15,0.051052033278986254
1991-03-16,0.0915928676624032
1991-03-17,0.0
1991-03-18,0.0
1991-03-19,0.0
1991-03-20,0.0
1991-03-21,0.0
1991-03-22,0.0
1991-03-23,0.0
1991-03-24,38.862808112814605
1991-03-25,0.008953310309459976
1991-03-26,0.0
1991-03-27,0.9792893007352392
1991-03-28,12.09474368710524
1991-03-29,3.3192528589083223
1991-03-30,0.570118095675466
1991-03-31,15.785508351157615
1991-04-01,36.690446529527364
1991-04-02,15.510432755249719
1991-04-03,2.641171651400724
1991-04-04,16.647609289212088
1991-04-05,10.63880572247051
1991-04-06,14.04566033075206
1991-04-07,6.6990177261419435
1991-04-08,0.5170608236358035
1991-04-09,0.24100153440888727
1991-04-10,13.556032758703493
1991-04-11,0.0
1991-04-12,0.0
1991-04-13,0.0
1991-04-14,0.0
1991-04-15,4.407189648328788
1991-04-16,0.0
1991-04-17,0.0
1991-04-18,0.0
1991-04-19,0.0
1991-04-20,0.0
1991-04-21,2.0579960818667278
1991-04-22,2.429327317351584
1991-04-23,29.49538868603125
1991-04-24,1.8528224432269491
1991-04-25,2.44034676620281
1991-04-26,0.15476592392136976
1991-04-27,0.0
1991-04-28,0.0
1991-04-29,40.963858939296806
1991-04-30,7.462975057870696
1991-05-01,17.210396568380315
1991-05-02,53.275211112267044
1991-05-03,37.148213945500025
1991-05-04,12.872215111464326
1991-05-05,43.87630050261486
1991-05-06,26.685899458793052
1991-05-07,36.07077553596906
1991-05-08,47.175380666440454
1991-05-09,39.67567334823603
1991-05-10,25.86233075678008
1991-05-11,24.824077965542312
1991-05-12,9.077860467540305
1991-05-13,18.12380569599466
1991-05-14,10.48882144834861
1991-05-15,18.429610691614922
1991-05-16,21.98867359447082
1991-05-17,46.902100638640526
1991-05-18,72.07286874008527
1991-05-19,45.53885824905568
1991-05-20,9.688073949028409
1991-05-21,53.59885534800713
1991-05-22,20.490217104155565
1991-05-23,7.9256434069482005
1991-05-24,0.0
1991-05-25,13.149272556188535
1991-05-26,55.894636848809036
1991-05-27,11.91398476869007
1991-05-28,18.358840613908306
1991-05-29,21.82467732081744
1991-05-30,4.942676208282692
1991-05-31,0.001325900564102441
1991-06-01,10.065429286674648
1991-06-02,38.862258402884294
1991-06-03,9.706943799594377
1991-06-04,2.973930923642492
1991-06-05,32.08729526170031
1991-06-06,3.4450936673061934
1991-06-07,11.961499200121366
1991-06-08,1.8839069261631138
1991-06-09,73.80313093857164
1991-06-10,28.9777291967423
1991-06-11,11.912196795118081
1991-06-12,4.649817381278553
1991-06-13,23.162343509449343
1991-06-14,6.510121809298996
1991-06-15,19.063547289663457
1991-06-16,45.63887487380716
1991-06-17,0.5160666903049599
1991-06-18,7.6597233576170725
1991-06-19,0.11058562832154983
1991-06-20,15.578278299368167
1991-06-21,1.7733336041314993
1991-06-22,18.64099698523677
1991-06-23,48.87913130901695
1991-06-24,7.660833299823588
1991-06-25,1.1336321241132172
1991-06-26,11.808220991903955
1991-06-27,42.6926970867964
1991-06-28,20.30665285141718
1991-06-29,2.75410291494371
1991-06-30,0.0014274760209018983
1991-07-01,2.1765026866050405
1991-07-02,9.596791560383528
1991-07-03,11.953448141811508
1991-07-04,16.670030297863743
1991-07-05,48.830493624554144
1991-07-06,0.2506388364086809
1991-07-07,9.414295717102144
1991-07-08,0.740648931559444
1991-07-09,9.601706198195938
1991-07-10,19.66590043420901
1991-07-11,4.981121387418533
1991-07-12,0.445498799916438
1991-07-13,8.972546035504823
1991-07-14,5.9747294487766585
1991-07-15,39.96448465380352
1991-07-16,21.786390381501104
1991-07-17,0.518943758574282
1991-07-18,0.17729040482987304
1991-07-19,0.08151548197869184
1991-07-20,27.9271666723508
1991-07-21,18.723481249741678
1991-07-22,0.01578294259086213
1991-07-23,0.0
1991-07-24,2.280501208973848
1991-07-25,16.970660891862718
1991-07-26,4.6900065676899345
1991-07-27,1.5554690484503362
1991-07-28,1.8395505920532964
1991-07-29,1.1556883097032766
1991-07-30,6.188055325897486
1991-07-31,18.298185513809724
1991-08-01,86.91868118708793
1991-08-02,35.62765210885712
1991-08-03,55.084171203689806
1991-08-04,7.937561734423642
1991-08-05,5.0161100886776095
1991-08-06,7.1701244115932825
1991-08-07,3.1273434521687853
1991-08-08,5.193054975028844
1991-08-09,8.577437994206484
1991-08-10,1.6434910547939785
1991-08-11,4.982070350249847
1991-08-12,4.301124919991764
1991-08-13,11.682135787457218
1991-08-14,14.696615252895773
1991-08-15,19.64592086231206
1991-08-16,11.843967571011289
1991-08-17,12.19290802605027
1991-08-18,25.86527014118238
1991-08-19,18.238834110411773
1991-08-20,2.4761509040200314
1991-08-21,10.494593252358243
1991-08-22,10.769078168959744
1991-08-23,1.490743342720989
1991-08-24,7.922586577647583
1991-08-25,16.856612926156036
1991-08-26,41.411740791094
1991-08-27,11.752578268987135
1991-08-28,40.25187295499638
1991-08-29,21.246879190910622
1991-08-30,11.957824312493685
1991-08-31,35.53855220660868
1991-09-01,36.8392244514564
1991-09-02,101.76360793841897
1991-09-03,51.15567060053432
1991-09-04,21.836711453521385
1991-09-05,4.409710994513041
1991-09-06,64.07283234148107
1991-09-07,42.953518828049226
1991-09-08,26.852672029860457
1991-09-09,3.994290932756569
1991-09-10,3.1846255738740474
1991-09-11,2.067489086087251
1991-09-12,11.676629997872375
1991-09-13,43.37563709658942
1991-09-14,38.50728531052838
1991-09-15,11.22557082124085
1991-09-16,0.0
1991-09-17,2.0625969876141563
1991-09-18,6.524293350689401
1991-09-19,14.992359066270815
1991-09-20,27.521871869178838
1991-09-21,11.379394648570186
1991-09-22,34.26232759675245
1991-09-23,59.33002677833471
1991-09-24,79.4604872104999
1991-09-25,92.86257680102713
1991-09-26,60.38246397653438
1991-09-27,0.03490987189375004
1991-09-28,0.04742871844566167
1991-09-29,0.03148733902851758
1991-09-30,0.029869414465874336
1991-10-01,0.0
1991-10-02,0.0
1991-10-03,21.173260582489263
1991-10-04,26.32327970944516
1991-10-05,13.987088519901341
1991-10-06,4.8411905278713006
1991-10-07,16.129333755574997
1991-10-08,11.354478404629555
1991-10-09,0.0
1991-10-10,0.0
1991-10-11,1.1738491956150916
1991-10-12,39.475743621657514
1991-10-13,145.8245559956689
1991-10-14,82.90865662894858
1991-10-15,14.822818074230911
1991-10-16,0.0
1991-10-17,0.0
1991-10-18,0.0
1991-10-19,0.0
1991-10-20,0.0
1991-10-21,0.0
1991-10-22,0.0
1991-10-23,0.0
1991-10-24,0.0
1991-10-25,0.0
1991-10-26,0.7805210234703052
1991-10-27,0.0
1991-10-28,0.23932070985972034
1991-10-29,0.0
1991-10-30,19.14568989430149
1991-10-31,17.82194688959209
1991-11-01,1.4153814233561783
1991-11-02,0.8663870914824684
1991-11-03,0.0
1991-11-04,0.11044612043158504
1991-11-05,2.741284380112576
1991-11-06,1.2428924702932005
1991-11-07,0.3201810374426379
1991-11-08,0.46184384004123974
1991-11-09,0.038432702672498396
1991-11-10,0.009067019228406978
1991-11-11,0.0
1991-11-12,0.0
1991-11-13,0.0
1991-11-14,2.0708968029004
1991-11-15,9.065031482472813
1991-11-16,0.0
1991-11-17,0.0
1991-11-18,0.0
1991-11-19,0.11765861871640255
1991-11-20,0.0
1991-11-21,0.0
1991-11-22,0.0
1991-11-23,0.0
1991-11-24,0.0
1991-11-25,0.0
1991-11-26,0.0
1991-11-27,0.0
1991-11-28,0.4852923193371163
1991-11-29,0.0
1991-11-30,0.0
1991-12-01,0.0
1991-12-02,0.0
1991-12-03,0.0
1991-12-04,0.0
1991-12-05,0.0
1991-12-06,0.0
1991-12-07,0.0
1991-12-08,0.0
1991-12-09,0.0
1991-12-10,0.0
1991-12-11,0.0
1991-12-12,0.0
1991-12-13,0.0
1991-12-14,0.0
1991-12-15,1.4189888751822902E-4
1991-12-16,0.0
1991-12-17,0.0
1991-12-18,1.319845327877748E-4
1991-12-19,0.0
1991-12-20,0.0
1991-12-21,0.0
1991-12-22,0.0
1991-12-23,0.0
1991-12-24,2.7745593004196865
1991-12-25,0.66287613704545
1991-12-26,4.404866083408909
1991-12-27,0.0
1991-12-28,0.0
1991-12-29,0.0
1991-12-30,0.0
1991-12-31,0.0
1992-01-01,0.0
1992-01-02,0.0031845790225861516
1992-01-03,0.0
1992-01-04,0.0
1992-01-05,0.0
1992-01-06,0.0
1992-01-07,0.0
1992-01-08,0.0
1992-01-09,0.0
1992-01-10,0.0
1992-01-11,0.0
1992-01-12,0.7611911709497319
1992-01-13,0.0
1992-01-14,0.0
1992-01-15,0.0
1992-01-16,0.0
1992-01-17,0.01836175984473249
1992-01-18,0.0
1992-01-19,0.0
1992-01-20,0.5458550214533039
1992-01-21,0.0
1992-01-22,0.18226071157759058
1992-01-23,0.8954123133162564
1992-01-24,0.0
1992-01-25,0.0
1992-01-26,0.0
1992-01-27,0.0
1992-01-28,0.0
1992-01-29,2.0428267819744703
1992-01-30,0.0
1992-01-31,8.726296916284731
1992-02-01,2.240526037832069
1992-02-02,1.4716744074361319
1992-02-03,0.0
1992-02-04,0.0
1992-02-05,0.0
1992-02-06,0.0
1992-02-07,2.8457732351112157
1992-02-08,0.6174418968571216
1992-02-09,0.0
1992-02-10,0.0
1992-02-11,0.0
1992-02-12,0.0
1992-02-13,0.0
1992-02-14,0.21650712733319602
1992-02-15,0.0
1992-02-16,0.0
1992-02-17,0.0
1992-02-18,0.013826793775064537
1992-02-19,0.0
1992-02-20,0.0
1992-02-21,7.757238992477882
1992-02-22,0.0
1992-02-23,1.1300133176531224
1992-02-24,1.8930407764009765
1992-02-25,9.962253106419136E-4
1992-02-26,0.22372553875694431
1992-02-27,0.0
1992-02-28,2.0085320249990555
1992-02-29,4.2028483943015855
1992-03-01,2.712557753475255
1992-03-02,0.04275240134842627
1992-03-03,0.0
1992-03-04,0.0
1992-03-05,0.0
1992-03-06,0.0
1992-03-07,0.0
1992-03-08,0.0
1992-03-09,0.0
1992-03-10,0.0
1992-03-11,0.0
1992-03-12,0.0
1992-03-13,0.0
1992-03-14,0.0
1992-03-15,0.4359349274365736
1992-03-16,0.0
1992-03-17,0.0
1992-03-18,10.997959062212749
1992-03-19,6.101613082063843
1992-03-20,6.7853852436129545
1992-03-21,11.694943664870664
1992-03-22,6.689580309268982
1992-03-23,0.020968218763390084
1992-03-24,0.3276168701878365
1992-03-25,0.00145915370490648
1992-03-26,0.0
1992-03-27,0.0
1992-03-28,0.0
1992-03-29,0.0
1992-03-30,0.0
1992-03-31,0.0
1992-04-01,0.0
1992-04-02,0.0
1992-04-03,0.0
1992-04-04,0.0
1992-04-05,0.0
1992-04-06,1.4180970314263919
1992-04-07,0.0
1992-04-08,0.0
1992-04-09,0.0
1992-04-10,0.0
1992-04-11,0.0
1992-04-12,0.0
1992-04-13,0.2877615081723071
1992-04-14,0.2870265110857051
1992-04-15,0.11725138200411457
1992-04-16,0.0
1992-04-17,6.360515055070813
1992-04-18,11.37818926216526
1992-04-19,22.923327966766543
1992-04-20,17.59565561292955
1992-04-21,17.51179422675099
1992-04-22,21.07863904425587
1992-04-23,7.111753182049781
1992-04-24,0.12761434781082867
1992-04-25,7.02370062252828
1992-04-26,30.551196104036247
1992-04-27,12.290106902110487
1992-04-28,12.646399186209809
1992-04-29,0.0
1992-04-30,4.006955844305745
1992-05-01,39.460438149029336
1992-05-02,8.060721728335722
1992-05-03,32.86303637481465
1992-05-04,12.837398914910105
1992-05-05,0.0
1992-05-06,0.1255332975127512
1992-05-07,0.0
1992-05-08,3.0658377539045962
1992-05-09,9.627123553158375
1992-05-10,37.58358237452496
1992-05-11,0.0
1992-05-12,6.614844577783563
1992-05-13,0.08604556617699302
1992-05-14,18.49056873315051
1992-05-15,16.819018416178434
1992-05-16,62.37318462655485
1992-05-17,31.36111529019396
1992-05-18,10.918396336709437
1992-05-19,12.61791385656591
1992-05-20,8.791996045901472
1992-05-21,0.0
1992-05-22,0.0
1992-05-23,0.0
1992-05-24,0.0
1992-05-25,9.695892863729888
1992-05-26,13.482261123239683
1992-05-27,0.0
1992-05-28,0.0
1992-05-29,2.155060158681538
1992-05-30,105.57550310774843
1992-05-31,22.83145326423703
1992-06-01,3.768629754928193
1992-06-02,0.0
1992-06-03,2.2150868167933995
1992-06-04,0.0
1992-06-05,0.0
1992-06-06,0.0
1992-06-07,20.359850923471946
1992-06-08,7.663096561153615
1992-06-09,6.8562632548568025
1992-06-10,4.3447940839019115
1992-06-11,4.528655934694378
1992-06-12,49.12046989938586
1992-06-13,35.156823924966595
1992-06-14,11.77545420954795
1992-06-15,0.6193976178763136
1992-06-16,10.035873149043953
1992-06-17,35.953198749434875
1992-06-18,7.310826574500233
1992-06-19,10.04882010077489
1992-06-20,29.363896923679313
1992-06-21,44.687548300538786
1992-06-22,5.22922279710577
1992-06-23,0.24291980333792362
1992-06-24,50.86335970050927
1992-06-25,57.640858169364606
1992-06-26,56.623643603465084
1992-06-27,1.0339668529353072
1992-06-28,0.05082928886511747
1992-06-29,12.567244552572472
1992-06-30,4.550487853369277
1992-07-01,36.21271268499133
1992-07-02,28.57084105459563
1992-07-03,19.990294923859825
1992-07-04,48.11710132464182
1992-07-05,35.10690167394162
1992-07-06,11.95956654497073
1992-07-07,7.505189282281689
1992-07-08,20.1815355139903
1992-07-09,43.15682858426727
1992-07-10,38.73097376596456
1992-07-11,9.49847564451889
1992-07-12,7.445585283041443
1992-07-13,15.514404421972172
1992-07-14,27.303800126618295
1992-07-15,47.55505131634788
1992-07-16,27.599783579108564
1992-07-17,4.735910565073829
1992-07-18,5.505457158506626
1992-07-19,1.801180242171829
1992-07-20,3.0194203109449678
1992-07-21,1.8638212078444487
1992-07-22,8.542527249021354
1992-07-23,6.178806328269506
1992-07-24,0.7813592969307763
1992-07-25,2.240837921143017
1992-07-26,8.750753515803824
1992-07-27,13.025733501452457
1992-07-28,0.7964841450023578
1992-07-29,0.7323763229521459
1992-07-30,31.50900606236774
1992-07-31,16.69078791520015
1992-08-01,11.071258569093965
1992-08-02,24.351711614788073
1992-08-03,7.57812908603361
1992-08-04,7.944419844965262
1992-08-05,27.47511527448738
1992-08-06,23.41347423346739
1992-08-07,8.513023320440158
1992-08-08,0.9105415517359076
1992-08-09,0.5512277422458448
1992-08-10,0.0025281577674122415
1992-08-11,9.670400336315394
1992-08-12,0.0
1992-08-13,6.2603828125142496
1992-08-14,20.063972041624876
1992-08-15,5.364453019450772
1992-08-16,8.932835514234284
1992-08-17,19.27094743029864
1992-08-18,11.216810415122108
1992-08-19,11.056769835287403
1992-08-20,6.047069074284989
1992-08-21,0.4665698521857226
1992-08-22,0.447799251242338
1992-08-23,3.240514252743653
1992-08-24,22.25924986319062
1992-08-25,49.92378710922735
1992-08-26,30.16241790206147
1992-08-27,29.490331453021653
1992-08-28,9.57183589887316
1992-08-29,4.678617587322155
1992-08-30,14.034356327723703
1992-08-31,11.435262791882433
1992-09-01,31.319710653570922
1992-09-02,0.0
1992-09-03,0.0
1992-09-04,11.680166656590874
1992-09-05,4.9557729387761755
1992-09-06,2.553772299558793
1992-09-07,18.659962401730375
1992-09-08,17.58630470523072
1992-09-09,5.921489288968861
1992-09-10,24.079920622998447
1992-09-11,0.0
1992-09-12,0.85412418415891
1992-09-13,43.055596961469284
1992-09-14,25.532467300828905
1992-09-15,0.5872548401919363
1992-09-16,19.027142127734127
1992-09-17,27.626133889888028
1992-09-18,0.0
1992-09-19,0.0
1992-09-20,0.0
1992-09-21,0.23769050388248458
1992-09-22,9.352573062729544
1992-09-23,10.256034186941157
1992-09-24,26.182261015969587
1992-09-25,10.769016391735052
1992-09-26,40.93478692326997
1992-09-27,54.43455362751539
1992-09-28,91.43177927155703
1992-09-29,0.0
1992-09-30,0.0
1992-10-01,0.0
1992-10-02,0.0
1992-10-03,15.081450536360608
1992-10-04,9.551980797611069
1992-10-05,0.0
1992-10-06,0.0
1992-10-07,0.0
1992-10-08,7.116227511462501
1992-10-09,0.6941504119733937
1992-10-10,0.0
1992-10-11,0.2425808071493773
1992-10-12,32.15388461894782
1992-10-13,53.4030746963424
1992-10-14,23.68441121853512
1992-10-15,8.928455298137415
1992-10-16,0.0
1992-10-17,0.0
1992-10-18,0.0
1992-10-19,0.0
1992-10-20,0.0
1992-10-21,0.9339999912284519
1992-10-22,8.968147076685094
1992-10-23,0.08926981435379563
1992-10-24,0.0
1992-10-25,0.0
1992-10-26,0.0
1992-10-27,0.0
1992-10-28,0.0
1992-10-29,0.0
1992-10-30,0.0
1992-10-31,0.0
1992-11-01,0.16120298786417858
1992-11-02,0.007316891010368587
1992-11-03,0.322314201839222
1992-11-04,0.0
1992-11-05,0.06033428959594359
1992-11-06,0.0
1992-11-07,0.0
1992-11-08,0.0
1992-11-09,1.7544776599870695
1992-11-10,0.06836644861108045
1992-11-11,0.0
1992-11-12,0.0
1992-11-13,0.0
1992-11-14,0.0
1992-11-15,0.0
1992-11-16,0.0
1992-11-17,0.0
1992-11-18,0.0
1992-11-19,0.0
1992-11-20,2.533583666885922
1992-11-21,0.0011564522653293276
1992-11-22,0.0
1992-11-23,0.0
1992-11-24,0.02633869059017381
1992-11-25,0.07619299922066376
1992-11-26,0.0
1992-11-27,0.0
1992-11-28,0.0
1992-11-29,0.0
1992-11-30,0.03839279046746308
1992-12-01,4.970274412084906
1992-12-02,3.717149284922471
1992-12-03,0.0
1992-12-04,0.0
1992-12-05,0.0
1992-12-06,0.0
1992-12-07,0.0
1992-12-08,0.0
1992-12-09,0.0
1992-12-10,0.0
1992-12-11,0.0
1992-12-12,0.0
1992-12-13,0.0
1992-12-14,0.0
1992-12-15,0.0
1992-12-16,0.0
1992-12-17,0.0
1992-12-18,0.0
1992-12-19,0.0
1992-12-20,0.006368508376779002
1992-12-21,0.0
1992-12-22,0.0
1992-12-23,0.0
1992-12-24,0.0
1992-12-25,0.0
1992-12-26,0.0
1992-12-27,0.0
1992-12-28,0.0
1992-12-29,0.0
1992-12-30,0.0
1992-12-31,0.014140989220653233
1993-01-01,0.0
1993-01-02,0.0
1993-01-03,0.0
1993-01-04,0.0
1993-01-05,0.0
1993-01-06,0.0
1993-01-07,0.694142378152876
1993-01-08,5.103612383196339
1993-01-09,3.617770289091343
1993-01-10,0.0
1993-01-11,4.0122445836412854
1993-01-12,0.26302695889686806
1993-01-13,0.19922692844292061
1993-01-14,0.0
1993-01-15,0.0
1993-01-16,0.0
1993-01-17,0.0
1993-01-18,0.0
1993-01-19,0.0
1993-01-20,0.0
1993-01-21,0.0
1993-01-22,0.0
1993-01-23,0.0
1993-01-24,0.0
1993-01-25,0.0
1993-01-26,0.0
1993-01-27,0.0
1993-01-28,0.0
1993-01-29,0.0
1993-01-30,0.3848650491843319
1993-01-31,0.04882653390881031
1993-02-01,0.14548293356849792
1993-02-02,0.0
1993-02-03,0.0
1993-02-04,0.0
1993-02-05,0.0
1993-02-06,0.0
1993-02-07,0.0
1993-02-08,0.0
1993-02-09,0.0
1993-02-10,0.0
1993-02-11,0.0
1993-02-12,0.0
1993-02-13,1.3078361006353378
1993-02-14,0.7026926022489304
1993-02-15,0.01435893013052554
1993-02-16,0.7505681592854626
1993-02-17,15.404814466101941
1993-02-18,6.402118644753716
1993-02-19,2.492483496495314
1993-02-20,0.0
1993-02-21,2.602461729409296
1993-02-22,2.9974907212234463
1993-02-23,0.0
1993-02-24,0.0
1993-02-25,0.0
1993-02-26,0.0
1993-02-27,0.0
1993-02-28,0.0
1993-03-01,0.0
1993-03-02,0.0
1993-03-03,0.0
1993-03-04,0.0
1993-03-05,0.0
1993-03-06,0.0
1993-03-07,0.0
1993-03-08,0.0
1993-03-09,0.0
1993-03-10,0.0
1993-03-11,0.0
1993-03-12,0.0
1993-03-13,0.0
1993-03-14,0.0
1993-03-15,0.0
1993-03-16,0.0
1993-03-17,0.0
1993-03-18,0.0
1993-03-19,0.0
1993-03-20,2.2101387136471526
1993-03-21,38.24788290101405
1993-03-22,15.492688076095055
1993-03-23,0.0
1993-03-24,0.0
1993-03-25,41.10903046272535
1993-03-26,64.30441568649358
1993-03-27,0.0
1993-03-28,0.0
1993-03-29,0.0
1993-03-30,0.0
1993-03-31,0.0
1993-04-01,0.0
1993-04-02,5.059955532467178
1993-04-03,0.0
1993-04-04,0.0
1993-04-05,0.0
1993-04-06,0.0
1993-04-07,0.0
1993-04-08,6.392499417498335
1993-04-09,0.20432497595234944
1993-04-10,28.3136569633543
1993-04-11,84.02188011070801
1993-04-12,4.100418492300622
1993-04-13,0.0
1993-04-14,0.0
1993-04-15,6.437032671744977
1993-04-16,6.336123593743413
1993-04-17,0.17611184796114632
1993-04-18,11.322035661031483
1993-04-19,4.145603366241612
1993-04-20,32.63629039947685
1993-04-21,0.0
1993-04-22,5.146434634469758
1993-04-23,68.03533854657876
1993-04-24,14.868274825521281
1993-04-25,17.051205226764907
1993-04-26,6.057938839741784
1993-04-27,0.901306599176059
1993-04-28,27.5461565615839
1993-04-29,0.43959582375596185
1993-04-30,1.134489990336247
1993-05-01,4.254499108818719
1993-05-02,3.660869566439571
1993-05-03,73.02174093082034
1993-05-04,35.77349913556343
1993-05-05,41.688972703172496
1993-05-06,63.32076201817131
1993-05-07,59.904324596197924
1993-05-08,23.19491100422968
1993-05-09,41.82660283616552
1993-05-10,4.85683794534005
1993-05-11,2.4149407714847477
1993-05-12,16.319153649539253
1993-05-13,15.067807867426273
1993-05-14,3.814338221240697
1993-05-15,63.32882709098597
1993-05-16,64.82520488597694
1993-05-17,75.5518939211929
1993-05-18,62.20522115917314
1993-05-19,0.10359063092928886
1993-05-20,15.365855085357133
1993-05-21,0.0
1993-05-22,0.5341442193701202
1993-05-23,0.23977116946076998
1993-05-24,1.1846833568274153
1993-05-25,7.229735659910404
1993-05-26,59.951925193252315
1993-05-27,25.4513858873239
1993-05-28,0.0
1993-05-29,3.1928361653350827
1993-05-30,3.005735051414403
1993-05-31,3.5551217191598017
1993-06-01,4.400268458564428
1993-06-02,9.54344039108308
1993-06-03,6.511370439022802
1993-06-04,67.65605971926333
1993-06-05,60.97884490828405
1993-06-06,59.167667785735595
1993-06-07,8.423622490337184
1993-06-08,25.198387076602963
1993-06-09,23.429403218362292
1993-06-10,83.37929803649921
1993-06-11,29.891716638559636
1993-06-12,36.17037436658147
1993-06-13,0.0
1993-06-14,0.0
1993-06-15,27.206695020972717
1993-06-16,28.887650319826744
1993-06-17,34.357597321289965
1993-06-18,24.7889204571933
1993-06-19,65.48128077068326
1993-06-20,15.448603687110964
1993-06-21,33.821590147907514
1993-06-22,4.202894175474237
1993-06-23,21.474793161831123
1993-06-24,56.90998168932869
1993-06-25,26.43630289395069
1993-06-26,5.944710144488235
1993-06-27,0.34550815993745804
1993-06-28,9.360771903417792
1993-06-29,57.881626309786185
1993-06-30,34.384340056295834
1993-07-01,1.2285815740154933
1993-07-02,19.64476817290082
1993-07-03,25.264551268343386
1993-07-04,63.72910820603938
1993-07-05,94.20810902374801
1993-07-06,65.92427297361161
1993-07-07,0.8777228502095014
1993-07-08,29.297823233476304
1993-07-09,21.78672035623423
1993-07-10,7.886106182960027
1993-07-11,14.384196949454635
1993-07-12,29.616365724448826
1993-07-13,4.550196524036059
1993-07-14,2.6021603444255397
1993-07-15,0.0
1993-07-16,7.647359052594065
1993-07-17,12.613945465677222
1993-07-18,47.384910341781875
1993-07-19,65.16298676472685
1993-07-20,141.77901842832622
1993-07-21,93.7852302487261
1993-07-22,14.16817226891422
1993-07-23,0.44399208880633195
1993-07-24,13.175513871357758
1993-07-25,13.809293338538946
1993-07-26,3.5682639930692304
1993-07-27,0.0
1993-07-28,0.02055202395440056
1993-07-29,0.0
1993-07-30,4.778806685022462
1993-07-31,8.141083012969958
1993-08-01,4.059391178816163
1993-08-02,10.451777087570362
1993-08-03,20.04800213017217
1993-08-04,0.32670113861876215
1993-08-05,0.01973477403684815
1993-08-06,0.7542393279666474
1993-08-07,44.154999385591964
1993-08-08,19.314211645423054
1993-08-09,5.0283604787465395
1993-08-10,38.24244958047337
1993-08-11,9.003254597143112
1993-08-12,0.6287367261582295
1993-08-13,3.1512583124572435
1993-08-14,8.472907858505602
1993-08-15,12.849514575371487
1993-08-16,5.967190364894892
1993-08-17,2.4751513055425653
1993-08-18,32.545222385378906
1993-08-19,4.0076889558716875
1993-08-20,0.0
1993-08-21,3.136917051547194
1993-08-22,16.272395646081552
1993-08-23,24.934835981100264
1993-08-24,1.6578184287749578
1993-08-25,3.148471792735451
1993-08-26,25.98570473651707
1993-08-27,10.439888676617743
1993-08-28,12.806367562596998
1993-08-29,39.20070902570622
1993-08-30,9.604955918723885
1993-08-31,56.21628487329722
1993-09-01,17.154805592909263
1993-09-02,37.13402297635306
1993-09-03,5.969765646438155
1993-09-04,0.30334106171021835
1993-09-05,25.243485646100172
1993-09-06,39.95618558513262
1993-09-07,31.895528805714
1993-09-08,16.39706945113539
1993-09-09,1.8182898653321937
1993-09-10,0.5521919217718736
1993-09-11,12.229189693005614
1993-09-12,48.135952562004924
1993-09-13,19.938837548308957
1993-09-14,15.750273886739983
1993-09-15,1.7499062958518194
1993-09-16,0.0692250358958754
1993-09-17,0.004192601000089563
1993-09-18,0.24118953670747573
1993-09-19,14.470175143371456
1993-09-20,18.813782972485722
1993-09-21,2.386593042502829
1993-09-22,25.608829162959925
1993-09-23,14.518887494550851
1993-09-24,5.594886776951512
1993-09-25,16.47825375866961
1993-09-26,22.0216510527316
1993-09-27,32.96181579985561
1993-09-28,39.303035070227295
1993-09-29,23.31985296826209
1993-09-30,0.12466533787802554
1993-10-01,33.38850644602711
1993-10-02,68.83189044394868
1993-10-03,14.98562302924074
1993-10-04,0.0
1993-10-05,0.0
1993-10-06,2.9062522753492686
1993-10-07,0.0
1993-10-08,0.0
1993-10-09,0.0
1993-10-10,3.0954159877860126
1993-10-11,0.0
1993-10-12,3.0839307207330506
1993-10-13,13.212106746609756
1993-10-14,11.166652673527876
1993-10-15,0.16729786636575575
1993-10-16,0.17245196319881878
1993-10-17,0.0
1993-10-18,9.76159706532425
1993-10-19,7.233196568590418
1993-10-20,10.607153546647776
1993-10-21,0.0
1993-10-22,0.0
1993-10-23,0.0
1993-10-24,0.0
1993-10-25,0.0
1993-10-26,0.0
1993-10-27,0.0
1993-10-28,0.0
1993-10-29,0.0
1993-10-30,0.0
1993-10-31,0.10247734929760952
1993-11-01,0.9936718200128054
1993-11-02,2.0522665816422574
1993-11-03,19.12148848833564
1993-11-04,0.10756594211699923
1993-11-05,0.0
1993-11-06,0.0
1993-11-07,0.0
1993-11-08,0.0
1993-11-09,0.0
1993-11-10,1.8082109458298735E-5
1993-11-11,0.0
1993-11-12,0.0
1993-11-13,0.0
1993-11-14,0.0
1993-11-15,0.0
1993-11-16,0.0
1993-11-17,0.0
1993-11-18,0.0
1993-11-19,0.0
1993-11-20,0.0
1993-11-21,0.0
1993-11-22,0.0
1993-11-23,0.0
1993-11-24,0.0
1993-11-25,0.0
1993-11-26,0.0
1993-11-27,0.0
1993-11-28,0.0
1993-11-29,0.0
1993-11-30,0.0
1993-12-01,0.0
1993-12-02,0.0
1993-12-03,0.045070185252058574
1993-12-04,0.21883739592702825
1993-12-05,0.1270923812649778
1993-12-06,0.0
1993-12-07,0.0
1993-12-08,0.0
1993-12-09,0.0
1993-12-10,0.0
1993-12-11,0.0
1993-12-12,0.0
1993-12-13,0.0
1993-12-14,0.8691274273568237
1993-12-15,1.3700114875003722
1993-12-16,0.0
1993-12-17,0.0
1993-12-18,0.0
1993-12-19,0.0
1993-12-20,0.08945003697506815
1993-12-21,0.0
1993-12-22,0.0029295350127000745
1993-12-23,0.0
1993-12-24,0.0
1993-12-25,0.27077387599636726
1993-12-26,0.0
1993-12-27,0.0
1993-12-28,0.2586650427427957
1993-12-29,0.0
1993-12-30,0.5138234562286562
1993-12-31,0.487721750727687
1994-01-01,0.0
1994-01-02,0.0
1994-01-03,0.0
1994-01-04,0.0
1994-01-05,0.0
1994-01-06,0.0
1994-01-07,0.0
1994-01-08,0.0
1994-01-09,0.0
1994-01-10,1.9927244387720646
1994-01-11,0.0
1994-01-12,0.0
1994-01-13,0.0
1994-01-14,0.0
1994-01-15,0.005762418130125224
1994-01-16,3.4418752203585803
1994-01-17,0.0
1994-01-18,0.0
1994-01-19,0.0
1994-01-20,0.0
1994-01-21,0.0
1994-01-22,0.0
1994-01-23,0.0
1994-01-24,0.0
1994-01-25,0.0
1994-01-26,0.0
1994-01-27,0.0
1994-01-28,0.0
1994-01-29,0.0
1994-01-30,5.303663420787837
1994-01-31,1.9162574794823928
1994-02-01,1.306560310093049
1994-02-02,5.3666689026428465
1994-02-03,0.0
1994-02-04,0.0
1994-02-05,0.0
1994-02-06,0.02789810953730149
1994-02-07,0.0
1994-02-08,0.0
1994-02-09,1.6148716343236518
1994-02-10,0.0
1994-02-11,0.0
1994-02-12,0.0
1994-02-13,0.23592867284029848
1994-02-14,0.040985307647098686
1994-02-15,0.16572384048954694
1994-02-16,0.031780967646973544
1994-02-17,0.0
1994-02-18,0.0
1994-02-19,0.0
1994-02-20,0.01020090666805517
1994-02-21,20.212962538801932
1994-02-22,12.343655523744053
1994-02-23,0.0
1994-02-24,0.0
1994-02-25,0.0
1994-02-26,0.0
1994-02-27,0.0
1994-02-28,3.387825212092267E-5
1994-03-01,0.0
1994-03-02,0.0
1994-03-03,0.0
1994-03-04,0.0
1994-03-05,0.0
1994-03-06,0.0
1994-03-07,0.0
1994-03-08,0.0
1994-03-09,0.0
1994-03-10,0.0
1994-03-11,0.0
1994-03-12,0.0
1994-03-13,13.935446187999021
1994-03-14,14.957482948305897
1994-03-15,17.461303245110834
1994-03-16,13.42910497274783
1994-03-17,0.7148599592574375
1994-03-18,0.0
1994-03-19,0.0
1994-03-20,9.617747509687382
1994-03-21,0.08677699366567553
1994-03-22,0.05449117099751699
1994-03-23,0.0
1994-03-24,2.743219800876675
1994-03-25,13.58913887347538
1994-03-26,88.32940492853103
1994-03-27,19.595309880080336
1994-03-28,0.0
1994-03-29,1.4105753651556316
1994-03-30,0.03903620068848583
1994-03-31,26.584867275966687
1994-04-01,83.14127384066758
1994-04-02,76.98074917950323
1994-04-03,0.0
1994-04-04,0.0
1994-04-05,0.5252630333679684
1994-04-06,0.014708149809230749
1994-04-07,1.6280986699652298
1994-04-08,0.0
1994-04-09,0.0
1994-04-10,0.0
1994-04-11,0.0
1994-04-12,0.0
1994-04-13,0.0
1994-04-14,0.0
1994-04-15,0.0
1994-04-16,0.09215238934699987
1994-04-17,3.7644806142064406
1994-04-18,1.463031033121591
1994-04-19,5.482944519185211
1994-04-20,17.231005295372096
1994-04-21,25.116781438094357
1994-04-22,28.18055308852778
1994-04-23,0.0
1994-04-24,12.121987422038432
1994-04-25,18.79918464071742
1994-04-26,10.008219411617814
1994-04-27,0.0
1994-04-28,0.0
1994-04-29,0.0
1994-04-30,1.7574686292990982
1994-05-01,1.2727151877801282
1994-05-02,0.42932947906921454
1994-05-03,10.224063856104749
1994-05-04,18.3123553208999
1994-05-05,5.655406323607115
1994-05-06,8.970811095157334
1994-05-07,18.06683052892312
1994-05-08,3.2087085331359457
1994-05-09,0.0
1994-05-10,14.02215423602184
1994-05-11,0.6342089116954248
1994-05-12,25.28372562333902
1994-05-13,14.244164880348421
1994-05-14,29.484371270304944
1994-05-15,18.87426508140722
1994-05-16,19.55833352025414
1994-05-17,16.09360938421616
1994-05-18,20.86334628686671
1994-05-19,0.0
1994-05-20,2.814788582505546
1994-05-21,0.0
1994-05-22,7.411386363643717
1994-05-23,5.5408111277498255
1994-05-24,11.94093475797246
1994-05-25,21.82719669236277
1994-05-26,0.7320021448346066
1994-05-27,0.0
1994-05-28,9.954177422740115
1994-05-29,6.0677219453650375
1994-05-30,21.067442706713603
1994-05-31,24.31869167882844
1994-06-01,30.892615430926803
1994-06-02,45.81502969045868
1994-06-03,27.47444504472716
1994-06-04,3.3646578912341134
1994-06-05,3.969326651067729
1994-06-06,0.0
1994-06-07,3.3642511537747155
1994-06-08,4.499675926066353
1994-06-09,0.8871809783615744
1994-06-10,14.109140993812378
1994-06-11,32.27507227971027
1994-06-12,18.29615631715332
1994-06-13,36.493570650896885
1994-06-14,25.73148824998934
1994-06-15,25.25054394922006
1994-06-16,31.569177700065964
1994-06-17,12.378356487623249
1994-06-18,5.377105971461812E-4
1994-06-19,36.83396555885074
1994-06-20,22.58848272081858
1994-06-21,0.0
1994-06-22,17.391269214605337
1994-06-23,30.43688534093538
1994-06-24,11.953535583895473
1994-06-25,0.0
1994-06-26,36.7561662262817
1994-06-27,36.959259836556704
1994-06-28,45.50239453940785
1994-06-29,23.555765984425914
1994-06-30,7.784016661066081
1994-07-01,16.753374598313822
1994-07-02,3.132356384815994
1994-07-03,4.437946828511112
1994-07-04,19.17872917260865
1994-07-05,65.61455960658587
1994-07-06,24.805581546737066
1994-07-07,3.113640822351041
1994-07-08,16.044432580510662
1994-07-09,10.88708666085831
1994-07-10,13.993545463512557
1994-07-11,17.256973610674834
1994-07-12,8.708242833567805
1994-07-13,21.290704438255517
1994-07-14,10.447925904467905
1994-07-15,4.613973810068732
1994-07-16,1.7031821299687178
1994-07-17,30.46535724864267
1994-07-18,41.35845254983727
1994-07-19,3.7288988433328605
1994-07-20,19.423173323140503
1994-07-21,14.171112647668378
1994-07-22,2.581065042868083
1994-07-23,6.034995882787119
1994-07-24,23.983594041484103
1994-07-25,3.6896673661729436
1994-07-26,11.218828988741945
1994-07-27,12.205398580739855
1994-07-28,37.71237011059364
1994-07-29,30.09123937407848
1994-07-30,4.983998286938161
1994-07-31,1.6308255881378744
1994-08-01,4.450074204076601
1994-08-02,15.763681197606997
1994-08-03,17.746094004186297
1994-08-04,14.379341079698467
1994-08-05,32.243116229990584
1994-08-06,9.187041171600702
1994-08-07,12.430056001089248
1994-08-08,10.995075003423958
1994-08-09,21.085689419942476
1994-08-10,0.7803560572836247
1994-08-11,6.526448986321465
1994-08-12,7.925280918245872
1994-08-13,42.175681818379914
1994-08-14,38.29869350008878
1994-08-15,0.0
1994-08-16,0.0
1994-08-17,11.316355658085627
1994-08-18,3.976415660795603
1994-08-19,0.09695072562025568
1994-08-20,5.9430644915745825
1994-08-21,64.0770430179891
1994-08-22,35.86114036809029
1994-08-23,39.20753029247635
1994-08-24,12.286792698426602
1994-08-25,15.796889582204543
1994-08-26,7.774211662190217
1994-08-27,19.892261681915606
1994-08-28,32.043703725355165
1994-08-29,36.71994619083931
1994-08-30,12.603042737167879
1994-08-31,23.126157719625414
1994-09-01,4.616979087916894
1994-09-02,26.569780658060186
1994-09-03,6.528552411238993
1994-09-04,7.776581404983451
1994-09-05,0.052629536316016315
1994-09-06,0.5608395170901401
1994-09-07,0.0
1994-09-08,16.70628130131205
1994-09-09,10.397811581874658
1994-09-10,4.012132097426797
1994-09-11,7.743801728926431
1994-09-12,4.2890104164923715
1994-09-13,18.231942435534826
1994-09-14,7.391539729605699
1994-09-15,15.272495952840709
1994-09-16,43.558342974511525
1994-09-17,3.593818730662104
1994-09-18,5.832904830827926
1994-09-19,40.014664044109466
1994-09-20,19.93912726743945
1994-09-21,0.0
1994-09-22,0.0
1994-09-23,2.5137004491471426
1994-09-24,6.206390900876759
1994-09-25,0.0
1994-09-26,0.0
1994-09-27,0.0
1994-09-28,0.0
1994-09-29,0.0
1994-09-30,0.0
1994-10-01,9.350089575472781
1994-10-02,9.963278718034804
1994-10-03,44.577627637408966
1994-10-04,18.60542726862825
1994-10-05,4.816622219795545
1994-10-06,14.262929647648143
1994-10-07,1.4208226491970504
1994-10-08,32.39574203259277
1994-10-09,29.898854868569398
1994-10-10,44.20275709678075
1994-10-11,0.0
1994-10-12,0.0
1994-10-13,0.0
1994-10-14,0.0
1994-10-15,0.0
1994-10-16,0.0
1994-10-17,0.0
1994-10-18,0.0
1994-10-19,0.0
1994-10-20,0.0
1994-10-21,0.0
1994-10-22,0.0
1994-10-23,0.0
1994-10-24,0.0
1994-10-25,0.0
1994-10-26,0.0
1994-10-27,0.0
1994-10-28,0.0
1994-10-29,0.0
1994-10-30,0.0
1994-10-31,0.0
1994-11-01,0.0
1994-11-02,0.03708424048779382
1994-11-03,0.0
1994-11-04,0.0
1994-11-05,0.0
1994-11-06,0.0
1994-11-07,0.0
1994-11-08,0.6422452725402623
1994-11-09,0.0
1994-11-10,11.103540691027439
1994-11-11,0.04074373179931137
1994-11-12,0.0
1994-11-13,0.0
1994-11-14,0.0
1994-11-15,0.0
1994-11-16,0.0
1994-11-17,0.0
1994-11-18,0.0
1994-11-19,0.0
1994-11-20,0.0
1994-11-21,0.0
1994-11-22,0.0
1994-11-23,0.2665273471660572
1994-11-24,6.066553567165347
1994-11-25,0.0
1994-11-26,0.0
1994-11-27,0.0
1994-11-28,0.0
1994-11-29,0.0
1994-11-30,0.0
1994-12-01,0.5756377194981996
1994-12-02,0.0
1994-12-03,0.0
1994-12-04,0.5401388962001801
1994-12-05,0.5401388962001801
1994-12-06,0.0
1994-12-07,0.0
1994-12-08,0.0
1994-12-09,0.0
1994-12-10,0.0
1994-12-11,0.14888997052570133
1994-12-12,0.0
1994-12-13,0.0
1994-12-14,0.0
1994-12-15,0.4611689276631956
1994-12-16,1.024173145417462
1994-12-17,0.0
1994-12-18,0.0
1994-12-19,0.0
1994-12-20,0.0
1994-12-21,0.0
1994-12-22,0.7834663433497189
1994-12-23,0.0
1994-12-24,0.0
1994-12-25,0.0
1994-12-26,0.1371654506423398
1994-12-27,0.6874527513062166
1994-12-28,0.0
1994-12-29,0.0
1994-12-30,0.009771775028655326
1994-12-31,0.01978473509789642
1995-01-01,0.0499834233403657
1995-01-02,0.0
1995-01-03,0.0
1995-01-04,0.0
1995-01-05,0.0
1995-01-06,0.0
1995-01-07,0.0
1995-01-08,0.20232534466310723
1995-01-09,4.608545669509702
1995-01-10,0.0
1995-01-11,0.0
1995-01-12,2.044522891053301
1995-01-13,6.857671627634729E-4
1995-01-14,0.0
1995-01-15,0.0
1995-01-16,0.0
1995-01-17,3.6287385967195496
1995-01-18,0.0
1995-01-19,0.0
1995-01-20,0.0
1995-01-21,0.0
1995-01-22,0.0
1995-01-23,0.0
1995-01-24,0.0
1995-01-25,0.0
1995-01-26,0.0
1995-01-27,0.0
1995-01-28,0.0
1995-01-29,0.0
1995-01-30,0.0
1995-01-31,0.0
1995-02-01,0.0
1995-02-02,0.0
1995-02-03,0.0
1995-02-04,0.0
1995-02-05,1.4045055920042644
1995-02-06,0.0
1995-02-07,0.0
1995-02-08,0.0
1995-02-09,0.0
1995-02-10,0.0
1995-02-11,0.0
1995-02-12,0.0
1995-02-13,4.536276352051853
1995-02-14,0.0
1995-02-15,0.27124079941000284
1995-02-16,2.4819249977367335
1995-02-17,0.0
1995-02-18,1.0496052665175573
1995-02-19,0.0
1995-02-20,0.0
1995-02-21,0.0
1995-02-22,0.0
1995-02-23,14.030377099072815
1995-02-24,0.0010240839055866801
1995-02-25,0.0
1995-02-26,0.0
1995-02-27,0.0
1995-02-28,1.0976507392454216
1995-03-01,0.9673260091642503
1995-03-02,0.0
1995-03-03,0.0
1995-03-04,0.005563775270885132
1995-03-05,0.19760581827219523
1995-03-06,0.0
1995-03-07,4.715284851825221
1995-03-08,0.0
1995-03-09,0.0
1995-03-10,0.0
1995-03-11,0.02266320253286533
1995-03-12,0.0
1995-03-13,0.0
1995-03-14,0.006822079963893117
1995-03-15,0.011675865930920884
1995-03-16,0.0
1995-03-17,0.1136416984484857
1995-03-18,0.0
1995-03-19,0.0
1995-03-20,0.0
1995-03-21,0.0
1995-03-22,0.0
1995-03-23,0.0
1995-03-24,0.0
1995-03-25,3.5998975138412432
1995-03-26,0.2946749435802524
1995-03-27,2.252675687425451
1995-03-28,22.785157483087552
1995-03-29,1.041452681441555
1995-03-30,13.545921659032482
1995-03-31,2.716551767230558
1995-04-01,0.0
1995-04-02,0.0
1995-04-03,0.0
1995-04-04,0.0
1995-04-05,0.0
1995-04-06,0.06405350692510522
1995-04-07,4.197717307850168
1995-04-08,8.334395331094857
1995-04-09,14.188439597568044
1995-04-10,17.56346864383996
1995-04-11,41.29683690559095
1995-04-12,3.7624067429406023
1995-04-13,1.848922848987597
1995-04-14,4.46244240806141
1995-04-15,36.573378956044486
1995-04-16,0.41338830123680265
1995-04-17,4.006380958746173
1995-04-18,6.581452936893258
1995-04-19,0.0
1995-04-20,7.525656179517059
1995-04-21,0.0
1995-04-22,0.0
1995-04-23,6.725332454229138
1995-04-24,10.40320927882834
1995-04-25,3.211195021891018
1995-04-26,22.660433840952944
1995-04-27,17.29504718980043
1995-04-28,11.820103072585091
1995-04-29,4.842339366947612
1995-04-30,18.04344998788075
1995-05-01,9.054877224681665
1995-05-02,1.7928748697319086
1995-05-03,6.200670044692615
1995-05-04,0.2519339561145253
1995-05-05,1.108773516807501
1995-05-06,12.459859157800631
1995-05-07,20.168653527092374
1995-05-08,21.499419412971122
1995-05-09,2.735338726685163
1995-05-10,0.7499867323139116
1995-05-11,0.0
1995-05-12,11.971180185112413
1995-05-13,12.454381199267209
1995-05-14,1.6482718163030807
1995-05-15,36.29837934895219
1995-05-16,140.02245978667057
1995-05-17,31.348613383671296
1995-05-18,0.7720880692368007
1995-05-19,0.0
1995-05-20,0.0
1995-05-21,2.0335628734916344
1995-05-22,4.867456394659247
1995-05-23,7.306265227373594
1995-05-24,0.7323829251218734
1995-05-25,0.0
1995-05-26,1.3261219495421297
1995-05-27,1.1184689701439432
1995-05-28,0.6070038717060077
1995-05-29,2.2316473808397763
1995-05-30,18.429135739267267
1995-05-31,0.969034782247067
1995-06-01,5.574329592751839
1995-06-02,8.199375020496225
1995-06-03,16.00684856611279
1995-06-04,8.274949780256748
1995-06-05,5.951699544256131
1995-06-06,13.555621145859577
1995-06-07,38.12724432728143
1995-06-08,21.36296189360135
1995-06-09,29.51325343057541
1995-06-10,17.55381276196187
1995-06-11,34.315699641836424
1995-06-12,28.15936175755325
1995-06-13,34.50191984576238
1995-06-14,55.29642266844662
1995-06-15,138.15635564821488
1995-06-16,88.60639519184164
1995-06-17,73.32930692249288
1995-06-18,35.73778146506214
1995-06-19,90.86373786708943
1995-06-20,9.47147378803681
1995-06-21,3.12563810563343
1995-06-22,10.602571479098197
1995-06-23,17.453082643234062
1995-06-24,0.8190862631936363
1995-06-25,0.13556341311250492
1995-06-26,0.674767552280897
1995-06-27,0.5852212119359638
1995-06-28,2.9854623022661615
1995-06-29,4.770132031512019
1995-06-30,7.760031141804165
1995-07-01,21.21358788588458
1995-07-02,60.02641790498722
1995-07-03,33.762044205183905
1995-07-04,34.27821624294533
1995-07-05,46.32331909056713
1995-07-06,83.32636548300673
1995-07-07,13.746940897528765
1995-07-08,4.830306444541494
1995-07-09,16.433925336169988
1995-07-10,11.655027394648972
1995-07-11,18.203708352559556
1995-07-12,8.208778004890906
1995-07-13,7.416714425332551
1995-07-14,7.701184456725057
1995-07-15,10.5564009414704
1995-07-16,3.6222569985082322
1995-07-17,21.938418704634472
1995-07-18,45.45432564039564
1995-07-19,13.148932034261742
1995-07-20,11.096124757684427
1995-07-21,8.944957888625186
1995-07-22,0.0
1995-07-23,0.0
1995-07-24,14.019388554718848
1995-07-25,24.300504206487247
1995-07-26,19.318071568292485
1995-07-27,20.474251206654518
1995-07-28,4.9218958311519945
1995-07-29,15.064983467959047
1995-07-30,14.631951157761481
1995-07-31,12.11603648513094
1995-08-01,20.517104813714806
1995-08-02,19.597402479676767
1995-08-03,3.3092881017587374
1995-08-04,13.033630384944784
1995-08-05,9.791586208173207
1995-08-06,26.572581650050353
1995-08-07,20.726683006619997
1995-08-08,19.294994448533714
1995-08-09,4.427024857541681
1995-08-10,6.151542569347131
1995-08-11,60.51261126561073
1995-08-12,58.40141326985868
1995-08-13,63.19363278365832
1995-08-14,32.86918739798041
1995-08-15,13.551787765315439
1995-08-16,24.176388336563406
1995-08-17,14.962843075909552
1995-08-18,28.378116551337957
1995-08-19,24.19743956010945
1995-08-20,8.652640237092156
1995-08-21,3.025878813338904
1995-08-22,0.547671389912087
1995-08-23,7.580976681477142
1995-08-24,18.540068847737796
1995-08-25,10.22799683124104
1995-08-26,35.56174380432957
1995-08-27,41.66543807345239
1995-08-28,15.09993453841573
1995-08-29,24.14686062776454
1995-08-30,34.44938971432267
1995-08-31,19.048702182097127
1995-09-01,22.48715406429607
1995-09-02,23.373072314323036
1995-09-03,45.169847347014404
1995-09-04,57.35362479657154
1995-09-05,9.774698187501613
1995-09-06,16.35021837748536
1995-09-07,11.407140096780136
1995-09-08,18.006179098992465
1995-09-09,39.91157575885117
1995-09-10,5.827695177412268
1995-09-11,0.04883221207813382
1995-09-12,0.14175472875613668
1995-09-13,4.450238049497401
1995-09-14,1.1312524633456396
1995-09-15,0.43678808503917427
1995-09-16,20.74314975579261
1995-09-17,25.60619427626169
1995-09-18,2.3313896027120404
1995-09-19,19.322719996552067
1995-09-20,72.3284415462949
1995-09-21,84.25512843665508
1995-09-22,78.37259392253516
1995-09-23,80.70954400087072
1995-09-24,5.124112996614904
1995-09-25,30.762914051594095
1995-09-26,18.98441816903411
1995-09-27,77.37515952520172
1995-09-28,48.66593088321443
1995-09-29,9.666020819547969
1995-09-30,23.64496873115286
1995-10-01,19.052850794190263
1995-10-02,5.271136647297199
1995-10-03,2.2830958936224146
1995-10-04,10.56171925565476
1995-10-05,10.325689402314921
1995-10-06,0.6608148525850593
1995-10-07,9.29233333310294
1995-10-08,33.28617851604751
1995-10-09,2.513788888226986
1995-10-10,0.0
1995-10-11,0.0
1995-10-12,0.0
1995-10-13,0.0
1995-10-14,0.0
1995-10-15,0.0
1995-10-16,0.003784243351279512
1995-10-17,0.01849656529604589
1995-10-18,8.668233563965412
1995-10-19,0.0
1995-10-20,0.0
1995-10-21,4.87569522731841
1995-10-22,0.0
1995-10-23,0.0
1995-10-24,0.0
1995-10-25,0.0
1995-10-26,0.0
1995-10-27,0.0
1995-10-28,0.0
1995-10-29,0.0
1995-10-30,0.0
1995-10-31,0.0
1995-11-01,0.0
1995-11-02,0.0
1995-11-03,0.0
1995-11-04,0.0
1995-11-05,0.0
1995-11-06,0.0
1995-11-07,0.0
1995-11-08,18.97541527778304
1995-11-09,7.7717533703706
1995-11-10,27.095063662543453
1995-11-11,0.0
1995-11-12,0.0
1995-11-13,0.0
1995-11-14,0.0
1995-11-15,0.0
1995-11-16,0.0
1995-11-17,0.0
1995-11-18,3.1590291282459844
1995-11-19,0.6380918978307237
1995-11-20,0.0
1995-11-21,0.0
1995-11-22,0.0
1995-11-23,0.0
1995-11-24,0.0
1995-11-25,14.411505007846554
1995-11-26,0.0
1995-11-27,0.0
1995-11-28,0.0
1995-11-29,0.0
1995-11-30,0.0
1995-12-01,0.0
1995-12-02,0.33620567373106836
1995-12-03,0.0
1995-12-04,0.0
1995-12-05,0.21880957108581411
1995-12-06,0.0
1995-12-07,0.0
1995-12-08,0.13160338112759898
1995-12-09,0.0
1995-12-10,0.004661706027147348
1995-12-11,0.01320886427855422
1995-12-12,0.0
1995-12-13,0.0
1995-12-14,0.0
1995-12-15,0.0
1995-12-16,0.0
1995-12-17,0.42193691243868436
1995-12-18,0.0
1995-12-19,0.0
1995-12-20,0.0
1995-12-21,0.0
1995-12-22,0.06726810914992122
1995-12-23,1.7410662809328605
1995-12-24,0.0
1995-12-25,0.1408193482964086
1995-12-26,0.6204220870635939
1995-12-27,0.0
1995-12-28,0.5260831817524798
1995-12-29,0.0
1995-12-30,0.0
1995-12-31,0.0
1996-01-01,0.0
1996-01-02,0.0
1996-01-03,0.0
1996-01-04,2.0695174172930404
1996-01-05,0.0
1996-01-06,0.01647186634535799
1996-01-07,0.23197505704263316
1996-01-08,0.0
1996-01-09,0.0
1996-01-10,0.2643002616592491
1996-01-11,1.8617478836482797
1996-01-12,0.0
1996-01-13,0.0
1996-01-14,0.0
1996-01-15,0.0
1996-01-16,1.148226132468653
1996-01-17,0.0
1996-01-18,0.0
1996-01-19,0.0
1996-01-20,0.0
1996-01-21,0.0
1996-01-22,0.6744072712273359
1996-01-23,0.0
1996-01-24,0.0
1996-01-25,0.0
1996-01-26,0.0
1996-01-27,1.0839636813656264
1996-01-28,0.3509038533263591
1996-01-29,0.0
1996-01-30,0.0
1996-01-31,0.0
1996-02-01,0.0
1996-02-02,0.0
1996-02-03,0.0
1996-02-04,0.0
1996-02-05,0.0
1996-02-06,0.0
1996-02-07,0.0
1996-02-08,0.0
1996-02-09,0.0
1996-02-10,0.0
1996-02-11,0.0
1996-02-12,0.0
1996-02-13,0.0
1996-02-14,0.0
1996-02-15,0.0
1996-02-16,0.0
1996-02-17,0.0
1996-02-18,0.0
1996-02-19,0.0
1996-02-20,2.0324920140477625
1996-02-21,2.460637404842071
1996-02-22,5.434549627480295
1996-02-23,0.0
1996-02-24,0.0
1996-02-25,17.444014645180197
1996-02-26,0.05872607481927437
1996-02-27,0.0
1996-02-28,0.0
1996-02-29,0.0
1996-03-01,0.0
1996-03-02,0.0
1996-03-03,0.0
1996-03-04,0.0
1996-03-05,0.03836618561944764
1996-03-06,0.0
1996-03-07,0.0
1996-03-08,4.608164843020692
1996-03-09,0.0
1996-03-10,8.866117683948517
1996-03-11,0.0
1996-03-12,15.239195386248095
1996-03-13,7.561941279762679
1996-03-14,3.103181538580535
1996-03-15,10.057170604688043
1996-03-16,11.568008871569507
1996-03-17,0.04249384237347173
1996-03-18,0.0
1996-03-19,0.0
1996-03-20,0.0
1996-03-21,0.0
1996-03-22,8.160770944460914
1996-03-23,14.846878280865369
1996-03-24,0.5810735114193478
1996-03-25,0.060487753976567186
1996-03-26,15.593155132387007
1996-03-27,0.0
1996-03-28,2.1845222318301016
1996-03-29,56.93999044995344
1996-03-30,42.318466290669946
1996-03-31,13.088393030494514
1996-04-01,0.0
1996-04-02,0.0
1996-04-03,0.0
1996-04-04,0.0
1996-04-05,1.8082783161595846
1996-04-06,7.838167654675457
1996-04-07,0.0
1996-04-08,0.0
1996-04-09,0.0
1996-04-10,0.1560735256371787
1996-04-11,0.0
1996-04-12,0.0
1996-04-13,6.724831953335784
1996-04-14,0.0
1996-04-15,0.0
1996-04-16,0.01556480161498588
1996-04-17,0.0
1996-04-18,5.36055388234066
1996-04-19,2.336705196304002
1996-04-20,16.447946913156617
1996-04-21,1.7112710262536952
1996-04-22,27.45088709305627
1996-04-23,59.14419202885086
1996-04-24,8.283137498619348
1996-04-25,0.04065811737136437
1996-04-26,0.0
1996-04-27,0.0
1996-04-28,0.0
1996-04-29,0.0
1996-04-30,0.0
1996-05-01,45.78740720280624
1996-05-02,0.0
1996-05-03,1.5545406020751804
1996-05-04,0.0
1996-05-05,0.03221801285567073
1996-05-06,0.37100807534087055
1996-05-07,0.1616765517964542
1996-05-08,3.263158377005409
1996-05-09,4.335720708780359
1996-05-10,20.860016637890745
1996-05-11,44.76433054607493
1996-05-12,20.173170825509217
1996-05-13,50.381315091902714
1996-05-14,22.78639362514102
1996-05-15,28.382298018374488
1996-05-16,43.268043696502815
1996-05-17,44.08826038336956
1996-05-18,29.69664976319741
1996-05-19,0.0
1996-05-20,5.108854925455629
1996-05-21,0.17960715583108383
1996-05-22,0.4055015634785108
1996-05-23,0.00373411646035721
1996-05-24,3.3460877854270894
1996-05-25,3.6203521986879936
1996-05-26,35.498623838502155
1996-05-27,17.385645930564557
1996-05-28,28.769593279632176
1996-05-29,44.54730520437043
1996-05-30,9.864477087965248
1996-05-31,9.4959490124277
1996-06-01,21.200617427985307
1996-06-02,85.94866319625314
1996-06-03,13.762905772710443
1996-06-04,50.59109748005156
1996-06-05,3.552981316431415
1996-06-06,3.550957602323338
1996-06-07,20.600317188859268
1996-06-08,0.0
1996-06-09,0.0
1996-06-10,3.877244787430464
1996-06-11,4.915173870508306
1996-06-12,0.9528573009360458
1996-06-13,0.0
1996-06-14,2.945713896231005
1996-06-15,4.120002985352226
1996-06-16,16.51187816835091
1996-06-17,30.51672617286905
1996-06-18,17.397590150324575
1996-06-19,27.626021431110185
1996-06-20,12.137939591070072
1996-06-21,78.01774135029869
1996-06-22,45.0861413874664
1996-06-23,2.0483666125698203
1996-06-24,0.37914354767188074
1996-06-25,57.44581364009238
1996-06-26,43.187908166188606
1996-06-27,43.578561783705574
1996-06-28,22.03815177616906
1996-06-29,34.09545410411258
1996-06-30,34.6450650502387
1996-07-01,92.77699269410309
1996-07-02,80.82431186562007
1996-07-03,52.7129562953606
1996-07-04,11.008689154518503
1996-07-05,26.872455424540718
1996-07-06,10.855038145850434
1996-07-07,23.8877309831505
1996-07-08,26.51307794510745
1996-07-09,10.3673498187759
1996-07-10,7.214832938641981
1996-07-11,81.75465763475972
1996-07-12,25.061274678593133
1996-07-13,3.24679037509137
1996-07-14,7.756031995625458
1996-07-15,10.296082599167667
1996-07-16,41.30394888956296
1996-07-17,24.265873843450592
1996-07-18,16.96244502299218
1996-07-19,9.086408306425012
1996-07-20,14.573632011715267
1996-07-21,3.255394187837724
1996-07-22,22.3847146324809
1996-07-23,15.486636876894451
1996-07-24,2.816614908992248
1996-07-25,4.03427104149362
1996-07-26,7.166439302916088
1996-07-27,2.031832097392377
1996-07-28,0.5714927948747391
1996-07-29,2.114327103274438
1996-07-30,56.531969347993126
1996-07-31,55.38112662307418
1996-08-01,55.71828861313234
1996-08-02,8.506290290127536
1996-08-03,5.603656580089563
1996-08-04,28.559395400698925
1996-08-05,30.906827827723816
1996-08-06,12.858184383698768
1996-08-07,0.0
1996-08-08,30.439649164709383
1996-08-09,21.461610152589625
1996-08-10,20.800593920300873
1996-08-11,25.678007876010142
1996-08-12,27.890071986599285
1996-08-13,1.7831987557128925
1996-08-14,25.54988973263988
1996-08-15,53.19992559469988
1996-08-16,49.92018606260036
1996-08-17,54.817111440510246
1996-08-18,13.87339399183661
1996-08-19,10.085734876060327
1996-08-20,2.1520918547350454
1996-08-21,6.048955603879431
1996-08-22,1.0581159686267285
1996-08-23,0.0
1996-08-24,5.168679998973155
1996-08-25,0.09119841994614883
1996-08-26,1.1381152981581912
1996-08-27,14.907376445059176
1996-08-28,23.449255627271835
1996-08-29,65.0893461293548
1996-08-30,68.77156896422402
1996-08-31,21.03192871638882
1996-09-01,1.4310418910913476
1996-09-02,0.1953164835124564
1996-09-03,9.786702846371446
1996-09-04,18.564371372550884
1996-09-05,4.569425478778843
1996-09-06,13.085652687320616
1996-09-07,18.186624057407162
1996-09-08,0.0
1996-09-09,0.0
1996-09-10,0.0
1996-09-11,9.16013735985211
1996-09-12,8.673656601888718
1996-09-13,4.999875744125251
1996-09-14,1.9957866716342123
1996-09-15,0.2730342303619653
1996-09-16,19.876223374645804
1996-09-17,33.77073655173016
1996-09-18,23.680833991769166
1996-09-19,4.736245442566083
1996-09-20,29.68218272229627
1996-09-21,27.06035009153298
1996-09-22,24.52343900653361
1996-09-23,0.6331105683173297
1996-09-24,3.718515774981078
1996-09-25,0.0
1996-09-26,13.98881835923848
1996-09-27,24.679063177181824
1996-09-28,11.879611906612725
1996-09-29,0.6601131810601709
1996-09-30,0.0
1996-10-01,0.0
1996-10-02,22.56428563625495
1996-10-03,11.323535683252874
1996-10-04,14.054960901605304
1996-10-05,48.18713930166734
1996-10-06,39.64788877916791
1996-10-07,0.0
1996-10-08,0.0
1996-10-09,0.0
1996-10-10,0.0
1996-10-11,0.0
1996-10-12,0.0
1996-10-13,0.0
1996-10-14,0.0
1996-10-15,0.0
1996-10-16,0.0
1996-10-17,0.0
1996-10-18,0.0
1996-10-19,0.0
1996-10-20,0.0
1996-10-21,0.0
1996-10-22,0.0
1996-10-23,0.0
1996-10-24,0.0
1996-10-25,0.0
1996-10-26,0.23284756013840374
1996-10-27,5.888606165099425
1996-10-28,71.57586320950043
1996-10-29,26.43261210687666
1996-10-30,0.0
1996-10-31,0.0
1996-11-01,0.0
1996-11-02,0.6338663364057575
1996-11-03,0.0
1996-11-04,0.013364529113965875
1996-11-05,0.640549429797549
1996-11-06,1.162805702629188
1996-11-07,0.033438081488787574
1996-11-08,0.0
1996-11-09,0.0
1996-11-10,0.0
1996-11-11,0.003975964413663811
1996-11-12,0.0
1996-11-13,0.0
1996-11-14,0.0
1996-11-15,0.0
1996-11-16,0.0
1996-11-17,0.0
1996-11-18,0.0
1996-11-19,0.0
1996-11-20,0.0
1996-11-21,0.0
1996-11-22,0.0
1996-11-23,0.0
1996-11-24,0.0
1996-11-25,0.0
1996-11-26,0.0
1996-11-27,0.0
1996-11-28,0.0
1996-11-29,0.0
1996-11-30,0.0
1996-12-01,0.24085453681378222
1996-12-02,0.021945125690021806
1996-12-03,0.24085453681378222
1996-12-04,0.2200849509074416
1996-12-05,0.06488804497501904
1996-12-06,0.0
1996-12-07,0.0
1996-12-08,0.0
1996-12-09,0.1626835474652601
1996-12-10,0.0
1996-12-11,0.0
1996-12-12,0.10570618247307412
1996-12-13,0.0
1996-12-14,0.17016295240543183
1996-12-15,0.0
1996-12-16,0.08206423283112793
1996-12-17,0.0
1996-12-18,0.0
1996-12-19,0.6730602088408482
1996-12-20,0.0
1996-12-21,0.0
1996-12-22,0.0
1996-12-23,0.06342442571342939
1996-12-24,0.0
1996-12-25,0.0
1996-12-26,0.0
1996-12-27,1.1724490307747402
1996-12-28,0.0
1996-12-29,0.0
1996-12-30,0.02461729019071051
1996-12-31,0.02461729019071051
1997-01-01,0.0
1997-01-02,0.0
1997-01-03,0.0
1997-01-04,0.0
1997-01-05,0.0
1997-01-06,0.0
1997-01-07,0.25368642605687514
1997-01-08,0.0
1997-01-09,0.0
1997-01-10,0.0
1997-01-11,0.0
1997-01-12,0.0
1997-01-13,0.0
1997-01-14,0.0
1997-01-15,0.0
1997-01-16,0.0
1997-01-17,0.5109581100527376
1997-01-18,0.0
1997-01-19,0.01927502805592851
1997-01-20,0.09434262702963246
1997-01-21,3.0259779731563556
1997-01-22,0.1795952918213672
1997-01-23,0.4789627861214433
1997-01-24,1.0010564996523217
1997-01-25,1.0287103462588427
1997-01-26,0.0
1997-01-27,0.0
1997-01-28,0.0
1997-01-29,0.12743196799126927
1997-01-30,0.5950604169351708
1997-01-31,1.5113940498065037
1997-02-01,0.0
1997-02-02,0.0
1997-02-03,3.2810218529587996
1997-02-04,1.919212068655391
1997-02-05,0.0
1997-02-06,0.0
1997-02-07,0.0
1997-02-08,0.0
1997-02-09,0.0
1997-02-10,0.0012448502712095859
1997-02-11,0.0
1997-02-12,0.0
1997-02-13,0.0
1997-02-14,0.0
1997-02-15,0.0
1997-02-16,0.0
1997-02-17,0.0
1997-02-18,0.0
1997-02-19,6.2596898024020975
1997-02-20,0.2717410781488929
1997-02-21,0.014172948910458446
1997-02-22,0.0
1997-02-23,0.0
1997-02-24,0.0
1997-02-25,0.0
1997-02-26,6.639957634458332
1997-02-27,2.0151081014140035
1997-02-28,0.0
1997-03-01,0.0
1997-03-02,0.0
1997-03-03,0.0
1997-03-04,0.0
1997-03-05,0.0
1997-03-06,0.0
1997-03-07,0.0
1997-03-08,0.0
1997-03-09,0.0
1997-03-10,0.0
1997-03-11,0.0
1997-03-12,0.0
1997-03-13,0.451895474960114
1997-03-14,15.368033594628855
1997-03-15,2.362058852531831
1997-03-16,3.7906746152289696
1997-03-17,0.0
1997-03-18,0.42692063780766615
1997-03-19,0.6953232312525798
1997-03-20,0.4205329634979808
1997-03-21,3.287543638953342
1997-03-22,11.566238543912885
1997-03-23,13.678506641065821
1997-03-24,16.898352668103406
1997-03-25,0.0
1997-03-26,0.0
1997-03-27,0.0
1997-03-28,5.7542853616709095
1997-03-29,14.106584752261979
1997-03-30,14.799051724148695
1997-03-31,0.37633690874447123
1997-04-01,0.0
1997-04-02,26.66026000020155
1997-04-03,0.0
1997-04-04,0.0
1997-04-05,0.0
1997-04-06,0.0
1997-04-07,18.2639002399969
1997-04-08,45.521539280259496
1997-04-09,0.0
1997-04-10,8.58753951607071
1997-04-11,0.0
1997-04-12,0.0
1997-04-13,0.0
1997-04-14,0.0
1997-04-15,1.1079653822966506
1997-04-16,20.373386585713448
1997-04-17,0.031335849965488397
1997-04-18,4.270514124694101
1997-04-19,0.0
1997-04-20,37.497307304345775
1997-04-21,1.4663879009659764
1997-04-22,41.84577038307347
1997-04-23,1.723833635059438
1997-04-24,2.9525468052510795
1997-04-25,65.21377180062582
1997-04-26,0.8815183427313761
1997-04-27,12.199832983384573
1997-04-28,10.076430245713828
1997-04-29,0.05414404381914471
1997-04-30,1.623840165984198
1997-05-01,10.544365887458365
1997-05-02,1.3191188883089906
1997-05-03,1.8952915710750795
1997-05-04,9.832215086147466
1997-05-05,1.5925465661681484
1997-05-06,0.4713385616911518
1997-05-07,11.306462205568746
1997-05-08,0.0
1997-05-09,11.942201416411303
1997-05-10,8.557852966369481
1997-05-11,3.161545191660281
1997-05-12,59.448182060569486
1997-05-13,18.55000551630585
1997-05-14,11.386640157581263
1997-05-15,3.336567592725643
1997-05-16,2.282838830167141
1997-05-17,0.0
1997-05-18,0.0
1997-05-19,17.59332654170807
1997-05-20,40.62511981290958
1997-05-21,55.38679863953542
1997-05-22,5.986601536898801
1997-05-23,47.97813108258943
1997-05-24,7.020395884653531
1997-05-25,16.139257959645086
1997-05-26,12.742673953194956
1997-05-27,31.817890961075488
1997-05-28,58.93297310267917
1997-05-29,8.05495399336821
1997-05-30,0.9935460556980933
1997-05-31,15.743948128682506
1997-06-01,30.917841333005544
1997-06-02,53.13343719571386
1997-06-03,0.6684348594045788
1997-06-04,27.91743615263713
1997-06-05,31.451657693453125
1997-06-06,45.167229501042996
1997-06-07,36.11618875436135
1997-06-08,0.054539073392973286
1997-06-09,8.720750629362385
1997-06-10,10.44760898139904
1997-06-11,23.315070771363658
1997-06-12,9.324214411572651
1997-06-13,12.943277311116159
1997-06-14,11.223623760191714
1997-06-15,20.476112572192125
1997-06-16,48.36630142628943
1997-06-17,51.76753447892185
1997-06-18,8.74866960128892
1997-06-19,9.340571600442974
1997-06-20,10.268993549482602
1997-06-21,23.81243508974723
1997-06-22,0.008672049264394051
1997-06-23,23.797018717959
1997-06-24,41.13599270854701
1997-06-25,17.35268960218742
1997-06-26,56.38937244682511
1997-06-27,44.760971402657205
1997-06-28,31.023140626805684
1997-06-29,42.5914057056271
1997-06-30,48.34343587740313
1997-07-01,29.4453490000636
1997-07-02,9.905071891380391
1997-07-03,3.6808909822415523
1997-07-04,0.7882090394877005
1997-07-05,1.5852803274162202
1997-07-06,19.38834357114801
1997-07-07,16.29172737981546
1997-07-08,24.371861758204098
1997-07-09,88.82691986042829
1997-07-10,91.89081722970032
1997-07-11,104.38965784873564
1997-07-12,53.95571284840717
1997-07-13,38.06458048812081
1997-07-14,22.20416017670209
1997-07-15,8.45042933567908
1997-07-16,6.659202394223891
1997-07-17,18.374067174747466
1997-07-18,0.6197641030941158
1997-07-19,0.0
1997-07-20,4.502812554977536
1997-07-21,5.758902937503913
1997-07-22,0.8858087065593483
1997-07-23,0.7152296475238119
1997-07-24,7.379269398374626
1997-07-25,9.187527141281187
1997-07-26,42.19253857130735
1997-07-27,21.457827113327685
1997-07-28,50.430248575507555
1997-07-29,19.10079609551087
1997-07-30,43.0288626621348
1997-07-31,16.424938342096976
1997-08-01,28.74089704190443
1997-08-02,20.844066590764463
1997-08-03,15.934307224447634
1997-08-04,1.2091076137365886
1997-08-05,55.31510492944612
1997-08-06,23.109183672582304
1997-08-07,0.0
1997-08-08,7.378452072500409
1997-08-09,16.15310822001751
1997-08-10,37.70783670127621
1997-08-11,65.011885631588
1997-08-12,46.547527414664216
1997-08-13,32.615625375478345
1997-08-14,14.07401476518326
1997-08-15,0.543437063064877
1997-08-16,13.827366479719094
1997-08-17,3.7318233540278647
1997-08-18,10.103288005408452
1997-08-19,16.715054580279435
1997-08-20,11.628053001924357
1997-08-21,2.0245065477563733
1997-08-22,2.5643121172295826
1997-08-23,5.238659554814892
1997-08-24,0.023307645801093985
1997-08-25,6.734307257250273
1997-08-26,0.242030642299509
1997-08-27,8.69457726088899
1997-08-28,39.79460583851165
1997-08-29,17.663968090269034
1997-08-30,24.086592478975643
1997-08-31,44.90644435874842
1997-09-01,1.884967188566119
1997-09-02,18.501324883908552
1997-09-03,47.11627814685007
1997-09-04,75.94985456092435
1997-09-05,61.382660347045196
1997-09-06,17.165470802454042
1997-09-07,0.37849546410267226
1997-09-08,0.6446513949761257
1997-09-09,0.0
1997-09-10,1.223268467096011
1997-09-11,5.410864613516108
1997-09-12,53.90598359982464
1997-09-13,45.66103065258291
1997-09-14,6.222785014192813
1997-09-15,17.49986546909872
1997-09-16,15.857508299769984
1997-09-17,41.19420132576419
1997-09-18,76.57066800410169
1997-09-19,67.8195048447462
1997-09-20,57.386948610054574
1997-09-21,0.0
1997-09-22,16.188306157369215
1997-09-23,57.89018669725752
1997-09-24,0.6036598980314748
1997-09-25,37.881389737036095
1997-09-26,52.91765574074711
1997-09-27,31.216512209297477
1997-09-28,0.0
1997-09-29,4.327246481071769
1997-09-30,0.0
1997-10-01,0.0
1997-10-02,0.08044239534015835
1997-10-03,0.0
1997-10-04,0.0
1997-10-05,0.0
1997-10-06,0.013272300181175527
1997-10-07,20.24101952363911
1997-10-08,6.564542218326176
1997-10-09,19.35142994672812
1997-10-10,0.0
1997-10-11,0.0
1997-10-12,1.6565856840311197
1997-10-13,0.0
1997-10-14,0.0
1997-10-15,0.0
1997-10-16,0.08320051547311054
1997-10-17,0.0
1997-10-18,0.0
1997-10-19,0.0
1997-10-20,0.0
1997-10-21,0.0
1997-10-22,0.11869534729897752
1997-10-23,0.0
1997-10-24,0.0
1997-10-25,0.0
1997-10-26,0.0
1997-10-27,0.0
1997-10-28,0.0
1997-10-29,0.016023101568366813
1997-10-30,8.001182553422115
1997-10-31,0.0
1997-11-01,0.0
1997-11-02,0.0
1997-11-03,0.0
1997-11-04,0.02135884038060544
1997-11-05,0.0
1997-11-06,0.0
1997-11-07,0.0
1997-11-08,0.8597181304336525
1997-11-09,0.0
1997-11-10,1.6802046178999224
1997-11-11,1.5356053541964938
1997-11-12,0.0
1997-11-13,0.0
1997-11-14,0.0
1997-11-15,0.0
1997-11-16,1.7786331098160537
1997-11-17,2.2170984372102303
1997-11-18,0.0
1997-11-19,1.114125312751839
1997-11-20,0.0
1997-11-21,0.0
1997-11-22,0.0
1997-11-23,0.0
1997-11-24,0.0
1997-11-25,0.0
1997-11-26,0.0
1997-11-27,0.0
1997-11-28,0.0
1997-11-29,0.0
1997-11-30,0.0
1997-12-01,0.07690764387203866
1997-12-02,0.0
1997-12-03,0.00967182095056809
1997-12-04,0.0
1997-12-05,0.0
1997-12-06,0.0
1997-12-07,0.0
1997-12-08,0.0
1997-12-09,1.0997478946673265
1997-12-10,3.861189066888015
1997-12-11,0.0
1997-12-12,0.03336059163533764
1997-12-13,11.96381312612337
1997-12-14,0.31930351697710135
1997-12-15,0.0
1997-12-16,0.0579964820974141
1997-12-17,0.0
1997-12-18,0.0
1997-12-19,0.0
1997-12-20,0.0
1997-12-21,0.0
1997-12-22,0.0
1997-12-23,0.0
1997-12-24,0.0
1997-12-25,0.0
1997-12-26,0.0
1997-12-27,0.0
1997-12-28,0.0
1997-12-29,0.0
1997-12-30,0.0
1997-12-31,0.0
1998-01-01,0.0
1998-01-02,0.0
1998-01-03,0.0
1998-01-04,0.0
1998-01-05,0.0
1998-01-06,0.0
1998-01-07,0.0
1998-01-08,0.0
1998-01-09,0.0
1998-01-10,0.0
1998-01-11,0.9729399921812643
1998-01-12,0.0
1998-01-13,0.0
1998-01-14,0.0
1998-01-15,0.0
1998-01-16,0.0
1998-01-17,0.0
1998-01-18,0.0017426637588202677
1998-01-19,0.0
1998-01-20,0.0
1998-01-21,1.9573657601672723
1998-01-22,0.0
1998-01-23,0.0
1998-01-24,0.0
1998-01-25,3.0560217794489897
1998-01-26,3.3593753204423997
1998-01-27,0.0
1998-01-28,0.0
1998-01-29,1.1041090643706502
1998-01-30,0.0
1998-01-31,0.0
1998-02-01,0.0
1998-02-02,0.0
1998-02-03,0.0
1998-02-04,0.0
1998-02-05,0.0
1998-02-06,0.0
1998-02-07,0.0
1998-02-08,0.0
1998-02-09,0.0
1998-02-10,0.0
1998-02-11,0.0
1998-02-12,0.0
1998-02-13,0.0
1998-02-14,0.0
1998-02-15,0.0
1998-02-16,0.0
1998-02-17,1.511301275058842
1998-02-18,6.447089014932801
1998-02-19,0.0
1998-02-20,0.8916986821765114
1998-02-21,0.0
1998-02-22,0.0
1998-02-23,0.32611883760088045
1998-02-24,0.0
1998-02-25,2.0867081326027868
1998-02-26,3.2245776983122467
1998-02-27,0.0
1998-02-28,0.0
1998-03-01,0.0
1998-03-02,0.0
1998-03-03,0.0
1998-03-04,0.0
1998-03-05,0.0
1998-03-06,0.0
1998-03-07,0.0
1998-03-08,0.0
1998-03-09,0.0
1998-03-10,0.0
1998-03-11,0.0
1998-03-12,0.0
1998-03-13,0.0
1998-03-14,0.0
1998-03-15,0.0
1998-03-16,0.0
1998-03-17,0.0
1998-03-18,0.0
1998-03-19,0.0
1998-03-20,0.0
1998-03-21,0.0
1998-03-22,51.373152388620625
1998-03-23,92.47065273417388
1998-03-24,18.191673048449662
1998-03-25,0.0
1998-03-26,0.0
1998-03-27,0.0
1998-03-28,0.0
1998-03-29,32.28214728574731
1998-03-30,0.12778677551105377
1998-03-31,0.0
1998-04-01,0.0
1998-04-02,0.0
1998-04-03,0.0
1998-04-04,0.0
1998-04-05,2.8132789942635
1998-04-06,44.93937612789876
1998-04-07,17.600832218369696
1998-04-08,44.870523603830954
1998-04-09,9.125843095274732
1998-04-10,22.94499705863767
1998-04-11,9.330141028854328
1998-04-12,3.7165268143504115
1998-04-13,0.0
1998-04-14,0.0
1998-04-15,1.7284909502593482
1998-04-16,9.794358079489484
1998-04-17,0.05192098275310906
1998-04-18,0.037993678838141254
1998-04-19,2.120713603892638
1998-04-20,15.616418344331045
1998-04-21,64.74705024848129
1998-04-22,57.170258423580236
1998-04-23,21.07176080709359
1998-04-24,0.0
1998-04-25,0.0
1998-04-26,2.717375168629782
1998-04-27,3.8544398803142244
1998-04-28,63.247384386525034
1998-04-29,1.9307419234953915
1998-04-30,31.744503033277987
1998-05-01,46.54379361917713
1998-05-02,0.06573412119902725
1998-05-03,1.5413212069980808
1998-05-04,0.10770853785884395
1998-05-05,21.570498530100306
1998-05-06,0.0
1998-05-07,23.661619252629873
1998-05-08,31.755182589849195
1998-05-09,8.871990262115906
1998-05-10,27.107350274965683
1998-05-11,0.0
1998-05-12,0.0
1998-05-13,0.0
1998-05-14,0.0
1998-05-15,40.883036595593765
1998-05-16,0.9875518573391873
1998-05-17,0.0
1998-05-18,0.0
1998-05-19,0.5096774165376137
1998-05-20,3.9898854821893637
1998-05-21,49.15700663846253
1998-05-22,27.679330289496555
1998-05-23,1.4840320623864487
1998-05-24,64.5369686776887
1998-05-25,1.1223766761685021
1998-05-26,53.86563761925595
1998-05-27,81.43243656209013
1998-05-28,52.13738586630901
1998-05-29,33.626453113536584
1998-05-30,13.190007124630789
1998-05-31,24.20408788927961
1998-06-01,9.4352911805366
1998-06-02,23.633775880691744
1998-06-03,51.190982142846295
1998-06-04,15.998263456020213
1998-06-05,31.37163096692359
1998-06-06,10.324567108257904
1998-06-07,8.878491915445053
1998-06-08,23.33000292572141
1998-06-09,11.760474455952615
1998-06-10,13.519808977226127
1998-06-11,15.160876760026076
1998-06-12,20.835187187510154
1998-06-13,8.608587139093562
1998-06-14,9.157470009566236
1998-06-15,5.945999668148553
1998-06-16,18.846585676343317
1998-06-17,6.18949703951533
1998-06-18,11.13729225037596
1998-06-19,18.763920181810576
1998-06-20,11.902278892472902
1998-06-21,13.420844992274166
1998-06-22,9.125227433895166
1998-06-23,31.53541481855137
1998-06-24,4.728358307512437
1998-06-25,6.6890586467032
1998-06-26,3.2135448091712164
1998-06-27,14.090299837905919
1998-06-28,11.01057664397852
1998-06-29,0.72174734059369
1998-06-30,18.31656143660209
1998-07-01,37.07333799925434
1998-07-02,35.65500441726437
1998-07-03,6.284481488052966
1998-07-04,0.2509425572305721
1998-07-05,1.2856711273695818
1998-07-06,8.097731167541838
1998-07-07,5.084953625266087
1998-07-08,9.066842575180235
1998-07-09,11.052566288674504
1998-07-10,1.09554858891085
1998-07-11,5.325567658063848
1998-07-12,25.102281237264897
1998-07-13,33.83268288716497
1998-07-14,29.01763304282817
1998-07-15,5.3690457132394105
1998-07-16,26.876522824292714
1998-07-17,30.42098755680806
1998-07-18,0.0
1998-07-19,6.951159181846078
1998-07-20,100.38991123776216
1998-07-21,51.35936718027595
1998-07-22,64.69758045798501
1998-07-23,2.645861299292821
1998-07-24,12.889479291711028
1998-07-25,29.083979867840178
1998-07-26,15.420351102161776
1998-07-27,7.882451643852361
1998-07-28,40.38955868325701
1998-07-29,1.6005636656981694
1998-07-30,5.25873507735238
1998-07-31,11.66905104143927
1998-08-01,21.055248636827216
1998-08-02,11.59449807941414
1998-08-03,49.317529896245226
1998-08-04,9.717805600856453
1998-08-05,29.869918034242893
1998-08-06,13.493673630910871
1998-08-07,16.913536062228438
1998-08-08,13.279442263350699
1998-08-09,9.702508539872339
1998-08-10,16.39450243289077
1998-08-11,41.58004834714615
1998-08-12,5.314225197445088
1998-08-13,2.6642354019450507
1998-08-14,4.052502690964952
1998-08-15,21.08268097145333
1998-08-16,33.3519212263377
1998-08-17,49.07862439344759
1998-08-18,2.045989463384539
1998-08-19,10.487315479465506
1998-08-20,11.67675280544438
1998-08-21,10.275737748655276
1998-08-22,19.37182562024633
1998-08-23,28.657475141663845
1998-08-24,42.55956566902909
1998-08-25,28.94300441647347
1998-08-26,24.927246836563018
1998-08-27,8.910823950038488
1998-08-28,0.784735263488452
1998-08-29,26.57896550558467
1998-08-30,112.37577259833907
1998-08-31,13.722069869967084
1998-09-01,31.25972046418032
1998-09-02,21.09653409471023
1998-09-03,39.05178071011524
1998-09-04,41.04153134337399
1998-09-05,25.881817422978052
1998-09-06,3.1549656666475485
1998-09-07,2.186965033708872
1998-09-08,5.030429860206025
1998-09-09,3.661216718172694
1998-09-10,6.7736625664285315
1998-09-11,5.180581458763311
1998-09-12,4.683723029608126
1998-09-13,1.5016192706889284
1998-09-14,0.0
1998-09-15,0.5623767589882263
1998-09-16,31.802909094068834
1998-09-17,12.261401723182733
1998-09-18,6.18889273135121
1998-09-19,24.335434641202642
1998-09-20,18.54828818574653
1998-09-21,0.36369756964418787
1998-09-22,0.16270882691184538
1998-09-23,2.244421619593462
1998-09-24,1.8357472153231995
1998-09-25,0.03305225578322002
1998-09-26,0.0
1998-09-27,49.16795338222272
1998-09-28,0.46535587306654275
1998-09-29,2.158213116443816
1998-09-30,5.5254726534306
1998-10-01,0.0
1998-10-02,5.541058908138036
1998-10-03,4.47569745517908
1998-10-04,1.3084946019436936
1998-10-05,0.0
1998-10-06,0.0
1998-10-07,0.0
1998-10-08,0.0
1998-10-09,0.07356013057857987
1998-10-10,0.9255269836487987
1998-10-11,0.0
1998-10-12,0.5296101990624723
1998-10-13,6.044625239148728
1998-10-14,2.595618183839443
1998-10-15,7.9882367024457865
1998-10-16,9.094326233237114
1998-10-17,9.336804689498786
1998-10-18,21.195602678683123
1998-10-19,19.725844521436464
1998-10-20,45.47364783937885
1998-10-21,4.0450973379608826
1998-10-22,0.011164406943992053
1998-10-23,0.0
1998-10-24,0.0
1998-10-25,0.0
1998-10-26,0.0
1998-10-27,0.0
1998-10-28,0.0
1998-10-29,0.0
1998-10-30,0.02955153317232367
1998-10-31,0.0
1998-11-01,0.0
1998-11-02,0.0
1998-11-03,0.0
1998-11-04,0.0
1998-11-05,0.0
1998-11-06,0.0
1998-11-07,0.0
1998-11-08,0.0
1998-11-09,0.0
1998-11-10,0.0
1998-11-11,0.0
1998-11-12,0.0
1998-11-13,0.0
1998-11-14,0.0
1998-11-15,0.05095052284762935
1998-11-16,0.0
1998-11-17,0.0
1998-11-18,0.0
1998-11-19,0.0
1998-11-20,0.0
1998-11-21,1.3495502018696863
1998-11-22,22.024339631220055
1998-11-23,0.5617524027938156
1998-11-24,0.0
1998-11-25,0.0
1998-11-26,0.0
1998-11-27,0.0
1998-11-28,0.0
1998-11-29,0.0
1998-11-30,0.0
1998-12-01,1.198448081668207
1998-12-02,0.21123468473935844
1998-12-03,0.09114871824915965
1998-12-04,0.009759570322229504
1998-12-05,0.030660357302246113
1998-12-06,0.0
1998-12-07,0.0
1998-12-08,0.0
1998-12-09,0.0
1998-12-10,0.05263305414143896
1998-12-11,0.0
1998-12-12,0.8104121134726603
1998-12-13,0.0
1998-12-14,0.0
1998-12-15,0.26307809038873514
1998-12-16,0.0
1998-12-17,0.0
1998-12-18,0.0
1998-12-19,0.0
1998-12-20,0.0
1998-12-21,0.0
1998-12-22,0.0
1998-12-23,0.0
1998-12-24,0.0
1998-12-25,0.0
1998-12-26,0.0
1998-12-27,0.0
1998-12-28,0.0
1998-12-29,0.0
1998-12-30,0.028434233011040685
1998-12-31,0.16046673319687632
1999-01-01,0.0
1999-01-02,0.0
1999-01-03,0.0
1999-01-04,0.0
1999-01-05,0.007713831243911854
1999-01-06,0.05140423330024217
1999-01-07,0.0
1999-01-08,0.0
1999-01-09,1.882980973723789
1999-01-10,2.115319572559978
1999-01-11,0.0
1999-01-12,0.0
1999-01-13,0.0
1999-01-14,0.1491910396156989
1999-01-15,0.1491910396156989
1999-01-16,0.0
1999-01-17,0.0
1999-01-18,0.0
1999-01-19,0.040526425397912104
1999-01-20,0.040526425397912104
1999-01-21,0.0
1999-01-22,0.0
1999-01-23,0.0
1999-01-24,0.0
1999-01-25,0.0
1999-01-26,0.0
1999-01-27,0.0
1999-01-28,0.0
1999-01-29,0.09755589792590595
1999-01-30,0.7482255905291788
1999-01-31,0.7421615684547109
1999-02-01,0.0
1999-02-02,0.0
1999-02-03,0.007790166361433075
1999-02-04,2.4484182802265897
1999-02-05,3.198921516118393
1999-02-06,0.0
1999-02-07,0.0
1999-02-08,0.0
1999-02-09,0.0
1999-02-10,0.28343723020291295
1999-02-11,0.0
1999-02-12,0.0
1999-02-13,0.0
1999-02-14,0.0
1999-02-15,0.0
1999-02-16,0.0
1999-02-17,0.0
1999-02-18,0.0
1999-02-19,0.0
1999-02-20,0.0
1999-02-21,0.0
1999-02-22,0.0
1999-02-23,0.0
1999-02-24,0.0
1999-02-25,0.0
1999-02-26,0.11854364725229391
1999-02-27,1.4576068183991104
1999-02-28,0.10179420224513212
1999-03-01,0.09659891957120605
1999-03-02,0.7185911851433104
1999-03-03,1.0013499493051645
1999-03-04,1.14075349858493
1999-03-05,1.2065167736910265
1999-03-06,0.0
1999-03-07,0.02693206826800988
1999-03-08,0.17272936832097802
1999-03-09,0.2260793227878941
1999-03-10,0.23020857848335374
1999-03-11,0.0
1999-03-12,1.1110601969215597
1999-03-13,0.0
1999-03-14,0.0
1999-03-15,0.0
1999-03-16,0.0
1999-03-17,0.022245697904007468
1999-03-18,0.3438978038426814
1999-03-19,0.06080160983222882
1999-03-20,0.0
1999-03-21,0.0
1999-03-22,0.0
1999-03-23,0.0
1999-03-24,0.0
1999-03-25,0.05602563150408692
1999-03-26,29.42442504203992
1999-03-27,10.195083409964049
1999-03-28,0.3583782173279291
1999-03-29,0.0
1999-03-30,0.0
1999-03-31,4.178268225189365
1999-04-01,10.784129537302228
1999-04-02,0.0
1999-04-03,0.0
1999-04-04,0.0
1999-04-05,0.0
1999-04-06,0.19011946737771418
1999-04-07,0.2734978937440158
1999-04-08,4.155238689813964
1999-04-09,0.0
1999-04-10,0.0
1999-04-11,0.0
1999-04-12,0.0
1999-04-13,0.0
1999-04-14,0.0
1999-04-15,2.8893716431267995
1999-04-16,0.0
1999-04-17,0.0
1999-04-18,0.0
1999-04-19,0.0
1999-04-20,1.0766680555675106
1999-04-21,0.0
1999-04-22,0.0
1999-04-23,10.659383508620687
1999-04-24,8.068934087838644
1999-04-25,2.2962033616355773
1999-04-26,7.128650504331179
1999-04-27,2.8314722526590863
1999-04-28,4.627653751260632
1999-04-29,15.008954356337265
1999-04-30,6.410368671312019
1999-05-01,2.0956242831315
1999-05-02,3.263482510983219
1999-05-03,5.094205490246163
1999-05-04,20.94616539640114
1999-05-05,39.56065911606338
1999-05-06,89.51654116440892
1999-05-07,64.11849775955788
1999-05-08,81.62392854882215
1999-05-09,10.778673007301329
1999-05-10,1.1954596854459993
1999-05-11,7.541874356185854
1999-05-12,0.06887984687419298
1999-05-13,9.860011563444905
1999-05-14,4.456070044783835
1999-05-15,0.0
1999-05-16,0.0
1999-05-17,0.0
1999-05-18,3.040985346109337
1999-05-19,5.590339541976455
1999-05-20,1.34346098709691
1999-05-21,0.9221866473209537
1999-05-22,23.618733662266354
1999-05-23,44.30575839571576
1999-05-24,53.92159380154657
1999-05-25,33.4877064341472
1999-05-26,35.63653804613248
1999-05-27,31.878927356390648
1999-05-28,36.29003801562585
1999-05-29,37.06836114133548
1999-05-30,73.60044495929311
1999-05-31,42.47881180058155
1999-06-01,23.465181741987895
1999-06-02,14.830300050323551
1999-06-03,0.25593833899760643
1999-06-04,0.5701960363677901
1999-06-05,14.417244095978244
1999-06-06,26.924442900257496
1999-06-07,4.114362682140269
1999-06-08,12.616157753496312
1999-06-09,21.91455212608354
1999-06-10,21.542571417788473
1999-06-11,12.426331864915682
1999-06-12,38.836587945927
1999-06-13,15.925002300257692
1999-06-14,10.55888503811446
1999-06-15,33.07887999906162
1999-06-16,25.989838933941922
1999-06-17,14.018585139587287
1999-06-18,5.012479471665998
1999-06-19,14.295641184632217
1999-06-20,27.95549882423854
1999-06-21,4.407225553042309
1999-06-22,14.31063082776554
1999-06-23,38.810685193103225
1999-06-24,20.36082038861881
1999-06-25,1.3139887504851198
1999-06-26,0.7529928752662488
1999-06-27,5.551774764832463
1999-06-28,0.960757718147327
1999-06-29,59.98398810524238
1999-06-30,81.20791020085457
1999-07-01,41.48069952067966
1999-07-02,20.558206325124594
1999-07-03,34.979026503030774
1999-07-04,25.552801543265787
1999-07-05,11.433686636722891
1999-07-06,0.1809690381478091
1999-07-07,0.1731053260148961
1999-07-08,12.458469127199457
1999-07-09,48.44575476160358
1999-07-10,48.21513597645537
1999-07-11,40.1311971331369
1999-07-12,14.096731855782341
1999-07-13,5.755614323929174
1999-07-14,22.464628371379913
1999-07-15,13.4977318565254
1999-07-16,27.618849051932525
1999-07-17,24.009373246229025
1999-07-18,74.79218103969684
1999-07-19,40.77628243362842
1999-07-20,22.237414770379228
1999-07-21,5.628423417370507
1999-07-22,35.08705539405662
1999-07-23,15.312772651752987
1999-07-24,12.985577567228116
1999-07-25,16.713618440875692
1999-07-26,29.80088372267896
1999-07-27,34.39551509744891
1999-07-28,41.9464893517494
1999-07-29,12.40989979225035
1999-07-30,10.661779387618884
1999-07-31,13.327041799466208
1999-08-01,43.16938564941528
1999-08-02,7.252020250251042
1999-08-03,0.5903587470649342
1999-08-04,9.11790821747459
1999-08-05,11.025766723038279
1999-08-06,36.62903156637235
1999-08-07,23.901033109045382
1999-08-08,23.8324110735897
1999-08-09,4.091345147032238
1999-08-10,34.66765945360575
1999-08-11,50.62222759874854
1999-08-12,28.955074000084853
1999-08-13,4.450488397630473
1999-08-14,8.226672221000896
1999-08-15,34.30889208044948
1999-08-16,17.276523094028878
1999-08-17,29.15270057731074
1999-08-18,31.421187648061373
1999-08-19,10.524964704783399
1999-08-20,16.75600472061172
1999-08-21,15.961086404219786
1999-08-22,9.51295609882129
1999-08-23,4.642558225301354
1999-08-24,23.901919156584395
1999-08-25,33.25204642135251
1999-08-26,29.370928626694617
1999-08-27,42.591073871337954
1999-08-28,54.674336428956785
1999-08-29,32.45980995972934
1999-08-30,50.89850414314644
1999-08-31,12.179082890180958
1999-09-01,3.374398212293106
1999-09-02,6.941705089106506
1999-09-03,6.031535423130145
1999-09-04,14.085345859614584
1999-09-05,7.730655722765844
1999-09-06,22.234582831338965
1999-09-07,9.185233379698909
1999-09-08,40.87321617209551
1999-09-09,21.534513927106534
1999-09-10,40.28918333224706
1999-09-11,10.468666231296803
1999-09-12,1.0076630310519852
1999-09-13,6.858366554449626
1999-09-14,6.150287988194081
1999-09-15,4.608082011617394
1999-09-16,5.586113021253849
1999-09-17,11.255647623615832
1999-09-18,13.890057404760164
1999-09-19,5.533679701470398
1999-09-20,23.183100182977462
1999-09-21,36.30790905057407
1999-09-22,13.686842671628167
1999-09-23,0.06728863000476758
1999-09-24,0.0
1999-09-25,0.10740526753713475
1999-09-26,6.830198313021907
1999-09-27,1.5152060170463342
1999-09-28,9.567034621163003
1999-09-29,1.3244719522304982
1999-09-30,5.802814589797132
1999-10-01,0.5349917851018086
1999-10-02,0.08118799105336146
1999-10-03,1.0196565435826297
1999-10-04,16.854420443281086
1999-10-05,14.812969643830211
1999-10-06,24.159544108657247
1999-10-07,30.156412056874647
1999-10-08,19.164735337289738
1999-10-09,8.927723947115595
1999-10-10,0.0
1999-10-11,0.0
1999-10-12,0.004362060978139534
1999-10-13,5.745374265668122
1999-10-14,2.6760590454471767
1999-10-15,0.0
1999-10-16,31.916832153036154
1999-10-17,37.730825655263345
1999-10-18,78.07193102270838
1999-10-19,7.142580970903312
1999-10-20,6.877539440665877
1999-10-21,1.61060761753176
1999-10-22,0.0
1999-10-23,0.0
1999-10-24,0.0
1999-10-25,0.0
1999-10-26,0.0
1999-10-27,0.0
1999-10-28,14.464539040252221
1999-10-29,24.17795785342608
1999-10-30,17.501376088498887
1999-10-31,1.0231612505609
1999-11-01,2.2580971530967746
1999-11-02,0.4518980095028057
1999-11-03,2.0320025947956366
1999-11-04,0.0
1999-11-05,0.0
1999-11-06,0.0
1999-11-07,0.0
1999-11-08,0.0
1999-11-09,0.06821618714092405
1999-11-10,0.028780409689338846
1999-11-11,0.0
1999-11-12,0.0
1999-11-13,0.0
1999-11-14,0.0
1999-11-15,0.0
1999-11-16,0.0
1999-11-17,0.0
1999-11-18,0.0
1999-11-19,0.0
1999-11-20,0.0
1999-11-21,0.5399952013273817
1999-11-22,0.15134240295070603
1999-11-23,0.0
1999-11-24,0.0
1999-11-25,0.0
1999-11-26,0.0
1999-11-27,0.0
1999-11-28,0.0
1999-11-29,0.0
1999-11-30,0.0026999272531387127
1999-12-01,0.0
1999-12-02,0.0
1999-12-03,0.0
1999-12-04,0.0
1999-12-05,0.0
1999-12-06,0.0
1999-12-07,0.0
1999-12-08,0.0
1999-12-09,0.12051912581940262
1999-12-10,2.656067853714266
1999-12-11,0.6655100047948583
1999-12-12,0.1392194166879056
1999-12-13,0.0
1999-12-14,0.21716514878460383
1999-12-15,0.21716514878460383
1999-12-16,0.0
1999-12-17,0.005085002060537167
1999-12-18,0.0
1999-12-19,0.0
1999-12-20,0.0
1999-12-21,0.0
1999-12-22,0.0
1999-12-23,0.6934529931643291
1999-12-24,0.0
1999-12-25,0.0
1999-12-26,0.0
1999-12-27,0.006897611969109741
1999-12-28,0.017490951872069116
1999-12-29,0.0
1999-12-30,0.0
1999-12-31,0.0
2000-01-01,0.0
2000-01-02,0.0
2000-01-03,0.0
2000-01-04,0.0
2000-01-05,0.0
2000-01-06,0.0
2000-01-07,0.0
2000-01-08,0.0
2000-01-09,0.0
2000-01-10,0.0
2000-01-11,0.0
2000-01-12,0.0
2000-01-13,0.0
2000-01-14,0.0
2000-01-15,0.007102437487794694
2000-01-16,0.0
2000-01-17,0.0
2000-01-18,0.0
2000-01-19,0.0
2000-01-20,0.00983914701002907
2000-01-21,0.0
2000-01-22,0.0
2000-01-23,5.660834331117876
2000-01-24,0.0
2000-01-25,0.0
2000-01-26,0.0
2000-01-27,0.0
2000-01-28,0.0
2000-01-29,4.837689818201376
2000-01-30,0.0057752874048128235
2000-01-31,0.05087248793123961
2000-02-01,0.0
2000-02-02,0.030758342237622253
2000-02-03,0.0
2000-02-04,0.0
2000-02-05,8.711127810765564
2000-02-06,7.875443682483466
2000-02-07,1.4098057201425342
2000-02-08,0.0
2000-02-09,0.29111063022237893
2000-02-10,0.0
2000-02-11,0.0
2000-02-12,0.051800385822062124
2000-02-13,0.0
2000-02-14,0.00133589111120504
2000-02-15,0.08626081815959463
2000-02-16,0.0
2000-02-17,0.0
2000-02-18,0.0
2000-02-19,0.0
2000-02-20,0.0
2000-02-21,0.0
2000-02-22,0.0
2000-02-23,0.0
2000-02-24,0.0
2000-02-25,0.014750173298654362
2000-02-26,0.0
2000-02-27,0.0
2000-02-28,0.0
2000-02-29,0.0
2000-03-01,0.0
2000-03-02,17.99970930524655
2000-03-03,4.384974093655881
2000-03-04,0.2640992257418629
2000-03-05,1.0039607949410772
2000-03-06,0.07309117687796117
2000-03-07,0.0
2000-03-08,21.45423204937923
2000-03-09,0.03770158681677561
2000-03-10,0.0
2000-03-11,0.02393486568834756
2000-03-12,15.232739426241915
2000-03-13,27.967392843264136
2000-03-14,25.347106800164543
2000-03-15,0.0
2000-03-16,0.021932608113074164
2000-03-17,0.0
2000-03-18,0.007213169514024607
2000-03-19,0.5562691752949426
2000-03-20,0.7804260806801762
2000-03-21,0.0
2000-03-22,0.0
2000-03-23,0.13711983806597905
2000-03-24,2.74507857355276
2000-03-25,0.28452400126192023
2000-03-26,1.4965199185666995
2000-03-27,2.037086348866151
2000-03-28,2.2009041380180387
2000-03-29,2.9000645662916678
2000-03-30,2.292504885127153
2000-03-31,2.305420491545688
2000-04-01,0.2921365090756239
2000-04-02,1.00288477771585
2000-04-03,1.4975112464649183
2000-04-04,1.9848837933488344
2000-04-05,3.7389652043445674
2000-04-06,6.280554907103576
2000-04-07,0.0
2000-04-08,1.013342111762423
2000-04-09,0.4053882649027516
2000-04-10,9.113986478840252
2000-04-11,22.788512419676636
2000-04-12,0.0
2000-04-13,0.597258312906738
2000-04-14,11.491270577258437
2000-04-15,0.0
2000-04-16,0.0
2000-04-17,11.674447640196194
2000-04-18,5.238673976601753
2000-04-19,1.8523823104076793
2000-04-20,14.291543853299817
2000-04-21,9.010099682853832
2000-04-22,2.153811400009963
2000-04-23,13.733925448707465
2000-04-24,37.17818107408759
2000-04-25,0.0
2000-04-26,3.2490184130254525
2000-04-27,25.2873841968233
2000-04-28,89.79712674213812
2000-04-29,79.2911317674244
2000-04-30,60.19593202455199
2000-05-01,58.276430526796865
2000-05-02,45.93351422810661
2000-05-03,1.8698395509571735
2000-05-04,0.0
2000-05-05,0.0
2000-05-06,4.190883038582157
2000-05-07,0.012807062806286391
2000-05-08,0.010597522609481564
2000-05-09,7.477504000767923
2000-05-10,4.04219604907415
2000-05-11,0.810431528910496
2000-05-12,0.0
2000-05-13,0.9827037945073883
2000-05-14,10.997561514658532
2000-05-15,25.69340621186825
2000-05-16,15.760595612437537
2000-05-17,51.321414422548976
2000-05-18,103.51417058185912
2000-05-19,97.860558702183
2000-05-20,0.0
2000-05-21,0.0
2000-05-22,10.796233778571285
2000-05-23,0.0
2000-05-24,4.021745269196028
2000-05-25,69.71273418782926
2000-05-26,117.50091840427912
2000-05-27,115.38339527716205
2000-05-28,26.08913158770599
2000-05-29,14.902127032365309
2000-05-30,18.752815415903942
2000-05-31,9.102702322023038
2000-06-01,8.030972445163846
2000-06-02,10.109368277990127
2000-06-03,0.8557822540915615
2000-06-04,40.57119061673085
2000-06-05,40.20411386108189
2000-06-06,6.484504730149675
2000-06-07,7.959147981478226
2000-06-08,21.386232702439244
2000-06-09,21.222610654989065
2000-06-10,35.18469356046141
2000-06-11,8.388336191306703
2000-06-12,35.26508497534094
2000-06-13,17.517323563871138
2000-06-14,20.788075379778423
2000-06-15,15.089640679552057
2000-06-16,7.183565086486385
2000-06-17,8.158359859216608
2000-06-18,22.28274718347111
2000-06-19,21.22945459444152
2000-06-20,34.484956544667476
2000-06-21,37.89173390626015
2000-06-22,35.39483550420766
2000-06-23,67.07996920444315
2000-06-24,63.26540121951217
2000-06-25,1.0572816624904366
2000-06-26,12.78996493871462
2000-06-27,9.471263392562236
2000-06-28,20.424182448350315
2000-06-29,4.812068133852518
2000-06-30,11.182179118315512
2000-07-01,10.166943889095
2000-07-02,2.328054976942138
2000-07-03,1.1050517510927922
2000-07-04,11.704656366258305
2000-07-05,24.736720696685868
2000-07-06,9.156034371978421
2000-07-07,28.91954942654956
2000-07-08,26.994296246241486
2000-07-09,42.849656714087494
2000-07-10,6.713869204746898
2000-07-11,17.58716869313225
2000-07-12,49.488778927814195
2000-07-13,23.735576024008854
2000-07-14,19.913709746743645
2000-07-15,9.93279242345269
2000-07-16,27.407253259465353
2000-07-17,42.54570715243173
2000-07-18,36.259901710682584
2000-07-19,2.54338795270884
2000-07-20,7.514512752232519
2000-07-21,31.660150884578783
2000-07-22,9.52698325525841
2000-07-23,5.890047917846983
2000-07-24,8.285754300801939
2000-07-25,6.93291470222029
2000-07-26,2.6210864245131424
2000-07-27,7.274534550944416
2000-07-28,3.8560044504584634
2000-07-29,1.7089433985191362
2000-07-30,0.32553462071966294
2000-07-31,32.49288604010836
2000-08-01,130.5332704945987
2000-08-02,55.30666250025101
2000-08-03,22.513231487375645
2000-08-04,42.41183444980744
2000-08-05,0.0
2000-08-06,5.609299101933216
2000-08-07,31.023580549189386
2000-08-08,38.705850526832236
2000-08-09,51.044546808274895
2000-08-10,26.86779388036704
2000-08-11,26.553903410789825
2000-08-12,29.144700153254327
2000-08-13,23.93295074562349
2000-08-14,8.640125119028731
2000-08-15,1.4324708694540342
2000-08-16,5.388009355117223
2000-08-17,1.1216997270252334
2000-08-18,23.223274693526005
2000-08-19,34.710502285309374
2000-08-20,4.429407803064507
2000-08-21,4.227188377830436
2000-08-22,14.26524294838827
2000-08-23,33.56066451963872
2000-08-24,0.0
2000-08-25,3.4664276636052542
2000-08-26,23.207502377246602
2000-08-27,15.826454163597342
2000-08-28,22.89278083567586
2000-08-29,23.3134441493249
2000-08-30,5.652046960801339
2000-08-31,25.284506614565807
2000-09-01,15.351507586018924
2000-09-02,34.227078160660156
2000-09-03,41.243424494750975
2000-09-04,45.52443977490366
2000-09-05,0.09444845458045832
2000-09-06,25.226698561569062
2000-09-07,26.494394174144304
2000-09-08,7.3752115362448345
2000-09-09,19.67795846557115
2000-09-10,47.1542999055551
2000-09-11,22.586988968693472
2000-09-12,0.053266130255279404
2000-09-13,9.551181937214775
2000-09-14,48.15349849547754
2000-09-15,25.508853906431128
2000-09-16,57.38960577440466
2000-09-17,61.76274792340898
2000-09-18,52.31252399379187
2000-09-19,26.047982784939254
2000-09-20,3.3541934390785197
2000-09-21,0.7312798882912412
2000-09-22,2.182825684281984
2000-09-23,11.078211128075674
2000-09-24,5.88540535693481
2000-09-25,63.862808251890335
2000-09-26,32.896377268481714
2000-09-27,0.9127550965802477
2000-09-28,0.0
2000-09-29,0.0
2000-09-30,13.470385209096058
2000-10-01,2.2321174001821933
2000-10-02,14.883032710176243
2000-10-03,8.574846343291446
2000-10-04,3.472117349378304
2000-10-05,1.709694431842342
2000-10-06,1.8615015770431276
2000-10-07,12.632364560482145
2000-10-08,4.040380980741573
2000-10-09,11.396830120036952
2000-10-10,7.249896066618542
2000-10-11,0.0
2000-10-12,0.0
2000-10-13,0.0
2000-10-14,0.0
2000-10-15,0.0
2000-10-16,4.00835070702846
2000-10-17,19.567945350874915
2000-10-18,0.0
2000-10-19,0.0
2000-10-20,0.0
2000-10-21,0.0
2000-10-22,0.0
2000-10-23,0.0
2000-10-24,0.0
2000-10-25,0.0
2000-10-26,11.785402823368718
2000-10-27,37.611573754560396
2000-10-28,61.372667073507074
2000-10-29,0.0
2000-10-30,0.0
2000-10-31,0.0
2000-11-01,0.0
2000-11-02,0.0
2000-11-03,0.7494940313108152
2000-11-04,0.033638272905345566
2000-11-05,0.0678056280223268
2000-11-06,0.0
2000-11-07,1.092122407857334
2000-11-08,0.0
2000-11-09,0.0012225787089643933
2000-11-10,0.0024992948167082253
2000-11-11,0.0
2000-11-12,0.0
2000-11-13,0.0
2000-11-14,0.0
2000-11-15,0.0
2000-11-16,0.0
2000-11-17,0.0
2000-11-18,0.0
2000-11-19,0.0
2000-11-20,0.04372165016150209
2000-11-21,0.0
2000-11-22,0.0
2000-11-23,0.0
2000-11-24,0.0
2000-11-25,0.0
2000-11-26,0.0
2000-11-27,0.0
2000-11-28,5.545711897194874
2000-11-29,0.0592970473315909
2000-11-30,0.359803093253268
2000-12-01,0.0
2000-12-02,0.0
2000-12-03,0.10270557529802672
2000-12-04,0.5045894817737719
2000-12-05,0.5045894817737719
2000-12-06,0.0
2000-12-07,0.0
2000-12-08,0.0
2000-12-09,0.19286457656011097
2000-12-10,0.2084200974400958
2000-12-11,0.1813791038667288
2000-12-12,0.011031808046079658
2000-12-13,0.0
2000-12-14,1.4787284424784048
2000-12-15,1.4787284424784048
2000-12-16,0.0
2000-12-17,0.0
2000-12-18,0.0
2000-12-19,0.0
2000-12-20,0.0
2000-12-21,0.0
2000-12-22,0.0
2000-12-23,0.0
2000-12-24,0.0
2000-12-25,0.0
2000-12-26,0.0
2000-12-27,0.0
2000-12-28,0.0
2000-12-29,0.5898621160248184
2000-12-30,1.5913944189659686
2000-12-31,1.5913944189659686
2001-01-01,0.0
2001-01-02,0.0
2001-01-03,0.1276533148907231
2001-01-04,0.0
2001-01-05,0.0
2001-01-06,0.0
2001-01-07,0.09479606440632561
2001-01-08,0.0
2001-01-09,1.4188999012929173
2001-01-10,1.364755279720147
2001-01-11,0.0
2001-01-12,0.0
2001-01-13,0.0
2001-01-14,0.9177714899388719
2001-01-15,0.9177714899388719
2001-01-16,0.0
2001-01-17,0.0
2001-01-18,0.0
2001-01-19,0.0
2001-01-20,0.0
2001-01-21,0.0
2001-01-22,0.0
2001-01-23,0.032051350097176926
2001-01-24,0.24961302324447363
2001-01-25,0.24961302324447363
2001-01-26,0.0
2001-01-27,0.0
2001-01-28,0.0
2001-01-29,0.0
2001-01-30,0.15980100588450888
2001-01-31,0.15980100588450888
2001-02-01,0.0
2001-02-02,0.0
2001-02-03,0.0
2001-02-04,0.0
2001-02-05,0.0
2001-02-06,0.0
2001-02-07,0.0
2001-02-08,0.0
2001-02-09,0.0
2001-02-10,0.0
2001-02-11,0.0
2001-02-12,0.0
2001-02-13,0.0
2001-02-14,0.0
2001-02-15,0.0
2001-02-16,0.0
2001-02-17,0.0
2001-02-18,0.0
2001-02-19,0.0
2001-02-20,0.0
2001-02-21,0.0
2001-02-22,0.0
2001-02-23,0.0
2001-02-24,0.0
2001-02-25,6.702808520912565
2001-02-26,49.399829659914644
2001-02-27,0.0
2001-02-28,4.442747337491825
2001-03-01,0.04116182289212884
2001-03-02,0.0
2001-03-03,0.0
2001-03-04,0.0
2001-03-05,0.0
2001-03-06,0.0
2001-03-07,0.0
2001-03-08,0.0
2001-03-09,0.0
2001-03-10,0.0
2001-03-11,0.0
2001-03-12,0.0
2001-03-13,0.0
2001-03-14,0.0
2001-03-15,0.0
2001-03-16,0.0
2001-03-17,0.0
2001-03-18,0.0
2001-03-19,0.0
2001-03-20,0.0
2001-03-21,0.0
2001-03-22,16.537858455515693
2001-03-23,0.027300801058880865
2001-03-24,0.8609500696865846
2001-03-25,0.0
2001-03-26,0.0
2001-03-27,0.2974484854838523
2001-03-28,1.0613330938752563
2001-03-29,23.5426332065821
2001-03-30,21.4936987206278
2001-03-31,0.4462456968003637
2001-04-01,9.726847986623284
2001-04-02,0.0
2001-04-03,0.6514124499307439
2001-04-04,1.536352589501945
2001-04-05,0.0
2001-04-06,0.0
2001-04-07,0.018181427815558836
2001-04-08,8.608460135327656
2001-04-09,0.2532214926810147
2001-04-10,0.635698839112444
2001-04-11,5.841617613216419
2001-04-12,13.292470362752388
2001-04-13,21.49753697889713
2001-04-14,0.20982720529856247
2001-04-15,0.0
2001-04-16,0.0
2001-04-17,10.605212985563496
2001-04-18,0.0
2001-04-19,0.06266873360148996
2001-04-20,0.0
2001-04-21,0.0
2001-04-22,0.0
2001-04-23,0.0
2001-04-24,0.0
2001-04-25,0.0
2001-04-26,18.028212064790907
2001-04-27,26.919440263851172
2001-04-28,15.460519106556788
2001-04-29,32.32610054029349
2001-04-30,19.080190427307222
2001-05-01,0.0
2001-05-02,26.55302875291402
2001-05-03,0.08772920499752924
2001-05-04,0.7906115538043692
2001-05-05,8.477720059156033
2001-05-06,9.310269137459692
2001-05-07,64.54239650351913
2001-05-08,37.11978882898846
2001-05-09,27.90476304034649
2001-05-10,72.261879094916
2001-05-11,8.373842585762823
2001-05-12,3.2417602398759464
2001-05-13,0.0
2001-05-14,0.0
2001-05-15,0.0
2001-05-16,3.163725610169721
2001-05-17,2.2230885137289516
2001-05-18,28.034649739846344
2001-05-19,13.148766538956925
2001-05-20,16.360172785671832
2001-05-21,10.372750425927526
2001-05-22,17.934713101794472
2001-05-23,55.68750318367155
2001-05-24,0.0
2001-05-25,7.181138367364834
2001-05-26,0.0
2001-05-27,0.0
2001-05-28,1.6305193766343538
2001-05-29,59.61194940748311
2001-05-30,36.98117157781462
2001-05-31,42.81426180543515
2001-06-01,9.054212821094932
2001-06-02,11.26108912701017
2001-06-03,62.22715181797086
2001-06-04,79.59278781484144
2001-06-05,89.47885289762642
2001-06-06,41.750966353033206
2001-06-07,12.973213516863682
2001-06-08,8.919706386740197
2001-06-09,10.89659039363911
2001-06-10,6.404783304977748
2001-06-11,27.3331868994219
2001-06-12,21.89368563208417
2001-06-13,7.1410232848930155
2001-06-14,8.110104171381938
2001-06-15,0.41269155312693073
2001-06-16,35.46731709957546
2001-06-17,24.31486589150341
2001-06-18,7.142756361823606
2001-06-19,0.07215404935199017
2001-06-20,2.1448590079767507
2001-06-21,6.806887487051627
2001-06-22,20.969797651969245
2001-06-23,43.3596901745108
2001-06-24,35.133275961883484
2001-06-25,10.500186714296342
2001-06-26,30.47856421334955
2001-06-27,0.8293073874853838
2001-06-28,32.16917753696008
2001-06-29,34.332522575914695
2001-06-30,7.355488149375375
2001-07-01,32.80120327416083
2001-07-02,0.10457131648290478
2001-07-03,14.251392120071364
2001-07-04,15.598762766600148
2001-07-05,42.28682929260698
2001-07-06,13.087302228978427
2001-07-07,12.861263777848325
2001-07-08,12.662534438889107
2001-07-09,18.917326188612122
2001-07-10,3.5043623580930094
2001-07-11,0.14704832040375213
2001-07-12,0.28347985065230513
2001-07-13,0.1215065858379341
2001-07-14,12.01754772882705
2001-07-15,27.137097345976336
2001-07-16,10.992325574682727
2001-07-17,16.582592029147648
2001-07-18,13.639658296502258
2001-07-19,7.640524852160704
2001-07-20,3.105174278615542
2001-07-21,6.289477583595429
2001-07-22,4.453516629327142
2001-07-23,13.641506751105172
2001-07-24,7.187548464626113
2001-07-25,0.06653595691522715
2001-07-26,0.49792746391198717
2001-07-27,7.235928959790093
2001-07-28,25.342379290352746
2001-07-29,58.22141924267342
2001-07-30,50.357244566465134
2001-07-31,68.88508806842644
2001-08-01,21.334994932889604
2001-08-02,10.914640492454053
2001-08-03,1.2346492671748674
2001-08-04,23.032125485501485
2001-08-05,46.42467577064923
2001-08-06,29.7783536826415
2001-08-07,12.216938427011609
2001-08-08,16.11204399070373
2001-08-09,15.648074001915814
2001-08-10,6.103559907860692
2001-08-11,2.6715652974234234
2001-08-12,11.646965545566335
2001-08-13,21.281716511308893
2001-08-14,20.520369762565043
2001-08-15,0.9256206351574985
2001-08-16,2.8708854899681207
2001-08-17,23.23113915770024
2001-08-18,11.912263310971495
2001-08-19,27.78643843034943
2001-08-20,26.841952560794656
2001-08-21,21.345259631405014
2001-08-22,3.0890169158913574
2001-08-23,4.151282499760445
2001-08-24,21.365008942494377
2001-08-25,38.70027806167949
2001-08-26,32.662008906258066
2001-08-27,22.9956629682706
2001-08-28,4.825089754775197
2001-08-29,9.3255450714076
2001-08-30,11.269086738356808
2001-08-31,23.613083110585478
2001-09-01,17.13568736822001
2001-09-02,8.427549486845447
2001-09-03,2.5597754983431593
2001-09-04,4.752499990023248
2001-09-05,16.835870051910707
2001-09-06,23.072399098819822
2001-09-07,3.8759802517863733
2001-09-08,2.0092132530908455
2001-09-09,17.346500577181605
2001-09-10,18.811034280962637
2001-09-11,35.86816493997629
2001-09-12,21.619322856522363
2001-09-13,20.747068655366412
2001-09-14,6.842196204512637
2001-09-15,1.9909669752907755
2001-09-16,52.45352717686379
2001-09-17,45.505715266995125
2001-09-18,22.704753755595824
2001-09-19,84.78306655219701
2001-09-20,45.318122673178024
2001-09-21,0.0
2001-09-22,7.068562722165434
2001-09-23,10.438151108676857
2001-09-24,2.854144350172987
2001-09-25,2.340697169436611
2001-09-26,2.871002498089735
2001-09-27,13.402206796972518
2001-09-28,1.100619717222872
2001-09-29,7.231151618571697
2001-09-30,25.338340674699083
2001-10-01,9.661714382401344
2001-10-02,33.36525069890598
2001-10-03,61.13104835460717
2001-10-04,9.652137639037786
2001-10-05,34.32071074322956
2001-10-06,27.803564115290534
2001-10-07,36.457823014597835
2001-10-08,27.401585749157356
2001-10-09,52.176611018978505
2001-10-10,16.388037597053046
2001-10-11,1.1772750782265433
2001-10-12,0.0
2001-10-13,11.993836292177784
2001-10-14,22.132300531028882
2001-10-15,0.09463875902722546
2001-10-16,0.11358646794798974
2001-10-17,5.601164436861551
2001-10-18,6.330586125061184
2001-10-19,0.0
2001-10-20,0.0
2001-10-21,0.0
2001-10-22,0.0
2001-10-23,0.0
2001-10-24,0.0
2001-10-25,0.0
2001-10-26,0.0
2001-10-27,2.1882007675598887
2001-10-28,0.7801580138267284
2001-10-29,0.0
2001-10-30,0.0
2001-10-31,0.0
2001-11-01,0.910439289928547
2001-11-02,0.0
2001-11-03,0.0
2001-11-04,0.027114566335076598
2001-11-05,0.0
2001-11-06,0.10029584946139006
2001-11-07,1.4281645105358118
2001-11-08,0.0
2001-11-09,0.0
2001-11-10,8.930785691239821
2001-11-11,2.270932806611649
2001-11-12,1.2035742854058344
2001-11-13,8.032213755283529E-5
2001-11-14,0.0
2001-11-15,0.0
2001-11-16,0.0
2001-11-17,0.0
2001-11-18,0.0
2001-11-19,0.8005443102149613
2001-11-20,0.0
2001-11-21,0.0
2001-11-22,0.0
2001-11-23,0.0028909751000007486
2001-11-24,0.0
2001-11-25,0.0
2001-11-26,0.0
2001-11-27,0.0
2001-11-28,0.0
2001-11-29,0.0
2001-11-30,0.0
2001-12-01,0.0
2001-12-02,0.0
2001-12-03,0.0
2001-12-04,0.269566358678416
2001-12-05,0.0
2001-12-06,0.0
2001-12-07,0.0
2001-12-08,0.0
2001-12-09,0.0
2001-12-10,0.18768943941326685
2001-12-11,0.0
2001-12-12,0.0
2001-12-13,0.0
2001-12-14,0.0
2001-12-15,0.0
2001-12-16,0.0
2001-12-17,0.0
2001-12-18,0.0
2001-12-19,0.0
2001-12-20,0.3678861867698597
2001-12-21,2.676483871102148
2001-12-22,0.009519909291969109
2001-12-23,0.0
2001-12-24,0.45296171740279567
2001-12-25,0.45296171740279567
2001-12-26,0.0
2001-12-27,0.0
2001-12-28,0.0
2001-12-29,0.0
2001-12-30,0.0
2001-12-31,0.0
2002-01-01,0.0
2002-01-02,0.0
2002-01-03,0.0
2002-01-04,0.0
2002-01-05,0.0
2002-01-06,0.0
2002-01-07,0.24997386099242083
2002-01-08,1.3627969328613423
2002-01-09,0.03483873508860472
2002-01-10,0.6749566034954522
2002-01-11,0.0
2002-01-12,0.0
2002-01-13,0.0
2002-01-14,0.0
2002-01-15,0.0
2002-01-16,0.0
2002-01-17,0.0
2002-01-18,0.0
2002-01-19,0.10528507932388445
2002-01-20,0.15913832113644463
2002-01-21,0.0
2002-01-22,0.0
2002-01-23,5.927884395945517
2002-01-24,0.0
2002-01-25,0.0
2002-01-26,0.0
2002-01-27,0.0
2002-01-28,0.0
2002-01-29,0.0
2002-01-30,3.128311749270752E-4
2002-01-31,6.982279402645503E-4
2002-02-01,0.1296290304199485
2002-02-02,0.0
2002-02-03,0.31461325100891846
2002-02-04,1.747828555241213
2002-02-05,1.7530567403288615
2002-02-06,0.0
2002-02-07,0.0
2002-02-08,0.0
2002-02-09,0.0
2002-02-10,0.07769763462112092
2002-02-11,0.0
2002-02-12,0.22136964490927216
2002-02-13,0.05251809783745916
2002-02-14,0.20811523994671813
2002-02-15,0.1466042559901689
2002-02-16,0.0
2002-02-17,0.0
2002-02-18,0.0
2002-02-19,0.0230599110510036
2002-02-20,0.0
2002-02-21,0.0
2002-02-22,0.021250946643584765
2002-02-23,1.2575469318766432
2002-02-24,2.2874462427851223
2002-02-25,4.168213186323051
2002-02-26,3.5909159953410576E-4
2002-02-27,0.0
2002-02-28,0.0
2002-03-01,0.0
2002-03-02,0.0
2002-03-03,18.026925735898867
2002-03-04,0.0
2002-03-05,0.0
2002-03-06,0.0
2002-03-07,0.0
2002-03-08,0.0
2002-03-09,0.0
2002-03-10,0.1441819895817156
2002-03-11,0.0
2002-03-12,0.0
2002-03-13,0.0
2002-03-14,0.0
2002-03-15,0.0
2002-03-16,0.0
2002-03-17,0.0
2002-03-18,0.0
2002-03-19,0.0
2002-03-20,0.0
2002-03-21,0.0
2002-03-22,16.707053633292716
2002-03-23,18.932660404016513
2002-03-24,16.895712920478427
2002-03-25,4.94975779224154
2002-03-26,79.32854300221491
2002-03-27,5.01095249859628
2002-03-28,0.0
2002-03-29,1.9751763341053223
2002-03-30,0.0
2002-03-31,0.0
2002-04-01,48.693569058869436
2002-04-02,21.879910476942463
2002-04-03,0.43708485911130374
2002-04-04,0.0
2002-04-05,0.01837730065747822
2002-04-06,1.665338824646857
2002-04-07,5.1178356462953305
2002-04-08,44.80748404248899
2002-04-09,1.1324261160005218
2002-04-10,17.225513732446053
2002-04-11,1.5690598539355878
2002-04-12,0.0
2002-04-13,0.0
2002-04-14,2.233330052121164
2002-04-15,60.991942509759255
2002-04-16,25.276015939432867
2002-04-17,37.81541544531818
2002-04-18,8.857689409919775
2002-04-19,11.60896938567818
2002-04-20,13.534173001875828
2002-04-21,18.40549701123559
2002-04-22,36.222042090221024
2002-04-23,0.0
2002-04-24,11.936011191256373
2002-04-25,0.0
2002-04-26,50.3700925369314
2002-04-27,0.0
2002-04-28,13.53694110334355
2002-04-29,30.288400874357503
2002-04-30,25.598729229970306
2002-05-01,25.36871023737379
2002-05-02,71.18170129946374
2002-05-03,0.8616474941431036
2002-05-04,4.944078979937294
2002-05-05,14.513234987201256
2002-05-06,3.1738524171012688
2002-05-07,0.0
2002-05-08,0.0
2002-05-09,0.0
2002-05-10,0.0
2002-05-11,8.740806777992752
2002-05-12,35.54535243471277
2002-05-13,0.036775776009366413
2002-05-14,41.78837702799057
2002-05-15,0.0
2002-05-16,1.147221882807084
2002-05-17,3.623397099654966
2002-05-18,0.0
2002-05-19,75.29093054219881
2002-05-20,67.35449300648337
2002-05-21,96.17920457508414
2002-05-22,27.858299479855866
2002-05-23,34.87921121791215
2002-05-24,1.3177069824946572
2002-05-25,16.61420776650219
2002-05-26,103.36201742971495
2002-05-27,0.0
2002-05-28,0.0
2002-05-29,0.0
2002-05-30,2.8932459928781102
2002-05-31,24.790207893603426
2002-06-01,7.411450503639886
2002-06-02,3.727265754108267
2002-06-03,38.77434300316658
2002-06-04,45.19372722882698
2002-06-05,0.0
2002-06-06,32.29422712874159
2002-06-07,49.136921608421424
2002-06-08,4.653311023083101
2002-06-09,14.279214463423262
2002-06-10,37.41847926371868
2002-06-11,4.966152388041343
2002-06-12,3.174526309274831
2002-06-13,71.80851395695983
2002-06-14,71.96542947225646
2002-06-15,48.19336771902284
2002-06-16,27.184761294730887
2002-06-17,17.527066680026188
2002-06-18,31.59417641199066
2002-06-19,29.393041140726826
2002-06-20,5.063035436654346
2002-06-21,7.561745880545082
2002-06-22,17.80655035966457
2002-06-23,4.726235074255234
2002-06-24,12.824492977017863
2002-06-25,3.406422480312124
2002-06-26,2.347750820389938
2002-06-27,10.396774562225412
2002-06-28,16.625967714392903
2002-06-29,39.90645482591077
2002-06-30,60.197918269595675
2002-07-01,18.993080642361843
2002-07-02,24.012742483427278
2002-07-03,0.35300433399402775
2002-07-04,7.763530507447181
2002-07-05,18.076726890121154
2002-07-06,11.968435419189758
2002-07-07,30.842033825937275
2002-07-08,22.96196433263097
2002-07-09,20.06816287615503
2002-07-10,6.753397085782409
2002-07-11,0.12100196708596897
2002-07-12,52.365800661043885
2002-07-13,22.519045267761168
2002-07-14,10.889662224810484
2002-07-15,21.286760050917913
2002-07-16,26.268314387488655
2002-07-17,8.278110847289469
2002-07-18,1.5997443941626013
2002-07-19,27.14354403036668
2002-07-20,43.643776662057164
2002-07-21,68.69582438040783
2002-07-22,55.03916119125451
2002-07-23,41.731463602785304
2002-07-24,18.925245564226792
2002-07-25,24.822504346550826
2002-07-26,0.21859937513796035
2002-07-27,16.990483697421585
2002-07-28,16.96787683178007
2002-07-29,24.636427386542447
2002-07-30,48.119932481722074
2002-07-31,12.14762541215044
2002-08-01,19.666682376204083
2002-08-02,38.57533664916545
2002-08-03,20.783693823353552
2002-08-04,26.16968407334042
2002-08-05,13.538357955131689
2002-08-06,27.746781415310654
2002-08-07,12.536654747806876
2002-08-08,9.481107197903794
2002-08-09,23.57048855388815
2002-08-10,33.019745772923386
2002-08-11,49.81674451195911
2002-08-12,35.82048142741954
2002-08-13,24.981080496191552
2002-08-14,23.91950462969726
2002-08-15,17.571914485297114
2002-08-16,14.599502832812641
2002-08-17,0.0
2002-08-18,1.846265165268251
2002-08-19,6.90314510313247
2002-08-20,10.95284154394377
2002-08-21,0.7206686750803696
2002-08-22,13.74141460943068
2002-08-23,19.057818517584003
2002-08-24,6.631349586615903
2002-08-25,6.936125628878776
2002-08-26,16.736783567205308
2002-08-27,21.603874634808385
2002-08-28,15.291510600909389
2002-08-29,25.550254515985724
2002-08-30,34.919305350519096
2002-08-31,1.512916064793954
2002-09-01,3.3844905560365666
2002-09-02,0.571968133452105
2002-09-03,9.547042290479972
2002-09-04,14.179718798014424
2002-09-05,0.6289104103183683
2002-09-06,12.130989629572642
2002-09-07,0.22824075244353528
2002-09-08,4.427647241031081
2002-09-09,4.200579012372066
2002-09-10,1.075364297092182
2002-09-11,0.02553516672378793
2002-09-12,0.0
2002-09-13,0.0
2002-09-14,12.269132580724992
2002-09-15,16.906283939481273
2002-09-16,14.317135555729822
2002-09-17,0.027609513454779747
2002-09-18,0.0
2002-09-19,3.170014597189189
2002-09-20,15.580395316595697
2002-09-21,14.578545319865444
2002-09-22,33.39021652001521
2002-09-23,32.61677584128351
2002-09-24,26.48307046897221
2002-09-25,28.883607660051126
2002-09-26,3.4870248680941236
2002-09-27,35.91236559204548
2002-09-28,42.87438093181532
2002-09-29,56.97489244574
2002-09-30,51.918420929967425
2002-10-01,30.308838629297874
2002-10-02,26.43970988881698
2002-10-03,21.866460910772386
2002-10-04,2.7247436539074195
2002-10-05,0.0
2002-10-06,0.0
2002-10-07,0.02305747033615955
2002-10-08,0.7340794330783456
2002-10-09,0.2042354120123702
2002-10-10,0.0
2002-10-11,0.0
2002-10-12,0.0
2002-10-13,1.3086808774398258
2002-10-14,0.6264981470769624
2002-10-15,0.0
2002-10-16,0.0
2002-10-17,0.0
2002-10-18,1.360589826021877
2002-10-19,0.0
2002-10-20,0.0
2002-10-21,0.0
2002-10-22,0.0
2002-10-23,0.0
2002-10-24,0.0
2002-10-25,0.0
2002-10-26,0.0
2002-10-27,0.0
2002-10-28,0.0
2002-10-29,0.0
2002-10-30,0.0
2002-10-31,0.0
2002-11-01,0.0
2002-11-02,0.0
2002-11-03,0.0
2002-11-04,0.0
2002-11-05,0.0
2002-11-06,0.0
2002-11-07,1.8825433089123043
2002-11-08,0.0
2002-11-09,0.0
2002-11-10,0.4193406806556505
2002-11-11,2.6896919881706998
2002-11-12,41.56703481147176
2002-11-13,0.0
2002-11-14,0.0
2002-11-15,0.0
2002-11-16,0.0
2002-11-17,0.0
2002-11-18,0.0
2002-11-19,0.0
2002-11-20,0.0
2002-11-21,0.0
2002-11-22,0.0
2002-11-23,0.0
2002-11-24,0.0
2002-11-25,0.0
2002-11-26,0.0
2002-11-27,0.0
2002-11-28,0.0
2002-11-29,0.0
2002-11-30,0.0
2002-12-01,0.02525835912177506
2002-12-02,0.4541152245891997
2002-12-03,0.0
2002-12-04,0.0
2002-12-05,0.019509722521105055
2002-12-06,0.0
2002-12-07,0.0
2002-12-08,0.0
2002-12-09,0.0
2002-12-10,0.0
2002-12-11,0.0
2002-12-12,0.0
2002-12-13,0.0
2002-12-14,0.0
2002-12-15,0.0
2002-12-16,0.0
2002-12-17,0.002882594988105548
2002-12-18,0.006395988322535673
2002-12-19,0.013531136669950853
2002-12-20,1.7695302064162783
2002-12-21,0.0014644092450495304
2002-12-22,0.0
2002-12-23,0.0
2002-12-24,0.0
2002-12-25,1.132380895670158
2002-12-26,0.0
2002-12-27,0.0
2002-12-28,0.0
2002-12-29,0.0
2002-12-30,0.0
2002-12-31,0.0
2003-01-01,0.0
2003-01-02,0.0
2003-01-03,0.0
2003-01-04,0.0
2003-01-05,0.0
2003-01-06,0.0
2003-01-07,0.0
2003-01-08,0.0
2003-01-09,0.0
2003-01-10,0.0
2003-01-11,0.0
2003-01-12,0.7840230570550364
2003-01-13,7.114917230841865
2003-01-14,0.4693241380643081
2003-01-15,0.0
2003-01-16,0.0
2003-01-17,0.0
2003-01-18,0.0
2003-01-19,0.0
2003-01-20,0.0
2003-01-21,0.0
2003-01-22,0.0
2003-01-23,0.0
2003-01-24,0.0
2003-01-25,0.0
2003-01-26,0.0
2003-01-27,0.0
2003-01-28,0.0
2003-01-29,0.009939198639638217
2003-01-30,0.0
2003-01-31,0.0
2003-02-01,0.0
2003-02-02,0.0
2003-02-03,0.0
2003-02-04,0.0
2003-02-05,0.840197372415322
2003-02-06,0.05652287096627126
2003-02-07,0.0
2003-02-08,0.0
2003-02-09,2.4028421295343794
2003-02-10,0.11702778032339581
2003-02-11,12.72938691890968
2003-02-12,3.17248720241073
2003-02-13,0.0
2003-02-14,0.0
2003-02-15,0.0
2003-02-16,0.0
2003-02-17,0.0
2003-02-18,0.0
2003-02-19,2.5406948622981953
2003-02-20,0.0
2003-02-21,0.0
2003-02-22,0.0
2003-02-23,0.0
2003-02-24,0.0
2003-02-25,0.0
2003-02-26,0.19765817086856766
2003-02-27,0.0
2003-02-28,0.0
2003-03-01,0.0
2003-03-02,0.0
2003-03-03,0.0
2003-03-04,0.0
2003-03-05,0.0
2003-03-06,0.0
2003-03-07,0.0
2003-03-08,0.0
2003-03-09,0.0
2003-03-10,0.0
2003-03-11,11.81440832008802
2003-03-12,39.489442863423264
2003-03-13,4.482751668145895
2003-03-14,6.181664698250992
2003-03-15,0.0
2003-03-16,22.63639052472115
2003-03-17,2.3638306489350933
2003-03-18,0.47136479048575713
2003-03-19,0.0
2003-03-20,0.0
2003-03-21,10.080126267582466
2003-03-22,0.0
2003-03-23,0.0
2003-03-24,0.0
2003-03-25,0.666690853501044
2003-03-26,3.251506001576798
2003-03-27,8.498510408165691
2003-03-28,0.0
2003-03-29,0.8444860668021862
2003-03-30,23.11552138108064
2003-03-31,0.0
2003-04-01,0.07843014594186962
2003-04-02,7.957926763820411
2003-04-03,0.6913668082133462
2003-04-04,1.9376782162780117
2003-04-05,0.0
2003-04-06,0.0
2003-04-07,7.60540664790664E-4
2003-04-08,0.0
2003-04-09,0.0
2003-04-10,4.292879768599069
2003-04-11,12.195488129862845
2003-04-12,14.294149763591495
2003-04-13,31.201444869378395
2003-04-14,33.075024911843734
2003-04-15,0.0
2003-04-16,18.658595254714168
2003-04-17,14.108490447153324
2003-04-18,5.506341044807169
2003-04-19,23.354012039597738
2003-04-20,26.312638830302298
2003-04-21,28.45468981850464
2003-04-22,24.240255652325857
2003-04-23,0.0
2003-04-24,3.0167537733961134
2003-04-25,0.6797310140760918
2003-04-26,20.544132794981117
2003-04-27,19.01307570041802
2003-04-28,27.932192069778626
2003-04-29,27.655774437172226
2003-04-30,3.773365100659163
2003-05-01,0.4708383128226673
2003-05-02,0.8774454608964221
2003-05-03,12.160129405726794
2003-05-04,94.14111024763876
2003-05-05,1.2843850480721075
2003-05-06,29.60263790169662
2003-05-07,0.0
2003-05-08,10.671368663325678
2003-05-09,0.0
2003-05-10,0.0
2003-05-11,0.0
2003-05-12,0.0
2003-05-13,0.8888720775546161
2003-05-14,0.015086332798376439
2003-05-15,1.0383310106607895
2003-05-16,0.0
2003-05-17,0.07865061363446237
2003-05-18,0.0
2003-05-19,0.0
2003-05-20,10.912891187399229
2003-05-21,0.19985407118075985
2003-05-22,32.27683656741234
2003-05-23,4.5370195694551025
2003-05-24,11.393304862128323
2003-05-25,30.90480127089426
2003-05-26,36.296341001372085
2003-05-27,43.538683849929384
2003-05-28,6.86392938089992
2003-05-29,5.401185371639897
2003-05-30,0.0
2003-05-31,0.49929073732435125
2003-06-01,0.0
2003-06-02,3.4453027290163174
2003-06-03,34.23679982590315
2003-06-04,12.180387997419723
2003-06-05,42.88752139331334
2003-06-06,19.601089409131852
2003-06-07,129.33350568082292
2003-06-08,4.899555252209274
2003-06-09,48.91742543432894
2003-06-10,49.181309934231976
2003-06-11,93.77093776620026
2003-06-12,21.463386497283533
2003-06-13,29.779036089295737
2003-06-14,1.4755066082940247
2003-06-15,5.986352295256554
2003-06-16,0.06178771461856796
2003-06-17,56.28283482794639
2003-06-18,12.360321466933984
2003-06-19,14.556615373603655
2003-06-20,18.18532533957397
2003-06-21,23.620863559664464
2003-06-22,55.71849694661129
2003-06-23,10.634114660144908
2003-06-24,7.331311023868573
2003-06-25,23.83149350044203
2003-06-26,38.91656318903896
2003-06-27,61.61065034468375
2003-06-28,71.37857461675432
2003-06-29,37.01367280601899
2003-06-30,33.215965549878455
2003-07-01,2.756828837209802
2003-07-02,0.0
2003-07-03,6.933397540858328
2003-07-04,3.3689030154142063
2003-07-05,34.115796833240154
2003-07-06,22.2123111769695
2003-07-07,14.548548770224562
2003-07-08,20.841576320402254
2003-07-09,14.821741715543684
2003-07-10,16.6563480093785
2003-07-11,51.638941526564615
2003-07-12,21.449868098140463
2003-07-13,19.864844865863176
2003-07-14,9.758123516233216
2003-07-15,12.541770335302887
2003-07-16,16.71278844384789
2003-07-17,9.833376037492243
2003-07-18,0.15784980877012275
2003-07-19,14.81399927152794
2003-07-20,33.70900383266141
2003-07-21,10.687278101833844
2003-07-22,2.716985343968086
2003-07-23,1.4963998426389549
2003-07-24,26.23122524019639
2003-07-25,2.167844971619113
2003-07-26,35.39296688302276
2003-07-27,38.916995321579456
2003-07-28,1.8197139367956299
2003-07-29,24.207721004194834
2003-07-30,31.25580673007695
2003-07-31,2.0705374074517926
2003-08-01,4.524299835083896
2003-08-02,0.0
2003-08-03,12.260186814644086
2003-08-04,18.425704150229375
2003-08-05,25.589665527489334
2003-08-06,31.989702344737005
2003-08-07,21.89940593045531
2003-08-08,38.087599892506056
2003-08-09,10.870111855675692
2003-08-10,4.155960526503183
2003-08-11,0.0
2003-08-12,3.2157254309441994
2003-08-13,7.555783618241433
2003-08-14,6.395198252505054
2003-08-15,4.2473760050237495
2003-08-16,14.892882886625395
2003-08-17,20.658029936399014
2003-08-18,11.431843236319276
2003-08-19,31.493613799302697
2003-08-20,12.172027876849297
2003-08-21,22.149151811342968
2003-08-22,51.50082861503285
2003-08-23,9.35573251322693
2003-08-24,9.402049661406592
2003-08-25,0.23869561534058753
2003-08-26,56.1229746223878
2003-08-27,15.504327791552965
2003-08-28,0.0
2003-08-29,0.21116399512676062
2003-08-30,0.0
2003-08-31,15.979887163986193
2003-09-01,3.57196593591067
2003-09-02,5.118553643449864
2003-09-03,2.575579489088571
2003-09-04,22.46297363927978
2003-09-05,42.86835800571712
2003-09-06,14.70293930811608
2003-09-07,8.072201125771256
2003-09-08,4.456685500193768
2003-09-09,10.654367029656544
2003-09-10,19.49936783888924
2003-09-11,36.70614446203339
2003-09-12,35.957778414307626
2003-09-13,24.410103309037623
2003-09-14,12.27340121368988
2003-09-15,9.388145132660638
2003-09-16,19.347881547507903
2003-09-17,21.728721403906004
2003-09-18,5.057587523701828
2003-09-19,14.281269860451706
2003-09-20,20.78029366886871
2003-09-21,5.526776716465134
2003-09-22,2.534563091325838
2003-09-23,4.386297480279771
2003-09-24,34.16507389925257
2003-09-25,4.140459101708432
2003-09-26,13.107078975450959
2003-09-27,12.481709664003281
2003-09-28,22.20026797445908
2003-09-29,12.569341446599022
2003-09-30,0.0
2003-10-01,8.872299497266315
2003-10-02,26.854969845606547
2003-10-03,2.1706624251725226
2003-10-04,7.611388975562999
2003-10-05,3.460952972542577
2003-10-06,8.619022608720307
2003-10-07,20.20281039069997
2003-10-08,8.654988865500593
2003-10-09,55.06102297031034
2003-10-10,45.969594853585
2003-10-11,0.0
2003-10-12,0.0
2003-10-13,0.0
2003-10-14,6.08128594003954
2003-10-15,11.080506165049295
2003-10-16,1.653537825783689
2003-10-17,1.1494856848965893
2003-10-18,15.410293129738967
2003-10-19,0.0
2003-10-20,3.4173094561003388
2003-10-21,1.1074882750741293
2003-10-22,1.4132328205809663
2003-10-23,0.0
2003-10-24,0.0
2003-10-25,16.42822976558577
2003-10-26,40.17947467025452
2003-10-27,8.31639383126082
2003-10-28,0.0
2003-10-29,0.0
2003-10-30,0.0
2003-10-31,0.0
2003-11-01,4.764316384512268
2003-11-02,0.16380378681713764
2003-11-03,0.11447644101932541
2003-11-04,0.9645712408424192
2003-11-05,0.9645712408424192
2003-11-06,0.0014876789804143498
2003-11-07,0.0019485668864266301
2003-11-08,0.0
2003-11-09,0.0
2003-11-10,0.024916796477906372
2003-11-11,0.0
2003-11-12,0.0
2003-11-13,0.0
2003-11-14,0.0
2003-11-15,0.0
2003-11-16,0.0
2003-11-17,0.0
2003-11-18,0.0
2003-11-19,0.1606827506504178
2003-11-20,0.0
2003-11-21,0.0
2003-11-22,0.0
2003-11-23,0.0
2003-11-24,0.0
2003-11-25,5.168724875246603E-4
2003-11-26,0.0
2003-11-27,0.008297742704110895
2003-11-28,0.0
2003-11-29,0.0
2003-11-30,0.005805133574258378
2003-12-01,0.0
2003-12-02,0.0
2003-12-03,0.0
2003-12-04,0.0
2003-12-05,0.0
2003-12-06,0.0
2003-12-07,0.0
2003-12-08,0.0
2003-12-09,0.0
2003-12-10,0.0
2003-12-11,0.0
2003-12-12,0.0
2003-12-13,0.0
2003-12-14,0.0
2003-12-15,0.13327069275171852
2003-12-16,0.17095591318289824
2003-12-17,0.006200794940128422
2003-12-18,1.369670012723143
2003-12-19,2.288116646658941
2003-12-20,0.023610443884274055
2003-12-21,0.0
2003-12-22,0.0
2003-12-23,0.0
2003-12-24,0.0
2003-12-25,0.0
2003-12-26,0.0
2003-12-27,0.0
2003-12-28,3.800880598846443
2003-12-29,0.0
2003-12-30,0.0
2003-12-31,0.0
2004-01-01,0.0
2004-01-02,0.0
2004-01-03,0.0
2004-01-04,0.0
2004-01-05,0.0
2004-01-06,0.0
2004-01-07,0.0
2004-01-08,0.0
2004-01-09,0.0
2004-01-10,0.0
2004-01-11,0.0
2004-01-12,0.0
2004-01-13,0.0
2004-01-14,0.0
2004-01-15,6.5133196202192E-5
2004-01-16,0.0
2004-01-17,0.0
2004-01-18,0.0
2004-01-19,0.2560145602551054
2004-01-20,0.0
2004-01-21,0.0
2004-01-22,0.0
2004-01-23,0.46148621901020415
2004-01-24,6.34161810108822
2004-01-25,0.03417999468600953
2004-01-26,0.0
2004-01-27,0.0
2004-01-28,0.0
2004-01-29,0.0
2004-01-30,0.0017594329527813564
2004-01-31,0.005907712738088068
2004-02-01,0.08891819695367942
2004-02-02,0.013143792856608633
2004-02-03,0.0
2004-02-04,0.707174414761866
2004-02-05,1.1362030409628308
2004-02-06,0.3545856429154335
2004-02-07,0.0
2004-02-08,0.9886921212580859
2004-02-09,2.6869711623921666
2004-02-10,2.7316856761358874
2004-02-11,0.0
2004-02-12,0.0
2004-02-13,0.0
2004-02-14,0.0
2004-02-15,0.10989838825994803
2004-02-16,0.0
2004-02-17,0.0
2004-02-18,0.0
2004-02-19,0.025997875059517242
2004-02-20,0.0
2004-02-21,0.0
2004-02-22,0.0
2004-02-23,0.039372572237062003
2004-02-24,0.0
2004-02-25,0.0
2004-02-26,0.0
2004-02-27,0.8584486369813502
2004-02-28,0.0
2004-02-29,0.0
2004-03-01,0.0
2004-03-02,0.0
2004-03-03,0.0
2004-03-04,0.0
2004-03-05,0.0
2004-03-06,0.0
2004-03-07,7.568197775688908
2004-03-08,0.0
2004-03-09,0.6592004074437703
2004-03-10,1.0327636352734967E-4
2004-03-11,0.0
2004-03-12,0.0
2004-03-13,0.0
2004-03-14,0.0
2004-03-15,0.0
2004-03-16,0.0
2004-03-17,0.0
2004-03-18,0.0
2004-03-19,4.661214216866644E-5
2004-03-20,5.190897689774765E-5
2004-03-21,0.026706709735172394
2004-03-22,0.5332254759471998
2004-03-23,0.055663726786288024
2004-03-24,0.0
2004-03-25,0.0
2004-03-26,0.0
2004-03-27,0.0
2004-03-28,0.0
2004-03-29,5.962464370500291
2004-03-30,6.84375402157352
2004-03-31,29.216536979513098
2004-04-01,26.439148582147286
2004-04-02,10.113281962835755
2004-04-03,9.880332213395967
2004-04-04,21.648266135327678
2004-04-05,12.286649088831831
2004-04-06,126.55403017386189
2004-04-07,87.89637062968148
2004-04-08,1.5001800738345918
2004-04-09,20.12565762924762
2004-04-10,9.039053958201597
2004-04-11,32.84503289670829
2004-04-12,48.75672742322898
2004-04-13,23.453940450116146
2004-04-14,59.76061630293832
2004-04-15,57.48847832747585
2004-04-16,31.085484571534927
2004-04-17,53.29634383412758
2004-04-18,104.91973052903607
2004-04-19,42.40542685536385
2004-04-20,0.8719771539408956
2004-04-21,9.854656146290441
2004-04-22,27.325812034728802
2004-04-23,52.31879018168743
2004-04-24,0.0
2004-04-25,0.0
2004-04-26,0.0
2004-04-27,0.19664642787793893
2004-04-28,0.0
2004-04-29,0.7758936238503981
2004-04-30,0.22232007298308606
2004-05-01,0.0
2004-05-02,19.28261452087839
2004-05-03,0.0
2004-05-04,0.0
2004-05-05,0.0
2004-05-06,0.3242475416650585
2004-05-07,0.0
2004-05-08,1.3283569179101482
2004-05-09,9.055600168609768
2004-05-10,20.32083156030189
2004-05-11,21.351971309148663
2004-05-12,33.38742013327287
2004-05-13,62.41246226483279
2004-05-14,77.73142781630887
2004-05-15,7.785981929914788
2004-05-16,55.53438284306044
2004-05-17,13.466010239259358
2004-05-18,6.994011822804712
2004-05-19,12.869238572476279
2004-05-20,1.5328072455691797
2004-05-21,26.69328580753841
2004-05-22,36.683524493143004
2004-05-23,30.469102502541386
2004-05-24,1.4589598891685491
2004-05-25,0.0
2004-05-26,8.05958035538882
2004-05-27,8.087331233907499
2004-05-28,8.115679739251078
2004-05-29,14.954015244108628
2004-05-30,10.63314378526659
2004-05-31,16.37544497710441
2004-06-01,12.508268870949125
2004-06-02,84.4721832314275
2004-06-03,52.91836764630379
2004-06-04,0.0
2004-06-05,6.757472162107982
2004-06-06,25.02693640058163
2004-06-07,0.071597989883532
2004-06-08,11.275442351610565
2004-06-09,8.924521071477669
2004-06-10,2.947011720613304
2004-06-11,17.402536723478672
2004-06-12,19.421998280451724
2004-06-13,23.75690197360675
2004-06-14,22.19824744598063
2004-06-15,6.354843116045124
2004-06-16,24.981577332804843
2004-06-17,43.65673505697667
2004-06-18,67.75601281561566
2004-06-19,21.932227587500606
2004-06-20,75.82262460851965
2004-06-21,53.963505187996596
2004-06-22,72.20925980865464
2004-06-23,108.43269252611624
2004-06-24,40.924519022205814
2004-06-25,17.10058918279459
2004-06-26,4.543956484297103
2004-06-27,1.5415066500699568
2004-06-28,12.735199047601396
2004-06-29,8.6961452456963
2004-06-30,3.884150041807467
2004-07-01,11.255584684592673
2004-07-02,15.459054689776043
2004-07-03,7.808840102096752
2004-07-04,14.551353192409367
2004-07-05,62.99401151892283
2004-07-06,54.18585339214685
2004-07-07,35.38566900724714
2004-07-08,23.10652234491137
2004-07-09,26.66440958632848
2004-07-10,47.0806579388524
2004-07-11,54.413844427727746
2004-07-12,5.384961742007058
2004-07-13,5.858189320040973
2004-07-14,46.65323979619957
2004-07-15,36.448062321765406
2004-07-16,32.22925929040588
2004-07-17,67.22662946900101
2004-07-18,73.37552787124068
2004-07-19,65.23609382189741
2004-07-20,16.08307096725882
2004-07-21,0.08395798985890043
2004-07-22,15.608393674657792
2004-07-23,41.67646765732362
2004-07-24,32.02690095510361
2004-07-25,5.18777293467555
2004-07-26,6.448045800590635
2004-07-27,33.37210367128626
2004-07-28,26.050040396355847
2004-07-29,0.10455795656913906
2004-07-30,2.31668965076925
2004-07-31,11.647186200037734
2004-08-01,21.155317918149983
2004-08-02,6.890562526334657
2004-08-03,19.83618395459032
2004-08-04,8.704409776258336
2004-08-05,1.8208388350021687
2004-08-06,9.126874778459685
2004-08-07,10.369080222108696
2004-08-08,4.916159173333719
2004-08-09,18.456647487205302
2004-08-10,11.493224734619632
2004-08-11,5.1672855940829185
2004-08-12,14.2595578038097
2004-08-13,4.913115527899354
2004-08-14,0.4380142346439471
2004-08-15,17.393332868872193
2004-08-16,14.484432312890036
2004-08-17,26.513386873183865
2004-08-18,20.430795011141576
2004-08-19,28.55765056133351
2004-08-20,27.561752048995807
2004-08-21,15.94125654758708
2004-08-22,10.917161952042422
2004-08-23,6.493766615494258
2004-08-24,8.86224997356274
2004-08-25,32.82983414573029
2004-08-26,28.020858975606224
2004-08-27,13.89852704200276
2004-08-28,8.706172442264537
2004-08-29,32.44722549141953
2004-08-30,7.772049096834351
2004-08-31,23.614379717303205
2004-09-01,24.17381146822078
2004-09-02,18.740724054281493
2004-09-03,5.54200666731783
2004-09-04,13.435908514217633
2004-09-05,32.24911483264341
2004-09-06,33.26505168903649
2004-09-07,33.4930014986833
2004-09-08,65.27215141655888
2004-09-09,23.41410491412814
2004-09-10,4.817464221379088
2004-09-11,11.894184486961333
2004-09-12,56.89072104072052
2004-09-13,52.59713330751059
2004-09-14,35.46465688556905
2004-09-15,16.252310051998265
2004-09-16,1.1696878911057496
2004-09-17,1.326266302346375
2004-09-18,26.830004017625225
2004-09-19,5.789825396307361
2004-09-20,13.524617660128687
2004-09-21,25.30540021369165
2004-09-22,43.62257073167629
2004-09-23,40.08542316352428
2004-09-24,27.24593083149595
2004-09-25,27.8650010595306
2004-09-26,5.675135979635233
2004-09-27,8.486528478675073
2004-09-28,12.340598051726424
2004-09-29,4.454381637908861
2004-09-30,0.0
2004-10-01,0.0
2004-10-02,5.282740895107842
2004-10-03,3.0758166020051854
2004-10-04,27.864407995897057
2004-10-05,57.998621940654104
2004-10-06,48.504244881917764
2004-10-07,103.14554350017816
2004-10-08,17.216448044943057
2004-10-09,1.6397744721548082
2004-10-10,0.0
2004-10-11,0.0
2004-10-12,0.0
2004-10-13,8.780997739499096
2004-10-14,7.050065926260546
2004-10-15,2.826674613895134
2004-10-16,0.0
2004-10-17,0.0
2004-10-18,0.0
2004-10-19,0.0
2004-10-20,0.0
2004-10-21,0.0
2004-10-22,0.0
2004-10-23,0.0
2004-10-24,0.0
2004-10-25,0.0
2004-10-26,0.0
2004-10-27,0.0
2004-10-28,0.0
2004-10-29,0.022624609667274226
2004-10-30,0.0
2004-10-31,0.0
2004-11-01,0.014968597962372905
2004-11-02,0.0
2004-11-03,0.0
2004-11-04,0.0
2004-11-05,0.0
2004-11-06,0.1827740751191576
2004-11-07,0.0
2004-11-08,0.007870807614197818
2004-11-09,0.7251354780833774
2004-11-10,2.1522400121119887
2004-11-11,0.0
2004-11-12,0.0
2004-11-13,0.36631457347097807
2004-11-14,0.0
2004-11-15,0.0
2004-11-16,0.0
2004-11-17,0.0
2004-11-18,0.0
2004-11-19,0.0
2004-11-20,0.0
2004-11-21,0.0
2004-11-22,0.0
2004-11-23,0.5063487630976184
2004-11-24,0.26497406519113237
2004-11-25,0.06863774466909636
2004-11-26,0.0
2004-11-27,0.0
2004-11-28,0.0017824913545960786
2004-11-29,0.0
2004-11-30,0.0
2004-12-01,0.0
2004-12-02,0.00392905712069082
2004-12-03,0.0
2004-12-04,0.005796546499923783
2004-12-05,0.1594755938999761
2004-12-06,0.0
2004-12-07,0.0
2004-12-08,0.0
2004-12-09,0.0
2004-12-10,0.0
2004-12-11,0.0
2004-12-12,0.0
2004-12-13,0.0
2004-12-14,0.0
2004-12-15,0.0
2004-12-16,0.14260669772170817
2004-12-17,0.03151973613253529
2004-12-18,0.0
2004-12-19,0.06278655752817563
2004-12-20,0.4168271665837296
2004-12-21,6.269731302220114
2004-12-22,0.0
2004-12-23,0.0
2004-12-24,0.0
2004-12-25,0.0
2004-12-26,0.0
2004-12-27,0.0
2004-12-28,0.0
2004-12-29,0.0
2004-12-30,0.0048538394174727165
2004-12-31,0.4577036653034927
2005-01-01,0.0
2005-01-02,0.0030250672003969193
2005-01-03,0.0
2005-01-04,0.0
2005-01-05,0.0
2005-01-06,0.0
2005-01-07,0.0
2005-01-08,0.0
2005-01-09,0.0
2005-01-10,0.0
2005-01-11,0.0
2005-01-12,0.0
2005-01-13,0.0
2005-01-14,0.0
2005-01-15,0.0
2005-01-16,0.0
2005-01-17,0.0
2005-01-18,0.0
2005-01-19,0.0
2005-01-20,0.07321926806882499
2005-01-21,2.9099610239618094
2005-01-22,0.20209493292722083
2005-01-23,6.02011128375326
2005-01-24,0.0
2005-01-25,0.02343608575608956
2005-01-26,0.0
2005-01-27,0.0
2005-01-28,0.05582676302245299
2005-01-29,0.0
2005-01-30,0.0
2005-01-31,0.0
2005-02-01,3.2855044704817513
2005-02-02,0.0
2005-02-03,0.0
2005-02-04,0.0
2005-02-05,0.0
2005-02-06,0.026483410062696403
2005-02-07,0.0
2005-02-08,0.3803504128962996
2005-02-09,0.7164543293790738
2005-02-10,0.3601492594543286
2005-02-11,0.0
2005-02-12,0.0
2005-02-13,9.350458146630803E-4
2005-02-14,0.0
2005-02-15,0.026522847505816922
2005-02-16,5.251614986098981
2005-02-17,10.47993610484966
2005-02-18,8.755371930358349
2005-02-19,0.4172058337494403
2005-02-20,9.791339058400446E-4
2005-02-21,0.0
2005-02-22,0.0
2005-02-23,0.014779459156042321
2005-02-24,0.007629426065814594
2005-02-25,0.06296390210312557
2005-02-26,0.0
2005-02-27,0.0
2005-02-28,0.0
2005-03-01,0.0
2005-03-02,0.0
2005-03-03,0.0
2005-03-04,0.38384925935443553
2005-03-05,0.6242879576909315
2005-03-06,1.5001767077070496
2005-03-07,11.210681600015109
2005-03-08,2.377649705325406
2005-03-09,0.0
2005-03-10,0.0
2005-03-11,10.47502747607862
2005-03-12,2.983454931410059
2005-03-13,0.08162071298020264
2005-03-14,4.415055128741449
2005-03-15,0.07430688003059513
2005-03-16,0.0
2005-03-17,5.2840769574632525
2005-03-18,36.478259301917085
2005-03-19,40.47534357115981
2005-03-20,15.14103535264716
2005-03-21,7.681384423887641
2005-03-22,31.454614254969183
2005-03-23,3.1339153803876116
2005-03-24,9.424076883586242
2005-03-25,0.0
2005-03-26,0.0
2005-03-27,0.8923801615606278
2005-03-28,0.3799052259009951
2005-03-29,0.0
2005-03-30,102.26327662402996
2005-03-31,1.049470703424165
2005-04-01,0.0
2005-04-02,0.5275817261454798
2005-04-03,4.714410694707019
2005-04-04,0.0
2005-04-05,0.0
2005-04-06,47.41092266762999
2005-04-07,0.0
2005-04-08,0.3293669461438688
2005-04-09,33.290845716707295
2005-04-10,35.77496630358607
2005-04-11,13.531343743055533
2005-04-12,0.5816172550420986
2005-04-13,0.0
2005-04-14,0.0
2005-04-15,7.873443417440057
2005-04-16,4.241531844663906
2005-04-17,8.815042141352135
2005-04-18,0.15434536316220981
2005-04-19,2.060784301097386
2005-04-20,2.476900777757892
2005-04-21,0.0
2005-04-22,4.9391118317789875
2005-04-23,18.30408788460929
2005-04-24,20.443480904115205
2005-04-25,25.29106948304756
2005-04-26,25.514163363383542
2005-04-27,19.8966782987471
2005-04-28,40.51664976061416
2005-04-29,28.409135837006932
2005-04-30,0.6325340150273456
2005-05-01,2.4420750859550298
2005-05-02,0.0
2005-05-03,11.042769741385992
2005-05-04,1.5888483792621821
2005-05-05,1.066983051981362
2005-05-06,0.0
2005-05-07,0.0
2005-05-08,0.0
2005-05-09,0.0
2005-05-10,28.772563379725973
2005-05-11,8.376796957417904
2005-05-12,20.360416643284648
2005-05-13,25.5530328089221
2005-05-14,22.60035394093051
2005-05-15,41.72857528912357
2005-05-16,40.53908940440006
2005-05-17,58.080254868379086
2005-05-18,16.428923815355223
2005-05-19,64.32307674650308
2005-05-20,19.67603880684609
2005-05-21,36.29647343547776
2005-05-22,37.35515611386346
2005-05-23,57.213095230066244
2005-05-24,51.9780655318276
2005-05-25,57.133892819830415
2005-05-26,27.938006282021615
2005-05-27,1.8255197931951361
2005-05-28,10.679930371213764
2005-05-29,1.7597731784999138
2005-05-30,5.690768268981137
2005-05-31,18.87775169313857
2005-06-01,3.253737269185997
2005-06-02,0.1269973418803691
2005-06-03,7.4251391723885956
2005-06-04,14.159317187988389
2005-06-05,3.0251640074131916
2005-06-06,0.05335664086239676
2005-06-07,1.4664635814665796
2005-06-08,3.882563378570192E-4
2005-06-09,16.67325494679694
2005-06-10,1.3580784167649365
2005-06-11,10.816730823663965
2005-06-12,4.9320355426864895
2005-06-13,23.7751202680801
2005-06-14,17.304231414545047
2005-06-15,6.406614185458563
2005-06-16,20.829161767165875
2005-06-17,25.221709821144273
2005-06-18,25.911169780630946
2005-06-19,7.717615920196139
2005-06-20,6.402369085147213
2005-06-21,36.01765787320171
2005-06-22,46.897476659971474
2005-06-23,18.919196581517138
2005-06-24,29.321728259565447
2005-06-25,12.006532023163377
2005-06-26,1.84995921670706
2005-06-27,4.580955412598747
2005-06-28,27.205808938013227
2005-06-29,18.762693339284787
2005-06-30,7.029590076354441
2005-07-01,24.57135226477569
2005-07-02,2.3612107132435414
2005-07-03,30.024512263900554
2005-07-04,11.85870568860049
2005-07-05,17.405607376182452
2005-07-06,38.952667415040324
2005-07-07,8.788046001474472
2005-07-08,0.9042287474167262
2005-07-09,0.3560008893442249
2005-07-10,2.0837753239797894
2005-07-11,12.194390669749025
2005-07-12,56.64061328614032
2005-07-13,79.2433697800139
2005-07-14,37.767680873872486
2005-07-15,10.65043622566094
2005-07-16,21.380657204121807
2005-07-17,35.618091329410376
2005-07-18,31.62833703487753
2005-07-19,29.09963205848597
2005-07-20,12.585945149326504
2005-07-21,28.18534583989011
2005-07-22,26.685428644032577
2005-07-23,36.78032565440922
2005-07-24,13.141177358702738
2005-07-25,6.775278839125
2005-07-26,26.273488500361545
2005-07-27,36.73337072866383
2005-07-28,5.538123653938931
2005-07-29,1.8997735628793937
2005-07-30,6.660322600187875
2005-07-31,7.419199419671062
2005-08-01,14.844848277642505
2005-08-02,19.82485888264291
2005-08-03,8.241402247653838
2005-08-04,15.562555110794781
2005-08-05,19.348337828863073
2005-08-06,31.149323253006077
2005-08-07,0.7120596073936932
2005-08-08,39.58192074126146
2005-08-09,22.541321008209053
2005-08-10,11.053527964171156
2005-08-11,19.089514448042145
2005-08-12,20.8392381860068
2005-08-13,26.72327340705781
2005-08-14,22.219775707973138
2005-08-15,0.4356638194750696
2005-08-16,9.927574918457013
2005-08-17,22.16645460530594
2005-08-18,37.881452544643224
2005-08-19,19.877615191373124
2005-08-20,4.788009297006269
2005-08-21,0.2885750627811403
2005-08-22,5.897388869501761
2005-08-23,32.68910775075419
2005-08-24,44.30168560920413
2005-08-25,37.95196167830667
2005-08-26,8.136965701559426
2005-08-27,8.377055406046448
2005-08-28,1.5819081077518855
2005-08-29,6.9997721406661295
2005-08-30,22.12243605991359
2005-08-31,9.735932094524546
2005-09-01,0.17590577342946562
2005-09-02,13.332069158688512
2005-09-03,12.344359411135946
2005-09-04,11.212141804699812
2005-09-05,11.567915709309785
2005-09-06,9.022143627787766
2005-09-07,20.553906709889077
2005-09-08,0.13604165052913256
2005-09-09,0.3315534641108341
2005-09-10,2.0374064370690292
2005-09-11,0.0015188608053452331
2005-09-12,0.03857219605989007
2005-09-13,3.5325439190680794
2005-09-14,0.0
2005-09-15,0.006164944511287096
2005-09-16,0.6443257407618651
2005-09-17,1.7334042742255018
2005-09-18,4.01922839636786
2005-09-19,19.66477292970703
2005-09-20,36.28086557216216
2005-09-21,6.5280360945329825
2005-09-22,7.419140614301805
2005-09-23,35.35050296144323
2005-09-24,31.828060492761555
2005-09-25,23.33434251028288
2005-09-26,2.1598392388642815
2005-09-27,0.23335073111162813
2005-09-28,20.13833258178619
2005-09-29,20.99223957906065
2005-09-30,20.59399790839142
2005-10-01,5.724022232180697
2005-10-02,0.7985652479157848
2005-10-03,8.116320836604704
2005-10-04,7.181406351236985
2005-10-05,0.0
2005-10-06,0.0
2005-10-07,0.0
2005-10-08,0.0
2005-10-09,0.0
2005-10-10,0.0
2005-10-11,0.0
2005-10-12,0.0
2005-10-13,0.0
2005-10-14,0.0
2005-10-15,1.1047647075077924
2005-10-16,0.6129114695266303
2005-10-17,0.0
2005-10-18,10.353755056118619
2005-10-19,1.1326190388598059
2005-10-20,5.9482922439395045
2005-10-21,59.7743977902613
2005-10-22,55.329276620684944
2005-10-23,42.42026491240448
2005-10-24,0.0
2005-10-25,0.0
2005-10-26,0.0
2005-10-27,0.0
2005-10-28,31.550991206214984
2005-10-29,0.0
2005-10-30,0.0
2005-10-31,0.0
2005-11-01,0.054548905363642944
2005-11-02,0.0
2005-11-03,0.0
2005-11-04,0.024639256728370758
2005-11-05,0.05437752101875767
2005-11-06,0.0
2005-11-07,0.0
2005-11-08,0.03122239738046932
2005-11-09,0.789680946072683
2005-11-10,0.45894741181754173
2005-11-11,0.0
2005-11-12,0.0
2005-11-13,0.0
2005-11-14,0.0
2005-11-15,0.0
2005-11-16,0.0
2005-11-17,0.0
2005-11-18,0.0
2005-11-19,0.0
2005-11-20,0.0
2005-11-21,0.0
2005-11-22,0.0
2005-11-23,0.0
2005-11-24,0.045997608382259
2005-11-25,0.045997608382259
2005-11-26,0.0
2005-11-27,0.0
2005-11-28,0.0
2005-11-29,0.0
2005-11-30,0.001158504575488365
2005-12-01,0.0
2005-12-02,0.0
2005-12-03,0.0
2005-12-04,0.0
2005-12-05,0.004662193898946997
2005-12-06,0.0
2005-12-07,0.0
2005-12-08,0.0
2005-12-09,0.0
2005-12-10,0.0
2005-12-11,0.0
2005-12-12,0.0
2005-12-13,0.0
2005-12-14,0.0
2005-12-15,0.0
2005-12-16,0.0
2005-12-17,0.0
2005-12-18,0.0
2005-12-19,0.0
2005-12-20,0.0
2005-12-21,0.0
2005-12-22,1.3936559239406228
2005-12-23,0.8384852329627935
2005-12-24,0.0
2005-12-25,0.0
2005-12-26,0.2973058289618511
2005-12-27,0.0
2005-12-28,0.0
2005-12-29,0.0
2005-12-30,0.0
2005-12-31,0.0
2006-01-01,0.0
2006-01-02,0.0
2006-01-03,0.0
2006-01-04,0.10391362960761696
2006-01-05,0.10391362960761696
2006-01-06,0.0
2006-01-07,0.0
2006-01-08,0.0
2006-01-09,0.0
2006-01-10,0.0
2006-01-11,0.0
2006-01-12,0.0
2006-01-13,0.0
2006-01-14,0.015077855975441527
2006-01-15,0.03813904099622504
2006-01-16,0.0
2006-01-17,0.0
2006-01-18,0.0
2006-01-19,0.4812183590219491
2006-01-20,0.6224600105684001
2006-01-21,0.0
2006-01-22,0.0
2006-01-23,0.0
2006-01-24,0.0
2006-01-25,0.0
2006-01-26,0.0
2006-01-27,0.0
2006-01-28,0.0
2006-01-29,0.0
2006-01-30,0.017201197436593492
2006-01-31,0.018822377073678946
2006-02-01,0.0
2006-02-02,0.0
2006-02-03,0.0
2006-02-04,0.0440464805325689
2006-02-05,0.1340204991156994
2006-02-06,0.0
2006-02-07,0.0
2006-02-08,0.0
2006-02-09,0.0
2006-02-10,0.0
2006-02-11,0.0
2006-02-12,0.0
2006-02-13,0.0
2006-02-14,0.0
2006-02-15,0.28836169009411217
2006-02-16,19.876755053387683
2006-02-17,0.015079130348118574
2006-02-18,0.0
2006-02-19,0.0
2006-02-20,0.0
2006-02-21,1.3352664319379766
2006-02-22,0.437853469219613
2006-02-23,0.004099632003440334
2006-02-24,0.14495143035273697
2006-02-25,0.15697684969046002
2006-02-26,0.0
2006-02-27,0.0
2006-02-28,0.0
2006-03-01,0.021380103171166454
2006-03-02,0.021380103171166454
2006-03-03,0.021380103171166454
2006-03-04,0.021380103171166454
2006-03-05,0.13772551846757228
2006-03-06,0.8596724590972227
2006-03-07,0.933422447335074
2006-03-08,1.2136976101793444
2006-03-09,1.4745609630805774
2006-03-10,6.2768360676096195
2006-03-11,26.70068319562384
2006-03-12,3.002935175901755
2006-03-13,1.2821076612462048
2006-03-14,1.2821076612462048
2006-03-15,2.0527538172832784
2006-03-16,0.0
2006-03-17,0.0
2006-03-18,0.0
2006-03-19,0.0
2006-03-20,0.0
2006-03-21,0.0
2006-03-22,0.0
2006-03-23,0.03630334371731851
2006-03-24,0.0
2006-03-25,0.0
2006-03-26,0.0
2006-03-27,0.0
2006-03-28,0.0
2006-03-29,0.0
2006-03-30,1.609680976969989
2006-03-31,0.0
2006-04-01,10.03411283669816
2006-04-02,39.29421515120882
2006-04-03,76.59260106579674
2006-04-04,19.438986423909718
2006-04-05,20.998730442997655
2006-04-06,23.77150782007964
2006-04-07,34.75656105368823
2006-04-08,10.370458758569207
2006-04-09,32.74895653691988
2006-04-10,4.8103477896674915
2006-04-11,36.39948119988531
2006-04-12,0.22815893319022565
2006-04-13,39.22044203580001
2006-04-14,0.09537201516386466
2006-04-15,0.0
2006-04-16,15.389976684444763
2006-04-17,20.967752634756753
2006-04-18,0.0752470538199821
2006-04-19,5.127223893576468
2006-04-20,0.0
2006-04-21,0.05453701765409502
2006-04-22,2.632232933516911
2006-04-23,0.0
2006-04-24,0.007999815179290857
2006-04-25,0.0
2006-04-26,20.831848554264262
2006-04-27,0.0
2006-04-28,0.0
2006-04-29,0.0
2006-04-30,0.0
2006-05-01,13.27046604616149
2006-05-02,9.05733188576296
2006-05-03,4.173641680492181
2006-05-04,13.682783084529856
2006-05-05,5.4768628407846975
2006-05-06,48.14140442605541
2006-05-07,0.0
2006-05-08,0.0
2006-05-09,1.7625595036038608
2006-05-10,28.098069243749453
2006-05-11,63.300263981377746
2006-05-12,76.62338429569263
2006-05-13,2.2709752114098123
2006-05-14,4.244284946086112
2006-05-15,0.0
2006-05-16,0.0
2006-05-17,0.0
2006-05-18,2.3214951921187046
2006-05-19,3.2827848473550345
2006-05-20,2.0076207709555103
2006-05-21,0.8348772319883212
2006-05-22,0.0
2006-05-23,3.424801450878674
2006-05-24,8.743970815491663
2006-05-25,31.627597739741212
2006-05-26,10.628653079946108
2006-05-27,38.67884258515732
2006-05-28,41.247405455195896
2006-05-29,25.547746125656374
2006-05-30,64.48852738837421
2006-05-31,34.06628399168835
2006-06-01,18.111946320713677
2006-06-02,18.833379581525374
2006-06-03,0.19273721414423
2006-06-04,30.89723993115762
2006-06-05,23.565809212034015
2006-06-06,13.919089022588938
2006-06-07,10.362713240876658
2006-06-08,1.9127821849703184
2006-06-09,16.8549401677643
2006-06-10,68.12690487090244
2006-06-11,39.91896723184136
2006-06-12,34.536969094874685
2006-06-13,37.658396141086634
2006-06-14,12.36876695783703
2006-06-15,5.205715879657025
2006-06-16,16.248445414479185
2006-06-17,7.4124666926818055
2006-06-18,1.6812388529603355
2006-06-19,4.232638476524463
2006-06-20,29.19770397624518
2006-06-21,17.37026013222055
2006-06-22,15.553390089945891
2006-06-23,20.283245570063723
2006-06-24,34.2242292005838
2006-06-25,21.567766304851148
2006-06-26,23.81730456475091
2006-06-27,32.23468467789423
2006-06-28,23.25315139782212
2006-06-29,25.37714642952479
2006-06-30,17.058761823908476
2006-07-01,15.492222815754598
2006-07-02,6.302788541135035
2006-07-03,21.808628121008645
2006-07-04,13.92318556434983
2006-07-05,16.602879637100738
2006-07-06,96.10006636352354
2006-07-07,62.18048056364503
2006-07-08,53.91819746746418
2006-07-09,2.206968068345719
2006-07-10,5.082596106008144
2006-07-11,5.864919552604885
2006-07-12,12.621852610641481
2006-07-13,13.463489673766501
2006-07-14,32.10811915679213
2006-07-15,10.524381300056616
2006-07-16,8.196204715986303
2006-07-17,0.39086628153595665
2006-07-18,19.418221673837603
2006-07-19,0.3486739526355226
2006-07-20,0.0
2006-07-21,0.0
2006-07-22,0.1607253383602166
2006-07-23,0.0
2006-07-24,4.899882280193305
2006-07-25,31.674287748917266
2006-07-26,21.836444014466107
2006-07-27,15.725243384899242
2006-07-28,3.8443086664533435
2006-07-29,15.708661280922504
2006-07-30,5.6048168375894605
2006-07-31,31.658996270524078
2006-08-01,7.998821594658511
2006-08-02,22.672259916629997
2006-08-03,17.9968628477931
2006-08-04,7.765566753036683
2006-08-05,4.434476109579818
2006-08-06,2.0947288354913516
2006-08-07,4.369993507684552
2006-08-08,2.6139041306825543
2006-08-09,34.6917812845484
2006-08-10,0.24109572127523024
2006-08-11,1.3231694981559634
2006-08-12,33.51865550613413
2006-08-13,46.65086230896682
2006-08-14,15.476551066208568
2006-08-15,0.004440870945802707
2006-08-16,1.4258766618563268
2006-08-17,22.946172473739537
2006-08-18,3.626017738309369
2006-08-19,12.749929041577866
2006-08-20,17.024269353464003
2006-08-21,18.92676289852858
2006-08-22,9.754497916553456
2006-08-23,8.251196846547334
2006-08-24,37.95751065110417
2006-08-25,18.019268079634237
2006-08-26,9.836992034875973
2006-08-27,0.7020599783226998
2006-08-28,10.951380736214714
2006-08-29,20.814811709352465
2006-08-30,2.0486532785208467
2006-08-31,0.2097600095374997
2006-09-01,0.8793870709705695
2006-09-02,8.947861229789751
2006-09-03,1.5434326430997738
2006-09-04,0.0
2006-09-05,1.3141817530206505
2006-09-06,0.17518149662974764
2006-09-07,33.94201732835958
2006-09-08,42.609028651548044
2006-09-09,12.756017218551412
2006-09-10,40.920104116243614
2006-09-11,57.47201924221858
2006-09-12,63.51534610374992
2006-09-13,0.740055935905652
2006-09-14,3.8052174097226965
2006-09-15,4.37083800075983
2006-09-16,15.508261317101043
2006-09-17,17.558468610226672
2006-09-18,0.012319109672263314
2006-09-19,4.217027186816533
2006-09-20,9.260339490322332
2006-09-21,74.04640990501022
2006-09-22,3.6331878760397283
2006-09-23,31.73961436874327
2006-09-24,0.4186254292618786
2006-09-25,6.064425984649551
2006-09-26,0.007126008460080512
2006-09-27,0.8259227361253954
2006-09-28,16.755271739413796
2006-09-29,14.563965348789084
2006-09-30,4.503304556018613
2006-10-01,26.580910728857535
2006-10-02,0.022713838175569552
2006-10-03,3.5117094767644845
2006-10-04,30.559518398886514
2006-10-05,10.286878916989105
2006-10-06,0.0
2006-10-07,0.0
2006-10-08,0.0
2006-10-09,0.0
2006-10-10,0.01084238639820621
2006-10-11,0.0
2006-10-12,8.3198891425556
2006-10-13,2.8587189371285002
2006-10-14,0.583563364159498
2006-10-15,0.0
2006-10-16,0.0
2006-10-17,10.058747555925779
2006-10-18,3.3316620542333526
2006-10-19,4.248151526922413
2006-10-20,2.7484312537886364
2006-10-21,0.5869791849601781
2006-10-22,0.0
2006-10-23,0.0
2006-10-24,0.0
2006-10-25,0.0
2006-10-26,0.0
2006-10-27,0.0
2006-10-28,1.6308719838411183
2006-10-29,0.0
2006-10-30,0.0
2006-10-31,0.0
2006-11-01,0.0
2006-11-02,0.0
2006-11-03,0.0
2006-11-04,0.0
2006-11-05,0.020022134601919882
2006-11-06,0.08040162246066822
2006-11-07,0.013126039742175546
2006-11-08,15.566324975856595
2006-11-09,0.29087737809963277
2006-11-10,4.374107521367846
2006-11-11,0.15936689205537277
2006-11-12,0.0
2006-11-13,0.4775703909023543
2006-11-14,0.0
2006-11-15,0.0
2006-11-16,0.0
2006-11-17,0.0
2006-11-18,0.0
2006-11-19,0.0
2006-11-20,0.007205767206967668
2006-11-21,0.0
2006-11-22,0.0
2006-11-23,0.0
2006-11-24,0.0
2006-11-25,0.0
2006-11-26,0.0
2006-11-27,0.0
2006-11-28,0.0
2006-11-29,0.0
2006-11-30,0.0
2006-12-01,0.0
2006-12-02,0.0
2006-12-03,0.0
2006-12-04,0.0
2006-12-05,0.06732699754098098
2006-12-06,0.0
2006-12-07,0.0
2006-12-08,0.0
2006-12-09,0.0
2006-12-10,0.0
2006-12-11,0.0
2006-12-12,0.6001860263624709
2006-12-13,0.0
2006-12-14,0.25223318738516237
2006-12-15,0.25223318738516237
2006-12-16,0.0
2006-12-17,0.0
2006-12-18,0.0
2006-12-19,0.0
2006-12-20,0.006320092067286629
2006-12-21,0.0
2006-12-22,0.0
2006-12-23,0.0
2006-12-24,0.0
2006-12-25,0.0
2006-12-26,0.0
2006-12-27,0.008575248970255554
2006-12-28,0.051020689676421586
2006-12-29,0.0
2006-12-30,1.0498075575512913
2006-12-31,1.2166582751557116
2007-01-01,0.0
2007-01-02,0.0
2007-01-03,0.0
2007-01-04,0.0
2007-01-05,0.004551320778141513
2007-01-06,0.0
2007-01-07,0.0
2007-01-08,0.0
2007-01-09,0.0
2007-01-10,0.0
2007-01-11,0.0
2007-01-12,0.0
2007-01-13,0.0
2007-01-14,0.0
2007-01-15,0.021005785103968853
2007-01-16,0.0
2007-01-17,0.0
2007-01-18,0.0
2007-01-19,0.0
2007-01-20,2.7204252643102015E-4
2007-01-21,0.0
2007-01-22,0.0
2007-01-23,0.0
2007-01-24,0.0
2007-01-25,0.0
2007-01-26,0.0
2007-01-27,0.0
2007-01-28,0.0
2007-01-29,0.0
2007-01-30,0.9834375802499379
2007-01-31,1.2575510606509674
2007-02-01,0.08434983662984503
2007-02-02,0.020083021991445443
2007-02-03,2.335888340620646
2007-02-04,6.541189001610437
2007-02-05,0.6821106406676508
2007-02-06,1.2673164571863174
2007-02-07,34.659609675817606
2007-02-08,0.40222009822792143
2007-02-09,0.0
2007-02-10,0.0
2007-02-11,0.16256231437903274
2007-02-12,0.0
2007-02-13,44.24440536344307
2007-02-14,8.205220836200523
2007-02-15,0.0
2007-02-16,0.0
2007-02-17,0.0
2007-02-18,0.0
2007-02-19,0.0
2007-02-20,0.0
2007-02-21,0.0
2007-02-22,0.0
2007-02-23,0.0
2007-02-24,0.0
2007-02-25,0.0
2007-02-26,0.0
2007-02-27,0.0
2007-02-28,0.0
2007-03-01,4.231470913859235
2007-03-02,22.093201546853617
2007-03-03,0.0
2007-03-04,0.0
2007-03-05,0.0
2007-03-06,0.15259316628673059
2007-03-07,0.0
2007-03-08,0.01617831219263374
2007-03-09,0.18417217928417104
2007-03-10,0.23358284533739115
2007-03-11,0.0
2007-03-12,0.2251671579908576
2007-03-13,0.3791822785730456
2007-03-14,3.4624358386595024
2007-03-15,2.0617219698783797
2007-03-16,0.0
2007-03-17,0.0
2007-03-18,0.0
2007-03-19,0.0
2007-03-20,0.0
2007-03-21,1.6245559217965604
2007-03-22,3.9112576518456286
2007-03-23,3.4601023696352824
2007-03-24,0.005823563026074006
2007-03-25,0.0
2007-03-26,0.0
2007-03-27,0.0
2007-03-28,0.0
2007-03-29,0.0
2007-03-30,0.006025991610182336
2007-03-31,0.04079905422757479
2007-04-01,0.0
2007-04-02,8.659605401436705
2007-04-03,3.994676894254414
2007-04-04,6.951170657797342
2007-04-05,33.59655697841927
2007-04-06,81.88466353438635
2007-04-07,46.00374730588699
2007-04-08,16.215962929383796
2007-04-09,13.483769468435058
2007-04-10,39.60456122566353
2007-04-11,41.567149178204936
2007-04-12,96.51095329491056
2007-04-13,0.0
2007-04-14,0.42366085445890156
2007-04-15,0.0
2007-04-16,6.06131759845673
2007-04-17,7.962304030589619
2007-04-18,0.20520928574044114
2007-04-19,1.0822831753663225
2007-04-20,10.819138521297482
2007-04-21,27.68005513152088
2007-04-22,10.559754902050452
2007-04-23,29.970194618772442
2007-04-24,32.92710599623232
2007-04-25,0.1644033753869503
2007-04-26,15.692177143092355
2007-04-27,0.022033186536069522
2007-04-28,0.0
2007-04-29,0.0
2007-04-30,0.0
2007-05-01,0.0
2007-05-02,0.0
2007-05-03,0.0
2007-05-04,0.0
2007-05-05,2.40757474063403
2007-05-06,52.96106642526197
2007-05-07,0.2678018145769292
2007-05-08,0.0
2007-05-09,1.5995714009688893
2007-05-10,4.0759186376248016
2007-05-11,7.234976597448083
2007-05-12,0.9961494436968922
2007-05-13,0.0
2007-05-14,44.423775730833206
2007-05-15,2.101250816334706
2007-05-16,6.447463985782981
2007-05-17,48.7456194654049
2007-05-18,0.0
2007-05-19,50.82442700274434
2007-05-20,21.539084198441703
2007-05-21,16.90989968110072
2007-05-22,70.49567270073467
2007-05-23,57.56318431816016
2007-05-24,25.21751118916969
2007-05-25,38.33026663362345
2007-05-26,3.5094853987740224
2007-05-27,65.96448050679844
2007-05-28,1.6145489078650341
2007-05-29,36.72433792789473
2007-05-30,8.71591647889345
2007-05-31,40.13134606757186
2007-06-01,26.820097224728414
2007-06-02,10.022912362620099
2007-06-03,21.23583535547765
2007-06-04,7.160581459735294
2007-06-05,16.19585971859714
2007-06-06,0.878703468190158
2007-06-07,9.590788950759727
2007-06-08,77.07505306194138
2007-06-09,72.86419131269002
2007-06-10,67.62208749823178
2007-06-11,76.4773931017923
2007-06-12,1.321297840965768
2007-06-13,3.4621984144891242
2007-06-14,2.9848880715010395
2007-06-15,38.905413599412206
2007-06-16,51.69936863472403
2007-06-17,64.26203237808899
2007-06-18,41.244430534280674
2007-06-19,10.814866257456393
2007-06-20,10.380176333572914
2007-06-21,17.833053397758633
2007-06-22,15.301049716800579
2007-06-23,24.263936841133827
2007-06-24,36.05911284145122
2007-06-25,1.5858075921136492
2007-06-26,1.9970563743517162
2007-06-27,26.054651990182528
2007-06-28,32.07405282704332
2007-06-29,6.2074790593531946
2007-06-30,1.972181271522178
2007-07-01,2.530242304691488
2007-07-02,17.305770230511815
2007-07-03,14.368300343217534
2007-07-04,26.377203263499002
2007-07-05,7.590634293596332
2007-07-06,4.03021429169602
2007-07-07,3.9178992728776607
2007-07-08,0.0
2007-07-09,1.3474414347533634
2007-07-10,9.883955943083201
2007-07-11,2.9624692006706943
2007-07-12,4.942145553120147
2007-07-13,18.012552129646952
2007-07-14,38.35892652844763
2007-07-15,28.82218765105894
2007-07-16,30.494531602126713
2007-07-17,44.3140271326014
2007-07-18,72.21683094160967
2007-07-19,61.679840971323785
2007-07-20,0.0
2007-07-21,0.17832588724084653
2007-07-22,0.11805292872026271
2007-07-23,10.516149774929303
2007-07-24,23.350538226523323
2007-07-25,122.61074327678618
2007-07-26,49.67102539190128
2007-07-27,34.38269033967984
2007-07-28,23.18755874443913
2007-07-29,51.95627521859092
2007-07-30,49.89533355815118
2007-07-31,66.002711063213
2007-08-01,22.288350949964848
2007-08-02,7.9858902533980025
2007-08-03,6.108985494069142
2007-08-04,8.606833387878005
2007-08-05,0.17777938739838584
2007-08-06,1.8506279224905544
2007-08-07,6.003932407939859
2007-08-08,0.9255648342649758
2007-08-09,0.0
2007-08-10,22.675061928640208
2007-08-11,57.10725039932626
2007-08-12,7.8633367124934
2007-08-13,8.841430361904294
2007-08-14,37.45255146445519
2007-08-15,31.952629335730226
2007-08-16,9.852240449975932
2007-08-17,16.039892719492492
2007-08-18,10.278766102589643
2007-08-19,37.38739087123767
2007-08-20,6.9283713038738926
2007-08-21,5.288662602787627
2007-08-22,26.19945398046054
2007-08-23,19.28846818403636
2007-08-24,17.412662648778205
2007-08-25,49.64166111787668
2007-08-26,54.56443293822483
2007-08-27,33.05076002619606
2007-08-28,13.828863390399134
2007-08-29,37.272324100258665
2007-08-30,6.254425781585534
2007-08-31,4.847527237474311
2007-09-01,19.41697957611134
2007-09-02,33.964738713874844
2007-09-03,35.9682295605368
2007-09-04,18.16028814712607
2007-09-05,8.00190359200271
2007-09-06,42.40176960541605
2007-09-07,31.41011960352483
2007-09-08,55.982210189451344
2007-09-09,73.54415207743955
2007-09-10,19.53037260566754
2007-09-11,3.076926475277084
2007-09-12,9.15836231963484
2007-09-13,34.45617912041159
2007-09-14,13.205523829091137
2007-09-15,39.01080469576876
2007-09-16,1.9239081045965647
2007-09-17,3.210710953597143
2007-09-18,5.729160581084313
2007-09-19,0.0
2007-09-20,0.0
2007-09-21,0.0
2007-09-22,0.5165329933656008
2007-09-23,6.27256817980363
2007-09-24,0.0
2007-09-25,0.3868584793308462
2007-09-26,2.009240044300545
2007-09-27,8.049683476336538
2007-09-28,6.509613994387783
2007-09-29,8.222394367300371
2007-09-30,7.102122100926487
2007-10-01,16.58542546874055
2007-10-02,10.458792104608266
2007-10-03,17.892289093137023
2007-10-04,6.174826640541677
2007-10-05,23.560320206462833
2007-10-06,12.71044464567191
2007-10-07,41.09897901303737
2007-10-08,7.8732891365438
2007-10-09,17.70158729337837
2007-10-10,20.532229224382288
2007-10-11,0.16140201573622692
2007-10-12,1.409679055120851
2007-10-13,8.188804162168763
2007-10-14,17.458100036841035
2007-10-15,41.04364409993718
2007-10-16,19.570480660696393
2007-10-17,8.988073723142653
2007-10-18,22.575790091753092
2007-10-19,0.0
2007-10-20,0.0
2007-10-21,0.0
2007-10-22,0.0
2007-10-23,0.0
2007-10-24,0.0
2007-10-25,0.0
2007-10-26,0.0
2007-10-27,0.0
2007-10-28,0.0
2007-10-29,0.0
2007-10-30,0.0
2007-10-31,0.0
2007-11-01,0.0
2007-11-02,0.0
2007-11-03,0.0
2007-11-04,0.0
2007-11-05,0.0
2007-11-06,0.0
2007-11-07,0.0
2007-11-08,0.0
2007-11-09,0.0
2007-11-10,0.0
2007-11-11,0.0
2007-11-12,0.0
2007-11-13,0.0
2007-11-14,0.0
2007-11-15,40.07602155589505
2007-11-16,7.221060697450686
2007-11-17,0.0
2007-11-18,0.0
2007-11-19,0.0
2007-11-20,0.0
2007-11-21,0.0
2007-11-22,0.0
2007-11-23,0.0
2007-11-24,0.0
2007-11-25,0.0
2007-11-26,0.0
2007-11-27,0.0
2007-11-28,0.0
2007-11-29,0.0
2007-11-30,0.0
2007-12-01,0.346261957055702
2007-12-02,0.01973010783825513
2007-12-03,0.3405585834252707
2007-12-04,0.6215245402561482
2007-12-05,0.7348675560247644
2007-12-06,0.0
2007-12-07,0.099156364508546
2007-12-08,0.0
2007-12-09,0.0
2007-12-10,0.0
2007-12-11,0.0
2007-12-12,0.0
2007-12-13,0.0
2007-12-14,0.0
2007-12-15,0.0
2007-12-16,0.0
2007-12-17,0.0
2007-12-18,0.0
2007-12-19,0.0
2007-12-20,0.0
2007-12-21,0.0
2007-12-22,0.0
2007-12-23,0.0
2007-12-24,0.0
2007-12-25,0.0
2007-12-26,0.0
2007-12-27,0.0
2007-12-28,0.0
2007-12-29,0.0
2007-12-30,0.0
2007-12-31,0.0
2008-01-01,0.0
2008-01-02,0.0
2008-01-03,0.0
2008-01-04,0.0
2008-01-05,0.0
2008-01-06,0.0
2008-01-07,0.0
2008-01-08,0.0
2008-01-09,0.0
2008-01-10,0.0
2008-01-11,0.0
2008-01-12,0.0
2008-01-13,0.0
2008-01-14,0.0
2008-01-15,0.0
2008-01-16,0.0
2008-01-17,0.0
2008-01-18,0.0
2008-01-19,0.0
2008-01-20,0.07221657836117659
2008-01-21,0.12267203243226703
2008-01-22,0.2591192594048449
2008-01-23,7.098529757222284
2008-01-24,18.449767661333876
2008-01-25,0.0
2008-01-26,0.0
2008-01-27,0.0
2008-01-28,0.0
2008-01-29,0.0
2008-01-30,0.0
2008-01-31,0.0
2008-02-01,0.050452648945270566
2008-02-02,0.0
2008-02-03,0.0
2008-02-04,0.0
2008-02-05,0.04759590543795991
2008-02-06,0.0
2008-02-07,0.0
2008-02-08,0.9895065034322788
2008-02-09,5.693580706036941
2008-02-10,0.0
2008-02-11,0.016839444257239454
2008-02-12,0.0
2008-02-13,0.0
2008-02-14,0.0
2008-02-15,0.0033763498296235997
2008-02-16,0.0
2008-02-17,0.0
2008-02-18,3.4713846137451165
2008-02-19,6.578002062190932
2008-02-20,0.2586784041199183
2008-02-21,0.0
2008-02-22,0.0
2008-02-23,0.0
2008-02-24,0.0
2008-02-25,0.011158164944478714
2008-02-26,0.0
2008-02-27,0.0
2008-02-28,0.0
2008-02-29,0.0
2008-03-01,0.0
2008-03-02,0.0
2008-03-03,0.006556982043466423
2008-03-04,5.4529616952766276
2008-03-05,5.133992034249332
2008-03-06,1.8053661121302644
2008-03-07,0.20203976462111484
2008-03-08,6.981111912605179
2008-03-09,0.06066941168898352
2008-03-10,1.6961811733236871
2008-03-11,22.385546918476326
2008-03-12,2.0442223848765266
2008-03-13,2.1079634766475097
2008-03-14,5.70954592562456
2008-03-15,2.121311869137557
2008-03-16,0.0
2008-03-17,0.0
2008-03-18,0.0
2008-03-19,0.3704353419440167
2008-03-20,27.547154177704055
2008-03-21,19.609113181775957
2008-03-22,10.752260907683397
2008-03-23,7.2942180079055
2008-03-24,5.869218430549847
2008-03-25,1.3808014817726109
2008-03-26,0.1520207927765548
2008-03-27,9.318230049320032
2008-03-28,1.9095625277356645
2008-03-29,6.781125297675584
2008-03-30,11.097248627676798
2008-03-31,3.5013949347424047
2008-04-01,1.6742264120165289
2008-04-02,2.215391718642519
2008-04-03,51.48625032190455
2008-04-04,0.0
2008-04-05,0.0
2008-04-06,0.0
2008-04-07,0.0
2008-04-08,0.0
2008-04-09,0.0045646295343132436
2008-04-10,1.078043281433052
2008-04-11,0.0
2008-04-12,11.788927415670605
2008-04-13,16.095676131460944
2008-04-14,7.051004791159101
2008-04-15,25.782502421593374
2008-04-16,1.5209147563978547
2008-04-17,20.056932151695044
2008-04-18,1.044196397130751
2008-04-19,0.578066987032446
2008-04-20,0.0
2008-04-21,0.0
2008-04-22,0.0
2008-04-23,0.0
2008-04-24,0.0
2008-04-25,0.06377475310501261
2008-04-26,0.034074069282889335
2008-04-27,5.7947966553729024
2008-04-28,2.272598335830922
2008-04-29,0.7297617916839394
2008-04-30,0.0
2008-05-01,5.968350576618783
2008-05-02,0.13923075170790802
2008-05-03,0.0
2008-05-04,1.859078596307108
2008-05-05,20.390927162824248
2008-05-06,0.0
2008-05-07,20.464700145100355
2008-05-08,5.710600785731176
2008-05-09,0.0
2008-05-10,15.688459276205007
2008-05-11,0.0
2008-05-12,2.452510690096847
2008-05-13,0.0
2008-05-14,0.0
2008-05-15,2.407384571250447
2008-05-16,8.423757861112204
2008-05-17,10.426079748323613
2008-05-18,78.18446955086952
2008-05-19,4.520753618049347
2008-05-20,0.0
2008-05-21,20.69070095551377
2008-05-22,37.22882818932339
2008-05-23,0.0
2008-05-24,30.28551965691821
2008-05-25,2.268413538095944
2008-05-26,22.009843126929994
2008-05-27,21.843421858596155
2008-05-28,14.599960327224261
2008-05-29,12.506884048074761
2008-05-30,42.1167000242064
2008-05-31,23.46934605555536
2008-06-01,9.565072532187017
2008-06-02,44.98367348768277
2008-06-03,5.449359167284372
2008-06-04,21.704590016774258
2008-06-05,17.482899073636634
2008-06-06,8.464092241739063
2008-06-07,13.359690401026047
2008-06-08,10.784672735684072
2008-06-09,12.055352711787162
2008-06-10,8.826184959282132
2008-06-11,8.638899833635286
2008-06-12,8.59966500962656
2008-06-13,35.6125286371855
2008-06-14,23.18664283653297
2008-06-15,3.03241922122423
2008-06-16,51.047004886189306
2008-06-17,21.741466486827324
2008-06-18,0.0
2008-06-19,2.793267605892885
2008-06-20,15.72328645925641
2008-06-21,9.108267495390923
2008-06-22,5.921299727142087
2008-06-23,1.9617719008321979
2008-06-24,22.977535091128725
2008-06-25,18.719434921656184
2008-06-26,41.94253194227664
2008-06-27,5.709145747423546
2008-06-28,38.06560716598409
2008-06-29,26.598213050712978
2008-06-30,4.035573102771457
2008-07-01,0.670225133787216
2008-07-02,5.037923053816626
2008-07-03,23.11449856540388
2008-07-04,63.634599271757814
2008-07-05,51.87256093448661
2008-07-06,0.7958118859850322
2008-07-07,2.963160915377648
2008-07-08,4.451898253445598
2008-07-09,36.88215944090023
2008-07-10,10.973888514164681
2008-07-11,26.289193141378
2008-07-12,9.975146945811222
2008-07-13,41.51359144845217
2008-07-14,37.042725503818644
2008-07-15,21.891978970988983
2008-07-16,1.925230023980273
2008-07-17,14.014438610669675
2008-07-18,39.506052028049986
2008-07-19,20.53641318253824
2008-07-20,22.05205810904614
2008-07-21,34.25945776921076
2008-07-22,28.975116120314535
2008-07-23,41.16514850461848
2008-07-24,13.268168423209652
2008-07-25,20.195283718307806
2008-07-26,13.646273302916772
2008-07-27,4.4033248165641625
2008-07-28,9.522812524621198
2008-07-29,4.593883403614903
2008-07-30,0.7832423494859156
2008-07-31,28.9880741338995
2008-08-01,13.53178921080508
2008-08-02,19.819323913222515
2008-08-03,38.861508968929115
2008-08-04,8.403636831858176
2008-08-05,41.01003239896727
2008-08-06,23.065510813098005
2008-08-07,7.019906951728841
2008-08-08,6.321806717913816
2008-08-09,33.4471009568279
2008-08-10,21.653868015025285
2008-08-11,20.120522220064192
2008-08-12,44.5897071358094
2008-08-13,24.689942290107176
2008-08-14,17.017815196908145
2008-08-15,17.959060379710834
2008-08-16,23.82294300317397
2008-08-17,37.93297883366036
2008-08-18,24.071558099868426
2008-08-19,15.18321312271193
2008-08-20,8.193589150928009
2008-08-21,3.2597984894715824
2008-08-22,1.1410778257439427
2008-08-23,4.3037484035687426
2008-08-24,15.79694061850711
2008-08-25,18.890202104357574
2008-08-26,18.37654133731854
2008-08-27,76.83804436631908
2008-08-28,42.720184039650384
2008-08-29,25.400385061872218
2008-08-30,7.363912221436095
2008-08-31,13.330788378225169
2008-09-01,17.966296929158403
2008-09-02,33.27936601002082
2008-09-03,55.421121203703855
2008-09-04,36.77871531574372
2008-09-05,52.17139012729243
2008-09-06,0.11277567603969291
2008-09-07,8.018987189406221
2008-09-08,8.715357035347624
2008-09-09,7.208131209851369
2008-09-10,14.505542681676417
2008-09-11,17.78987464726976
2008-09-12,1.7904380179517403
2008-09-13,13.984262411222966
2008-09-14,2.460980968263883
2008-09-15,1.5536274376252934
2008-09-16,15.084348534990282
2008-09-17,5.674837751029479
2008-09-18,3.3081402341238606
2008-09-19,5.397058178071928
2008-09-20,32.168551891308745
2008-09-21,23.721605194934877
2008-09-22,23.208548183848748
2008-09-23,12.887699552315347
2008-09-24,0.0
2008-09-25,1.393618169244126
2008-09-26,25.41156751425384
2008-09-27,29.689966451356067
2008-09-28,0.0
2008-09-29,0.008583231668082605
2008-09-30,0.0
2008-10-01,12.96257660324206
2008-10-02,14.987703741611972
2008-10-03,0.38389985780477903
2008-10-04,23.12331476039459
2008-10-05,21.53702494007471
2008-10-06,0.0
2008-10-07,4.200417647666902
2008-10-08,8.781745178321458
2008-10-09,22.47326740506777
2008-10-10,0.0
2008-10-11,0.0
2008-10-12,0.0
2008-10-13,0.0
2008-10-14,0.0
2008-10-15,0.0
2008-10-16,0.0
2008-10-17,0.0
2008-10-18,0.0
2008-10-19,0.0
2008-10-20,0.0
2008-10-21,0.0
2008-10-22,0.8111166235909778
2008-10-23,1.768419820188678
2008-10-24,27.894622559675767
2008-10-25,4.947809804785823
2008-10-26,49.815268665944224
2008-10-27,30.12824991074709
2008-10-28,0.0
2008-10-29,0.0
2008-10-30,0.0
2008-10-31,0.0
2008-11-01,0.003864723386588299
2008-11-02,0.0
2008-11-03,0.0
2008-11-04,0.23842454030202745
2008-11-05,0.7776511838942797
2008-11-06,0.019638658285189237
2008-11-07,0.0
2008-11-08,0.0
2008-11-09,0.0
2008-11-10,0.0
2008-11-11,0.0
2008-11-12,0.0
2008-11-13,0.0
2008-11-14,0.09818466059375125
2008-11-15,0.09525539165173161
2008-11-16,0.0
2008-11-17,0.0
2008-11-18,0.0
2008-11-19,0.0
2008-11-20,0.0
2008-11-21,0.0
2008-11-22,0.2515528501157372
2008-11-23,0.0
2008-11-24,0.0
2008-11-25,0.0
2008-11-26,0.0
2008-11-27,0.0
2008-11-28,0.0
2008-11-29,0.0
2008-11-30,0.014781464230713984
2008-12-01,0.0
2008-12-02,0.0
2008-12-03,0.0
2008-12-04,0.0
2008-12-05,0.018998172528547717
2008-12-06,0.0
2008-12-07,0.025539124381883112
2008-12-08,0.0
2008-12-09,0.0
2008-12-10,0.0
2008-12-11,0.1693929149295383
2008-12-12,0.0
2008-12-13,0.0
2008-12-14,0.021595265509156227
2008-12-15,0.0
2008-12-16,0.0
2008-12-17,0.0
2008-12-18,0.0
2008-12-19,0.0
2008-12-20,0.0
2008-12-21,0.9350946659032584
2008-12-22,0.33133395095954055
2008-12-23,0.0
2008-12-24,0.005953419007207312
2008-12-25,0.0
2008-12-26,0.42887704982258634
2008-12-27,0.033331014836235386
2008-12-28,0.0
2008-12-29,0.0
2008-12-30,0.0
2008-12-31,0.3952366806301058
2009-01-01,0.04215233356328505
2009-01-02,0.0
2009-01-03,0.0
2009-01-04,0.0
2009-01-05,0.0
2009-01-06,0.0
2009-01-07,0.0
2009-01-08,0.016982076711415547
2009-01-09,0.16509997722835806
2009-01-10,0.25364078698275644
2009-01-11,0.0
2009-01-12,0.0
2009-01-13,0.0
2009-01-14,0.0
2009-01-15,0.0
2009-01-16,0.0
2009-01-17,0.0
2009-01-18,0.0
2009-01-19,0.0
2009-01-20,0.0
2009-01-21,0.0
2009-01-22,0.0
2009-01-23,0.0
2009-01-24,0.0
2009-01-25,0.0
2009-01-26,0.8484263004056589
2009-01-27,0.0
2009-01-28,0.0011208783066544022
2009-01-29,0.0
2009-01-30,0.011093855290266592
2009-01-31,0.011093855290266592
2009-02-01,0.0
2009-02-02,0.0
2009-02-03,0.15569488448634183
2009-02-04,0.09508006909424728
2009-02-05,0.31131287122806217
2009-02-06,0.0
2009-02-07,0.0
2009-02-08,0.0
2009-02-09,0.0
2009-02-10,0.0
2009-02-11,0.0
2009-02-12,0.031217583234602244
2009-02-13,0.0
2009-02-14,0.0
2009-02-15,0.0
2009-02-16,0.0
2009-02-17,0.0
2009-02-18,0.0
2009-02-19,0.0
2009-02-20,0.0
2009-02-21,0.0
2009-02-22,0.0
2009-02-23,0.36056332593228746
2009-02-24,3.3828789517505307
2009-02-25,5.758969672187769
2009-02-26,0.22932642964587863
2009-02-27,0.0
2009-02-28,0.012727725213157475
2009-03-01,0.0
2009-03-02,0.0
2009-03-03,0.0
2009-03-04,0.0
2009-03-05,0.5015990880332605
2009-03-06,0.0
2009-03-07,0.0
2009-03-08,0.0
2009-03-09,0.0
2009-03-10,0.0
2009-03-11,0.0
2009-03-12,0.0
2009-03-13,0.0
2009-03-14,0.0
2009-03-15,0.5617959012676627
2009-03-16,2.829540642483132
2009-03-17,0.0
2009-03-18,0.0
2009-03-19,0.0
2009-03-20,0.0
2009-03-21,0.0
2009-03-22,0.0
2009-03-23,0.0
2009-03-24,0.0
2009-03-25,0.0
2009-03-26,0.0
2009-03-27,0.34998009592748835
2009-03-28,7.440554193089951
2009-03-29,39.27333314122119
2009-03-30,6.970584618107942
2009-03-31,34.33175098208987
2009-04-01,2.8379538576528653
2009-04-02,32.84311782863882
2009-04-03,48.493714519538564
2009-04-04,28.119621188405954
2009-04-05,6.631334209699987
2009-04-06,41.26542323716221
2009-04-07,0.0
2009-04-08,12.744104147005647
2009-04-09,0.0
2009-04-10,0.0
2009-04-11,0.0
2009-04-12,0.0
2009-04-13,0.0
2009-04-14,0.0
2009-04-15,0.0
2009-04-16,6.990740757295186
2009-04-17,3.6737659313063653
2009-04-18,0.5155694592609557
2009-04-19,0.3068188236005245
2009-04-20,14.419391494562442
2009-04-21,12.919675248336807
2009-04-22,50.242569331098096
2009-04-23,8.12770958789422
2009-04-24,0.03614269345778999
2009-04-25,0.0
2009-04-26,0.0
2009-04-27,0.0
2009-04-28,0.0
2009-04-29,2.860167738604042
2009-04-30,45.919681527533804
2009-05-01,46.921772960605615
2009-05-02,25.88054641600798
2009-05-03,27.585042762713588
2009-05-04,0.0
2009-05-05,5.918146241983584
2009-05-06,8.719747819135488
2009-05-07,0.13935493678306976
2009-05-08,4.641647388238672
2009-05-09,4.335766692154801
2009-05-10,30.64967028670199
2009-05-11,15.629871237467906
2009-05-12,0.7464284974344719
2009-05-13,29.848829023992653
2009-05-14,0.0
2009-05-15,0.10650558195348263
2009-05-16,5.146382816420924
2009-05-17,33.01685337257654
2009-05-18,55.85578900687152
2009-05-19,0.5667481110930964
2009-05-20,12.556950909947773
2009-05-21,11.391586349931627
2009-05-22,1.2737716916484347
2009-05-23,29.52220569368844
2009-05-24,3.1355018639922325
2009-05-25,36.32761598848856
2009-05-26,114.36952233597866
2009-05-27,1.2713952240737476
2009-05-28,2.753827017585858
2009-05-29,18.169717719647895
2009-05-30,11.69339507654305
2009-05-31,25.911209359493995
2009-06-01,12.4224985367318
2009-06-02,1.7372754441557987
2009-06-03,0.8600883067252294
2009-06-04,3.00892678757317
2009-06-05,21.146246805553954
2009-06-06,26.757993225984997
2009-06-07,7.934840026721822
2009-06-08,63.01468325843651
2009-06-09,2.2698069238658567
2009-06-10,8.133396974573355
2009-06-11,5.692119716443129
2009-06-12,38.18601971331579
2009-06-13,27.008701171405047
2009-06-14,50.785611137088
2009-06-15,60.2066500537229
2009-06-16,13.094756464492658
2009-06-17,5.7930623823626775
2009-06-18,12.3301013332916
2009-06-19,8.435872978283827
2009-06-20,26.78513994071715
2009-06-21,9.960683656274524
2009-06-22,3.1313295423465686
2009-06-23,3.5531924097083136
2009-06-24,34.51485630348381
2009-06-25,30.75047159802349
2009-06-26,0.0
2009-06-27,3.9453180030353225
2009-06-28,8.55198334423809
2009-06-29,39.39564621856323
2009-06-30,81.6956636713107
2009-07-01,30.89574620187744
2009-07-02,40.309608612271894
2009-07-03,30.80409223221665
2009-07-04,22.7604214813727
2009-07-05,9.08717155257636
2009-07-06,17.257128215381474
2009-07-07,25.162809314727347
2009-07-08,1.1499918068693877
2009-07-09,14.493886155112913
2009-07-10,0.0
2009-07-11,0.0
2009-07-12,0.0
2009-07-13,16.608336183482955
2009-07-14,32.63339460456263
2009-07-15,3.5013145245520056
2009-07-16,0.0
2009-07-17,5.399874848146839
2009-07-18,23.19084173895796
2009-07-19,11.679469737249292
2009-07-20,0.24396257685117478
2009-07-21,18.660310945834617
2009-07-22,0.2656405394123009
2009-07-23,2.61824977106626
2009-07-24,0.8803410540638904
2009-07-25,35.44465938775747
2009-07-26,52.62069495259769
2009-07-27,35.546776078662276
2009-07-28,57.7076860454648
2009-07-29,31.658230927890845
2009-07-30,1.6909058630485405
2009-07-31,15.360127855797128
2009-08-01,0.2086842365308464
2009-08-02,13.112326991688711
2009-08-03,22.971156263685106
2009-08-04,41.46355999194498
2009-08-05,34.39216447141271
2009-08-06,19.95282575649851
2009-08-07,35.96962473327745
2009-08-08,25.709042573932784
2009-08-09,29.478216386052303
2009-08-10,31.476166851603733
2009-08-11,24.872230729105034
2009-08-12,40.38629647867832
2009-08-13,22.039223765269266
2009-08-14,7.232585859531045
2009-08-15,35.01366521355826
2009-08-16,25.850879030683238
2009-08-17,22.918519728827885
2009-08-18,61.367209516795064
2009-08-19,26.71871572130861
2009-08-20,27.09074691520147
2009-08-21,16.094576573772443
2009-08-22,6.992666840456755
2009-08-23,7.378088023959649
2009-08-24,10.988980420815201
2009-08-25,52.17557382784931
2009-08-26,54.88494907442136
2009-08-27,5.549868730070037
2009-08-28,5.092530919605029
2009-08-29,2.983184102865257
2009-08-30,4.742068781681323
2009-08-31,14.009899293937528
2009-09-01,7.571536902687616
2009-09-02,5.041600367524512
2009-09-03,25.821059776612085
2009-09-04,2.675230968260837
2009-09-05,18.49738390108359
2009-09-06,26.46268743135428
2009-09-07,2.6603633613260427
2009-09-08,10.823815494878318
2009-09-09,10.572071095085304
2009-09-10,17.394840660218875
2009-09-11,0.3500941887044155
2009-09-12,0.0
2009-09-13,0.19750173521898148
2009-09-14,26.56216078888239
2009-09-15,14.362041608277753
2009-09-16,2.8986223181719586
2009-09-17,12.12712243952485
2009-09-18,47.599578990664874
2009-09-19,25.265110544363285
2009-09-20,26.99873247720501
2009-09-21,18.302343048846247
2009-09-22,9.506334642508888
2009-09-23,13.646455184116013
2009-09-24,14.355545224219142
2009-09-25,0.0
2009-09-26,0.00860198429144399
2009-09-27,3.6652193082143847
2009-09-28,4.831584609234635
2009-09-29,4.3313073612742405
2009-09-30,0.0
2009-10-01,0.0
2009-10-02,6.8438232789268865
2009-10-03,39.234946933015586
2009-10-04,25.92562696217476
2009-10-05,6.04122295481608
2009-10-06,13.216043366059626
2009-10-07,17.193115522633878
2009-10-08,68.99999494523102
2009-10-09,10.125080717592068
2009-10-10,2.1925246142612984
2009-10-11,0.0
2009-10-12,0.0
2009-10-13,0.0
2009-10-14,0.155686263016873
2009-10-15,1.7682202970849554
2009-10-16,4.4454510933074385
2009-10-17,0.45522919166136666
2009-10-18,8.029045027141601
2009-10-19,0.0
2009-10-20,0.0
2009-10-21,0.0
2009-10-22,0.0
2009-10-23,0.0
2009-10-24,0.0
2009-10-25,0.0
2009-10-26,0.0
2009-10-27,0.0
2009-10-28,0.0
2009-10-29,0.0
2009-10-30,0.0
2009-10-31,0.0
2009-11-01,0.003935338369710202
2009-11-02,0.08759276395536117
2009-11-03,0.3336395126964351
2009-11-04,1.0653374897303323
2009-11-05,10.949952234070398
2009-11-06,0.1600715523366829
2009-11-07,0.0
2009-11-08,0.0
2009-11-09,0.0
2009-11-10,0.0
2009-11-11,0.0
2009-11-12,0.0
2009-11-13,0.0
2009-11-14,0.0
2009-11-15,0.49466182016201826
2009-11-16,0.6301418015420033
2009-11-17,3.3642447073956125
2009-11-18,0.0260751352667729
2009-11-19,0.0
2009-11-20,0.0
2009-11-21,0.0
2009-11-22,0.0
2009-11-23,0.0
2009-11-24,0.0
2009-11-25,0.0
2009-11-26,0.0
2009-11-27,0.0
2009-11-28,0.0
2009-11-29,0.0
2009-11-30,0.0
2009-12-01,0.0
2009-12-02,0.0
2009-12-03,0.0
2009-12-04,0.0
2009-12-05,0.03741573626189255
2009-12-06,0.0
2009-12-07,0.0
2009-12-08,0.0
2009-12-09,0.0
2009-12-10,0.0
2009-12-11,0.0
2009-12-12,0.0
2009-12-13,0.0
2009-12-14,0.0
2009-12-15,0.06472002860971042
2009-12-16,0.0
2009-12-17,0.00870488999133367
2009-12-18,0.00869507083408552
2009-12-19,0.9291873321022035
2009-12-20,0.967912154072419
2009-12-21,0.0
2009-12-22,0.48182134193115245
2009-12-23,0.021810867636727932
2009-12-24,0.0
2009-12-25,0.0
2009-12-26,0.23578651878660767
2009-12-27,0.0
2009-12-28,0.0
2009-12-29,0.0
2009-12-30,0.0
2009-12-31,0.058762160850293024
2010-01-01,0.0
2010-01-02,0.0
2010-01-03,0.0
2010-01-04,0.0
2010-01-05,0.0
2010-01-06,0.0
2010-01-07,0.0
2010-01-08,0.0
2010-01-09,0.0
2010-01-10,0.0549748758618046
2010-01-11,0.0
2010-01-12,0.00631202309345558
2010-01-13,0.05990848854511202
2010-01-14,0.4136850616836837
2010-01-15,0.4136850616836837
2010-01-16,0.0
2010-01-17,0.0
2010-01-18,0.0
2010-01-19,0.23270490977318797
2010-01-20,0.1260698916668633
2010-01-21,0.0
2010-01-22,0.0
2010-01-23,0.0
2010-01-24,0.0
2010-01-25,0.0
2010-01-26,0.0
2010-01-27,0.0
2010-01-28,2.622723782794379E-4
2010-01-29,0.0
2010-01-30,0.029763227073615575
2010-01-31,0.029763227073615575
2010-02-01,0.0
2010-02-02,0.0
2010-02-03,0.0
2010-02-04,4.1543232724477715E-4
2010-02-05,0.0058091623760152845
2010-02-06,0.0
2010-02-07,0.006789752778686772
2010-02-08,0.2715819032736686
2010-02-09,1.5727005990382108
2010-02-10,3.5444947989753737
2010-02-11,0.0
2010-02-12,2.2215192194870017
2010-02-13,0.3863059209858932
2010-02-14,0.0
2010-02-15,0.0
2010-02-16,0.0017205241279340596
2010-02-17,1.8852301359854002
2010-02-18,0.0
2010-02-19,0.11431481882799227
2010-02-20,0.07167665679384266
2010-02-21,0.0
2010-02-22,0.0
2010-02-23,0.10321210380135666
2010-02-24,3.921047777896678
2010-02-25,2.116183142154301
2010-02-26,0.0
2010-02-27,0.0
2010-02-28,0.0
2010-03-01,0.0
2010-03-02,0.0
2010-03-03,0.0
2010-03-04,0.0
2010-03-05,3.699972948265893
2010-03-06,0.0
2010-03-07,0.0
2010-03-08,0.0
2010-03-09,0.0
2010-03-10,0.0
2010-03-11,0.0
2010-03-12,0.0
2010-03-13,0.08805072089375851
2010-03-14,0.0
2010-03-15,16.3380082510305
2010-03-16,0.09603384144996108
2010-03-17,0.0
2010-03-18,0.0
2010-03-19,0.0
2010-03-20,0.0
2010-03-21,0.0
2010-03-22,0.0
2010-03-23,3.4938388656450874
2010-03-24,0.2440113140012269
2010-03-25,0.14757001879506104
2010-03-26,0.09272470491065726
2010-03-27,11.50154405337782
2010-03-28,30.033277010008238
2010-03-29,15.966372426099936
2010-03-30,30.321934100039307
2010-03-31,9.83388469679828
2010-04-01,3.8966132669202533
2010-04-02,22.064062971179514
2010-04-03,1.4424675203094288
2010-04-04,0.03036960457601352
2010-04-05,7.977041112366911
2010-04-06,2.0185208858802044
2010-04-07,0.0
2010-04-08,2.2058824737394427
2010-04-09,0.0
2010-04-10,3.7172844176270874
2010-04-11,5.468209419306742
2010-04-12,13.69680557054551
2010-04-13,11.550698245720643
2010-04-14,12.820092906567451
2010-04-15,21.260266717179135
2010-04-16,1.1927539584766362
2010-04-17,46.601545458569916
2010-04-18,39.41253752242503
2010-04-19,52.56867168291017
2010-04-20,31.004909343404517
2010-04-21,9.325658868134854
2010-04-22,20.188249116167135
2010-04-23,3.3112579426134285
2010-04-24,26.549638760875474
2010-04-25,14.264390279977768
2010-04-26,33.61592715293479
2010-04-27,0.0
2010-04-28,19.936132465426898
2010-04-29,26.620682533858496
2010-04-30,17.57397857365524
2010-05-01,2.001347780041508
2010-05-02,77.20488143465693
2010-05-03,5.284388502897343
2010-05-04,25.892779024805357
2010-05-05,9.2349052714976
2010-05-06,3.408688517607696
2010-05-07,11.259762083724661
2010-05-08,2.971412394011688
2010-05-09,17.379680827728397
2010-05-10,62.93456650104312
2010-05-11,35.03846120709558
2010-05-12,11.363446266750907
2010-05-13,21.56341657727211
2010-05-14,39.45190143795487
2010-05-15,0.5752900577033424
2010-05-16,12.029306833589803
2010-05-17,2.721247531394132
2010-05-18,22.74186835874756
2010-05-19,70.11837006746615
2010-05-20,79.17607619983657
2010-05-21,6.790614972509336
2010-05-22,0.0
2010-05-23,1.3759919005895582
2010-05-24,27.16736605323133
2010-05-25,84.6204804443388
2010-05-26,52.4141246807595
2010-05-27,25.810212392396885
2010-05-28,50.74629554851672
2010-05-29,2.906673297160637
2010-05-30,6.014920624632886
2010-05-31,46.6864369502072
2010-06-01,25.01188488020516
2010-06-02,50.46265839268697
2010-06-03,43.560972424840756
2010-06-04,60.23202730930157
2010-06-05,31.091949129031505
2010-06-06,38.62499879415944
2010-06-07,27.73010864343577
2010-06-08,24.780232795543526
2010-06-09,15.96979830347502
2010-06-10,19.670219103474576
2010-06-11,16.184934305981308
2010-06-12,19.17801974037667
2010-06-13,6.2598278822402
2010-06-14,4.948702975570254
2010-06-15,21.942360532693638
2010-06-16,60.80363568971172
2010-06-17,37.95619146185656
2010-06-18,13.150268002893363
2010-06-19,9.08136308042561
2010-06-20,32.020054727219595
2010-06-21,16.79571843346183
2010-06-22,24.24771554204071
2010-06-23,2.4332971104257046
2010-06-24,24.129357353515967
2010-06-25,6.8459141757206154
2010-06-26,14.427270156997068
2010-06-27,35.946933742414906
2010-06-28,64.112126399464
2010-06-29,50.28263753894733
2010-06-30,0.6691533999626305
2010-07-01,22.751856706347237
2010-07-02,12.607712685225898
2010-07-03,30.14499024814522
2010-07-04,4.933936869652381
2010-07-05,11.191981630608536
2010-07-06,0.053958682786604414
2010-07-07,0.5837309697851852
2010-07-08,0.360143156939095
2010-07-09,7.237131957993188
2010-07-10,33.18550891478544
2010-07-11,17.797902890008853
2010-07-12,10.100823920288322
2010-07-13,0.01830718387755878
2010-07-14,8.463847739439123
2010-07-15,17.331017933305223
2010-07-16,2.4482725241044867
2010-07-17,10.80888633485892
2010-07-18,26.35077020555662
2010-07-19,33.68546741792177
2010-07-20,17.084340298583594
2010-07-21,3.091559009435344
2010-07-22,8.645427829950862
2010-07-23,22.781876900387662
2010-07-24,11.658220555183103
2010-07-25,29.961954001607342
2010-07-26,23.409742880445307
2010-07-27,13.827795338442444
2010-07-28,19.87778103400197
2010-07-29,29.223318331713365
2010-07-30,22.88099309957611
2010-07-31,25.84286391991895
2010-08-01,9.457827878937376
2010-08-02,22.010535763955083
2010-08-03,19.498004570008277
2010-08-04,23.528949547074564
2010-08-05,10.685357516946945
2010-08-06,29.389441811649885
2010-08-07,4.864876677705491
2010-08-08,1.6733569715491228
2010-08-09,3.0662791481357528
2010-08-10,21.661150289241625
2010-08-11,46.82432799813493
2010-08-12,65.59295808079989
2010-08-13,50.92863732912645
2010-08-14,18.22060338223822
2010-08-15,10.437354000159166
2010-08-16,27.658358165897248
2010-08-17,32.281649962255024
2010-08-18,13.83895141471476
2010-08-19,22.798571157943567
2010-08-20,19.21955825706051
2010-08-21,16.114883871986613
2010-08-22,27.450591538992832
2010-08-23,21.454411936000678
2010-08-24,30.954101352048916
2010-08-25,28.009953452226615
2010-08-26,41.875009060960814
2010-08-27,16.387483355914927
2010-08-28,10.244677782868813
2010-08-29,40.53419250762983
2010-08-30,24.97646346795048
2010-08-31,4.942080772680422
2010-09-01,1.7086947070680456
2010-09-02,2.603900692067933
2010-09-03,38.47857427097194
2010-09-04,42.73421753272256
2010-09-05,17.238095153333305
2010-09-06,25.85740049863811
2010-09-07,28.683167931349633
2010-09-08,10.553025945971516
2010-09-09,51.16645062753311
2010-09-10,39.63119453742106
2010-09-11,22.369204736001343
2010-09-12,18.594137986087365
2010-09-13,36.543476219867486
2010-09-14,19.098394617102635
2010-09-15,19.640516167230835
2010-09-16,19.258967036543307
2010-09-17,19.91974979195219
2010-09-18,39.294520573089116
2010-09-19,31.160818508271074
2010-09-20,9.99585335601668
2010-09-21,18.545623161667184
2010-09-22,0.0
2010-09-23,9.363147884809827
2010-09-24,16.13997712004594
2010-09-25,55.85810378488505
2010-09-26,28.40959624163979
2010-09-27,44.481248259289245
2010-09-28,21.256358674344646
2010-09-29,0.0
2010-09-30,0.04451461494122362
2010-10-01,2.2019716177487627
2010-10-02,0.023029007998139093
2010-10-03,0.0
2010-10-04,0.0
2010-10-05,13.971033294087254
2010-10-06,22.760899414821314
2010-10-07,6.049280411904571
2010-10-08,140.73581546028788
2010-10-09,0.0
2010-10-10,0.0
2010-10-11,0.0
2010-10-12,0.0
2010-10-13,0.0
2010-10-14,17.694271558409564
2010-10-15,4.354374344403163
2010-10-16,13.02961637790494
2010-10-17,2.6879741873429768
2010-10-18,0.0
2010-10-19,0.0
2010-10-20,0.4821159960076974
2010-10-21,6.811605152118979
2010-10-22,31.54254529746497
2010-10-23,0.0
2010-10-24,2.2835090848854263
2010-10-25,0.0
2010-10-26,0.0
2010-10-27,0.0
2010-10-28,0.0
2010-10-29,0.0
2010-10-30,0.0
2010-10-31,0.0
2010-11-01,1.2264076150079664
2010-11-02,3.788069335132164
2010-11-03,0.09324334046676638
2010-11-04,0.0
2010-11-05,0.0
2010-11-06,0.0
2010-11-07,0.0
2010-11-08,0.0
2010-11-09,0.0
2010-11-10,0.0
2010-11-11,0.0
2010-11-12,0.0
2010-11-13,0.0
2010-11-14,0.0
2010-11-15,0.0
2010-11-16,0.0
2010-11-17,0.0
2010-11-18,0.0
2010-11-19,0.018157569599594223
2010-11-20,4.108432290881944
2010-11-21,0.0
2010-11-22,0.0
2010-11-23,0.0
2010-11-24,0.0
2010-11-25,0.0
2010-11-26,0.0
2010-11-27,0.0
2010-11-28,0.0
2010-11-29,0.0
2010-11-30,0.15070915436931517
2010-12-01,0.1485633763399363
2010-12-02,0.0
2010-12-03,0.0
2010-12-04,0.0
2010-12-05,0.0
2010-12-06,0.46861982040154826
2010-12-07,0.0
2010-12-08,2.4078673079861055
2010-12-09,6.079064563866038
2010-12-10,0.0
2010-12-11,0.011616824423438431
2010-12-12,0.0
2010-12-13,0.0
2010-12-14,0.11269263718272358
2010-12-15,0.0
2010-12-16,0.0
2010-12-17,0.0
2010-12-18,0.0
2010-12-19,0.0
2010-12-20,0.0
2010-12-21,0.0
2010-12-22,0.0
2010-12-23,0.0
2010-12-24,0.0
2010-12-25,0.0
2010-12-26,0.0
2010-12-27,0.0
2010-12-28,0.017890757804753764
2010-12-29,0.0
2010-12-30,0.0
2010-12-31,0.0
2011-01-01,0.0
2011-01-02,0.0
2011-01-03,0.0
2011-01-04,0.0
2011-01-05,0.0
2011-01-06,0.0
2011-01-07,0.0
2011-01-08,0.0
2011-01-09,0.3005424253195491
2011-01-10,0.0
2011-01-11,0.0
2011-01-12,0.0
2011-01-13,0.0
2011-01-14,0.0
2011-01-15,0.0
2011-01-16,5.790506537463
2011-01-17,0.04467968113085041
2011-01-18,0.0
2011-01-19,0.0
2011-01-20,0.0
2011-01-21,0.0
2011-01-22,0.0
2011-01-23,0.0
2011-01-24,0.0
2011-01-25,0.0
2011-01-26,0.47878798050640264
2011-01-27,0.0
2011-01-28,0.0
2011-01-29,0.0
2011-01-30,0.12461557203550389
2011-01-31,0.19691872686390702
2011-02-01,0.022558123244747246
2011-02-02,0.0
2011-02-03,0.0
2011-02-04,0.05900060709356129
2011-02-05,0.09525062994583487
2011-02-06,0.0
2011-02-07,0.006744143079054611
2011-02-08,0.0
2011-02-09,0.0
2011-02-10,0.0
2011-02-11,0.0
2011-02-12,0.30006284184644205
2011-02-13,0.0
2011-02-14,0.0
2011-02-15,0.7780365705755545
2011-02-16,2.684977157003886
2011-02-17,10.006468489410615
2011-02-18,0.023626674805943382
2011-02-19,0.0165563301602851
2011-02-20,0.0
2011-02-21,0.5452344015114408
2011-02-22,0.002587012299600286
2011-02-23,0.07327741779043774
2011-02-24,0.16320113357344915
2011-02-25,0.1702621951990117
2011-02-26,0.0
2011-02-27,0.0
2011-02-28,0.0
2011-03-01,0.0
2011-03-02,0.0
2011-03-03,0.0
2011-03-04,0.0
2011-03-05,0.0
2011-03-06,0.0
2011-03-07,0.014493420281868964
2011-03-08,0.050909584038294986
2011-03-09,0.2666001352703054
2011-03-10,0.3162747230704489
2011-03-11,13.956865003674244
2011-03-12,3.180276407705226
2011-03-13,0.0
2011-03-14,0.2216900381246718
2011-03-15,0.14164703501983766
2011-03-16,0.03151287427815458
2011-03-17,3.9277607121157567
2011-03-18,17.395726860271058
2011-03-19,9.614237839168132
2011-03-20,6.1523671972031435
2011-03-21,12.433678353623236
2011-03-22,0.0
2011-03-23,0.0
2011-03-24,3.617795513523294
2011-03-25,0.42723924709712163
2011-03-26,0.6506893991724215
2011-03-27,0.4807339568241673
2011-03-28,0.11150679859340515
2011-03-29,2.7598515548347784
2011-03-30,13.487733727603741
2011-03-31,4.695281904531298
2011-04-01,0.0
2011-04-02,0.0
2011-04-03,0.10268748399131027
2011-04-04,3.4614778454668227
2011-04-05,0.0
2011-04-06,0.0
2011-04-07,0.0
2011-04-08,0.0
2011-04-09,0.0
2011-04-10,0.0
2011-04-11,11.006975139532859
2011-04-12,0.0
2011-04-13,5.312462233800033
2011-04-14,8.40826759627671
2011-04-15,0.0
2011-04-16,38.01784923598125
2011-04-17,0.0
2011-04-18,53.042950259291615
2011-04-19,0.685530075842557
2011-04-20,4.882007001031039
2011-04-21,3.0575550681014594
2011-04-22,0.0
2011-04-23,0.0
2011-04-24,9.407261017952454
2011-04-25,0.0
2011-04-26,6.353383052921676
2011-04-27,1.0635049644950172
2011-04-28,0.0
2011-04-29,0.0
2011-04-30,0.0
2011-05-01,15.249716387969572
2011-05-02,26.253196838865126
2011-05-03,44.475786027091694
2011-05-04,0.0
2011-05-05,0.0
2011-05-06,0.0
2011-05-07,0.0
2011-05-08,0.0
2011-05-09,0.6701318150620674
2011-05-10,41.228875368927426
2011-05-11,4.99984922757505
2011-05-12,0.032072921144118055
2011-05-13,34.178825955583804
2011-05-14,11.421923616706636
2011-05-15,33.70380068758829
2011-05-16,34.51122221125991
2011-05-17,24.34686673687576
2011-05-18,30.97611047484495
2011-05-19,29.847454999381945
2011-05-20,20.20422199431474
2011-05-21,37.70862444407306
2011-05-22,11.476461598804255
2011-05-23,31.76977189560483
2011-05-24,22.743136133956927
2011-05-25,5.452223350208799
2011-05-26,0.0
2011-05-27,23.040239186791727
2011-05-28,2.4219543242005668
2011-05-29,15.946684293234531
2011-05-30,1.736622382132809
2011-05-31,70.96791596309372
2011-06-01,17.166860167277836
2011-06-02,21.454555314164434
2011-06-03,18.094367041723217
2011-06-04,11.200503922181683
2011-06-05,22.51773022097863
2011-06-06,0.2706810334671886
2011-06-07,28.519952353056098
2011-06-08,5.019409334937766
2011-06-09,13.062786403784335
2011-06-10,42.19798288551896
2011-06-11,46.76237567261689
2011-06-12,0.0
2011-06-13,15.599208554731767
2011-06-14,50.90382835061878
2011-06-15,42.374742012027205
2011-06-16,23.426593717646657
2011-06-17,28.71034948698493
2011-06-18,10.805064885399322
2011-06-19,6.260844645583327
2011-06-20,33.52675252184685
2011-06-21,29.922170526271675
2011-06-22,10.543625343580516
2011-06-23,26.059089866652066
2011-06-24,32.08050029826117
2011-06-25,45.236724555032175
2011-06-26,59.37667218644838
2011-06-27,13.704561987626722
2011-06-28,24.228324211511413
2011-06-29,82.6370654130684
2011-06-30,66.85743274206376
2011-07-01,29.94994886448697
2011-07-02,6.702249337020366
2011-07-03,10.074357491687335
2011-07-04,21.276450261272394
2011-07-05,0.757536460222535
2011-07-06,0.1819725865615336
2011-07-07,1.823940804735415
2011-07-08,30.840968338750486
2011-07-09,24.47098376814994
2011-07-10,10.180435991829128
2011-07-11,12.70020344485837
2011-07-12,27.751627953414264
2011-07-13,24.540830437489852
2011-07-14,14.933522193035609
2011-07-15,28.98225093055755
2011-07-16,51.621211076850706
2011-07-17,46.772958926573125
2011-07-18,38.512763702925575
2011-07-19,59.96399137098244
2011-07-20,4.633006100422805
2011-07-21,36.64971603173371
2011-07-22,15.556264816172028
2011-07-23,0.5994929482257677
2011-07-24,1.798873452514788
2011-07-25,10.798752390694732
2011-07-26,10.027109151275242
2011-07-27,6.627479342040782
2011-07-28,7.5104474337979745
2011-07-29,3.982388850486467
2011-07-30,3.7276422815288925
2011-07-31,1.0661933216218953
2011-08-01,15.28784779842722
2011-08-02,27.99330679516996
2011-08-03,58.820099392992354
2011-08-04,38.78579519618972
2011-08-05,55.085264990312524
2011-08-06,56.628498024870254
2011-08-07,30.799644269116133
2011-08-08,50.801784354794215
2011-08-09,46.4960585729833
2011-08-10,36.15257537077798
2011-08-11,5.227631186202088
2011-08-12,29.596900308460665
2011-08-13,8.549013144794605
2011-08-14,34.27945912854016
2011-08-15,95.86951759843934
2011-08-16,60.876579902828475
2011-08-17,41.6361824103941
2011-08-18,5.331604507204481
2011-08-19,7.510108040052084
2011-08-20,19.817819140700013
2011-08-21,39.354352057888434
2011-08-22,29.38110117502274
2011-08-23,26.34302502343301
2011-08-24,32.810426540569956
2011-08-25,3.7512194184838292
2011-08-26,14.32666296286503
2011-08-27,10.651071596361414
2011-08-28,2.179784568000538
2011-08-29,0.516542727315492
2011-08-30,6.018203038838511
2011-08-31,3.462720415059314
2011-09-01,11.151200160320824
2011-09-02,0.0
2011-09-03,2.95904923009333
2011-09-04,14.274936283611328
2011-09-05,41.05909003827674
2011-09-06,14.127097716981199
2011-09-07,21.610126811677354
2011-09-08,1.8595280744765996
2011-09-09,27.66517430391701
2011-09-10,13.586779803934773
2011-09-11,0.6643464949783155
2011-09-12,6.053121088797707
2011-09-13,47.94404039077914
2011-09-14,53.365705623989584
2011-09-15,13.945308118854335
2011-09-16,19.654884541497644
2011-09-17,43.722677799927325
2011-09-18,9.184224326002253
2011-09-19,2.477447176196098
2011-09-20,54.602004260732194
2011-09-21,14.658608977716243
2011-09-22,27.297848661437243
2011-09-23,15.046335034306152
2011-09-24,3.0958932025213106
2011-09-25,0.5120378989673622
2011-09-26,0.1104012599775573
2011-09-27,13.80077633262627
2011-09-28,1.1014479653892717
2011-09-29,0.0
2011-09-30,0.5928295006160738
2011-10-01,1.738147432379198
2011-10-02,3.903868715912907
2011-10-03,0.11409110059925955
2011-10-04,0.021267459927629448
2011-10-05,0.0
2011-10-06,0.0
2011-10-07,2.389051476138786
2011-10-08,0.8781882498015483
2011-10-09,0.46463842937805006
2011-10-10,0.0
2011-10-11,0.0
2011-10-12,0.0
2011-10-13,0.0
2011-10-14,0.0
2011-10-15,0.0
2011-10-16,0.0
2011-10-17,0.13870596647821015
2011-10-18,23.07384005286067
2011-10-19,0.12668677910506096
2011-10-20,0.8079369146880893
2011-10-21,18.737911605299935
2011-10-22,2.696888393802971
2011-10-23,0.0
2011-10-24,0.0
2011-10-25,0.0
2011-10-26,0.6601091438568238
2011-10-27,0.0
2011-10-28,0.0
2011-10-29,0.0
2011-10-30,0.0
2011-10-31,0.0
2011-11-01,0.20871165371600264
2011-11-02,0.0
2011-11-03,0.12309470644247035
2011-11-04,0.0
2011-11-05,0.0
2011-11-06,0.2744523825813945
2011-11-07,0.0033417142601666196
2011-11-08,0.0
2011-11-09,0.0
2011-11-10,0.0
2011-11-11,0.0
2011-11-12,0.0
2011-11-13,0.0
2011-11-14,0.0
2011-11-15,0.0016969153091722095
2011-11-16,2.865826637858453E-4
2011-11-17,0.0
2011-11-18,0.0
2011-11-19,0.0
2011-11-20,0.0
2011-11-21,0.0
2011-11-22,0.0
2011-11-23,0.0
2011-11-24,0.0
2011-11-25,0.0
2011-11-26,0.0
2011-11-27,0.0
2011-11-28,0.0
2011-11-29,0.0
2011-11-30,0.0
2011-12-01,0.0
2011-12-02,0.0
2011-12-03,0.5589188885662576
2011-12-04,0.0
2011-12-05,0.0
2011-12-06,0.0
2011-12-07,0.0
2011-12-08,0.0
2011-12-09,0.0
2011-12-10,0.0
2011-12-11,0.35975005867227416
2011-12-12,0.0
2011-12-13,0.0
2011-12-14,0.0
2011-12-15,0.0
2011-12-16,0.0
2011-12-17,0.0
2011-12-18,0.0
2011-12-19,0.0
2011-12-20,0.0
2011-12-21,0.0
2011-12-22,0.0
2011-12-23,0.0
2011-12-24,0.0
2011-12-25,0.0
2011-12-26,0.0
2011-12-27,0.5779031294833679
2011-12-28,0.0
2011-12-29,0.0
2011-12-30,0.0
2011-12-31,0.0
2012-01-01,0.0
2012-01-02,1.6917310843224729
2012-01-03,0.0
2012-01-04,0.0
2012-01-05,0.0
2012-01-06,0.0
2012-01-07,0.0
2012-01-08,0.0
2012-01-09,9.691537743020687
2012-01-10,0.2882161402122501
2012-01-11,4.894005439082966E-4
2012-01-12,0.0
2012-01-13,0.0
2012-01-14,0.0
2012-01-15,0.0
2012-01-16,0.0
2012-01-17,0.0
2012-01-18,0.0
2012-01-19,0.0
2012-01-20,0.0
2012-01-21,0.0
2012-01-22,0.0
2012-01-23,0.0
2012-01-24,0.0
2012-01-25,0.0
2012-01-26,0.0
2012-01-27,0.0
2012-01-28,0.0
2012-01-29,0.0
2012-01-30,0.0
2012-01-31,0.0
2012-02-01,0.1265414671919122
2012-02-02,0.0
2012-02-03,0.0
2012-02-04,0.15102674480733277
2012-02-05,0.3842343545769088
2012-02-06,0.0
2012-02-07,0.0
2012-02-08,0.8289727772686253
2012-02-09,2.3443067957442203
2012-02-10,0.1831542428554142
2012-02-11,0.0
2012-02-12,0.042803771231725365
2012-02-13,0.0
2012-02-14,0.03610682322364601
2012-02-15,7.676919346165131E-4
2012-02-16,0.0
2012-02-17,0.0
2012-02-18,0.0
2012-02-19,0.0
2012-02-20,0.0
2012-02-21,0.0
2012-02-22,0.0028156490232645174
2012-02-23,0.0
2012-02-24,0.0
2012-02-25,0.0
2012-02-26,0.0
2012-02-27,0.0
2012-02-28,0.0
2012-02-29,5.347737265386053
2012-03-01,5.123015434562504
2012-03-02,20.745241221075478
2012-03-03,0.838657465821104
2012-03-04,0.0
2012-03-05,2.150299093652351E-4
2012-03-06,2.98464948769361
2012-03-07,6.963312228144955
2012-03-08,0.05604337176717875
2012-03-09,0.0
2012-03-10,0.0
2012-03-11,0.0
2012-03-12,2.5927342954894934
2012-03-13,5.227113520586135
2012-03-14,0.12739380753125448
2012-03-15,0.32495408692149896
2012-03-16,0.0
2012-03-17,2.4588058973516262
2012-03-18,0.02047575299792441
2012-03-19,0.0
2012-03-20,1.8475218041113217
2012-03-21,8.772614553366926
2012-03-22,0.0
2012-03-23,0.0
2012-03-24,0.0
2012-03-25,0.0
2012-03-26,0.0
2012-03-27,3.2257872348351393
2012-03-28,0.0
2012-03-29,0.0
2012-03-30,9.304802609453148
2012-03-31,0.0
2012-04-01,0.0
2012-04-02,0.0
2012-04-03,0.0
2012-04-04,26.048795398683772
2012-04-05,14.982299486320326
2012-04-06,18.87352969585022
2012-04-07,15.930384924363427
2012-04-08,59.28673558228131
2012-04-09,27.031557937902626
2012-04-10,47.94163148852892
2012-04-11,6.50273739298098
2012-04-12,35.18160074701228
2012-04-13,13.155447521740854
2012-04-14,0.0
2012-04-15,16.34425388728381
2012-04-16,17.35561979912865
2012-04-17,1.7754829695259151
2012-04-18,31.931072637642536
2012-04-19,33.381140733136775
2012-04-20,37.530095825662436
2012-04-21,26.447936548056962
2012-04-22,2.0915257069495112
2012-04-23,7.510871744814989
2012-04-24,8.223853729317314
2012-04-25,21.806536321135873
2012-04-26,71.25917828081309
2012-04-27,1.9478230874743376
2012-04-28,9.401316246837874
2012-04-29,26.24182971810827
2012-04-30,13.076030448678482
2012-05-01,8.35951802662373
2012-05-02,10.115848983879525
2012-05-03,5.62528502822201
2012-05-04,0.02923325548315124
2012-05-05,0.0
2012-05-06,0.0
2012-05-07,0.0
2012-05-08,0.0
2012-05-09,0.0
2012-05-10,0.2785616138610811
2012-05-11,8.350522023953555
2012-05-12,41.31932978112149
2012-05-13,39.881679797861274
2012-05-14,38.207612640706465
2012-05-15,18.592063484233666
2012-05-16,9.01936609438013
2012-05-17,12.74282139879099
2012-05-18,14.677038618939196
2012-05-19,26.75728836360442
2012-05-20,10.914148106403609
2012-05-21,5.170699736252989
2012-05-22,4.9150816314509465
2012-05-23,28.06786513924923
2012-05-24,28.23122920331149
2012-05-25,0.42609445886922703
2012-05-26,11.786730305454448
2012-05-27,14.564896181539035
2012-05-28,23.64346652011501
2012-05-29,27.770443362396254
2012-05-30,29.448275962334648
2012-05-31,43.31601920539049
2012-06-01,40.43747102739575
2012-06-02,39.742237460836904
2012-06-03,40.38359836774195
2012-06-04,41.413412816307755
2012-06-05,9.929540807331223
2012-06-06,5.454388617600528
2012-06-07,19.494301339016374
2012-06-08,13.636682382190045
2012-06-09,32.84628117334083
2012-06-10,44.56928769105537
2012-06-11,3.039930769969794
2012-06-12,9.944037468453848
2012-06-13,28.759866681797593
2012-06-14,51.56841990503781
2012-06-15,67.76338180288163
2012-06-16,36.172028855278285
2012-06-17,0.0
2012-06-18,14.570408604604967
2012-06-19,17.13608247831638
2012-06-20,22.427966255776365
2012-06-21,30.064196255666143
2012-06-22,20.17090624579291
2012-06-23,3.911701971452962
2012-06-24,27.942073497797427
2012-06-25,43.476639604058946
2012-06-26,57.46223152157108
2012-06-27,9.410539351191915
2012-06-28,0.05701008054264942
2012-06-29,5.899927691989866
2012-06-30,34.281233999563035
2012-07-01,8.561804575102547
2012-07-02,17.19591999113936
2012-07-03,13.722733090768495
2012-07-04,2.5523973459491573
2012-07-05,21.098237156826595
2012-07-06,6.076655439215695
2012-07-07,9.18810331454309
2012-07-08,5.709968671720174
2012-07-09,3.055445184571403
2012-07-10,6.115677802843005
2012-07-11,2.200704642537115
2012-07-12,4.8251080452777
2012-07-13,29.791509300779715
2012-07-14,39.3911525573343
2012-07-15,52.634389163959526
2012-07-16,23.689417004064712
2012-07-17,36.84069065840003
2012-07-18,41.85804940288332
2012-07-19,39.244117086727435
2012-07-20,34.078606227580366
2012-07-21,9.868654319816073
2012-07-22,1.3401343449555927
2012-07-23,15.95977382937621
2012-07-24,13.014654851181078
2012-07-25,9.297072508778355
2012-07-26,26.140395637259118
2012-07-27,10.306674472587114
2012-07-28,10.313744580586082
2012-07-29,10.116771095462143
2012-07-30,3.0794069571918485
2012-07-31,7.807129223903572
2012-08-01,22.731276468145303
2012-08-02,19.413397902564146
2012-08-03,21.71393359151776
2012-08-04,13.783539342206641
2012-08-05,16.619959576320674
2012-08-06,4.654078070311637
2012-08-07,4.233191877078682
2012-08-08,47.63003774255446
2012-08-09,21.445513850174557
2012-08-10,38.195419331407145
2012-08-11,39.10141894858784
2012-08-12,18.166031409887392
2012-08-13,0.820349330958082
2012-08-14,5.425459724678989
2012-08-15,15.221410758064891
2012-08-16,10.606506755644961
2012-08-17,10.166805066769633
2012-08-18,0.0
2012-08-19,16.405122152538183
2012-08-20,43.75813897636911
2012-08-21,23.62280102510868
2012-08-22,37.21614583754584
2012-08-23,43.13494315309692
2012-08-24,11.099327279141722
2012-08-25,31.69202956726961
2012-08-26,24.25249163696858
2012-08-27,6.131894970087723
2012-08-28,6.783519979620301
2012-08-29,38.63707866017444
2012-08-30,26.08790496166048
2012-08-31,0.8883647103495912
2012-09-01,1.930287924318507
2012-09-02,9.794748838029673
2012-09-03,29.397632574394564
2012-09-04,17.353050186860806
2012-09-05,2.8540395793239512
2012-09-06,0.05981104746786243
2012-09-07,0.0
2012-09-08,15.757293273520029
2012-09-09,13.797722558499341
2012-09-10,13.296535982207535
2012-09-11,37.33823603981985
2012-09-12,16.150409766510858
2012-09-13,30.197955630113128
2012-09-14,8.921926822661243
2012-09-15,24.43676946706186
2012-09-16,25.45088658112268
2012-09-17,11.914114693340382
2012-09-18,2.018408347081393
2012-09-19,18.650824383341995
2012-09-20,30.520259627242805
2012-09-21,35.84894299559191
2012-09-22,18.945646198157608
2012-09-23,37.89135620030464
2012-09-24,23.410058608884093
2012-09-25,25.26579808772413
2012-09-26,10.003127849414676
2012-09-27,6.214971749279465
2012-09-28,1.3280316683614586
2012-09-29,13.16642645079232
2012-09-30,11.408264187682514
2012-10-01,25.848349038459244
2012-10-02,33.80229887463591
2012-10-03,33.927201592326846
2012-10-04,49.799191075454274
2012-10-05,11.705307875687252
2012-10-06,2.1377066092426182
2012-10-07,0.0
2012-10-08,19.903697017095364
2012-10-09,45.97276050389967
2012-10-10,8.18901433973934
2012-10-11,44.03064031882382
2012-10-12,2.526083360968017
2012-10-13,0.0
2012-10-14,2.30647625846214
2012-10-15,0.0
2012-10-16,0.0
2012-10-17,0.0
2012-10-18,0.0
2012-10-19,0.0
2012-10-20,0.0
2012-10-21,0.0
2012-10-22,0.0
2012-10-23,0.0
2012-10-24,0.0
2012-10-25,0.0
2012-10-26,0.0
2012-10-27,0.0
2012-10-28,0.0
2012-10-29,0.0
2012-10-30,0.0
2012-10-31,0.0
2012-11-01,7.847152402880062
2012-11-02,2.898398056577625
2012-11-03,5.607599640698537
2012-11-04,1.1191429531145747
2012-11-05,4.647985071859934
2012-11-06,3.3831088165240444
2012-11-07,0.13828515431210173
2012-11-08,0.0
2012-11-09,0.0
2012-11-10,0.0
2012-11-11,0.0
2012-11-12,0.0
2012-11-13,0.0
2012-11-14,0.0
2012-11-15,0.0
2012-11-16,0.0
2012-11-17,0.03659420645515158
2012-11-18,0.5696694004001691
2012-11-19,0.010833746509228501
2012-11-20,0.0036759651409449296
2012-11-21,0.0
2012-11-22,0.0
2012-11-23,0.0
2012-11-24,0.0
2012-11-25,0.0
2012-11-26,0.0
2012-11-27,0.0
2012-11-28,0.0
2012-11-29,0.0
2012-11-30,0.0
2012-12-01,0.0
2012-12-02,0.08104665921748648
2012-12-03,0.04300135773777637
2012-12-04,0.0
2012-12-05,0.009334960551173782
2012-12-06,0.4730175596589873
2012-12-07,0.0
2012-12-08,0.0
2012-12-09,0.0
2012-12-10,0.0
2012-12-11,0.0
2012-12-12,1.583122893639177
2012-12-13,0.0
2012-12-14,0.0
2012-12-15,0.0
2012-12-16,0.0
2012-12-17,0.0
2012-12-18,0.0
2012-12-19,0.0
2012-12-20,0.03420123215911804
2012-12-21,0.03640025393644538
2012-12-22,0.0
2012-12-23,0.0
2012-12-24,0.10044037713591802
2012-12-25,0.0
2012-12-26,0.020379036887310256
2012-12-27,0.0
2012-12-28,0.0
2012-12-29,0.0
2012-12-30,0.0
2012-12-31,0.0
2013-01-01,0.0
2013-01-02,0.0
2013-01-03,0.0
2013-01-04,0.0
2013-01-05,0.0
2013-01-06,0.0
2013-01-07,0.20349108136922947
2013-01-08,0.0
2013-01-09,0.0
2013-01-10,0.14835802727818925
2013-01-11,0.05906292889986274
2013-01-12,0.0
2013-01-13,0.029112690630472306
2013-01-14,0.0
2013-01-15,0.0
2013-01-16,0.0
2013-01-17,0.0
2013-01-18,0.0
2013-01-19,0.05714406889875776
2013-01-20,0.12937597539039414
2013-01-21,0.0
2013-01-22,0.0
2013-01-23,0.012024666550071124
2013-01-24,0.0
2013-01-25,0.0
2013-01-26,0.0
2013-01-27,0.0
2013-01-28,0.14880400779038297
2013-01-29,0.0
2013-01-30,0.0
2013-01-31,0.0
2013-02-01,1.666993660440204
2013-02-02,0.674911601406708
2013-02-03,5.18096349751679
2013-02-04,0.02461784138845935
2013-02-05,0.043449871367224516
2013-02-06,0.0
2013-02-07,0.0
2013-02-08,2.9041593029846435
2013-02-09,0.0
2013-02-10,0.0
2013-02-11,2.060255788515074
2013-02-12,0.0
2013-02-13,0.0
2013-02-14,0.0
2013-02-15,0.0
2013-02-16,0.0
2013-02-17,2.3556873222705743
2013-02-18,0.0
2013-02-19,0.0
2013-02-20,0.0
2013-02-21,0.0
2013-02-22,0.853421568401718
2013-02-23,0.0
2013-02-24,0.0
2013-02-25,0.0
2013-02-26,0.0
2013-02-27,0.0
2013-02-28,0.0
2013-03-01,2.4811570432614185
2013-03-02,1.215450237080075
2013-03-03,0.0
2013-03-04,0.0
2013-03-05,0.0
2013-03-06,0.0
2013-03-07,0.0862099836617324
2013-03-08,0.535937164518632
2013-03-09,1.2485735104298492
2013-03-10,3.7852070128530535
2013-03-11,0.0
2013-03-12,0.00734621533042819
2013-03-13,2.065626939558339
2013-03-14,0.010860180093644953
2013-03-15,3.9764076972834372
2013-03-16,3.389150210177136
2013-03-17,0.2744987837192253
2013-03-18,0.0
2013-03-19,0.0
2013-03-20,0.0
2013-03-21,19.39285220423088
2013-03-22,6.604296089259752
2013-03-23,0.0
2013-03-24,6.3742441667318595
2013-03-25,3.612027192556338
2013-03-26,3.681956507706596
2013-03-27,0.0
2013-03-28,0.0
2013-03-29,0.0
2013-03-30,2.651944244160609E-4
2013-03-31,1.6665296070813074
2013-04-01,0.5384471106393408
2013-04-02,2.8390069124924824
2013-04-03,0.0
2013-04-04,0.0
2013-04-05,0.0
2013-04-06,0.0
2013-04-07,0.0
2013-04-08,0.44470190109054775
2013-04-09,0.0
2013-04-10,2.678875153720599
2013-04-11,0.12331543249080211
2013-04-12,0.8068866683922392
2013-04-13,0.058714855379470965
2013-04-14,0.1606730250107648
2013-04-15,0.6973001218435712
2013-04-16,18.71362490508654
2013-04-17,9.240757733413666
2013-04-18,0.3474612154185274
2013-04-19,34.49348113503806
2013-04-20,0.3421046694419678
2013-04-21,8.500306011768226
2013-04-22,4.245424070849784
2013-04-23,0.0
2013-04-24,0.0
2013-04-25,0.011193737457033025
2013-04-26,2.9705143196718375
2013-04-27,44.34840081151802
2013-04-28,31.36294820482354
2013-04-29,33.26125101681051
2013-04-30,42.68266024477431
2013-05-01,80.23240199182389
2013-05-02,10.200222042062551
2013-05-03,51.82511168397565
2013-05-04,28.767469667636146
2013-05-05,8.993360188900807
2013-05-06,20.22906011018442
2013-05-07,1.5224096553121078
2013-05-08,25.68334665706889
2013-05-09,68.66230933316884
2013-05-10,95.54988906190525
2013-05-11,79.03902977432145
2013-05-12,34.98399323374113
2013-05-13,1.4462731603027454
2013-05-14,0.0
2013-05-15,0.4319337551446442
2013-05-16,96.55494329833583
2013-05-17,6.598125692700524
2013-05-18,12.107506428855316
2013-05-19,0.0
2013-05-20,0.7222538728234953
2013-05-21,0.17030683327967697
2013-05-22,3.8740518509950346
2013-05-23,65.37004457743575
2013-05-24,8.568547781143705
2013-05-25,1.0738341224837855
2013-05-26,0.4184903218773002
2013-05-27,30.24140028372896
2013-05-28,11.773666766917673
2013-05-29,40.28827289922599
2013-05-30,16.352909043975504
2013-05-31,3.414690572838145
2013-06-01,3.8410576045563083
2013-06-02,0.0
2013-06-03,24.556426960368935
2013-06-04,19.084205736002126
2013-06-05,22.590724132689832
2013-06-06,43.793830788482616
2013-06-07,25.00827435981625
2013-06-08,36.512856753375516
2013-06-09,31.675974109981457
2013-06-10,8.221435196420847
2013-06-11,0.12178761257009349
2013-06-12,0.0
2013-06-13,30.46987010676597
2013-06-14,28.58052246385332
2013-06-15,8.059358997647777
2013-06-16,11.244243124539928
2013-06-17,11.246105279056108
2013-06-18,13.372201138205828
2013-06-19,30.754448868961457
2013-06-20,6.198229954198644
2013-06-21,39.266376455518014
2013-06-22,38.93299579398357
2013-06-23,40.64805626751302
2013-06-24,51.361489615022926
2013-06-25,27.899591633042906
2013-06-26,50.75672306644504
2013-06-27,38.99445659356373
2013-06-28,36.83225168947685
2013-06-29,13.492844072252389
2013-06-30,10.924026191105307
2013-07-01,7.256434932807436
2013-07-02,58.76288138786952
2013-07-03,18.077079306129736
2013-07-04,12.702652237085816
2013-07-05,9.52546854984876
2013-07-06,26.21885092641232
2013-07-07,1.9249579546467477
2013-07-08,7.414481352134037
2013-07-09,3.747945190255088
2013-07-10,29.069078490403896
2013-07-11,27.83378256049142
2013-07-12,37.46736738815784
2013-07-13,1.8572690789783166
2013-07-14,17.29761208066027
2013-07-15,12.543902800097696
2013-07-16,32.806839837729
2013-07-17,0.08200742038671532
2013-07-18,4.756258004018019
2013-07-19,17.678378497308724
2013-07-20,14.078916732879712
2013-07-21,21.218788969022402
2013-07-22,21.84059655174082
2013-07-23,23.295485720088802
2013-07-24,29.67087545908121
2013-07-25,16.53004074053243
2013-07-26,54.813113279462
2013-07-27,36.27337737642024
2013-07-28,0.10424626341357243
2013-07-29,10.439247838371347
2013-07-30,51.672867660542295
2013-07-31,48.62751868115109
2013-08-01,15.784743929770416
2013-08-02,6.56703038167513
2013-08-03,34.60761233942662
2013-08-04,34.47212263369952
2013-08-05,33.08276462699711
2013-08-06,14.34099631925049
2013-08-07,42.205117384220344
2013-08-08,12.909661726765993
2013-08-09,7.119006386077201
2013-08-10,53.83524527032238
2013-08-11,35.61893097163174
2013-08-12,15.946985815653187
2013-08-13,24.53669768877795
2013-08-14,15.559314333986794
2013-08-15,9.975355481223072
2013-08-16,54.5546609682267
2013-08-17,6.715634957777641
2013-08-18,15.275948115786578
2013-08-19,20.045717515401016
2013-08-20,16.06879087027525
2013-08-21,16.69364873143687
2013-08-22,17.8894025683868
2013-08-23,18.556140210636006
2013-08-24,3.597160022929107
2013-08-25,19.355734636280214
2013-08-26,79.87424677065891
2013-08-27,27.62391233657251
2013-08-28,4.808119417674376
2013-08-29,0.0
2013-08-30,4.320468387489719
2013-08-31,11.730257977875628
2013-09-01,13.370020290455383
2013-09-02,10.318458383721975
2013-09-03,3.760350728937459
2013-09-04,31.424735769693644
2013-09-05,33.83838851380306
2013-09-06,23.115119343354674
2013-09-07,8.386815668926006
2013-09-08,2.11452801611386
2013-09-09,10.252296594248161
2013-09-10,5.965585329538062
2013-09-11,4.630873958838548
2013-09-12,0.0
2013-09-13,0.19955558553956385
2013-09-14,4.594704675874719
2013-09-15,9.075174454387076
2013-09-16,8.211015236084355
2013-09-17,25.91025986012608
2013-09-18,15.030687745557653
2013-09-19,11.320749685375523
2013-09-20,11.100474224251625
2013-09-21,0.10994993552398805
2013-09-22,0.4354346996359464
2013-09-23,1.3956124775771164
2013-09-24,11.763214148642856
2013-09-25,9.207418348098658
2013-09-26,16.244166077084767
2013-09-27,10.928358054368593
2013-09-28,43.4749802466515
2013-09-29,0.9078254511590688
2013-09-30,1.1743640246335716
2013-10-01,0.0
2013-10-02,2.8793764128237798
2013-10-03,11.213261284094191
2013-10-04,51.60483689202124
2013-10-05,112.33293564229078
2013-10-06,74.72607687206927
2013-10-07,0.4788775837430721
2013-10-08,0.05206743651378737
2013-10-09,0.0
2013-10-10,0.0
2013-10-11,0.0
2013-10-12,10.526313321254857
2013-10-13,0.0
2013-10-14,0.35044594388931816
2013-10-15,7.461910571147713
2013-10-16,0.0
2013-10-17,0.0
2013-10-18,0.0
2013-10-19,0.0
2013-10-20,5.773786964219593
2013-10-21,1.3778618112211187
2013-10-22,0.1292665317119854
2013-10-23,1.3016084932832104
2013-10-24,0.0
2013-10-25,1.6983687850490699
2013-10-26,0.035645936812015826
2013-10-27,0.33359231005271733
2013-10-28,0.0
2013-10-29,0.0
2013-10-30,0.0
2013-10-31,0.0
2013-11-01,0.0032583577461713677
2013-11-02,0.0327607839873009
2013-11-03,0.6910586961988097
2013-11-04,0.0
2013-11-05,0.0
2013-11-06,0.0
2013-11-07,0.0
2013-11-08,0.47753286985990945
2013-11-09,0.022036697503191895
2013-11-10,0.0
2013-11-11,0.0
2013-11-12,0.0
2013-11-13,0.0
2013-11-14,0.0
2013-11-15,0.10366756267584273
2013-11-16,0.19275731128401274
2013-11-17,0.0
2013-11-18,0.0
2013-11-19,0.0
2013-11-20,0.06200252172280296
2013-11-21,0.002860371667513295
2013-11-22,0.0
2013-11-23,0.0
2013-11-24,0.0
2013-11-25,0.006369770614280616
2013-11-26,0.0
2013-11-27,0.01076160021450957
2013-11-28,0.0
2013-11-29,0.0
2013-11-30,0.0
2013-12-01,0.5434598813727498
2013-12-02,0.0
2013-12-03,0.7964226335174189
2013-12-04,0.00678367340310665
2013-12-05,0.0
2013-12-06,0.0
2013-12-07,0.09898630196616374
2013-12-08,3.037488437376123
2013-12-09,1.0488456636102759
2013-12-10,0.07532911720482292
2013-12-11,0.0
2013-12-12,0.0
2013-12-13,0.0
2013-12-14,0.09606137719804776
2013-12-15,0.0
2013-12-16,0.0
2013-12-17,0.0
2013-12-18,0.0
2013-12-19,0.0
2013-12-20,0.0
2013-12-21,0.013942369894268343
2013-12-22,0.0
2013-12-23,0.0
2013-12-24,0.0
2013-12-25,0.0
2013-12-26,0.03124139291417419
2013-12-27,0.0
2013-12-28,0.0
2013-12-29,0.04958678765999618
2013-12-30,0.12250135032889531
2013-12-31,0.0
2014-01-01,0.00912327372708241
2014-01-02,0.003926392078110086
2014-01-03,0.0
2014-01-04,0.07838452187065977
2014-01-05,0.1496125505588365
2014-01-06,0.0
2014-01-07,0.09075747980376085
2014-01-08,0.0
2014-01-09,0.0
2014-01-10,0.0
2014-01-11,0.0
2014-01-12,0.27493375873645626
2014-01-13,0.0
2014-01-14,0.0
2014-01-15,0.0
2014-01-16,0.0
2014-01-17,0.0
2014-01-18,0.0
2014-01-19,0.15894896148280532
2014-01-20,0.0
2014-01-21,0.0
2014-01-22,0.0
2014-01-23,0.012798334687576773
2014-01-24,0.0
2014-01-25,0.0
2014-01-26,7.060131719591489E-4
2014-01-27,0.0
2014-01-28,0.09287176429079155
2014-01-29,0.0
2014-01-30,0.0
2014-01-31,0.0
2014-02-01,0.0
2014-02-02,0.0
2014-02-03,0.0
2014-02-04,2.979182422374829
2014-02-05,0.0
2014-02-06,0.0
2014-02-07,0.0
2014-02-08,0.0
2014-02-09,0.0
2014-02-10,0.08377499617923825
2014-02-11,0.0
2014-02-12,0.0
2014-02-13,0.0
2014-02-14,0.0
2014-02-15,2.018809884222117
2014-02-16,6.064546412861933
2014-02-17,0.0
2014-02-18,0.0
2014-02-19,0.0
2014-02-20,0.0
2014-02-21,0.0
2014-02-22,0.0
2014-02-23,1.1285347987126548
2014-02-24,2.5622083197007193
2014-02-25,0.0
2014-02-26,0.0
2014-02-27,0.0
2014-02-28,0.010916190389258824
2014-03-01,0.3114806733451723
2014-03-02,0.1445876331361887
2014-03-03,0.0
2014-03-04,0.0
2014-03-05,0.010010388291098243
2014-03-06,0.0
2014-03-07,0.0
2014-03-08,0.1457752857071464
2014-03-09,0.0
2014-03-10,0.420083614962258
2014-03-11,0.18242630410858318
2014-03-12,0.0
2014-03-13,0.5662301265118878
2014-03-14,0.0
2014-03-15,0.35816365427162955
2014-03-16,0.0
2014-03-17,0.0
2014-03-18,0.0
2014-03-19,0.16585240453427366
2014-03-20,0.2733822186319095
2014-03-21,0.0
2014-03-22,49.5182957596005
2014-03-23,0.20820736223543856
2014-03-24,6.883968879200898
2014-03-25,0.0
2014-03-26,7.685174341623167
2014-03-27,7.604628906976399
2014-03-28,0.0
2014-03-29,0.0
2014-03-30,0.0
2014-03-31,0.0
2014-04-01,0.0
2014-04-02,0.31312361376401554
2014-04-03,17.72588184888274
2014-04-04,0.26208904665741783
2014-04-05,0.0
2014-04-06,0.0
2014-04-07,19.088788382937597
2014-04-08,42.65620948651211
2014-04-09,6.739345129821145
2014-04-10,0.3143424455331011
2014-04-11,0.0
2014-04-12,1.8600245744902588
2014-04-13,0.0
2014-04-14,0.0
2014-04-15,0.0
2014-04-16,5.278957119206862
2014-04-17,33.708465268911716
2014-04-18,0.0
2014-04-19,1.7104373680518306
2014-04-20,0.0
2014-04-21,0.0
2014-04-22,0.0
2014-04-23,0.0
2014-04-24,0.0
2014-04-25,2.9730408037812963
2014-04-26,16.618846943536948
2014-04-27,18.197643509381592
2014-04-28,0.032567999871138856
2014-04-29,21.835098723031
2014-04-30,0.0
2014-05-01,62.48359422409861
2014-05-02,11.497527094823042
2014-05-03,5.008351180280479
2014-05-04,20.61013224826008
2014-05-05,19.333489458245367
2014-05-06,27.895054917569762
2014-05-07,21.08659893376861
2014-05-08,42.0649275615083
2014-05-09,95.95599320508383
2014-05-10,4.361673176645391
2014-05-11,2.5790654942386824
2014-05-12,8.671030406082362
2014-05-13,25.70547156190378
2014-05-14,22.20766957185172
2014-05-15,16.083107661464588
2014-05-16,4.389275636089284
2014-05-17,10.702292545980521
2014-05-18,3.539712874258731
2014-05-19,6.814350944689026
2014-05-20,1.5703463080764883
2014-05-21,3.642036556235786
2014-05-22,2.21318992903515
2014-05-23,0.016761147739095664
2014-05-24,30.001091021095434
2014-05-25,17.63420331493629
2014-05-26,10.996646555703961
2014-05-27,17.413349992664024
2014-05-28,57.349287245141895
2014-05-29,13.184118309779658
2014-05-30,14.073950096386119
2014-05-31,47.69839737253356
2014-06-01,0.0
2014-06-02,3.6664459936473515
2014-06-03,14.77604538178326
2014-06-04,17.60026579215035
2014-06-05,19.582171054997925
2014-06-06,2.9983366470147153
2014-06-07,3.7191226605113363
2014-06-08,6.873926910214121
2014-06-09,62.13977162438304
2014-06-10,72.43034554846054
2014-06-11,24.941995155218006
2014-06-12,32.8709150679091
2014-06-13,36.71273161301756
2014-06-14,9.896875444830144
2014-06-15,10.575909088071654
2014-06-16,10.272560098007755
2014-06-17,20.46764862876246
2014-06-18,70.4400162746892
2014-06-19,30.32644666252316
2014-06-20,7.292129491946837
2014-06-21,46.32190958722281
2014-06-22,24.46027642748229
2014-06-23,90.16941578305956
2014-06-24,3.4640607272994997
2014-06-25,8.22208968166783
2014-06-26,44.16486545043558
2014-06-27,0.0
2014-06-28,0.20375797286703343
2014-06-29,24.83337689587772
2014-06-30,35.75449755162774
2014-07-01,29.6719197146423
2014-07-02,18.73648038679472
2014-07-03,23.760063013688875
2014-07-04,38.475437485962445
2014-07-05,0.2983539763092906
2014-07-06,49.1109854926609
2014-07-07,48.66046287785868
2014-07-08,22.976654818561215
2014-07-09,10.00223789837384
2014-07-10,17.034769357441775
2014-07-11,24.117288433048298
2014-07-12,20.682980966309085
2014-07-13,33.71717564994368
2014-07-14,43.227387042515886
2014-07-15,18.174395199208927
2014-07-16,17.03481093713247
2014-07-17,1.0142682292766743
2014-07-18,27.151916009701818
2014-07-19,30.494950543740973
2014-07-20,8.424855632343625
2014-07-21,13.694887606959933
2014-07-22,2.3483067438472185
2014-07-23,2.501023225861379
2014-07-24,37.64394382702971
2014-07-25,5.254270628311413
2014-07-26,15.248860626598365
2014-07-27,29.079514097248367
2014-07-28,29.14434384990808
2014-07-29,27.82483019029999
2014-07-30,17.591471451372165
2014-07-31,25.211758703900873
2014-08-01,13.561858701590785
2014-08-02,22.14586216482099
2014-08-03,11.924075588013851
2014-08-04,10.106079065287098
2014-08-05,0.5751550281989948
2014-08-06,6.249451641521963
2014-08-07,16.289671282626756
2014-08-08,11.572975349551738
2014-08-09,4.093298880668036
2014-08-10,0.2988938273545447
2014-08-11,0.28416457072377355
2014-08-12,9.99556371791377
2014-08-13,61.30037445922887
2014-08-14,55.46577710140941
2014-08-15,50.293623013189006
2014-08-16,28.26550966959545
2014-08-17,75.49156232777977
2014-08-18,25.52229536203286
2014-08-19,28.88943369519366
2014-08-20,4.664319507113447
2014-08-21,9.912043831580826
2014-08-22,18.18735443641015
2014-08-23,29.88376615298825
2014-08-24,38.11072970222958
2014-08-25,23.617533765373214
2014-08-26,0.8577478285388196
2014-08-27,9.24127894061347
2014-08-28,18.57416165783378
2014-08-29,5.52490711003599
2014-08-30,32.65620498338215
2014-08-31,16.651252637262875
2014-09-01,15.527156129966748
2014-09-02,5.208477582527083
2014-09-03,10.187250228901794
2014-09-04,31.60993344958696
2014-09-05,14.789553117880992
2014-09-06,44.46569069758143
2014-09-07,39.17539955216558
2014-09-08,13.4889585293
2014-09-09,0.19816120076057453
2014-09-10,1.7509955413524694
2014-09-11,3.1162451759275025
2014-09-12,5.7407123462132255
2014-09-13,14.773106059941604
2014-09-14,16.738809681366856
2014-09-15,14.910387804139274
2014-09-16,10.94092282436453
2014-09-17,3.0598107238367525
2014-09-18,96.73258124015292
2014-09-19,43.522419312005674
2014-09-20,31.619254080577175
2014-09-21,85.81124408999821
2014-09-22,128.18819249990037
2014-09-23,58.38159618026473
2014-09-24,21.79108137118627
2014-09-25,24.193573910078417
2014-09-26,79.3874568123589
2014-09-27,6.978878568745974
2014-09-28,5.934910026729654E-4
2014-09-29,0.0
2014-09-30,0.0
2014-10-01,0.0
2014-10-02,0.0
2014-10-03,0.0
2014-10-04,0.0
2014-10-05,0.0
2014-10-06,0.0
2014-10-07,2.26553477729326
2014-10-08,0.0
2014-10-09,0.0
2014-10-10,0.8486705532627181
2014-10-11,8.736546334402021
2014-10-12,0.7423538508428591
2014-10-13,7.117415860351741
2014-10-14,6.436043437419188
2014-10-15,4.032370604445189
2014-10-16,8.010273102158441
2014-10-17,0.0
2014-10-18,0.0
2014-10-19,0.0
2014-10-20,0.0
2014-10-21,0.0
2014-10-22,0.30879993063108513
2014-10-23,0.0
2014-10-24,0.0
2014-10-25,0.0
2014-10-26,20.383995677025858
2014-10-27,28.71815370396457
2014-10-28,1.1209489983215601
2014-10-29,0.09880448693512917
2014-10-30,0.0
2014-10-31,0.0
2014-11-01,0.0
2014-11-02,0.0
2014-11-03,0.0
2014-11-04,0.07419345299313237
2014-11-05,0.6593183139010248
2014-11-06,0.0
2014-11-07,0.0
2014-11-08,0.5646211755361557
2014-11-09,0.4640402346758948
2014-11-10,0.0
2014-11-11,0.012755305751339865
2014-11-12,0.009721346863754109
2014-11-13,0.0
2014-11-14,0.006464353657345173
2014-11-15,0.0
2014-11-16,0.003275338489135565
2014-11-17,0.0
2014-11-18,0.021676407772907084
2014-11-19,0.0010904597110902167
2014-11-20,0.0
2014-11-21,0.4362814762649467
2014-11-22,0.0
2014-11-23,0.0
2014-11-24,0.0
2014-11-25,0.1396536374808439
2014-11-26,0.0
2014-11-27,0.0
2014-11-28,0.0
2014-11-29,0.0
2014-11-30,0.0
2014-12-01,0.0
2014-12-02,0.11400501497126694
2014-12-03,0.31704904591794825
2014-12-04,0.0
2014-12-05,0.0
2014-12-06,0.8014110936188729
2014-12-07,0.0
2014-12-08,0.004885140323283155
2014-12-09,0.0
2014-12-10,0.03865960266994063
2014-12-11,0.0
2014-12-12,0.0
2014-12-13,0.10378807801224875
2014-12-14,0.0
2014-12-15,0.0
2014-12-16,0.0
2014-12-17,0.115201911607985
2014-12-18,0.0
2014-12-19,0.0
2014-12-20,0.0
2014-12-21,0.0
2014-12-22,0.0
2014-12-23,0.010015002635322224
2014-12-24,0.0
2014-12-25,0.041679704350631716
2014-12-26,0.0
2014-12-27,0.0
2014-12-28,0.0
2014-12-29,0.0
2014-12-30,0.0
2014-12-31,1.0159011696163425
2015-01-01,0.0
2015-01-02,0.0
2015-01-03,0.0
2015-01-04,0.0
2015-01-05,0.0
2015-01-06,0.0
2015-01-07,0.0
2015-01-08,0.0
2015-01-09,1.543104889178708
2015-01-10,0.0
2015-01-11,0.17267158051905787
2015-01-12,0.0
2015-01-13,0.07248788499448813
2015-01-14,0.0
2015-01-15,0.0
2015-01-16,0.0
2015-01-17,0.7817521419627456
2015-01-18,0.0
2015-01-19,0.0
2015-01-20,0.0
2015-01-21,0.0
2015-01-22,0.0
2015-01-23,1.8895691824391616
2015-01-24,0.08274567943880871
2015-01-25,0.0
2015-01-26,0.0
2015-01-27,0.0
2015-01-28,0.0
2015-01-29,3.542425360018372
2015-01-30,0.2954337598341152
2015-01-31,0.0
2015-02-01,0.021604397455754695
2015-02-02,0.0
2015-02-03,0.0
2015-02-04,0.0
2015-02-05,0.5799588594634235
2015-02-06,4.385222152511076
2015-02-07,0.054712163209604855
2015-02-08,0.146914837331494
2015-02-09,0.032200901741227354
2015-02-10,1.4992468573900841
2015-02-11,0.08532293032946248
2015-02-12,0.003701700520575421
2015-02-13,0.9847709284437925
2015-02-14,0.0
2015-02-15,0.0
2015-02-16,0.0
2015-02-17,0.0
2015-02-18,1.9161532347161812
2015-02-19,1.745226892683207
2015-02-20,0.0
2015-02-21,0.22923484534849925
2015-02-22,0.36478472184388183
2015-02-23,0.0
2015-02-24,0.0
2015-02-25,0.0
2015-02-26,21.015604701506433
2015-02-27,5.21372873318215
2015-02-28,0.05655997193696292
2015-03-01,0.7815161605777702
2015-03-02,0.0
2015-03-03,0.0
2015-03-04,0.0
2015-03-05,0.0
2015-03-06,0.0
2015-03-07,0.0
2015-03-08,0.0
2015-03-09,0.0
2015-03-10,0.0
2015-03-11,0.0
2015-03-12,0.0
2015-03-13,0.0
2015-03-14,0.0
2015-03-15,0.0
2015-03-16,0.0
2015-03-17,0.0
2015-03-18,0.0
2015-03-19,0.0
2015-03-20,0.0
2015-03-21,0.0
2015-03-22,0.0
2015-03-23,0.0
2015-03-24,0.10033117662036373
2015-03-25,8.340372658845206
2015-03-26,0.8179970454019666
2015-03-27,9.738281532084866
2015-03-28,15.314869919278532
2015-03-29,3.2362167366857957
2015-03-30,27.203260846185003
2015-03-31,1.5381836171492291
2015-04-01,58.437155759271405
2015-04-02,35.88449765947752
2015-04-03,0.7921414737748842
2015-04-04,45.876750649216135
2015-04-05,23.373310561315357
2015-04-06,6.255119084905108
2015-04-07,49.46312421995498
2015-04-08,0.0
2015-04-09,0.32151516017283355
2015-04-10,0.0
2015-04-11,13.220483009733364
2015-04-12,28.01639582929412
2015-04-13,0.3603774819316581
2015-04-14,0.0
2015-04-15,0.0
2015-04-16,0.0
2015-04-17,0.029056740725475795
2015-04-18,20.694837411913458
2015-04-19,0.04670377926409907
2015-04-20,32.84166843614465
2015-04-21,66.39051480297545
2015-04-22,50.138807464668325
2015-04-23,18.41131320301947
2015-04-24,6.06517203217289
2015-04-25,7.85933512837596
2015-04-26,0.2031137178599228
2015-04-27,0.0
2015-04-28,0.0
2015-04-29,0.6039675751429037
2015-04-30,0.0
2015-05-01,17.28945742103375
2015-05-02,38.36807703089364
2015-05-03,0.16801972834743534
2015-05-04,0.5363919396641892
2015-05-05,3.0621877923564274
2015-05-06,1.6840184218542702
2015-05-07,58.26994032648273
2015-05-08,0.0
2015-05-09,4.319255612590855
2015-05-10,62.12977048823371
2015-05-11,44.49066688369037
2015-05-12,25.471424414304103
2015-05-13,10.75631521273567
2015-05-14,18.64600905768524
2015-05-15,74.41280479534012
2015-05-16,23.151525499249754
2015-05-17,4.716864610586337
2015-05-18,0.0
2015-05-19,0.0
2015-05-20,2.1735596240923276
2015-05-21,30.950459535372648
2015-05-22,65.36913429460436
2015-05-23,39.52082087063482
2015-05-24,16.696653298336642
2015-05-25,3.4540795894091176
2015-05-26,4.599397413850788
2015-05-27,19.019446430589344
2015-05-28,20.685559765750178
2015-05-29,39.23345839176467
2015-05-30,56.74872699780402
2015-05-31,10.123930582360778
2015-06-01,3.356967742914459
2015-06-02,27.795563137671554
2015-06-03,3.7010832430086986
2015-06-04,0.0
2015-06-05,20.7560187077764
2015-06-06,30.582392636679106
2015-06-07,9.064414039724298
2015-06-08,13.405151367466722
2015-06-09,34.37002516254088
2015-06-10,55.63781486680388
2015-06-11,57.72018459831139
2015-06-12,42.79893284554677
2015-06-13,39.6202610986669
2015-06-14,19.581066511837047
2015-06-15,8.77804124044029
2015-06-16,17.78558936053167
2015-06-17,9.691321786438438
2015-06-18,10.333281234244136
2015-06-19,30.327964106116532
2015-06-20,37.67553363663094
2015-06-21,24.929552320609282
2015-06-22,7.304057867930124
2015-06-23,9.210151958864076
2015-06-24,10.732433965209518
2015-06-25,20.040097193770205
2015-06-26,0.7860243190865785
2015-06-27,0.7606673235318379
2015-06-28,2.5968579974604276
2015-06-29,0.0
2015-06-30,0.0
2015-07-01,1.6115979668768718
2015-07-02,0.0
2015-07-03,13.311807262277322
2015-07-04,41.5336191043835
2015-07-05,34.25308560145075
2015-07-06,29.354005261480452
2015-07-07,24.528152554490408
2015-07-08,46.06903193436224
2015-07-09,53.69132525059533
2015-07-10,8.682449265256622
2015-07-11,23.751250086179244
2015-07-12,0.09927800531719083
2015-07-13,17.7656112755604
2015-07-14,112.8261400855113
2015-07-15,69.59895390024103
2015-07-16,63.3574431003827
2015-07-17,28.11967857449832
2015-07-18,9.530842106778248
2015-07-19,42.76139687093614
2015-07-20,32.35202468154792
2015-07-21,42.273815329177346
2015-07-22,28.910965132543005
2015-07-23,20.698358492744926
2015-07-24,29.450383216579578
2015-07-25,11.698691300909259
2015-07-26,1.5037262184596927
2015-07-27,0.2856798611176487
2015-07-28,0.008286199528059382
2015-07-29,0.8866168594647154
2015-07-30,2.4392258108691167
2015-07-31,7.891619377585606
2015-08-01,10.669120275278956
2015-08-02,3.355274928387955
2015-08-03,15.403186178887177
2015-08-04,20.770518407686236
2015-08-05,14.356616418442528
2015-08-06,7.195609060490966
2015-08-07,19.602627794096065
2015-08-08,12.344080053826788
2015-08-09,9.267729520696031
2015-08-10,28.182907032168874
2015-08-11,6.148401596034523
2015-08-12,18.812140577259512
2015-08-13,5.26173632341972
2015-08-14,5.542853445787663
2015-08-15,22.030696088863493
2015-08-16,0.27668865677219723
2015-08-17,2.7065686804229023
2015-08-18,44.431573678502524
2015-08-19,90.85643644468836
2015-08-20,39.89524292523227
2015-08-21,0.4407650048749093
2015-08-22,15.447705025677168
2015-08-23,34.897842952722556
2015-08-24,28.682687290621896
2015-08-25,24.263199947667726
2015-08-26,36.06130884474907
2015-08-27,23.14282271969996
2015-08-28,3.5407691767250102
2015-08-29,18.015703178852345
2015-08-30,46.53901684212156
2015-08-31,43.45175867831357
2015-09-01,21.041427236923468
2015-09-02,9.689536198610396
2015-09-03,39.84172327027709
2015-09-04,24.080419252284248
2015-09-05,1.6106579473346052
2015-09-06,2.6141202100351015
2015-09-07,6.180319716878607
2015-09-08,2.133595220742238
2015-09-09,5.011355356312288
2015-09-10,19.32304829268908
2015-09-11,5.904769737319018
2015-09-12,2.284105556368541
2015-09-13,7.654345797848133
2015-09-14,12.809605136108209
2015-09-15,7.825723750561415
2015-09-16,0.17549025848848715
2015-09-17,0.0
2015-09-18,11.648960950248348
2015-09-19,16.195866418861762
2015-09-20,0.45717517166553256
2015-09-21,22.774434014010765
2015-09-22,29.48517376649668
2015-09-23,91.92796144711326
2015-09-24,15.714123463190104
2015-09-25,0.012118380036845906
2015-09-26,0.0
2015-09-27,0.0
2015-09-28,0.0
2015-09-29,0.0
2015-09-30,0.0
2015-10-01,0.022321393631105857
2015-10-02,2.650536610031445
2015-10-03,6.226225111187439
2015-10-04,8.11279288041771
2015-10-05,17.266884285030045
2015-10-06,3.6901917347027275
2015-10-07,26.026156151399142
2015-10-08,18.046717431876804
2015-10-09,4.8392052556789915
2015-10-10,0.0
2015-10-11,0.06908365597778271
2015-10-12,0.005930016575194411
2015-10-13,0.34515005229631557
2015-10-14,0.0
2015-10-15,0.0
2015-10-16,0.0
2015-10-17,0.0
2015-10-18,0.0
2015-10-19,0.0
2015-10-20,0.0
2015-10-21,0.0
2015-10-22,0.0
2015-10-23,0.0
2015-10-24,0.0
2015-10-25,0.0
2015-10-26,0.0
2015-10-27,0.0
2015-10-28,0.0
2015-10-29,0.06935511502944922
2015-10-30,20.300046224907927
2015-10-31,11.230377989570794
2015-11-01,8.85922243393906
2015-11-02,0.24773723879760462
2015-11-03,0.0049338268056813035
2015-11-04,0.0
2015-11-05,0.0
2015-11-06,0.5297582635576223
2015-11-07,0.048380904400597856
2015-11-08,0.0
2015-11-09,0.009143797081183711
2015-11-10,0.4825235130398663
2015-11-11,0.0022209666050803127
2015-11-12,0.0
2015-11-13,0.0
2015-11-14,0.0
2015-11-15,0.0
2015-11-16,0.0
2015-11-17,0.2208943567548056
2015-11-18,0.28236059871942554
2015-11-19,0.0
2015-11-20,0.0
2015-11-21,0.0
2015-11-22,0.0
2015-11-23,0.186793889958643
2015-11-24,0.2817594475029607
2015-11-25,0.0
2015-11-26,0.0
2015-11-27,0.0
2015-11-28,0.004930500533498662
2015-11-29,0.0
2015-11-30,0.02201342220224488
2015-12-01,0.0
2015-12-02,0.0
2015-12-03,4.744063728418818
2015-12-04,0.0
2015-12-05,0.0
2015-12-06,0.0
2015-12-07,0.6044948382356384
2015-12-08,0.8680086686372547
2015-12-09,0.0
2015-12-10,0.0
2015-12-11,0.0
2015-12-12,0.0
2015-12-13,0.0
2015-12-14,0.0
2015-12-15,0.0
2015-12-16,0.0
2015-12-17,0.0
2015-12-18,0.13826583195255254
2015-12-19,0.03155563372748811
2015-12-20,0.0
2015-12-21,0.01192164364719034
2015-12-22,0.0
2015-12-23,0.0
2015-12-24,0.015474059592374101
2015-12-25,0.009537067439804935
2015-12-26,1.1441559314396836
2015-12-27,0.0
2015-12-28,0.0
2015-12-29,0.022610785557409394
2015-12-30,0.0
2015-12-31,1.6145733906870356
2016-01-01,0.0
2016-01-02,0.0
2016-01-03,0.0
2016-01-04,0.0
2016-01-05,0.0
2016-01-06,0.0
2016-01-07,0.0
2016-01-08,0.0
2016-01-09,2.87476510524453
2016-01-10,0.0
2016-01-11,0.0
2016-01-12,0.0
2016-01-13,0.004778650931399727
2016-01-14,0.6680095755568892
2016-01-15,0.07584900367163794
2016-01-16,0.0
2016-01-17,0.0
2016-01-18,0.0
2016-01-19,0.0
2016-01-20,4.266036412384695
2016-01-21,0.010110604015322865
2016-01-22,0.0
2016-01-23,0.0
2016-01-24,0.0
2016-01-25,0.0
2016-01-26,0.0
2016-01-27,0.0
2016-01-28,0.03239268349413961
2016-01-29,0.3709435714273286
2016-01-30,0.0
2016-01-31,0.10317227930120973
2016-02-01,0.6385038363258241
2016-02-02,0.0
2016-02-03,0.0
2016-02-04,0.0
2016-02-05,0.0
2016-02-06,0.0
2016-02-07,0.0
2016-02-08,0.0
2016-02-09,0.10686031298572432
2016-02-10,0.0
2016-02-11,0.0
2016-02-12,0.7384830842095752
2016-02-13,0.0
2016-02-14,0.0
2016-02-15,0.0
2016-02-16,0.0
2016-02-17,0.0
2016-02-18,0.0
2016-02-19,0.029680377137912255
2016-02-20,0.039293624801759255
2016-02-21,0.1356256439657484
2016-02-22,0.09065051730291812
2016-02-23,0.05441092654714929
2016-02-24,11.855602291961588
2016-02-25,0.0
2016-02-26,18.891275945534964
2016-02-27,0.6820241325363023
2016-02-28,0.1776153714180901
2016-02-29,0.17715845085349316
2016-03-01,0.0
2016-03-02,1.020271514430122
2016-03-03,0.0
2016-03-04,1.1407548421542197
2016-03-05,0.0
2016-03-06,1.575853402589565
2016-03-07,0.0
2016-03-08,0.0
2016-03-09,0.0
2016-03-10,0.0
2016-03-11,0.011574160166416337
2016-03-12,0.0
2016-03-13,0.0
2016-03-14,0.0
2016-03-15,0.0
2016-03-16,0.08032218971659486
2016-03-17,0.0
2016-03-18,0.0
2016-03-19,0.0
2016-03-20,0.0
2016-03-21,0.0
2016-03-22,0.0
2016-03-23,0.0
2016-03-24,0.0
2016-03-25,0.0
2016-03-26,0.0
2016-03-27,2.2010483823184237
2016-03-28,32.06360775902976
2016-03-29,31.86551767366175
2016-03-30,38.13602312480363
2016-03-31,33.916236794031775
2016-04-01,10.377501219766991
2016-04-02,0.0
2016-04-03,25.194130019338928
2016-04-04,38.55634855278134
2016-04-05,34.770827811096815
2016-04-06,13.82851951780914
2016-04-07,4.294580150335193
2016-04-08,4.287253973520646
2016-04-09,2.1595752910234136
2016-04-10,1.2934527573585912
2016-04-11,1.0147560853878972
2016-04-12,0.13332175961328385
2016-04-13,0.5461525052759151
2016-04-14,18.126087623094644
2016-04-15,20.08613237533583
2016-04-16,36.19594243984013
2016-04-17,46.995336578482494
2016-04-18,4.2872506203202825
2016-04-19,26.048600395537743
2016-04-20,15.216092714368857
2016-04-21,19.392851671641377
2016-04-22,4.98690615777651
2016-04-23,4.917999318052729
2016-04-24,0.6526945771305342
2016-04-25,8.018377555467714
2016-04-26,17.192735227529557
2016-04-27,26.509247692437736
2016-04-28,7.995212619546853
2016-04-29,1.2140711833134448
2016-04-30,1.4468270229192208
2016-05-01,15.118835524299802
2016-05-02,18.850494641027154
2016-05-03,16.965374165344365
2016-05-04,18.699963329223117
2016-05-05,10.614024769766544
2016-05-06,9.370597226793247
2016-05-07,34.47620046862337
2016-05-08,0.0
2016-05-09,0.3381334777709968
2016-05-10,3.958384643368091
2016-05-11,8.875598318267038
2016-05-12,55.62260635471173
2016-05-13,16.52868665093741
2016-05-14,39.603640682263375
2016-05-15,52.217717385975256
2016-05-16,10.864841239551149
2016-05-17,35.743497521552996
2016-05-18,51.86947077021328
2016-05-19,34.247588649893245
2016-05-20,9.487194497776741
2016-05-21,111.97279079416612
2016-05-22,0.0
2016-05-23,0.0
2016-05-24,12.766545202915404
2016-05-25,5.500855891384168
2016-05-26,0.0
2016-05-27,0.0
2016-05-28,23.48115394449209
2016-05-29,2.969546524489207
2016-05-30,20.83613306775354
2016-05-31,4.369331381705041
2016-06-01,0.0
2016-06-02,0.0
2016-06-03,13.586444712171916
2016-06-04,25.508951847130092
2016-06-05,11.107176554688744
2016-06-06,23.341550968532434
2016-06-07,58.593294211642664
2016-06-08,1.212032714004109
2016-06-09,2.2709487209759645
2016-06-10,14.550457307875327
2016-06-11,18.324861620578435
2016-06-12,22.214437791263617
2016-06-13,2.5264913604960015
2016-06-14,16.512679894068864
2016-06-15,37.183153362416974
2016-06-16,29.018835153854365
2016-06-17,32.001565496395656
2016-06-18,4.490133591582939
2016-06-19,7.254487559144599
2016-06-20,35.22368181321626
2016-06-21,29.81154141247241
2016-06-22,51.657530287692964
2016-06-23,43.970844978952634
2016-06-24,5.956238690528754
2016-06-25,1.390331133392146
2016-06-26,25.03805068429223
2016-06-27,41.1924757088269
2016-06-28,0.8575439368943193
2016-06-29,33.719036998386336
2016-06-30,42.49836822455958
2016-07-01,9.996689678296761
2016-07-02,27.44655086670403
2016-07-03,32.96254402549878
2016-07-04,14.897866317112454
2016-07-05,0.8704180028845956
2016-07-06,8.574242596811601
2016-07-07,18.683785631928203
2016-07-08,33.45068147049673
2016-07-09,42.353636449559694
2016-07-10,7.863490816666481
2016-07-11,12.578369748674758
2016-07-12,4.607618186259492
2016-07-13,6.10121148542189
2016-07-14,4.670228749598941
2016-07-15,13.585466151377986
2016-07-16,4.988919167568804
2016-07-17,2.521861873082979
2016-07-18,26.51722937308872
2016-07-19,42.34862699843666
2016-07-20,29.707046249749013
2016-07-21,21.883437760524796
2016-07-22,11.873264413813999
2016-07-23,16.450608987256793
2016-07-24,8.707212692464502
2016-07-25,12.721368988882414
2016-07-26,0.0
2016-07-27,11.428596685518798
2016-07-28,7.617684828490809
2016-07-29,21.653774830911736
2016-07-30,30.016266413661025
2016-07-31,1.593026279131101
2016-08-01,14.846949326602834
2016-08-02,10.067926058795141
2016-08-03,13.970250121722765
2016-08-04,20.96817357403066
2016-08-05,37.07518037061643
2016-08-06,8.32677599967744
2016-08-07,7.175339169021843
2016-08-08,16.178667012260266
2016-08-09,15.551069939075482
2016-08-10,17.942812641582325
2016-08-11,6.552163638724147
2016-08-12,13.217318332966418
2016-08-13,24.286384759197876
2016-08-14,38.710095724469696
2016-08-15,53.75759690039748
2016-08-16,12.575795611088738
2016-08-17,11.063200355865375
2016-08-18,3.7763742308588886
2016-08-19,0.0
2016-08-20,3.9179493375250702
2016-08-21,19.84578417039779
2016-08-22,0.0
2016-08-23,1.6376275662926871
2016-08-24,0.0
2016-08-25,35.71620750875385
2016-08-26,0.0
2016-08-27,7.7306772459822195
2016-08-28,12.964352623794662
2016-08-29,16.121816365405333
2016-08-30,37.22915737733245
2016-08-31,49.91782758787556
2016-09-01,51.97396723065673
2016-09-02,20.056440054896317
2016-09-03,23.44090504927732
2016-09-04,7.656680485648676
2016-09-05,24.67577862147667
2016-09-06,36.9642831075495
2016-09-07,16.50696072175859
2016-09-08,3.846763125267354
2016-09-09,0.06163430366986036
2016-09-10,7.986173312848314
2016-09-11,13.785965092261913
2016-09-12,34.151196352097465
2016-09-13,35.52835781381683
2016-09-14,13.528737518028358
2016-09-15,0.06502150022108978
2016-09-16,9.026345558854702
2016-09-17,13.990622655172126
2016-09-18,32.098791173390254
2016-09-19,16.758932401220346
2016-09-20,31.78533540863498
2016-09-21,27.974554923358674
2016-09-22,8.815658702361791
2016-09-23,28.591623276715964
2016-09-24,11.24784323134019
2016-09-25,36.38844365726605
2016-09-26,4.435050984284007
2016-09-27,0.0
2016-09-28,11.231695923165137
2016-09-29,7.9107670393233676
2016-09-30,2.687834101123696
2016-10-01,4.559181259978802
2016-10-02,16.381097919624267
2016-10-03,0.07265915986080367
2016-10-04,3.1056736607200066
2016-10-05,15.31535926039188
2016-10-06,16.554990929674194
2016-10-07,22.240618342871464
2016-10-08,12.49463263833395
2016-10-09,21.879752767757875
2016-10-10,14.750234104158384
2016-10-11,0.09984012498246383
2016-10-12,0.042869110435048305
2016-10-13,0.0
2016-10-14,0.0
2016-10-15,0.0
2016-10-16,0.0
2016-10-17,0.0
2016-10-18,0.0
2016-10-19,0.0
2016-10-20,0.0
2016-10-21,0.0
2016-10-22,0.0
2016-10-23,0.0
2016-10-24,2.914280819036584
2016-10-25,0.0
2016-10-26,0.12099218132738486
2016-10-27,3.4687768405639483
2016-10-28,0.0
2016-10-29,0.0
2016-10-30,0.0
2016-10-31,0.0
2016-11-01,0.05439664285618887
2016-11-02,0.07299575955429753
2016-11-03,0.4427004072255321
2016-11-04,2.913921433543629
2016-11-05,82.21846183954615
2016-11-06,7.560817374433427
2016-11-07,0.0
2016-11-08,0.0
2016-11-09,0.0
2016-11-10,0.0
2016-11-11,0.0
2016-11-12,0.0
2016-11-13,0.0
2016-11-14,0.0
2016-11-15,0.0
2016-11-16,0.029437796413400313
2016-11-17,0.0
2016-11-18,0.0
2016-11-19,0.0
2016-11-20,0.0
2016-11-21,0.0
2016-11-22,0.0
2016-11-23,0.0
2016-11-24,0.0
2016-11-25,0.00685179960403305
2016-11-26,0.0
2016-11-27,0.005691230523314279
2016-11-28,0.005385210328710064
2016-11-29,0.0
2016-11-30,0.0
2016-12-01,1.5524778165786493
2016-12-02,0.880510134279291
2016-12-03,0.0
2016-12-04,0.618975285188495
2016-12-05,0.0012731306611007557
2016-12-06,0.0
2016-12-07,0.0
2016-12-08,0.0
2016-12-09,0.15615602253502425
2016-12-10,0.014835051410763064
2016-12-11,0.4285461111931706
2016-12-12,0.0
2016-12-13,0.0
2016-12-14,0.0
2016-12-15,0.0
2016-12-16,0.0
2016-12-17,0.0
2016-12-18,0.0
2016-12-19,0.0
2016-12-20,0.0
2016-12-21,0.0
2016-12-22,0.0
2016-12-23,0.0
2016-12-24,0.0
2016-12-25,0.0
2016-12-26,2.354765438993173
2016-12-27,0.0
2016-12-28,0.0
2016-12-29,0.0
2016-12-30,0.0
2016-12-31,0.0
2017-01-01,0.004499782255892014
2017-01-02,0.0
2017-01-03,0.0
2017-01-04,0.0
2017-01-05,0.0
2017-01-06,0.0
2017-01-07,0.0
2017-01-08,0.0
2017-01-09,0.0
2017-01-10,0.0
2017-01-11,0.0
2017-01-12,0.0
2017-01-13,0.025928579595096448
2017-01-14,0.13775887380661572
2017-01-15,0.0
2017-01-16,0.03900389802010859
2017-01-17,0.1521630398137328
2017-01-18,0.044113411587199704
2017-01-19,0.0
2017-01-20,0.0029598167731947297
2017-01-21,0.0
2017-01-22,0.0
2017-01-23,0.005985834762561323
2017-01-24,0.0
2017-01-25,0.06081610504375256
2017-01-26,0.2232910841345761
2017-01-27,0.0
2017-01-28,0.12635391071214275
2017-01-29,0.0
2017-01-30,0.0
2017-01-31,0.0
2017-02-01,0.0
2017-02-02,0.10635648342607562
2017-02-03,0.0
2017-02-04,1.607484070382782
2017-02-05,0.0
2017-02-06,0.0
2017-02-07,3.094064219798887
2017-02-08,0.0
2017-02-09,0.23436980781855477
2017-02-10,0.5883184535252906
2017-02-11,0.0
2017-02-12,0.53433066790777
2017-02-13,0.0
2017-02-14,0.6442288349095402
2017-02-15,0.0
2017-02-16,0.0
2017-02-17,0.0
2017-02-18,0.0
2017-02-19,0.0
2017-02-20,5.840033193024257
2017-02-21,0.053466573824253266
2017-02-22,0.8672471609417848
2017-02-23,0.04362692635350507
2017-02-24,0.0
2017-02-25,0.0
2017-02-26,0.111520993378973
2017-02-27,0.0
2017-02-28,0.20956607298386168
2017-03-01,0.0
2017-03-02,0.0
2017-03-03,0.0
2017-03-04,0.0
2017-03-05,0.0
2017-03-06,0.0
2017-03-07,0.0
2017-03-08,0.0
2017-03-09,0.0
2017-03-10,28.97979976886753
2017-03-11,0.0
2017-03-12,0.0
2017-03-13,0.0
2017-03-14,0.0
2017-03-15,0.0
2017-03-16,0.0
2017-03-17,0.0
2017-03-18,0.08041436589269896
2017-03-19,0.0
2017-03-20,0.0
2017-03-21,0.0
2017-03-22,0.0
2017-03-23,0.0
2017-03-24,0.0
2017-03-25,7.594209078948731
2017-03-26,0.0
2017-03-27,12.10246720524583
2017-03-28,12.641127183698572
2017-03-29,71.19433262987913
2017-03-30,58.53936536463567
2017-03-31,68.33593930562716
2017-04-01,25.93405027117329
2017-04-02,37.09112803502544
2017-04-03,20.89522855030386
2017-04-04,3.815140359959671
2017-04-05,22.19484728961014
2017-04-06,0.0
2017-04-07,0.1122655955780124
2017-04-08,2.5019542598944287
2017-04-09,2.8130444836986723
2017-04-10,0.0
2017-04-11,0.0
2017-04-12,0.0
2017-04-13,0.0
2017-04-14,0.0
2017-04-15,0.857491498506281
2017-04-16,0.0
2017-04-17,0.0
2017-04-18,6.155671445930609
2017-04-19,74.73789766291837
2017-04-20,27.10872434765174
2017-04-21,11.264930461493469
2017-04-22,26.865235860991465
2017-04-23,2.6230008753407565
2017-04-24,28.74606716318108
2017-04-25,42.939825069524744
2017-04-26,4.982240925957349
2017-04-27,0.0
2017-04-28,5.860476517083684
2017-04-29,0.12405104546621248
2017-04-30,32.07304269428559
2017-05-01,7.504154652216618
2017-05-02,0.0
2017-05-03,4.263468220250392
2017-05-04,4.5510159728463675
2017-05-05,33.95356750496552
2017-05-06,18.427712850037576
2017-05-07,0.0
2017-05-08,4.00762082400004
2017-05-09,14.28329199061819
2017-05-10,0.0
2017-05-11,1.1892044833719864
2017-05-12,0.0
2017-05-13,2.125007530065519
2017-05-14,20.41737399848343
2017-05-15,64.44139299748171
2017-05-16,8.555542856123044
2017-05-17,24.75949549725315
2017-05-18,21.208689943912137
2017-05-19,36.51406066390319
2017-05-20,28.061392190847226
2017-05-21,7.662981865656367
2017-05-22,47.409805119987354
2017-05-23,0.07812390156883765
2017-05-24,27.75136332029147
2017-05-25,21.012568924971063
2017-05-26,34.77836146808606
2017-05-27,0.0
2017-05-28,0.35131195945532323
2017-05-29,3.2002254077488526
2017-05-30,59.61658773169622
2017-05-31,57.696016102935275
2017-06-01,95.63358877389169
2017-06-02,27.391647648450732
2017-06-03,62.69702118906298
2017-06-04,17.993389767717392
2017-06-05,3.4252177329857765
2017-06-06,0.0
2017-06-07,5.066519950931667
2017-06-08,23.052686038389133
2017-06-09,2.5526132775009365
2017-06-10,23.384704069860803
2017-06-11,52.80772337656069
2017-06-12,86.60952118207601
2017-06-13,35.008514796579895
2017-06-14,29.120305154595265
2017-06-15,5.61112069625823
2017-06-16,30.678170024333436
2017-06-17,73.09800620553517
2017-06-18,89.68608548466699
2017-06-19,68.01510099505482
2017-06-20,0.13682929507248068
2017-06-21,26.9515613154469
2017-06-22,43.67115139877815
2017-06-23,20.725347957645276
2017-06-24,56.339864312435516
2017-06-25,15.983303336775055
2017-06-26,9.296282640444506
2017-06-27,5.579022760757466
2017-06-28,24.17743183593269
2017-06-29,7.46482199135553
2017-06-30,29.287876768690733
2017-07-01,41.75742436705982
2017-07-02,8.218454227505147
2017-07-03,40.20094153669478
2017-07-04,90.32926864121546
2017-07-05,36.51608300764736
2017-07-06,15.35426453477004
2017-07-07,10.816646874059536
2017-07-08,16.598577438331976
2017-07-09,22.34763363241158
2017-07-10,9.580964680825401
2017-07-11,12.853202384788373
2017-07-12,34.93608447545068
2017-07-13,32.677080656558886
2017-07-14,3.7084502980506415
2017-07-15,32.490907949225246
2017-07-16,11.031984133830147
2017-07-17,4.388265111865492
2017-07-18,19.26700183656898
2017-07-19,21.0427132311015
2017-07-20,6.95668883974302
2017-07-21,33.89050985544349
2017-07-22,34.870356157721496
2017-07-23,66.47788885831726
2017-07-24,0.14734739716872544
2017-07-25,18.113482680543694
2017-07-26,2.996083050479336
2017-07-27,6.921696959793627
2017-07-28,7.117536870661276
2017-07-29,45.44614804942078
2017-07-30,14.653012027666279
2017-07-31,47.07442468637972
2017-08-01,22.71191651443108
2017-08-02,11.925294004737692
2017-08-03,27.587954907898354
2017-08-04,33.987659158189125
2017-08-05,31.256655561838105
2017-08-06,35.70685569254313
2017-08-07,7.090278190452447
2017-08-08,5.20496057352657
2017-08-09,2.844389747606003
2017-08-10,90.68257054261917
2017-08-11,97.16037793489167
2017-08-12,66.66374027710755
2017-08-13,38.911959283144554
2017-08-14,15.201599172244
2017-08-15,22.949606032772895
2017-08-16,0.8674291278085895
2017-08-17,23.220839551163827
2017-08-18,20.08279574161452
2017-08-19,11.749146236960629
2017-08-20,1.3641576447235488
2017-08-21,23.851691791676927
2017-08-22,15.978281755768116
2017-08-23,22.879168302685134
2017-08-24,16.659263462097964
2017-08-25,22.86731352922191
2017-08-26,45.1012441806887
2017-08-27,26.600973077384456
2017-08-28,8.043785310212815
2017-08-29,0.07627175747184783
2017-08-30,29.977314495095086
2017-08-31,17.519031420130723
2017-09-01,17.250444379996207
2017-09-02,30.878941976363212
2017-09-03,74.74929158530595
2017-09-04,9.494658610691213
2017-09-05,9.223791506291048
2017-09-06,11.631374725859452
2017-09-07,9.28215940695108
2017-09-08,34.97558456959398
2017-09-09,70.17347281850816
2017-09-10,29.569293820834876
2017-09-11,3.9841289153062753
2017-09-12,0.4167139898141153
2017-09-13,18.718439463044575
2017-09-14,28.395095510840715
2017-09-15,0.0
2017-09-16,4.782074404422616
2017-09-17,46.36223397562851
2017-09-18,7.054737111968558
2017-09-19,19.43243466330622
2017-09-20,17.13582017087959
2017-09-21,4.114992636626092
2017-09-22,1.5176007301041894
2017-09-23,3.382554131744048
2017-09-24,2.859358002034581
2017-09-25,7.833443816946541
2017-09-26,17.02174837271908
2017-09-27,19.81666328087876
2017-09-28,26.95396995255552
2017-09-29,29.59264706846554
2017-09-30,30.140823800651827
2017-10-01,34.02855029833092
2017-10-02,3.8955283015505318
2017-10-03,1.3479718173368218
2017-10-04,0.10459315012570017
2017-10-05,6.26449779506733
2017-10-06,35.49602201176552
2017-10-07,6.635894225451116
2017-10-08,3.154494045999744
2017-10-09,1.362855539351958
2017-10-10,0.0
2017-10-11,0.0
2017-10-12,25.147418463038097
2017-10-13,21.571569881101084
2017-10-14,15.532229097930342
2017-10-15,9.003739618847591
2017-10-16,0.0
2017-10-17,18.221320479874695
2017-10-18,19.231677068086107
2017-10-19,23.334761275959934
2017-10-20,59.25696745622333
2017-10-21,158.08663146095446
2017-10-22,0.0
2017-10-23,0.0
2017-10-24,0.0
2017-10-25,0.0
2017-10-26,0.0
2017-10-27,0.0
2017-10-28,0.0
2017-10-29,0.0
2017-10-30,0.0
2017-10-31,0.0
2017-11-01,0.23524968149980452
2017-11-02,0.06195277678784158
2017-11-03,0.0
2017-11-04,0.0
2017-11-05,0.03142386051446144
2017-11-06,0.3646841286235736
2017-11-07,0.0
2017-11-08,0.0
2017-11-09,0.06328670611448678
2017-11-10,0.17963438016166386
2017-11-11,0.0
2017-11-12,1.2163968669499823
2017-11-13,0.4333581000817266
2017-11-14,0.4930877589644426
2017-11-15,10.421327570179598
2017-11-16,1.2152144463296484
2017-11-17,0.09207949331716728
2017-11-18,0.0
2017-11-19,0.0
2017-11-20,0.0
2017-11-21,0.008010254560261918
2017-11-22,0.0834151072363694
2017-11-23,0.0
2017-11-24,0.0
2017-11-25,0.0
2017-11-26,0.0
2017-11-27,0.02023031351358168
2017-11-28,0.0
2017-11-29,0.0
2017-11-30,0.0029595628532023436
2017-12-01,0.0
2017-12-02,0.0
2017-12-03,3.7719347987427696
2017-12-04,1.6523824057571852
2017-12-05,0.07386303520068876
2017-12-06,0.0
2017-12-07,0.0
2017-12-08,0.21609821230227386
2017-12-09,1.730858656368371
2017-12-10,0.008891174341722832
2017-12-11,3.9776363636827443
2017-12-12,0.0
2017-12-13,0.0
2017-12-14,0.0
2017-12-15,0.0
2017-12-16,0.4514701940270725
2017-12-17,0.0
2017-12-18,0.0
2017-12-19,0.05808064987645591
2017-12-20,1.7640803891521526
2017-12-21,0.0
2017-12-22,1.0348408942449274
2017-12-23,0.0
2017-12-24,0.0
2017-12-25,1.2933906276372675
2017-12-26,2.9882638857937636
2017-12-27,0.0793082623590545
2017-12-28,0.0
2017-12-29,0.0
2017-12-30,0.0
2017-12-31,4.992433735593556
2018-01-01,6.845133926267504
2018-01-02,0.4914107285660804
2018-01-03,0.009402917917949357
2018-01-04,0.0
2018-01-05,0.0
2018-01-06,0.0
2018-01-07,0.0
2018-01-08,0.0
2018-01-09,0.0
2018-01-10,0.01677718110328046
2018-01-11,0.0
2018-01-12,0.0
2018-01-13,0.0
2018-01-14,0.0
2018-01-15,0.0
2018-01-16,0.0
2018-01-17,0.0
2018-01-18,0.0
2018-01-19,0.0
2018-01-20,0.0
2018-01-21,0.0
2018-01-22,0.0
2018-01-23,0.0
2018-01-24,0.0
2018-01-25,0.0
2018-01-26,0.0
2018-01-27,0.0
2018-01-28,0.0
2018-01-29,0.0
2018-01-30,0.0
2018-01-31,0.0
2018-02-01,0.0
2018-02-02,0.03819250629407451
2018-02-03,0.38802019059563214
2018-02-04,0.0
2018-02-05,0.0
2018-02-06,0.0
2018-02-07,0.0
2018-02-08,3.928420252922843
2018-02-09,0.18631949692525876
2018-02-10,5.943582570108813
2018-02-11,4.196836748861152
2018-02-12,0.0
2018-02-13,0.09921463678414084
2018-02-14,2.3007418759810716
2018-02-15,0.0
2018-02-16,0.06079552924838821
2018-02-17,0.0
2018-02-18,0.2541339359200435
2018-02-19,0.0
2018-02-20,0.0
2018-02-21,0.0
2018-02-22,0.0
2018-02-23,0.0
2018-02-24,0.0
2018-02-25,2.821290054933448
2018-02-26,0.0
2018-02-27,0.0
2018-02-28,0.0
2018-03-01,0.0
2018-03-02,0.0
2018-03-03,0.0
2018-03-04,0.0
2018-03-05,0.0
2018-03-06,0.0
2018-03-07,0.0
2018-03-08,0.0
2018-03-09,0.0
2018-03-10,0.0
2018-03-11,0.0
2018-03-12,0.0
2018-03-13,0.0
2018-03-14,0.0
2018-03-15,0.6499731703183205
2018-03-16,0.0
2018-03-17,0.0
2018-03-18,0.0
2018-03-19,0.0
2018-03-20,0.0
2018-03-21,0.0
2018-03-22,0.0
2018-03-23,0.0
2018-03-24,0.0
2018-03-25,0.9600307251435561
2018-03-26,3.730176743237697
2018-03-27,0.0
2018-03-28,3.8742199607962826
2018-03-29,27.279909169210928
2018-03-30,43.67874401165387
2018-03-31,28.00006931350212
2018-04-01,0.01750331062739829
2018-04-02,0.43137080244495213
2018-04-03,0.0
2018-04-04,0.0
2018-04-05,0.33355842347721565
2018-04-06,1.2172006245570315
2018-04-07,24.67662212688777
2018-04-08,7.81447767467103
2018-04-09,1.5430743645526843
2018-04-10,0.0
2018-04-11,5.027121239147533
2018-04-12,0.0
2018-04-13,0.0
2018-04-14,15.160703790108194
2018-04-15,0.0
2018-04-16,3.3699711313311353
2018-04-17,0.0
2018-04-18,3.41044458451222
2018-04-19,0.0
2018-04-20,11.270465115511346
2018-04-21,48.995452349955535
2018-04-22,21.06700530494396
2018-04-23,0.0
2018-04-24,1.4617408945170143
2018-04-25,1.4614850525941354
2018-04-26,0.0
2018-04-27,0.0
2018-04-28,30.168030538779828
2018-04-29,13.422759705166763
2018-04-30,80.76961368616936
2018-05-01,0.35613525530500506
2018-05-02,6.369334827436439
2018-05-03,0.0
2018-05-04,0.05254665148726685
2018-05-05,51.38484223305852
2018-05-06,52.04602167209985
2018-05-07,67.26683647235953
2018-05-08,53.528762664393916
2018-05-09,39.46216757271797
2018-05-10,15.247884643632498
2018-05-11,32.75111841126104
2018-05-12,0.10534687491205923
2018-05-13,0.0
2018-05-14,0.0
2018-05-15,0.5008685204882162
2018-05-16,0.0
2018-05-17,0.0
2018-05-18,0.0
2018-05-19,0.0
2018-05-20,0.31317480192131747
2018-05-21,2.7977308463631085
2018-05-22,22.94741336571148
2018-05-23,10.064101011049626
2018-05-24,18.69190560577609
2018-05-25,58.11844701632656
2018-05-26,76.64365397490775
2018-05-27,5.131834820536429
2018-05-28,18.460795016200628
2018-05-29,0.0
2018-05-30,14.064742358320126
2018-05-31,52.541045471798746
2018-06-01,0.9868185511553991
2018-06-02,0.768733154461901
2018-06-03,10.31496510503331
2018-06-04,31.953585102767633
2018-06-05,26.834010575637453
2018-06-06,8.38079686232214
2018-06-07,4.9354585744167965
2018-06-08,7.813862462805735
2018-06-09,18.598841508891418
2018-06-10,22.569971340618384
2018-06-11,16.684095681656455
2018-06-12,65.54591346120044
2018-06-13,46.336333598737816
2018-06-14,90.83750383319096
2018-06-15,46.424955195196915
2018-06-16,0.0
2018-06-17,31.492384726976123
2018-06-18,12.34755278170747
2018-06-19,24.093616783499964
2018-06-20,2.172457831545928
2018-06-21,34.17354283950293
2018-06-22,11.381088979723877
2018-06-23,27.948802082911094
2018-06-24,29.279665275188275
2018-06-25,5.904635251531892
2018-06-26,12.084302514861289
2018-06-27,12.681387508447395
2018-06-28,1.6670877462952804
2018-06-29,6.340353851224448
2018-06-30,5.023313212631192
2018-07-01,31.91740838052329
2018-07-02,63.056443682101204
2018-07-03,32.51083323648108
2018-07-04,8.823092583202671
2018-07-05,0.7971888846332887
2018-07-06,0.2246953600734864
2018-07-07,2.997119706885152
2018-07-08,0.11358945601237637
2018-07-09,0.5914187393553604
2018-07-10,3.8111354652326273
2018-07-11,6.11100131572318
2018-07-12,9.11807196407657
2018-07-13,22.24438446059179
2018-07-14,22.055178459099952
2018-07-15,24.2622753718008
2018-07-16,9.5576678813874
2018-07-17,12.514488798833714
2018-07-18,0.8770812817084002
2018-07-19,1.7120426582585468
2018-07-20,28.411801388317045
2018-07-21,39.170585569377444
2018-07-22,9.400992565342413
2018-07-23,34.358982335789946
2018-07-24,27.870179159714795
2018-07-25,26.91265278769724
2018-07-26,15.090404884224547
2018-07-27,8.245751808420541
2018-07-28,21.538337697787924
2018-07-29,21.338979745255216
2018-07-30,14.515167663107778
2018-07-31,28.850011104686732
2018-08-01,22.376900718450734
2018-08-02,5.315513355191913
2018-08-03,0.3133580003830346
2018-08-04,0.4445557272671057
2018-08-05,42.457451985089925
2018-08-06,4.15359897573847
2018-08-07,20.142494649778268
2018-08-08,14.477436731814883
2018-08-09,18.74084614755611
2018-08-10,6.325130659280962
2018-08-11,28.268761900164783
2018-08-12,18.993286724627442
2018-08-13,15.771931635178982
2018-08-14,18.541124959891857
2018-08-15,30.40516473740161
2018-08-16,18.540829927631503
2018-08-17,13.032660301103054
2018-08-18,4.649441052035916
2018-08-19,6.15148526161589
2018-08-20,8.817979035091788
2018-08-21,5.098493812744755
2018-08-22,1.2295075439461556
2018-08-23,28.217782291557
2018-08-24,15.692851897190003
2018-08-25,13.29515270954345
2018-08-26,42.42539396744076
2018-08-27,25.904639830022134
2018-08-28,2.6968523819007153
2018-08-29,0.6829089046245065
2018-08-30,0.17973170376014247
2018-08-31,24.718106081189195
2018-09-01,6.660221628919924
2018-09-02,0.9001952157819357
2018-09-03,22.111717698293514
2018-09-04,46.10226529459004
2018-09-05,4.910397842236432
2018-09-06,0.0
2018-09-07,0.0
2018-09-08,0.5231732635175933
2018-09-09,23.652050789342745
2018-09-10,12.120542070891199
2018-09-11,24.36020009983255
2018-09-12,53.65623435161669
2018-09-13,20.468252680565083
2018-09-14,23.176540201224803
2018-09-15,0.0
2018-09-16,0.08876685594134172
2018-09-17,2.020623553554515E-4
2018-09-18,6.254426750955171
2018-09-19,17.30168657057962
2018-09-20,5.3056684250408335
2018-09-21,6.971699230139561
2018-09-22,0.21090506793743824
2018-09-23,3.9051023170583345
2018-09-24,19.139260714620338
2018-09-25,32.35581218018391
2018-09-26,14.216347088715457
2018-09-27,19.00697465587704
2018-09-28,1.4838344747936528E-4
2018-09-29,0.84599808359266
2018-09-30,3.621277956681838
2018-10-01,2.062136081584236
2018-10-02,0.0
2018-10-03,0.2984066874160272
2018-10-04,5.113108700127571
2018-10-05,0.12320533090680054
2018-10-06,2.3062986806679224
2018-10-07,0.2776098161490247
2018-10-08,0.6802688085275502
2018-10-09,3.6250062335416864
2018-10-10,48.04590562702906
2018-10-11,4.696422970342176
2018-10-12,8.533146155173188
2018-10-13,8.412677887509465
2018-10-14,0.02271167853146006
2018-10-15,0.0
2018-10-16,0.08288390060202076
2018-10-17,0.15713179825061072
2018-10-18,0.9393720519001123
2018-10-19,0.8124887118151727
2018-10-20,0.5746233742169727
2018-10-21,0.4344954918396172
2018-10-22,2.8513287480676315
2018-10-23,1.4249831481758435
2018-10-24,1.4156403181103423
2018-10-25,0.480037186831164
2018-10-26,0.0
2018-10-27,3.349012457492953
2018-10-28,14.328401061981175
2018-10-29,6.477057330133881
2018-10-30,1.4118455337308076
2018-10-31,1.758410260996965
2018-11-01,0.43167879121002434
2018-11-02,1.0283049371043194
2018-11-03,0.7596233302873789
2018-11-04,0.05762170057355213
2018-11-05,2.090114046658536
2018-11-06,3.053465469506913
2018-11-07,0.0
2018-11-08,0.0
2018-11-09,0.0
2018-11-10,0.0
2018-11-11,0.0
2018-11-12,0.014492443659221378
2018-11-13,0.0
2018-11-14,0.0
2018-11-15,0.0
2018-11-16,0.0
2018-11-17,0.21751779989379758
2018-11-18,0.0
2018-11-19,0.0
2018-11-20,0.0
2018-11-21,1.532652841220068
2018-11-22,0.20287634652379516
2018-11-23,0.15912916293107945
2018-11-24,0.028348985984772767
2018-11-25,0.0
2018-11-26,0.006453274563633574
2018-11-27,0.0
2018-11-28,0.0
2018-11-29,0.5275790227565721
2018-11-30,0.5677325037036536
2018-12-01,2.8392357497744602
2018-12-02,0.699557980846177
2018-12-03,0.8802508255140669
2018-12-04,0.2008589830742179
2018-12-05,0.042178709357171086
2018-12-06,0.3406027887590822
2018-12-07,3.2731404381153917
2018-12-08,0.0
2018-12-09,2.1966614607309056
2018-12-10,0.22199176515128743
2018-12-11,0.7416176721050762
2018-12-12,0.08629192899124999
2018-12-13,0.006457715955106958
2018-12-14,0.008162057991642262
2018-12-15,0.6801438937630229
2018-12-16,0.0
2018-12-17,0.0
2018-12-18,0.98256900533829
2018-12-19,0.0
2018-12-20,0.0
2018-12-21,0.4618715303897895
2018-12-22,0.0
2018-12-23,0.0
2018-12-24,0.0
2018-12-25,0.0
2018-12-26,0.2111251407649874
2018-12-27,0.3757484174426936
2018-12-28,0.0
2018-12-29,0.32186531458322637
2018-12-30,0.37098944489315583
2018-12-31,1.106606731020153
2019-01-01,0.0
2019-01-02,0.0
2019-01-03,0.0
2019-01-04,0.0
2019-01-05,0.0
2019-01-06,0.0
2019-01-07,0.12234332911492017
2019-01-08,0.04961315431781271
2019-01-09,0.0
2019-01-10,0.0
2019-01-11,0.25190806930072923
2019-01-12,0.0
2019-01-13,0.027007038887135647
2019-01-14,0.0637692859279616
2019-01-15,0.0019384270782175047
2019-01-16,0.07255668805914878
2019-01-17,0.0
2019-01-18,0.0
2019-01-19,0.0
2019-01-20,0.02644971445440254
2019-01-21,0.0
2019-01-22,0.0
2019-01-23,0.0
2019-01-24,0.0
2019-01-25,0.0043789539920846225
2019-01-26,0.0
2019-01-27,0.0
2019-01-28,0.006969007931479255
2019-01-29,0.06586693599292272
2019-01-30,0.0
2019-01-31,0.002238180141576383
2019-02-01,0.0
2019-02-02,0.29315505201408865
2019-02-03,0.03279974877822252
2019-02-04,0.1216484092014154
2019-02-05,2.8363935122026316
2019-02-06,0.0
2019-02-07,0.0
2019-02-08,0.0
2019-02-09,7.30355072655088
2019-02-10,0.0
2019-02-11,0.28582255777251314
2019-02-12,1.4368260592702236
2019-02-13,0.18163462380283774
2019-02-14,0.0
2019-02-15,3.562224830407945
2019-02-16,0.37031260341606637
2019-02-17,2.6029492318001073
2019-02-18,0.0
2019-02-19,0.0
2019-02-20,0.0
2019-02-21,0.0
2019-02-22,0.09436823606718597
2019-02-23,0.3104161063823161
2019-02-24,0.0
2019-02-25,11.061346773138638
2019-02-26,0.0
2019-02-27,0.0031149018262755747
2019-02-28,0.0
2019-03-01,0.0
2019-03-02,0.0
2019-03-03,0.0
2019-03-04,0.0
2019-03-05,0.0
2019-03-06,0.0
2019-03-07,0.0
2019-03-08,0.0
2019-03-09,0.0
2019-03-10,0.0
2019-03-11,0.0
2019-03-12,0.0
2019-03-13,0.0
2019-03-14,0.0
2019-03-15,0.0
2019-03-16,0.0
2019-03-17,1.4339499848770259
2019-03-18,0.0
2019-03-19,0.0
2019-03-20,0.0
2019-03-21,0.0
2019-03-22,2.0006400353064437
2019-03-23,0.0
2019-03-24,0.0
2019-03-25,0.0
2019-03-26,0.0
2019-03-27,0.0
2019-03-28,0.0
2019-03-29,3.795883589202353
2019-03-30,0.0677232386139887
2019-03-31,83.23179158083084
2019-04-01,21.493150163974377
2019-04-02,38.39709529839889
2019-04-03,0.0
2019-04-04,42.87856508031452
2019-04-05,22.374455685688744
2019-04-06,59.06150016467242
2019-04-07,0.0
2019-04-08,13.338107496519829
2019-04-09,23.306643427764442
2019-04-10,0.08435528920435269
2019-04-11,13.162393567157455
2019-04-12,9.650424170806392
2019-04-13,14.258376683770612
2019-04-14,0.0
2019-04-15,7.548933897436646
2019-04-16,5.821336769036596
2019-04-17,5.027638037827104
2019-04-18,0.0
2019-04-19,0.0
2019-04-20,0.019682818608281083
2019-04-21,1.2004668555816258
2019-04-22,2.2432935215893237
2019-04-23,1.1684770950606143
2019-04-24,1.1182901859867318
2019-04-25,3.595527294168602
2019-04-26,0.0
2019-04-27,31.921380263874273
2019-04-28,38.757661656982286
2019-04-29,38.14551679933811
2019-04-30,19.889696883636788
2019-05-01,8.998069853142976
2019-05-02,4.097486849686918
2019-05-03,73.1876354808387
2019-05-04,133.6566189130836
2019-05-05,2.376751814916931
2019-05-06,0.12714436816002628
2019-05-07,4.249851389034136
2019-05-08,7.445405592378827
2019-05-09,11.440192051687532
2019-05-10,5.368476910104508
2019-05-11,17.66729465968721
2019-05-12,5.871103523651843
2019-05-13,29.528772631981045
2019-05-14,1.0979338994286367
2019-05-15,10.35650932562364
2019-05-16,2.7813202197216427
2019-05-17,37.72955548529203
2019-05-18,26.943117310866285
2019-05-19,4.761473162661454
2019-05-20,4.698774533799765
2019-05-21,6.630620076483217
2019-05-22,41.08136342071033
2019-05-23,21.63888632302159
2019-05-24,30.165114518605396
2019-05-25,12.174139178132565
2019-05-26,19.000657056680385
2019-05-27,20.993649249024294
2019-05-28,0.0
2019-05-29,0.0
2019-05-30,15.317669173345415
2019-05-31,15.281533934941024
2019-06-01,26.400411757072604
2019-06-02,6.671317047823365
2019-06-03,41.979864983984555
2019-06-04,21.286690401184977
2019-06-05,1.022044422703644
2019-06-06,0.641253038706944
2019-06-07,1.021948039654084
2019-06-08,8.745980448704353
2019-06-09,4.334856353895143
2019-06-10,3.37767119656338
2019-06-11,5.118676962266028
2019-06-12,6.2441077232757225
2019-06-13,20.57038266386931
2019-06-14,28.700789690686438
2019-06-15,12.818089690076336
2019-06-16,6.880593594577858
2019-06-17,6.97397833216104
2019-06-18,7.558443075445872
2019-06-19,18.33504378605678
2019-06-20,27.319611157728655
2019-06-21,20.39933391365213
2019-06-22,2.2399057727852694
2019-06-23,1.2142978073741824
2019-06-24,3.069479208733572
2019-06-25,60.199395026607945
2019-06-26,88.33051913030214
2019-06-27,54.67528152223821
2019-06-28,79.78516447336908
2019-06-29,0.0
2019-06-30,20.345997447975222
2019-07-01,11.796544768271044
2019-07-02,5.198687995199914
2019-07-03,0.525811138707669
2019-07-04,17.230322042594242
2019-07-05,14.693873439087879
2019-07-06,45.92782223988201
2019-07-07,24.159050471621136
2019-07-08,28.998170622226358
2019-07-09,55.24781182210714
2019-07-10,92.20065190976084
2019-07-11,107.05562503450709
2019-07-12,50.839836549925714
2019-07-13,62.819234725465776
2019-07-14,22.564551752349438
2019-07-15,71.82692430779215
2019-07-16,0.05191782437053124
2019-07-17,0.0
2019-07-18,8.783645649785495
2019-07-19,7.398974072457124
2019-07-20,21.14633795635125
2019-07-21,27.66230998944215
2019-07-22,25.690142475025677
2019-07-23,21.943534547171694
2019-07-24,10.929747927627009
2019-07-25,53.77803779341957
2019-07-26,16.225522610333915
2019-07-27,9.806153924078872
2019-07-28,5.528922144250652
2019-07-29,0.46647199607875117
2019-07-30,2.8509451275477686
2019-07-31,12.865092695722861
2019-08-01,2.9783747920016177
2019-08-02,33.85976286475804
2019-08-03,14.942695078912239
2019-08-04,5.528319490803573
2019-08-05,4.944524949132169
2019-08-06,2.799365964862056
2019-08-07,25.129311477668086
2019-08-08,8.845312841397526
2019-08-09,5.8357120885536204
2019-08-10,5.090621942009557
2019-08-11,3.5265002323201444
2019-08-12,36.835444843364684
2019-08-13,13.52665720111165
2019-08-14,11.800550762263484
2019-08-15,24.14769582831006
2019-08-16,19.375017101591407
2019-08-17,3.7329676568530528
2019-08-18,0.0
2019-08-19,0.0
2019-08-20,0.6253006994088249
2019-08-21,14.700308315674151
2019-08-22,35.971824957103316
2019-08-23,30.550884673081832
2019-08-24,6.871035582033819
2019-08-25,0.5277973372962237
2019-08-26,1.9820162124408458
2019-08-27,7.5027985071722885
2019-08-28,12.476843978678444
2019-08-29,2.0174716655922795E-4
2019-08-30,13.275294424159908
2019-08-31,21.090284965720553
2019-09-01,6.101929568150913
2019-09-02,22.515728305727173
2019-09-03,32.271422858387275
2019-09-04,31.28192652834456
2019-09-05,10.600788470053104
2019-09-06,22.14525563043778
2019-09-07,19.055458555199202
2019-09-08,10.324244894011251
2019-09-09,6.095798092804219
2019-09-10,8.208655310757484
2019-09-11,5.730568708349224
2019-09-12,20.18904754582977
2019-09-13,10.912115879626379
2019-09-14,6.459894484813963
2019-09-15,23.496320024909632
2019-09-16,10.751117077265652
2019-09-17,0.25687458140037656
2019-09-18,0.0
2019-09-19,0.0
2019-09-20,0.0
2019-09-21,10.019772625894028
2019-09-22,44.93702091236784
2019-09-23,18.961501425113237
2019-09-24,11.350474002652165
2019-09-25,0.5391660245653962
2019-09-26,0.0
2019-09-27,6.298543881902544
2019-09-28,7.490812829764501
2019-09-29,8.15437421231012
2019-09-30,17.6750223497996
2019-10-01,46.05205179824816
2019-10-02,5.490393403577453
2019-10-03,6.94541544628261
2019-10-04,5.091847941362572
2019-10-05,18.084618255299947
2019-10-06,24.657913754369048
2019-10-07,11.539268049763972
2019-10-08,23.09471584428834
2019-10-09,25.50945609750913
2019-10-10,0.12102074442609985
2019-10-11,0.0
2019-10-12,0.0
2019-10-13,0.0
2019-10-14,0.0
2019-10-15,0.0
2019-10-16,0.34560953762390534
2019-10-17,0.0
2019-10-18,0.0
2019-10-19,0.0
2019-10-20,0.0
2019-10-21,0.0444725050603132
2019-10-22,0.0113322852832069
2019-10-23,0.0
2019-10-24,0.07731132291388586
2019-10-25,6.008075950740778
2019-10-26,0.5884745615268637
2019-10-27,0.0
2019-10-28,0.0
2019-10-29,0.0
2019-10-30,0.0
2019-10-31,0.0
2019-11-01,0.0
2019-11-02,0.0
2019-11-03,0.0
2019-11-04,0.0
2019-11-05,0.07932511008176017
2019-11-06,0.27203054192705217
2019-11-07,1.4751669038373134
2019-11-08,0.8542220460848363
2019-11-09,6.936796909305076
2019-11-10,24.226982339312148
2019-11-11,0.9228225496211465
2019-11-12,0.08134109628403519
2019-11-13,0.005095899024347805
2019-11-14,0.005180271054345221
2019-11-15,1.1000577711806166E-7
2019-11-16,0.0
2019-11-17,0.0
2019-11-18,0.0
2019-11-19,0.0
2019-11-20,0.0
2019-11-21,0.0
2019-11-22,0.0
2019-11-23,0.0
2019-11-24,0.0
2019-11-25,0.0
2019-11-26,0.0
2019-11-27,0.0
2019-11-28,0.0
2019-11-29,0.0
2019-11-30,0.0
2019-12-01,1.6573212927767573
2019-12-02,0.12888164444906813
2019-12-03,0.0
2019-12-04,0.0
2019-12-05,1.0689790964933232
2019-12-06,0.0
2019-12-07,0.0
2019-12-08,0.0
2019-12-09,0.07382460102399707
2019-12-10,0.007682309773682486
2019-12-11,0.0
2019-12-12,0.0
2019-12-13,0.06386429907814976
2019-12-14,0.0
2019-12-15,0.0
2019-12-16,0.0
2019-12-17,0.0
2019-12-18,0.0
2019-12-19,0.0
2019-12-20,0.0
2019-12-21,0.0
2019-12-22,0.0
2019-12-23,0.0
2019-12-24,0.0
2019-12-25,0.0
2019-12-26,0.0
2019-12-27,1.9684653284992244
2019-12-28,0.0
2019-12-29,0.0
2019-12-30,0.0
2019-12-31,0.0
2020-01-01,0.0
2020-01-02,0.17966614433884903
2020-01-03,24.299720968747422
2020-01-04,0.0
2020-01-05,0.03637018930691046
2020-01-06,0.0
2020-01-07,0.0
2020-01-08,0.0
2020-01-09,0.4420127932702211
2020-01-10,0.0
2020-01-11,0.03240161758592839
2020-01-12,0.0
2020-01-13,0.0
2020-01-14,0.0
2020-01-15,0.0
2020-01-16,0.0
2020-01-17,0.0
2020-01-18,0.0
2020-01-19,0.0
2020-01-20,0.4233644440059582
2020-01-21,0.3939122831816957
2020-01-22,0.0
2020-01-23,0.0
2020-01-24,0.0
2020-01-25,0.01905058768902748
2020-01-26,0.0
2020-01-27,0.0
2020-01-28,0.0
2020-01-29,0.0
2020-01-30,0.019074124701609595
2020-01-31,0.0
2020-02-01,0.2782315988261558
2020-02-02,0.010469017670410417
2020-02-03,0.10786224718584196
2020-02-04,0.0
2020-02-05,0.028026608981459037
2020-02-06,0.0
2020-02-07,0.0
2020-02-08,0.22780508027379096
2020-02-09,2.5604557466546236
2020-02-10,0.0
2020-02-11,0.6474895100924358
2020-02-12,0.0
2020-02-13,0.0
2020-02-14,0.0
2020-02-15,2.532087578240137
2020-02-16,0.5022340939287014
2020-02-17,0.0
2020-02-18,0.47028032937605113
2020-02-19,0.256837736813598
2020-02-20,0.009747646032207444
2020-02-21,0.04171510639159231
2020-02-22,0.0
2020-02-23,0.0
2020-02-24,0.0
2020-02-25,7.003919836085994
2020-02-26,2.2440887669510214
2020-02-27,0.0
2020-02-28,0.0
2020-02-29,0.0
2020-03-01,0.0
2020-03-02,0.0
2020-03-03,0.0
2020-03-04,0.0
2020-03-05,1.3905460259950309
2020-03-06,4.0448278101765816
2020-03-07,2.5950943642977213
2020-03-08,0.0
2020-03-09,0.0
2020-03-10,0.0
2020-03-11,0.0
2020-03-12,0.0
2020-03-13,0.0
2020-03-14,0.06715929075924301
2020-03-15,9.21800108821329
2020-03-16,4.020270702575594
2020-03-17,0.0
2020-03-18,0.0
2020-03-19,0.0
2020-03-20,7.715918455245652
2020-03-21,8.565333353404805
2020-03-22,0.44689293807584474
2020-03-23,1.234890150098622
2020-03-24,0.3393931903701494
2020-03-25,0.0
2020-03-26,7.109583201332126
2020-03-27,0.0
2020-03-28,0.0
2020-03-29,0.008526291863362118
2020-03-30,1.880507094899167
2020-03-31,0.0
2020-04-01,0.0
2020-04-02,0.49458539597449835
2020-04-03,0.0
2020-04-04,0.0
2020-04-05,0.0
2020-04-06,0.0
2020-04-07,0.0
2020-04-08,0.21314230043652074
2020-04-09,0.0
2020-04-10,0.0
2020-04-11,6.524712983621712
2020-04-12,0.0
2020-04-13,0.0
2020-04-14,1.805447760658608
2020-04-15,34.01096127612437
2020-04-16,11.820766024649368
2020-04-17,37.5501896474826
2020-04-18,50.89070197472163
2020-04-19,0.18746785254224857
2020-04-20,47.999308663669844
2020-04-21,6.241742969417625
2020-04-22,2.067527917759236
2020-04-23,2.8887845653846536
2020-04-24,4.702497313291563
2020-04-25,0.0
2020-04-26,6.874172833418052
2020-04-27,0.0
2020-04-28,0.16664397421437754
2020-04-29,0.0
2020-04-30,0.0
2020-05-01,0.7986804444119526
2020-05-02,2.020325515348897
2020-05-03,0.0
2020-05-04,0.0
2020-05-05,32.006997066802896
2020-05-06,2.745600448681037
2020-05-07,0.03884953024112887
2020-05-08,2.4186049063317863
2020-05-09,0.08901576475866685
2020-05-10,30.3337477927562
2020-05-11,0.0
2020-05-12,0.12425420288476871
2020-05-13,34.281209169778926
2020-05-14,25.21631490907418
2020-05-15,3.4663697613908897
2020-05-16,32.692773184593285
2020-05-17,3.8728292662240844
2020-05-18,0.4548890789539468
2020-05-19,0.9508748603961275
2020-05-20,45.52116373267088
2020-05-21,50.98021633027756
2020-05-22,25.63454388082239
2020-05-23,19.202401018074426
2020-05-24,11.615340604481425
2020-05-25,9.575851131614838
2020-05-26,87.39072275640208
2020-05-27,53.75712436279892
2020-05-28,0.44178195660325426
2020-05-29,0.016752286229117456
2020-05-30,2.7695928359024076
2020-05-31,6.057336467117886
2020-06-01,29.85803723973005
2020-06-02,41.53083391546154
2020-06-03,48.378801109164655
2020-06-04,27.328535865859656
2020-06-05,17.881051936939265
2020-06-06,84.9693981871934
2020-06-07,22.377172041668743
2020-06-08,20.692553681223583
2020-06-09,6.482733389381273
2020-06-10,15.235168701737592
2020-06-11,17.90515661925365
2020-06-12,18.22443812003636
2020-06-13,10.899418557745667
2020-06-14,12.494367302977848
2020-06-15,18.42596821684433
2020-06-16,24.63026917012111
2020-06-17,30.092498605941625
2020-06-18,29.134336706742648
2020-06-19,0.731946704372565
2020-06-20,9.031157410250627
2020-06-21,0.021878401590074082
2020-06-22,2.1137434592327935
2020-06-23,4.904623645867572
2020-06-24,44.96787369998265
2020-06-25,41.96345440769361
2020-06-26,84.46290961878589
2020-06-27,75.03833703012141
2020-06-28,3.268503016007474
2020-06-29,1.563437453552052
2020-06-30,8.396627757607265
2020-07-01,39.33346240096668
2020-07-02,25.158193015682684
2020-07-03,17.84047494594158
2020-07-04,31.778916877855085
2020-07-05,13.72355710510051
2020-07-06,10.091390213166317
2020-07-07,6.869844803167268
2020-07-08,11.349828088532757
2020-07-09,52.68913489063579
2020-07-10,63.85511987024058
2020-07-11,106.70965118537262
2020-07-12,24.842517858353915
2020-07-13,11.507180711166185
2020-07-14,22.28951070956145
2020-07-15,2.235213872368133
2020-07-16,17.443257331234523
2020-07-17,20.8638159371881
2020-07-18,25.023509237320948
2020-07-19,36.262466494555326
2020-07-20,45.73576321262241
2020-07-21,66.5715951280021
2020-07-22,10.650790006462666
2020-07-23,40.94000031333718
2020-07-24,4.569367028920842
2020-07-25,1.1894938785542157
2020-07-26,5.492027569918874
2020-07-27,18.831274022478535
2020-07-28,26.65088102601115
2020-07-29,52.809967676336555
2020-07-30,7.989968001954527
2020-07-31,5.86891730022121
2020-08-01,2.979719233579753
2020-08-02,4.916013800912748
2020-08-03,1.237052364236777
2020-08-04,9.406801846548518
2020-08-05,2.4978416489636444
2020-08-06,18.403777965973674
2020-08-07,18.950770849013768
2020-08-08,2.680894761980275
2020-08-09,9.776884748507467
2020-08-10,5.62922738105233
2020-08-11,8.83582777302845
2020-08-12,6.9945159106253
2020-08-13,0.3520092409441182
2020-08-14,86.76795769261766
2020-08-15,2.2971906618345126
2020-08-16,0.15732351465921
2020-08-17,0.08319323367150845
2020-08-18,1.78023472777097
2020-08-19,0.001719704489521656
2020-08-20,13.878102308122005
2020-08-21,12.66285080632018
2020-08-22,25.21033598301066
2020-08-23,9.671882016073917
2020-08-24,8.045275190912726
2020-08-25,22.636392801887126
2020-08-26,2.4622182001596924
2020-08-27,2.4386527079574214
2020-08-28,24.193513754132475
2020-08-29,45.41527982911698
2020-08-30,34.98027693343848
2020-08-31,28.493925140094337
2020-09-01,44.451574969059315
2020-09-02,0.09432953601803062
2020-09-03,0.044507501344649585
2020-09-04,1.3336759501252822
2020-09-05,37.18946043346258
2020-09-06,37.472202413267766
2020-09-07,14.31340176268511
2020-09-08,28.69731455869144
2020-09-09,20.465366094571067
2020-09-10,19.715667325193944
2020-09-11,42.104381979413226
2020-09-12,18.712502932893926
2020-09-13,14.201405724999674
2020-09-14,18.045408267495823
2020-09-15,23.85653457477578
2020-09-16,24.889408016369604
2020-09-17,13.438227531660422
2020-09-18,18.9791375160948
2020-09-19,14.755981644049786
2020-09-20,15.284738143281654
2020-09-21,25.816444842660463
2020-09-22,55.239433697445385
2020-09-23,18.950588530096745
2020-09-24,67.29787737292268
2020-09-25,44.67961109433623
2020-09-26,23.82909453969013
2020-09-27,5.684647686530212
2020-09-28,0.0
2020-09-29,4.420835903207901
2020-09-30,15.221581799747273
2020-10-01,25.678086220899207
2020-10-02,24.75417429697056
2020-10-03,8.584515805652035
2020-10-04,19.543812057263253
2020-10-05,28.053233688833416
2020-10-06,47.2410613999138
2020-10-07,28.31890361259615
2020-10-08,0.0
2020-10-09,2.0634680400199845
2020-10-10,0.9200527550172317
2020-10-11,0.0582976114104066
2020-10-12,0.21690939485445884
2020-10-13,0.0
2020-10-14,0.0
2020-10-15,0.0
2020-10-16,0.0
2020-10-17,0.3407813386014484
2020-10-18,2.159953564292542
2020-10-19,0.567490698158394
2020-10-20,0.5582787842821006
2020-10-21,0.9160449815518292
2020-10-22,17.780997585365718
2020-10-23,136.2304472185153
2020-10-24,5.983498163845971
2020-10-25,1.0276685104806942
2020-10-26,4.500753946229821
2020-10-27,4.184762511009874
2020-10-28,1.0336232541641903
2020-10-29,0.6511790727442034
2020-10-30,14.015468876375914
2020-10-31,20.084849998255343
2020-11-01,1.5402085553837561
2020-11-02,0.15876537646994549
2020-11-03,0.32508349880226634
2020-11-04,0.0
2020-11-05,0.0
2020-11-06,0.4092833287780164
2020-11-07,0.10546491407716538
2020-11-08,0.02804377346878428
2020-11-09,0.0
2020-11-10,0.0
2020-11-11,0.0
2020-11-12,0.0
2020-11-13,0.0
2020-11-14,0.0
2020-11-15,0.0037047192723654305
2020-11-16,0.0
2020-11-17,0.10567722068976457
2020-11-18,0.0
2020-11-19,0.0
2020-11-20,0.0
2020-11-21,3.510532885416703
2020-11-22,0.09145379162559321
2020-11-23,0.0
2020-11-24,6.042896644773205
2020-11-25,1.119683566156804
2020-11-26,0.015380746913698763
2020-11-27,0.0
2020-11-28,0.6695505719025295
2020-11-29,0.0
2020-11-30,0.0
2020-12-01,0.0
2020-12-02,0.0
2020-12-03,0.1304151020649593
2020-12-04,0.06321800299072193
2020-12-05,0.05972232606701163
2020-12-06,0.3013675291267765
2020-12-07,0.04954398186413441
2020-12-08,0.01174616882259906
2020-12-09,0.0
2020-12-10,0.0
2020-12-11,0.0
2020-12-12,0.0
2020-12-13,0.0
2020-12-14,0.0
2020-12-15,0.06678827234285391
2020-12-16,0.0
2020-12-17,0.0
2020-12-18,0.0
2020-12-19,0.024069785513323116
2020-12-20,0.0024984257533749417
2020-12-21,0.02881282328566516
2020-12-22,0.08010375033829742
2020-12-23,0.0
2020-12-24,0.0
2020-12-25,1.0263711297075278
2020-12-26,0.0
2020-12-27,0.0
2020-12-28,0.0
2020-12-29,0.6465863110234467
2020-12-30,0.009808656378612243
2020-12-31,0.03664254306943675
2021-01-01,0.0
2021-01-02,0.0
2021-01-03,0.6249785021191774
2021-01-04,0.0
2021-01-05,0.9399124976990961
2021-01-06,0.07757509689279202
2021-01-07,0.8407482409131811
2021-01-08,0.4908861106942492
2021-01-09,0.0
2021-01-10,0.0
2021-01-11,0.13213959974280268
2021-01-12,0.006391053328212528
2021-01-13,0.0
2021-01-14,0.26960525700639254
2021-01-15,0.0
2021-01-16,0.0
2021-01-17,0.0
2021-01-18,0.0
2021-01-19,0.0
2021-01-20,2.3724639428254464
2021-01-21,0.8345183982222679
2021-01-22,0.0
2021-01-23,0.0
2021-01-24,0.0
2021-01-25,0.0
2021-01-26,0.0
2021-01-27,0.0
2021-01-28,0.0
2021-01-29,0.0
2021-01-30,0.012349867406380503
2021-01-31,0.04780001323655601
2021-02-01,0.23358072229616295
2021-02-02,0.0
2021-02-03,0.0
2021-02-04,0.71143648308204
2021-02-05,0.0
2021-02-06,0.0
2021-02-07,0.671820461070922
2021-02-08,0.0
2021-02-09,0.0
2021-02-10,0.6310165774063489
2021-02-11,0.7922087412404331
2021-02-12,0.0
2021-02-13,0.0
2021-02-14,0.0
2021-02-15,1.5493084272458981
2021-02-16,0.0
2021-02-17,0.0
2021-02-18,0.0
2021-02-19,0.28569598294770193
2021-02-20,0.0
2021-02-21,2.3915869266769447
2021-02-22,0.005025217743462652
2021-02-23,0.12105131709986901
2021-02-24,0.3754658901957905
2021-02-25,0.03579257826673978
2021-02-26,0.0
2021-02-27,0.0
2021-02-28,0.23315991130815159
2021-03-01,0.0
2021-03-02,0.0
2021-03-03,0.0013895670632812591
2021-03-04,0.0
2021-03-05,5.471027664491398
2021-03-06,3.011894330125954
2021-03-07,0.11906245558706764
2021-03-08,0.9624771295897275
2021-03-09,0.8339345987967732
2021-03-10,0.6340143798089195
2021-03-11,3.0788087174944865
2021-03-12,0.11866796394274505
2021-03-13,0.09903439584419146
2021-03-14,1.2851565279688566
2021-03-15,0.006829248790553982
2021-03-16,0.028180361228420627
2021-03-17,0.5691764083648679
2021-03-18,2.8502266800119855
2021-03-19,0.0
2021-03-20,0.562213490850505
2021-03-21,0.0
2021-03-22,0.0
2021-03-23,0.0
2021-03-24,4.047202082085138
2021-03-25,0.0
2021-03-26,0.0
2021-03-27,0.0
2021-03-28,0.0
2021-03-29,3.2565214851411275
2021-03-30,76.38313191932461
2021-03-31,22.01876835500945
2021-04-01,0.9751249101700339
2021-04-02,0.0
2021-04-03,0.0
2021-04-04,0.0
2021-04-05,0.0
2021-04-06,0.0
2021-04-07,0.0
2021-04-08,27.81493635101219
2021-04-09,3.0799683834810683
2021-04-10,0.0
2021-04-11,7.148526353013334
2021-04-12,0.052809346201710655
2021-04-13,1.6993712086274344
2021-04-14,0.5151140429168941
2021-04-15,9.541486909482497
2021-04-16,4.833145254712665
2021-04-17,0.0
2021-04-18,10.056284104966593
2021-04-19,1.5298611262367157
2021-04-20,14.219651263823485
2021-04-21,44.425717297927086
2021-04-22,4.632222215372491
2021-04-23,3.8503788847633817
2021-04-24,0.0
2021-04-25,0.0
2021-04-26,0.0
2021-04-27,0.0
2021-04-28,0.5848040485415857
2021-04-29,0.0
2021-04-30,0.22493959007529013
2021-05-01,3.295986723253135
2021-05-02,30.63716270755317
2021-05-03,8.278264324863137
2021-05-04,29.925171325754903
2021-05-05,25.221066934639545
2021-05-06,0.0
2021-05-07,1.8385219409196125
2021-05-08,0.0
2021-05-09,2.8459635977906226
2021-05-10,1.8749611264853139
2021-05-11,12.23119098602189
2021-05-12,0.4338155093109903
2021-05-13,0.27707123328260447
2021-05-14,0.0
2021-05-15,25.88094813695941
2021-05-16,4.038806570130922
2021-05-17,21.312540326536684
2021-05-18,50.82475302140856
2021-05-19,8.393602110679689
2021-05-20,48.76251808619579
2021-05-21,0.1532537830851171
2021-05-22,0.988540657797769
2021-05-23,16.86946026611718
2021-05-24,46.71181099637031
2021-05-25,3.3437010798079623
2021-05-26,7.4434045524147034
2021-05-27,0.0
2021-05-28,0.0
2021-05-29,0.8973140303848174
2021-05-30,12.8641902522269
2021-05-31,64.50762946270397
2021-06-01,50.47988458930542
2021-06-02,1.5979746257495928
2021-06-03,9.354031931970976
2021-06-04,51.40732456795894
2021-06-05,57.8522139423885
2021-06-06,20.990036721068343
2021-06-07,22.308002755484104
2021-06-08,2.400547707495543
2021-06-09,6.021336345195364
2021-06-10,30.5067865854884
2021-06-11,21.16027300575199
2021-06-12,21.860732195110575
2021-06-13,19.388265537683353
2021-06-14,19.470988731821922
2021-06-15,11.894113866324721
2021-06-16,3.458577260552984
2021-06-17,0.21155994480043186
2021-06-18,13.849630580898884
2021-06-19,4.332643904879292
2021-06-20,0.9740031944492318
2021-06-21,0.05113914292067089
2021-06-22,0.7279872061776665
2021-06-23,11.65113173285453
2021-06-24,18.750203554100292
2021-06-25,6.34982336717131
2021-06-26,3.990845862499719
2021-06-27,24.106278990827736
2021-06-28,28.351981763063247
2021-06-29,47.71347550803779
2021-06-30,54.14117298716798
2021-07-01,2.3856007842716127
2021-07-02,2.7040524973511744
2021-07-03,1.0452873247790668
2021-07-04,0.0
2021-07-05,1.8019340616678843
2021-07-06,38.993933426120726
2021-07-07,32.978724768275434
2021-07-08,9.202602065949462
2021-07-09,21.633152448053035
2021-07-10,25.03271680982248
2021-07-11,21.093258463175683
2021-07-12,42.3583521758223
2021-07-13,18.30100296141491
2021-07-14,13.630650074829923
2021-07-15,4.625222359787151
2021-07-16,14.251425575801157
2021-07-17,0.1490111821217835
2021-07-18,46.681757069886054
2021-07-19,39.39869985553963
2021-07-20,40.40372945201913
2021-07-21,30.28549672858797
2021-07-22,15.950587780261666
2021-07-23,18.992253439897496
2021-07-24,1.5190462851578803
2021-07-25,0.0
2021-07-26,32.961626290175325
2021-07-27,7.989704216403203
2021-07-28,9.856465707695746
2021-07-29,0.7011716997591378
2021-07-30,14.198813023346153
2021-07-31,2.4298658824009007
2021-08-01,31.765773592412742
2021-08-02,25.14179283742639
2021-08-03,12.57019391461755
2021-08-04,14.41638902961019
2021-08-05,12.236778607932015
2021-08-06,48.99012115131222
2021-08-07,15.16661815990654
2021-08-08,1.6671670451999432
2021-08-09,11.386509211507864
2021-08-10,39.947104167284614
2021-08-11,37.27460183335031
2021-08-12,19.77624147675896
2021-08-13,26.589376663059227
2021-08-14,27.117867763817163
2021-08-15,29.785376104003102
2021-08-16,30.816549485202906
2021-08-17,9.548901054768912
2021-08-18,0.5362977341827059
2021-08-19,0.0
2021-08-20,0.25608357723099606
2021-08-21,0.3235416354646578
2021-08-22,11.518003549436804
2021-08-23,45.77586589806584
2021-08-24,3.303986769042987
2021-08-25,27.427756443331432
2021-08-26,46.588076034175046
2021-08-27,7.5651262807879105
2021-08-28,1.275540376570655
2021-08-29,52.86952843420904
2021-08-30,10.942089107257825
2021-08-31,6.185156869673193
2021-09-01,12.501981595515964
2021-09-02,5.798186536777188
2021-09-03,1.4821283240704506
2021-09-04,4.615317186733295
2021-09-05,11.360989307206534
2021-09-06,45.210280560381186
2021-09-07,5.738504786267456
2021-09-08,9.554891666283305
2021-09-09,4.501069515410061
2021-09-10,14.840586775500098
2021-09-11,21.796825235145956
2021-09-12,23.244359084394716
2021-09-13,11.684346071608104
2021-09-14,3.226945668296054
2021-09-15,18.03051138156537
2021-09-16,34.0568250597621
2021-09-17,12.548244674821236
2021-09-18,10.806944337703609
2021-09-19,0.0
2021-09-20,0.25359611917178393
2021-09-21,0.0
2021-09-22,0.05017637559433444
2021-09-23,1.0754506337918784E-4
2021-09-24,0.39702467620415827
2021-09-25,7.578660607894674
2021-09-26,5.848133351758629
2021-09-27,10.207017520848023
2021-09-28,20.812435766910895
2021-09-29,1.0164555962284758
2021-09-30,3.6212700666339774
2021-10-01,11.152364883079217
2021-10-02,38.012718941807435
2021-10-03,61.22044165641651
2021-10-04,26.518199925563156
2021-10-05,11.832072288627838
2021-10-06,0.0
2021-10-07,0.0
2021-10-08,0.0
2021-10-09,0.5857776128827946
2021-10-10,0.0
2021-10-11,0.0
2021-10-12,1.0749494664075616
2021-10-13,4.951563384493043
2021-10-14,0.0
2021-10-15,0.032783057292130054
2021-10-16,0.028687389662024373
2021-10-17,6.779450093564676
2021-10-18,4.61518710165839
2021-10-19,7.854675294030491
2021-10-20,41.66353684641534
2021-10-21,17.102148447156758
2021-10-22,0.0
2021-10-23,0.0
2021-10-24,0.0
2021-10-25,0.0
2021-10-26,0.0
2021-10-27,0.0
2021-10-28,0.0
2021-10-29,0.0
2021-10-30,0.0
2021-10-31,0.0
2021-11-01,1.1815723933167248
2021-11-02,0.0
2021-11-03,0.04707289741422675
2021-11-04,0.5085843356062234
2021-11-05,0.0740131748815058
2021-11-06,0.0
2021-11-07,0.0
2021-11-08,0.0
2021-11-09,0.0
2021-11-10,0.9973265353834456
2021-11-11,0.0
2021-11-12,0.0
2021-11-13,0.0
2021-11-14,0.0
2021-11-15,0.0
2021-11-16,0.420383620841628
2021-11-17,0.0
2021-11-18,0.013196813240110825
2021-11-19,0.0
2021-11-20,0.0
2021-11-21,0.7013630342247033
2021-11-22,0.0
2021-11-23,0.0
2021-11-24,0.0
2021-11-25,0.01893627177689611
2021-11-26,0.0
2021-11-27,0.0
2021-11-28,0.03439625835774454
2021-11-29,0.0
2021-11-30,0.0
2021-12-01,0.0
2021-12-02,0.0
2021-12-03,0.024092800417760213
2021-12-04,3.696133408899167
2021-12-05,2.8180408078695245
2021-12-06,14.302470746203653
2021-12-07,0.0
2021-12-08,0.0
2021-12-09,0.0
2021-12-10,0.0
2021-12-11,0.319914061177001
2021-12-12,0.0
2021-12-13,0.01746888358026051
2021-12-14,0.0
2021-12-15,0.026799849820472763
2021-12-16,0.01172821390625711
2021-12-17,0.0
2021-12-18,0.0
2021-12-19,0.0
2021-12-20,0.005974610355273278
2021-12-21,0.0
2021-12-22,0.49447479407413125
2021-12-23,0.09486237553283505
2021-12-24,0.0
2021-12-25,0.0
2021-12-26,0.0
2021-12-27,0.0
2021-12-28,0.02974445525942353
2021-12-29,0.0
2021-12-30,0.13361918381401425
2021-12-31,0.9587613131842005
2022-01-01,3.7544968335952724
2022-01-02,0.0
2022-01-03,0.0016324340612870877
2022-01-04,0.0
2022-01-05,0.7281373071717409
2022-01-06,0.7995540651934904
2022-01-07,0.3673571542856409
2022-01-08,0.006008000125431622
2022-01-09,0.0036426004391754
2022-01-10,2.260312012741394
2022-01-11,0.0
2022-01-12,2.480777586065924
2022-01-13,0.0
2022-01-14,0.0
2022-01-15,0.0
2022-01-16,0.0
2022-01-17,0.0
2022-01-18,0.0
2022-01-19,0.0
2022-01-20,2.5487651570406333
2022-01-21,0.0
2022-01-22,0.0
2022-01-23,0.0
2022-01-24,0.0
2022-01-25,0.0
2022-01-26,0.0
2022-01-27,0.26820815573895246
2022-01-28,0.0
2022-01-29,0.0
2022-01-30,0.0
2022-01-31,0.0
2022-02-01,0.0
2022-02-02,0.0
2022-02-03,0.0
2022-02-04,0.3901227153073896
2022-02-05,2.0275107878845917
2022-02-06,1.3416534984702286
2022-02-07,0.0
2022-02-08,0.0
2022-02-09,0.0
2022-02-10,0.25925302707501885
2022-02-11,1.4465917034886313
2022-02-12,0.1819041764142213
2022-02-13,3.1960538823123805
2022-02-14,0.0
2022-02-15,0.025027463922257624
2022-02-16,0.0
2022-02-17,0.0
2022-02-18,0.0
2022-02-19,0.0
2022-02-20,5.948909806979744
2022-02-21,1.3020983079691741
2022-02-22,0.0
2022-02-23,0.5579564778370628
2022-02-24,10.639872791856325
2022-02-25,4.525808819543871
2022-02-26,0.0
2022-02-27,0.0
2022-02-28,0.2386896449704423
2022-03-01,0.5765475996047843
2022-03-02,2.6034823242619183
2022-03-03,0.11008291057528084
2022-03-04,0.10881064529412868
2022-03-05,0.19303764300612347
2022-03-06,0.11975744019421727
2022-03-07,1.2286282925431882
2022-03-08,0.0
2022-03-09,3.369458208175524
2022-03-10,2.9761448376836657
2022-03-11,2.547992957282624
2022-03-12,0.0
2022-03-13,1.3883367401982476
2022-03-14,0.25149025488491306
2022-03-15,2.7830901459152004
2022-03-16,0.0
2022-03-17,0.0
2022-03-18,0.0
2022-03-19,0.22086438135125727
2022-03-20,3.9198825608218537
2022-03-21,0.0
2022-03-22,0.0
2022-03-23,0.0
2022-03-24,0.019289021625619716
2022-03-25,5.430409580437239
2022-03-26,1.190983468818297
2022-03-27,0.0
2022-03-28,0.0
2022-03-29,0.17310280459587837
2022-03-30,1.2380938167214324
2022-03-31,35.26441047321992
2022-04-01,3.556886320427004
2022-04-02,0.0
2022-04-03,18.462270267996107
2022-04-04,10.79376152031872
2022-04-05,0.005084443239198959
2022-04-06,0.0
2022-04-07,0.0
2022-04-08,0.8582659655263178
2022-04-09,5.352891738110504
2022-04-10,22.127989846586356
2022-04-11,11.240754625774578
2022-04-12,5.0752638213523635
2022-04-13,15.339160759864521
2022-04-14,3.261363032651446
2022-04-15,3.190237906293473
2022-04-16,0.0
2022-04-17,2.0823797750926665
2022-04-18,4.290386529487411
2022-04-19,18.218103971562943
2022-04-20,21.394157463686316
2022-04-21,1.3654603227382203
2022-04-22,31.26117005031332
2022-04-23,5.839194776334069
2022-04-24,3.3996847470394536
2022-04-25,1.1708212616244995
2022-04-26,10.692089398577874
2022-04-27,8.955490372730491
2022-04-28,0.0
2022-04-29,29.313424841787636
2022-04-30,0.0
2022-05-01,0.0
2022-05-02,4.030761099941369
2022-05-03,3.448653152426711
2022-05-04,0.0
2022-05-05,0.0
2022-05-06,0.0
2022-05-07,0.0
2022-05-08,0.0
2022-05-09,0.0
2022-05-10,1.074232732497129
2022-05-11,12.07703588368841
2022-05-12,16.599116923103654
2022-05-13,80.60213260179587
2022-05-14,50.947296497265455
2022-05-15,108.89915241468715
2022-05-16,57.3838992005834
2022-05-17,19.070510207419122
2022-05-18,67.7173629236664
2022-05-19,44.808931716116255
2022-05-20,7.070725397543671
2022-05-21,4.02435756545466
2022-05-22,0.020921209315526136
2022-05-23,0.0
2022-05-24,3.674789077479435
2022-05-25,0.0
2022-05-26,0.03232199563963828
2022-05-27,0.059962094049008846
2022-05-28,0.0
2022-05-29,0.6000768856420219
2022-05-30,0.37479416788570596
2022-05-31,42.54391370987288
2022-06-01,16.365034996154986
2022-06-02,35.23445100115669
2022-06-03,58.0497223690472
2022-06-04,48.76170353818311
2022-06-05,35.368216569457196
2022-06-06,47.342049405641035
2022-06-07,57.82056401175163
2022-06-08,44.78168919041568
2022-06-09,56.93384015488096
2022-06-10,3.599642329796379
2022-06-11,10.600965789129623
2022-06-12,19.125682482197217
2022-06-13,44.33379108784927
2022-06-14,47.049751944120054
2022-06-15,57.18969803860827
2022-06-16,49.132913212955245
2022-06-17,70.9798395580817
2022-06-18,71.01772956002046
2022-06-19,50.095005207611095
2022-06-20,17.1631186842963
2022-06-21,19.308407474707227
2022-06-22,12.946872734264401
2022-06-23,0.5939544926997992
2022-06-24,0.6498960169257736
2022-06-25,0.08736361576434526
2022-06-26,1.1431792707758441
2022-06-27,16.763200096726752
2022-06-28,43.5851525314037
2022-06-29,32.45957864700431
2022-06-30,29.326522476949354
2022-07-01,0.40991636607153326
2022-07-02,15.446676030132362
2022-07-03,13.415409180662335
2022-07-04,9.678344540517951
2022-07-05,27.718865823736724
2022-07-06,26.68812287624592
2022-07-07,10.662017675916136
2022-07-08,3.810288454045965
2022-07-09,6.737559964715357
2022-07-10,21.11740586919058
2022-07-11,22.26387464233828
2022-07-12,9.794709259004625
2022-07-13,3.2199231451027392
2022-07-14,16.201453478960058
2022-07-15,10.270551292662054
2022-07-16,42.712002512562734
2022-07-17,4.450534483691545
2022-07-18,3.5220197580013783
2022-07-19,4.606603700747657
2022-07-20,13.283233642247176
2022-07-21,21.24486524257397
2022-07-22,32.19392359990661
2022-07-23,41.7579483853113
2022-07-24,35.316556813321725
2022-07-25,10.34442781553325
2022-07-26,5.933248427411233
2022-07-27,0.0
2022-07-28,16.690718936949796
2022-07-29,7.2673434742907395
2022-07-30,40.73580295756697
2022-07-31,56.70280876001367
2022-08-01,6.890215291195364
2022-08-02,2.1099600057529386
2022-08-03,29.68720372176278
2022-08-04,22.77123529055915
2022-08-05,24.14757063031618
2022-08-06,14.986621022372644
2022-08-07,24.163773961155563
2022-08-08,1.4744524446556466
2022-08-09,1.0609325983964115
2022-08-10,1.7972829313138363
2022-08-11,0.0
2022-08-12,1.0769144208568917
2022-08-13,19.858151732436017
2022-08-14,9.074486061100286
2022-08-15,2.6676485680164554
2022-08-16,0.14535571564057748
2022-08-17,0.610639144010842
2022-08-18,14.796947611206967
2022-08-19,11.495718758133666
2022-08-20,0.5344092787020508
2022-08-21,6.0714478604565505
2022-08-22,26.336229146180106
2022-08-23,22.1902641979107
2022-08-24,0.0
2022-08-25,0.0
2022-08-26,34.4369349855563
2022-08-27,53.65381319654332
2022-08-28,1.1598378906937785
2022-08-29,0.0
2022-08-30,15.620968820250273
2022-08-31,15.32732871754897
2022-09-01,25.528415093858044
2022-09-02,16.372419104919853
2022-09-03,53.32363906470226
2022-09-04,23.286638781601102
2022-09-05,64.7997460946156
2022-09-06,5.510178951226225
2022-09-07,15.515308765939515
2022-09-08,12.268917162261644
2022-09-09,10.983216036221314
2022-09-10,19.079265325597046
2022-09-11,12.269785591459833
2022-09-12,4.249539489519398
2022-09-13,20.828482829994584
2022-09-14,12.213877719698122
2022-09-15,73.68258381905437
2022-09-16,18.294506019358863
2022-09-17,0.0
2022-09-18,10.67932885043247
2022-09-19,18.015934373081684
2022-09-20,1.169973654991211
2022-09-21,7.5591660387716395
2022-09-22,16.62288042684475
2022-09-23,20.354278260347204
2022-09-24,19.257485108134784
2022-09-25,13.026928860856938
2022-09-26,5.963822995914453
2022-09-27,5.007044354487016
2022-09-28,1.9238220396500143
2022-09-29,0.6553311521442264
2022-09-30,0.23369475852940236
2022-10-01,18.002006319990052
2022-10-02,50.08135907045552
2022-10-03,10.945312513092636
2022-10-04,11.641165408854809
2022-10-05,0.7286957556797155
2022-10-06,0.4546870075564594
2022-10-07,0.8522155021787602
2022-10-08,20.236106254080877
2022-10-09,20.160741204799137
2022-10-10,11.745274971679459
2022-10-11,57.591415066967336
2022-10-12,27.30075624222067
2022-10-13,2.8559854465376047
2022-10-14,0.7232911980506156
2022-10-15,0.0
2022-10-16,0.0
2022-10-17,0.0
2022-10-18,0.0
2022-10-19,0.0
2022-10-20,0.0
2022-10-21,0.0
2022-10-22,0.0
2022-10-23,0.05541301355516094
2022-10-24,106.15276493489372
2022-10-25,2.203132932111181
2022-10-26,0.0
2022-10-27,0.0
2022-10-28,0.0
2022-10-29,0.0
2022-10-30,0.0
2022-10-31,0.0
2022-11-01,0.0
2022-11-02,0.06349899358365498
2022-11-03,0.0
2022-11-04,0.0
2022-11-05,0.7851391649484755
2022-11-06,0.6128255619559009
2022-11-07,0.0
2022-11-08,0.0
2022-11-09,0.0
2022-11-10,0.0
2022-11-11,0.0
2022-11-12,0.0
2022-11-13,0.0
2022-11-14,0.0
2022-11-15,0.0
2022-11-16,0.0
2022-11-17,0.0
2022-11-18,0.07127578769017381
2022-11-19,0.010591253755904851
2022-11-20,0.0
2022-11-21,0.0
2022-11-22,0.0
2022-11-23,0.0
2022-11-24,0.0
2022-11-25,0.0
2022-11-26,0.0
2022-11-27,0.0
2022-11-28,0.0
2022-11-29,0.0
2022-11-30,0.0
2022-12-01,4.374540595243211
2022-12-02,0.0
2022-12-03,0.0
2022-12-04,0.0015096647261414954
2022-12-05,0.13948912412296158
2022-12-06,0.01166840368742153
2022-12-07,0.8842496793962858
2022-12-08,0.02124269588860051
2022-12-09,0.6168234895047912
2022-12-10,0.0
2022-12-11,0.0
2022-12-12,0.0
2022-12-13,0.0
2022-12-14,0.0
2022-12-15,0.030407077570282253
2022-12-16,0.0
2022-12-17,0.0
2022-12-18,0.0505774714640217
2022-12-19,0.0
2022-12-20,0.0
2022-12-21,0.0
2022-12-22,0.0
2022-12-23,0.0
2022-12-24,0.005543307510555338
2022-12-25,0.0
2022-12-26,0.0
2022-12-27,0.7949770688872724
2022-12-28,0.0
2022-12-29,0.0
2022-12-30,0.0
2022-12-31,0.0
2023-01-01,0.12157758877609057
2023-01-02,0.0
2023-01-03,0.0
2023-01-04,0.0
2023-01-05,0.0
2023-01-06,0.2126862708640646
2023-01-07,0.0
2023-01-08,0.0
2023-01-09,0.0
2023-01-10,0.12943096553668118
2023-01-11,0.21281827465490433
2023-01-12,0.0
2023-01-13,0.2222203341890953
2023-01-14,0.0015992695291544025
2023-01-15,0.16406584644375524
2023-01-16,0.0
2023-01-17,0.007829824090607231
2023-01-18,0.0
2023-01-19,0.0
2023-01-20,0.0
2023-01-21,0.019379444824312055
2023-01-22,0.0
2023-01-23,0.0
2023-01-24,0.0
2023-01-25,0.0
2023-01-26,0.0
2023-01-27,0.0
2023-01-28,0.00961194128433235
2023-01-29,0.4911563347123734
2023-01-30,0.017940774656066697
2023-01-31,0.0
2023-02-01,0.09534102305048142
2023-02-02,0.0
2023-02-03,0.0
2023-02-04,0.0
2023-02-05,0.0
2023-02-06,0.0
2023-02-07,0.0
2023-02-08,0.17882738172764914
2023-02-09,0.0
2023-02-10,0.0
2023-02-11,0.0
2023-02-12,0.0
2023-02-13,0.0
2023-02-14,0.0
2023-02-15,0.0
2023-02-16,0.0
2023-02-17,0.2748807854871784
2023-02-18,0.0
2023-02-19,0.0
2023-02-20,0.8731295193935292
2023-02-21,1.6019784641174153
2023-02-22,9.589402203131579
2023-02-23,3.8709217943418066
2023-02-24,1.3966946042353428
2023-02-25,0.0
2023-02-26,0.0
2023-02-27,0.0
2023-02-28,0.0
2023-03-01,0.0
2023-03-02,0.0
2023-03-03,0.0
2023-03-04,0.0
2023-03-05,0.0
2023-03-06,0.0
2023-03-07,0.0
2023-03-08,0.0
2023-03-09,0.0
2023-03-10,0.0
2023-03-11,0.0
2023-03-12,0.0
2023-03-13,0.0
2023-03-14,20.27283981236563
2023-03-15,17.41434084358031
2023-03-16,34.39008359695876
2023-03-17,23.326742345858403
2023-03-18,17.721573318734205
2023-03-19,77.1839554246346
2023-03-20,8.868839880028885
2023-03-21,0.021808944420411716
2023-03-22,0.0
2023-03-23,0.0
2023-03-24,0.0
2023-03-25,0.0
2023-03-26,9.194639340954426
2023-03-27,0.0
2023-03-28,0.5428437731884523
2023-03-29,0.0
2023-03-30,14.344346695495629
2023-03-31,0.0
2023-04-01,0.02982542751782099
2023-04-02,0.011122335587803742
2023-04-03,0.007661202615604458
2023-04-04,0.13790121148401394
2023-04-05,2.761124231757008
2023-04-06,0.05395010211574878
2023-04-07,0.0
2023-04-08,0.0
2023-04-09,0.0
2023-04-10,0.0
2023-04-11,0.0024428439302426647
2023-04-12,0.060178407464535205
2023-04-13,0.0
2023-04-14,0.0
2023-04-15,1.7961579817191684
2023-04-16,0.0
2023-04-17,7.042217961524484
2023-04-18,5.337801404349699
2023-04-19,2.4782104909373452
2023-04-20,34.187352690835674
2023-04-21,33.04810606856592
2023-04-22,0.03152971001693286
2023-04-23,3.4386544449396013
2023-04-24,0.0
2023-04-25,0.0
2023-04-26,0.0
2023-04-27,8.171707425797697
2023-04-28,0.0
2023-04-29,33.46667845799839
2023-04-30,1.6979616226646232
2023-05-01,0.0
2023-05-02,0.0
2023-05-03,0.0
2023-05-04,0.0
2023-05-05,0.0
2023-05-06,0.039195807983075405
2023-05-07,0.0
2023-05-08,0.0
2023-05-09,0.0
2023-05-10,31.581945317962408
2023-05-11,9.194497780286769
2023-05-12,43.332944207778695
2023-05-13,47.81568854857106
2023-05-14,14.332267390396181
2023-05-15,0.7225756681260844
2023-05-16,2.1091195052977456
2023-05-17,5.842023234884315E-4
2023-05-18,0.0
2023-05-19,3.8445687367639536
2023-05-20,0.0
2023-05-21,25.382090056915665
2023-05-22,7.757259871139855
2023-05-23,43.709670852978405
2023-05-24,0.0
2023-05-25,26.947430043791226
2023-05-26,0.0
2023-05-27,1.8022988155087318
2023-05-28,0.0
2023-05-29,0.0
2023-05-30,0.0
2023-05-31,8.183086523542665
2023-06-01,8.805136578592052
2023-06-02,13.728476421275989
2023-06-03,0.5103783608448135
2023-06-04,2.258958663839354
2023-06-05,0.0
2023-06-06,0.9916429128666423
2023-06-07,0.0
2023-06-08,42.578984732321864
2023-06-09,38.6543766315337
2023-06-10,15.633277528409586
2023-06-11,3.036583136107106
2023-06-12,6.598689227681799
2023-06-13,15.943802800511785
2023-06-14,92.92779399518489
2023-06-15,89.80976959231931
2023-06-16,118.75500505357532
2023-06-17,89.14419513792399
2023-06-18,20.569689118301252
2023-06-19,27.319286225871473
2023-06-20,18.361802197106623
2023-06-21,28.473315961482058
2023-06-22,24.137897138270684
2023-06-23,0.0
2023-06-24,0.0
2023-06-25,3.6098106381298893
2023-06-26,3.1243530939211417
2023-06-27,24.774531329396154
2023-06-28,36.03406825008658
2023-06-29,69.40169567669665
2023-06-30,42.69446208363187
2023-07-01,36.04452755156737
2023-07-02,106.12935125627497
2023-07-03,35.10174909742769
2023-07-04,9.496278734191424
2023-07-05,40.64836937837697
2023-07-06,15.842616488178532
2023-07-07,7.5791287594197785
2023-07-08,1.0920311117430086
2023-07-09,8.875379658438938
2023-07-10,18.00478085301974
2023-07-11,11.238857789852602
2023-07-12,13.849164916575413
2023-07-13,19.777249621274912
2023-07-14,0.2737542022967508
2023-07-15,0.6569101265376432
2023-07-16,4.9677782717347005
2023-07-17,3.9141442170320557
2023-07-18,3.6633958261900537
2023-07-19,2.5564409387569786
2023-07-20,27.51783115185172
2023-07-21,8.64701021428443
2023-07-22,30.903340584966813
2023-07-23,19.921307274347324
2023-07-24,8.639144240374062
2023-07-25,12.179821178627746
2023-07-26,22.36714110663742
2023-07-27,13.472152360551293
2023-07-28,12.89426424759042
2023-07-29,2.056572865375996
2023-07-30,26.43641641458439
2023-07-31,12.907752497900596
2023-08-01,0.37373123954642085
2023-08-02,49.630806703247025
2023-08-03,22.191498851952602
2023-08-04,16.507534299894132
2023-08-05,5.732854269310711
2023-08-06,82.3553615048195
2023-08-07,70.11768786635062
2023-08-08,39.558510219094856
2023-08-09,2.612266887120569
2023-08-10,1.4379546560879448
2023-08-11,0.6357625119720111
2023-08-12,11.076328626725179
2023-08-13,7.815456304134151
2023-08-14,8.727205093891964
2023-08-15,7.786812162689545
2023-08-16,0.2158053841503595
2023-08-17,17.127123227820878
2023-08-18,21.072947625085767
2023-08-19,13.401080915738342
2023-08-20,4.451955985969169
2023-08-21,16.342667582974013
2023-08-22,24.32075453763242
2023-08-23,3.7738360241803077
2023-08-24,24.88749823037719
2023-08-25,9.80993863812776
2023-08-26,73.89898971471456
2023-08-27,103.49411086728489
2023-08-28,2.692856258613948
2023-08-29,0.0
2023-08-30,19.332520487337373
2023-08-31,23.55339551860683
2023-09-01,10.75530361911689
2023-09-02,6.875383417370074
2023-09-03,9.666814746618405
2023-09-04,6.883144793883151
2023-09-05,5.765876244741637
2023-09-06,13.674937543800477
2023-09-07,25.4740981104775
2023-09-08,8.288764887657074
2023-09-09,1.1269190518818326
2023-09-10,6.724155377262333
2023-09-11,20.976948099716033
2023-09-12,19.249459715363304
2023-09-13,17.91354236980325
2023-09-14,2.9582902132225493
2023-09-15,0.0
2023-09-16,0.0
2023-09-17,26.480571064160692
2023-09-18,29.041771773422425
2023-09-19,22.416606299759454
2023-09-20,22.02311222603098
2023-09-21,17.27335566965689
2023-09-22,16.1231947204837
2023-09-23,10.778201110952962
2023-09-24,20.054667892665897
2023-09-25,3.794346083431208
2023-09-26,0.0
2023-09-27,1.3787605969937073
2023-09-28,1.459918990753214
2023-09-29,13.065224824703625
2023-09-30,4.216742341588241
2023-10-01,52.83288512677092
2023-10-02,28.37656397124689
2023-10-03,0.9372695552368897
2023-10-04,9.153828104154345
2023-10-05,87.13875915504944
2023-10-06,110.50097177532012
2023-10-07,8.072519220578753
2023-10-08,6.844759416257532
2023-10-09,17.476432615030937
2023-10-10,0.0
2023-10-11,0.27407592441081385
2023-10-12,1.7266266041068665
2023-10-13,0.0
2023-10-14,0.0
2023-10-15,0.0
2023-10-16,0.0
2023-10-17,0.0
2023-10-18,0.0
2023-10-19,0.0
2023-10-20,0.0
2023-10-21,0.0
2023-10-22,7.252898115174235
2023-10-23,2.9267803658110076
2023-10-24,29.50194493929541
2023-10-25,0.0
2023-10-26,0.0
2023-10-27,0.0
2023-10-28,0.0
2023-10-29,0.0
2023-10-30,0.0
2023-10-31,0.0
2023-11-01,0.0
2023-11-02,0.0
2023-11-03,0.0
2023-11-04,0.0
2023-11-05,0.0
2023-11-06,0.0
2023-11-07,0.027760965752045213
2023-11-08,0.0
2023-11-09,0.0
2023-11-10,0.0
2023-11-11,0.0
2023-11-12,0.0
2023-11-13,0.0
2023-11-14,0.0
2023-11-15,0.006847950899664061
2023-11-16,1.6832072519448682
2023-11-17,46.68005641707553
2023-11-18,0.0
2023-11-19,0.0
2023-11-20,0.0
2023-11-21,0.11570930753375808
2023-11-22,0.0
2023-11-23,0.0
2023-11-24,0.0
2023-11-25,0.0
2023-11-26,0.0
2023-11-27,0.0
2023-11-28,0.0
2023-11-29,0.0649916530155307
2023-11-30,0.0
2023-12-01,0.0
2023-12-02,4.039675103439455
2023-12-03,0.46556957024304274
2023-12-04,0.0
2023-12-05,4.776821362731292
2023-12-06,0.0
2023-12-07,4.776059848895412
2023-12-08,0.0
2023-12-09,0.0
2023-12-10,0.0
2023-12-11,0.0
2023-12-12,1.9491008927487643E-4
2023-12-13,0.0
2023-12-14,1.0348185507489545
2023-12-15,0.0
2023-12-16,0.0
2023-12-17,0.004151730653966008
2023-12-18,0.0
2023-12-19,0.038319153195674534
2023-12-20,0.09656476154386952
2023-12-21,0.0
2023-12-22,0.0
2023-12-23,0.0
2023-12-24,0.4146535007416076
2023-12-25,0.08394527092818618
2023-12-26,2.3589248662518068
2023-12-27,0.0
2023-12-28,0.0
2023-12-29,0.01644484128037401
2023-12-30,0.0
2023-12-31,0.0
2024-01-01,0.0
2024-01-02,0.0
2024-01-03,0.013204004992695759
2024-01-04,0.0
2024-01-05,0.09101732843993814
2024-01-06,0.10225967619087532
2024-01-07,0.0
2024-01-08,0.0
2024-01-09,0.0
2024-01-10,0.07228709231838132
2024-01-11,0.6635214181027147
2024-01-12,1.792643995353771
2024-01-13,0.0
2024-01-14,0.0
2024-01-15,0.0
2024-01-16,0.0
2024-01-17,0.0
2024-01-18,0.05576610328187229
2024-01-19,0.10002306628808429
2024-01-20,0.0023616924448874544
2024-01-21,0.0
2024-01-22,0.0
2024-01-23,0.0
2024-01-24,1.3016544992853885
2024-01-25,0.0
2024-01-26,0.0
2024-01-27,0.0
2024-01-28,0.0
2024-01-29,0.0
2024-01-30,0.0
2024-01-31,0.9846733020377398
2024-02-01,0.009876015816742554
2024-02-02,2.4406534165548135
2024-02-03,0.0
2024-02-04,0.0
2024-02-05,0.0
2024-02-06,7.058459377270539
2024-02-07,0.0024320393699903443
2024-02-08,0.0
2024-02-09,0.0
2024-02-10,0.0
2024-02-11,4.075267900001978
2024-02-12,0.0
2024-02-13,0.0
2024-02-14,2.4651780376680854
2024-02-15,6.087718137296968
2024-02-16,0.3504237692895463
2024-02-17,0.0
2024-02-18,0.0
2024-02-19,0.0
2024-02-20,5.153191386224461
2024-02-21,0.0
2024-02-22,7.229730857024974
2024-02-23,0.007993545096770164
2024-02-24,0.0
2024-02-25,0.0
2024-02-26,2.180136574155449
2024-02-27,0.9469084158978857
2024-02-28,0.0
2024-02-29,0.23184068856536175
2024-03-01,0.0
2024-03-02,0.0
2024-03-03,0.0
2024-03-04,0.0
2024-03-05,0.0
2024-03-06,0.0
2024-03-07,0.0
2024-03-08,0.0
2024-03-09,0.0
2024-03-10,0.0
2024-03-11,0.0
2024-03-12,0.0
2024-03-13,0.0
2024-03-14,0.0
2024-03-15,0.0
2024-03-16,0.05074183738396088
2024-03-17,0.0
2024-03-18,0.0
2024-03-19,9.040918940519601
2024-03-20,0.30227181249321045
2024-03-21,0.5760659406564412
2024-03-22,0.0
2024-03-23,6.006992208368531
2024-03-24,4.549380250320591
2024-03-25,34.8327834947172
2024-03-26,0.0
2024-03-27,1.6451735647234667
2024-03-28,0.0
2024-03-29,1.9189949135752598
2024-03-30,37.36970727777592
2024-03-31,59.087943046903256
2024-04-01,2.9307096656360683
2024-04-02,10.355633895340159
2024-04-03,0.3272849535956553
2024-04-04,11.831224018482015
2024-04-05,5.117999839926113
2024-04-06,0.014826153971840627
2024-04-07,2.426358961487809
2024-04-08,0.0
2024-04-09,0.0
2024-04-10,0.2131074709205717
2024-04-11,0.806838652024648
2024-04-12,0.5472074704923299
2024-04-13,0.46892063583335564
2024-04-14,2.291617836448119
2024-04-15,1.5762597148131257
2024-04-16,12.991824819237678
2024-04-17,12.36193757703754
2024-04-18,2.6574668413141915
2024-04-19,1.8573915072565155
2024-04-20,0.06998300265557109
2024-04-21,26.577869972620476
2024-04-22,0.0
2024-04-23,0.8956394928786322
2024-04-24,1.2142582374946813
2024-04-25,0.3736286703375975
2024-04-26,18.06841159432229
2024-04-27,12.794464709236077
2024-04-28,2.6513894785926273
2024-04-29,1.2411531927283543
2024-04-30,1.969356983090827
2024-05-01,0.03912281408845222
2024-05-02,0.07039938085816416
2024-05-03,1.0662354643343974
2024-05-04,49.87140310554207
2024-05-05,36.73964486356953
2024-05-06,37.91941813441549
2024-05-07,0.0
2024-05-08,0.0
2024-05-09,0.0
2024-05-10,0.0
2024-05-11,0.0
2024-05-12,0.0
2024-05-13,0.0
2024-05-14,0.0
2024-05-15,0.0
2024-05-16,1.82611681777958
2024-05-17,15.089649012562692
2024-05-18,7.871771972661017
2024-05-19,26.352637156491202
2024-05-20,17.43526988216439
2024-05-21,0.06034363047292927
2024-05-22,0.0
2024-05-23,0.0
2024-05-24,1.1740319413841769
2024-05-25,14.520670174411316
2024-05-26,74.91756412852695
2024-05-27,68.86415741441628
2024-05-28,127.04750279922996
2024-05-29,36.37882661629166
2024-05-30,83.88017275639446
2024-05-31,0.0504224298385117
2024-06-01,10.48847966134032
2024-06-02,49.007814780913066
2024-06-03,25.292867847459814
2024-06-04,41.9298172989119
2024-06-05,7.193704144626015
2024-06-06,16.423795947957952
2024-06-07,16.947145816240855
2024-06-08,42.52782904846332
2024-06-09,43.74702631135526
2024-06-10,32.23230764635664
2024-06-11,13.078670956594054
2024-06-12,30.17469845660343
2024-06-13,50.266742414606426
2024-06-14,30.90178163884942
2024-06-15,56.707930575594396
2024-06-16,60.35373243677897
2024-06-17,81.05132079227167
2024-06-18,84.89414532121644
2024-06-19,46.52566370573541
2024-06-20,1.363220922956788
2024-06-21,3.7569097539321676
2024-06-22,12.990332871498802
2024-06-23,7.713563685602494
2024-06-24,36.064858898450204
2024-06-25,15.659797691370873
2024-06-26,24.741682497265924
2024-06-27,32.01533237134031
2024-06-28,7.24875172691469
2024-06-29,11.545110740544681
2024-06-30,80.83979596471434
2024-07-01,172.17542728357756
2024-07-02,5.990844642642685
2024-07-03,0.8888857047369809
2024-07-04,5.397745890282431
2024-07-05,5.133718513876401
2024-07-06,11.257866396194812
2024-07-07,4.531199638820299
2024-07-08,44.455044796390865
2024-07-09,5.918468523830784
2024-07-10,32.25516001266253
2024-07-11,43.28608209792217
2024-07-12,4.590687058666294
2024-07-13,8.469097563606878
2024-07-14,16.341222353780076
2024-07-15,58.0247274615711
2024-07-16,18.80469543473452
2024-07-17,9.165878880503458
2024-07-18,12.179283124636413
2024-07-19,29.82397109848023
2024-07-20,7.423811321909243
2024-07-21,5.4683957666159495
2024-07-22,0.3423441136635862
2024-07-23,0.0
2024-07-24,25.003845044108406
2024-07-25,2.2638235666405664
2024-07-26,0.05754041686920816
2024-07-27,9.35810561299182
2024-07-28,29.33728274525231
2024-07-29,24.69279483505967
2024-07-30,17.51677402593438
2024-07-31,8.679458824943788
2024-08-01,17.262453194189348
2024-08-02,41.393637304484436
2024-08-03,20.850103711327648
2024-08-04,24.179379843503092
2024-08-05,23.876831578882932
2024-08-06,8.54819252098286
2024-08-07,14.804570983955813
2024-08-08,0.42817689498175915
2024-08-09,0.04275394039651004
2024-08-10,5.069669197650262
2024-08-11,20.745400187175015
2024-08-12,49.07638001219949
2024-08-13,3.6649889291144597
2024-08-14,5.040925890034061
2024-08-15,62.830118819764785
2024-08-16,0.6471193205272299
2024-08-17,0.0019231690199716207
2024-08-18,2.5139043824723224
2024-08-19,73.24277832751388
2024-08-20,35.99325634183844
2024-08-21,55.89480014269428
2024-08-22,14.740313710669554
2024-08-23,14.156469919628382
2024-08-24,31.597326938820743
2024-08-25,7.623676332228882
2024-08-26,2.6582787604304166
2024-08-27,6.215272104027245
2024-08-28,7.952376542567498
2024-08-29,11.589776883923399
2024-08-30,6.550037637783411
2024-08-31,6.285783344452228
2024-09-01,12.554235286128804
2024-09-02,26.395214186834078
2024-09-03,9.075405877106903
2024-09-04,2.52918180245998
2024-09-05,5.486204802636611
2024-09-06,12.867013747394738
2024-09-07,13.501045937201132
2024-09-08,2.813185484057502
2024-09-09,11.291259004648403
2024-09-10,3.145405329017341
2024-09-11,13.837613632585823
2024-09-12,4.787557567121844
2024-09-13,8.583669389836166
2024-09-14,9.909704793721927
2024-09-15,7.192926231738413
2024-09-16,0.7870683676197275
2024-09-17,0.2269875047808836
2024-09-18,0.0
2024-09-19,0.38735815452897093
2024-09-20,0.07593707052623924
2024-09-21,17.68322965968892
2024-09-22,0.0
2024-09-23,17.661651989966945
2024-09-24,31.023880668519432
2024-09-25,15.688151732260769
2024-09-26,11.46082854025834
2024-09-27,1.05636765105684
2024-09-28,17.805880900054078
2024-09-29,56.44461435630611
2024-09-30,15.802238373041298
2024-10-01,27.406896419747955
2024-10-02,34.718342903099455
2024-10-03,23.129599224093564
2024-10-04,55.99740382186209
2024-10-05,32.643912582668236
2024-10-06,8.93104801057738
2024-10-07,0.2085590391160986
2024-10-08,17.439223473841665
2024-10-09,2.6977846004995922
2024-10-10,37.07330226043963
2024-10-11,17.49180656928515
2024-10-12,0.6430116186519503
2024-10-13,0.22755341971645499
2024-10-14,0.0
2024-10-15,0.0
2024-10-16,0.0
2024-10-17,0.6375339162214908
2024-10-18,0.6895714589229234
2024-10-19,0.014720190860996149
2024-10-20,0.0
2024-10-21,0.0
2024-10-22,0.05824667133130415
2024-10-23,6.451504583697417
2024-10-24,0.0
2024-10-25,0.0
2024-10-26,0.0
2024-10-27,0.0
2024-10-28,0.0
2024-10-29,0.0
2024-10-30,0.7926279806641919
2024-10-31,0.0687378591890087
2024-11-01,0.03636007268403083
2024-11-02,0.31842574172803695
2024-11-03,0.0
2024-11-04,0.0
2024-11-05,15.344956673945214
2024-11-06,0.900839416226864
2024-11-07,0.0
2024-11-08,0.0
2024-11-09,0.0
2024-11-10,0.0
2024-11-11,0.0025254870894425344
2024-11-12,0.0
2024-11-13,0.0
2024-11-14,7.928593887263349E-4
2024-11-15,0.0
2024-11-16,0.0
2024-11-17,0.0
2024-11-18,0.007188294128017419
2024-11-19,0.0
2024-11-20,0.10391311462493397
2024-11-21,0.26355161152687173
2024-11-22,0.0
2024-11-23,0.0
2024-11-24,0.0047589967285365355
2024-11-25,0.0019342007928764525
2024-11-26,0.0
2024-11-27,0.0
2024-11-28,0.0
2024-11-29,0.0
2024-11-30,0.5540358077807204
2024-12-01,0.0019063466625489937
2024-12-02,0.42448349763760923
2024-12-03,0.07449756714087087
2024-12-04,0.0
2024-12-05,0.9005674846703682
2024-12-06,0.0
2024-12-07,0.0
2024-12-08,0.0
2024-12-09,0.09595122968118772
2024-12-10,0.0
2024-12-11,0.270890849203389
2024-12-12,0.0
2024-12-13,0.0
2024-12-14,0.0
2024-12-15,0.0
2024-12-16,0.0
2024-12-17,0.0
2024-12-18,0.22707135800887002
2024-12-19,0.013360919512454753
2024-12-20,0.5576621640435571
2024-12-21,0.020540393204456112
2024-12-22,0.0
2024-12-23,0.0
2024-12-24,0.0
2024-12-25,0.0
2024-12-26,0.0
2024-12-27,0.0
2024-12-28,0.0
2024-12-29,0.2250589598221787
2024-12-30,0.22383493248386502
2024-12-31,0.03695327648180653
