date,precipitation_m
1950-01-02,2.317004286974666E-4
1950-01-03,4.6021693951926013E-4
1950-01-04,2.4775293934650814E-6
1950-01-05,0.0
1950-01-06,0.0
1950-01-07,1.2874601225121296E-6
1950-01-08,2.1386731532402337E-6
1950-01-09,2.144279278581962E-6
1950-01-10,0.0
1950-01-11,3.4269067226903062E-6
1950-01-12,1.2835732832172653E-6
1950-01-13,1.2808247333850886E-6
1950-01-14,8.52346317969932E-7
1950-01-15,0.0
1950-01-16,7.661061178397584E-4
1950-01-17,0.006964480719625959
1950-01-18,0.0011190604288860593
1950-01-19,4.562732372326965E-6
1950-01-20,2.148745807062369E-6
1950-01-21,1.2872045545009314E-6
1950-01-22,7.983842733625942E-6
1950-01-23,4.351138045421976E-7
1950-01-24,2.5623194233048707E-6
1950-01-25,1.7051476106644259E-6
1950-01-26,1.717647031005782E-6
1950-01-27,2.3313226593648913E-5
1950-01-28,1.4135723075047398E-4
1950-01-29,2.1493170114509225E-6
1950-01-30,3.00106421491364E-6
1950-01-31,1.7205668996211898E-6
1950-02-01,4.428301849657146E-7
1950-02-02,1.908323867756194E-5
1950-02-03,1.9781969698454323E-4
1950-02-04,5.23845409864833E-6
1950-02-05,2.580879481683951E-6
1950-02-06,0.0068007736872681196
1950-02-07,0.008848621108698369
1950-02-08,0.0014326355244954905
1950-02-09,0.0029623776278786193
1950-02-10,0.02270425887196786
1950-02-11,0.002233122512262531
1950-02-12,6.097965588459391E-6
1950-02-13,1.712149257277053E-6
1950-02-14,1.2874602930423862E-6
1950-02-15,4.5473649169797673E-7
1950-02-16,8.553265615773853E-7
1950-02-17,1.2947471645929909E-6
1950-02-18,4.6995139616611986E-5
1950-02-19,1.9716892499110607E-4
1950-02-20,0.0010440664917053528
1950-02-21,0.009462619211191204
1950-02-22,0.005528406808688937
1950-02-23,0.01433232650295542
1950-02-24,0.013908347644972334
1950-02-25,0.00103321464420054
1950-02-26,3.241739693262514E-5
1950-02-27,0.0
1950-02-28,2.0487549401452072E-5
1950-03-01,5.107196198182966E-5
1950-03-02,9.257890599004205E-7
1950-03-03,1.765741615657666E-6
1950-03-04,5.678460387140157E-6
1950-03-05,0.0014347073734211834
1950-03-06,1.5796584803436664E-4
1950-03-07,2.6830880445656265E-4
1950-03-08,5.069667142950132E-4
1950-03-09,1.0606260270397104E-4
1950-03-10,0.001823713880656772
1950-03-11,0.004671210549723749
1950-03-12,0.0258036841313398
1950-03-13,0.011443901849476
1950-03-14,0.01762723568084248
1950-03-15,0.009361420526014552
1950-03-16,0.007999935364619848
1950-03-17,0.002444261843397793
1950-03-18,4.636728571785241E-4
1950-03-19,3.877542284168519E-4
1950-03-20,0.006061993987557868
1950-03-21,0.016020380111419482
1950-03-22,0.0014972230158961579
1950-03-23,8.560994955749695E-4
1950-03-24,0.013626371428272976
1950-03-25,0.0016793866924934874
1950-03-26,2.4727662765570333E-5
1950-03-27,2.0281111822263E-5
1950-03-28,2.877134236485164E-8
1950-03-29,9.177783040759305E-7
1950-03-30,8.870588948085808E-7
1950-03-31,6.46826197598101E-5
1950-04-01,8.616703218197374E-7
1950-04-02,2.145765392924659E-6
1950-04-03,1.810990750972335E-4
1950-04-04,0.003564480199893087
1950-04-05,1.4958116007718111E-4
1950-04-06,1.5494313493504538E-6
1950-04-07,8.709416796648384E-7
1950-04-08,3.7556094241280094E-8
1950-04-09,1.323664265109694E-4
1950-04-10,0.003678508157839309
1950-04-11,0.0035919939454587264
1950-04-12,0.006160502324277803
1950-04-13,0.013844656638907566
1950-04-14,0.018842958723103386
1950-04-15,0.037327906019919865
1950-04-16,0.016838619750313692
1950-04-17,0.016245720105278017
1950-04-18,0.015183763308481684
1950-04-19,0.010121053406418409
1950-04-20,0.002538570609218663
1950-04-21,0.004926568290401746
1950-04-22,0.004681720798129303
1950-04-23,0.0020042030280725117
1950-04-24,0.0012164554571554248
1950-04-25,5.624753223850547E-4
1950-04-26,8.696470431165203E-5
1950-04-27,0.001903383128371894
1950-04-28,0.007197644278907714
1950-04-29,0.010156215567118819
1950-04-30,0.010460467048941493
1950-05-01,0.01759076954043775
1950-05-02,0.014107632972815837
1950-05-03,0.008154710489792237
1950-05-04,0.0061777062679637795
1950-05-05,0.004747541839143797
1950-05-06,0.012041847307041196
1950-05-07,0.013381753439848133
1950-05-08,0.0063534140801278245
1950-05-09,0.010458142879267501
1950-05-10,6.342829414819728E-4
1950-05-11,0.005072842826021204
1950-05-12,0.004905806328407731
1950-05-13,0.0032862035309978574
1950-05-14,0.009761900669137942
1950-05-15,0.006933971352213047
1950-05-16,0.010445106198809432
1950-05-17,0.006933238458410517
1950-05-18,0.005948776357258527
1950-05-19,0.0027381596722821848
1950-05-20,0.009268781776952948
1950-05-21,0.013988291367115154
1950-05-22,0.030499525687178623
1950-05-23,0.026689130246031506
1950-05-24,0.01126532570047313
1950-05-25,0.008054225198688543
1950-05-26,0.004127020189872366
1950-05-27,0.013636182545606477
1950-05-28,0.018034500906480188
1950-05-29,0.02829926567711064
1950-05-30,0.030469719927348853
1950-05-31,0.02597701651975906
1950-06-01,0.04423391970111907
1950-06-02,0.05295401942867267
1950-06-03,0.005884573380279759
1950-06-04,0.01182361722351596
1950-06-05,0.013395003115671565
1950-06-06,0.018237955440147426
1950-06-07,0.012182571351656346
1950-06-08,0.005886209422314521
1950-06-09,0.00528921033347866
1950-06-10,0.025325609891325918
1950-06-11,0.04302055390131655
1950-06-12,0.03204231074413207
1950-06-13,0.030306944626501884
1950-06-14,0.03549870048707313
1950-06-15,0.022738911149801533
1950-06-16,0.01799539825647553
1950-06-17,0.03658381071307757
1950-06-18,0.03811229153026866
1950-06-19,0.028662585074646647
1950-06-20,0.007772210491875007
1950-06-21,0.012642222963742292
1950-06-22,0.017946760805178784
1950-06-23,0.014217658817676984
1950-06-24,0.023502019847791704
1950-06-25,0.03570274394255256
1950-06-26,0.015171985251738183
1950-06-27,0.011044567617527324
1950-06-28,0.004714783121365003
1950-06-29,0.004103385717639382
1950-06-30,0.009786952059624519
1950-07-01,0.012188162471597477
1950-07-02,0.008631137058553331
1950-07-03,0.011380863880547822
1950-07-04,0.011706349988371504
1950-07-05,0.02926570460276213
1950-07-06,0.018804285318692982
1950-07-07,0.029650417360469892
1950-07-08,0.044257379965155885
1950-07-09,0.01995262987688408
1950-07-10,0.012480363701120283
1950-07-11,0.011735738793897128
1950-07-12,0.013868273334197231
1950-07-13,0.01402563691445076
1950-07-14,0.014856630518011423
1950-07-15,0.021337411826471052
1950-07-16,0.021054293030052865
1950-07-17,0.01884794489692999
1950-07-18,0.00427849780846386
1950-07-19,0.003136867981597868
1950-07-20,0.013045642179729665
1950-07-21,0.012670310805368642
1950-07-22,0.006793455879467763
1950-07-23,0.005017396952598169
1950-07-24,0.0047784920619867435
1950-07-25,0.006373177621242268
1950-07-26,0.005480388449530103
1950-07-27,0.020163776941193676
1950-07-28,0.007388372357520606
1950-07-29,0.02121995844463738
1950-07-30,0.007802387468641054
1950-07-31,0.021846569030643893
1950-08-01,0.026476821766147154
1950-08-02,0.029061889501114466
1950-08-03,0.02493147738751648
1950-08-04,0.015480682016106662
1950-08-05,0.009156854157394069
1950-08-06,0.009562154548769058
1950-08-07,0.007415806833335664
1950-08-08,0.01708451647547821
1950-08-09,0.013824259641268018
1950-08-10,0.0209238083684246
1950-08-11,0.012819141785714212
1950-08-12,0.020598998726941955
1950-08-13,0.017244459730869098
1950-08-14,0.028078508815927328
1950-08-15,0.019859699611153987
1950-08-16,0.033621970445681534
1950-08-17,0.03928831926142741
1950-08-18,0.016952047369665133
1950-08-19,0.018399146229208577
1950-08-20,0.01859295161063461
1950-08-21,0.019210608774986003
1950-08-22,0.017935319212077583
1950-08-23,0.02478869151984963
1950-08-24,0.010351927250245063
1950-08-25,0.009966911298835748
1950-08-26,0.008749997368995174
1950-08-27,0.013662307999996636
1950-08-28,0.013362268771906664
1950-08-29,0.011386419405982945
1950-08-30,0.014898746293430683
1950-08-31,0.013755236815378852
1950-09-01,0.022436186773325668
1950-09-02,0.01461799590444492
1950-09-03,0.00906795123273395
1950-09-04,0.008406834796676876
1950-09-05,0.007218144991141993
1950-09-06,0.00849366690116764
1950-09-07,0.00594710043744545
1950-09-08,0.0026126208238124726
1950-09-09,0.0014762440771384766
1950-09-10,8.934370685496778E-4
1950-09-11,0.007703101693595485
1950-09-12,0.016832894355575476
1950-09-13,0.012417461189059164
1950-09-14,0.0074907826804529055
1950-09-15,0.010692292725255088
1950-09-16,0.015114499218444271
1950-09-17,0.011250223280119072
1950-09-18,0.010631238679379406
1950-09-19,0.01275203753361331
1950-09-20,0.010464551056028795
1950-09-21,0.009904881715295714
1950-09-22,0.010985388809395953
1950-09-23,0.006450670432148644
1950-09-24,0.00502363103016608
1950-09-25,0.005096414434928094
1950-09-26,0.010228174082461124
1950-09-27,0.005943021101586394
1950-09-28,0.0019909549516415413
1950-09-29,0.012242655967678642
1950-09-30,0.01502664037081652
1950-10-01,0.007722996862637516
1950-10-02,0.013448682073821765
1950-10-03,0.007519551001688312
1950-10-04,0.011755327361851612
1950-10-05,0.012617792275250155
1950-10-06,0.01329982928328776
1950-10-07,0.015881436247694444
1950-10-08,0.029758366657979284
1950-10-09,0.015833981830756273
1950-10-10,0.00784466157194107
1950-10-11,0.004428107286627165
1950-10-12,0.0016767341997802436
1950-10-13,8.796799035149938E-4
1950-10-14,9.507000695084647E-4
1950-10-15,3.6056465754121854E-4
1950-10-16,9.323913352898021E-5
1950-10-17,2.5456743010960904E-4
1950-10-18,0.005690116635867637
1950-10-19,0.014145070427327901
1950-10-20,0.019081376279676637
1950-10-21,0.006287988880277725
1950-10-22,6.484886704301471E-4
1950-10-23,0.016108680492575758
1950-10-24,0.002673970244695686
1950-10-25,2.2730872549771639E-4
1950-10-26,2.4676150669252256E-6
1950-10-27,2.9079505090831885E-5
1950-10-28,2.497613882176325E-4
1950-10-29,0.004622671950409716
1950-10-30,0.006816590313261312
1950-10-31,0.015047544512601613
1950-11-01,0.02592524802444265
1950-11-02,0.007176771073007783
1950-11-03,0.001531066974203668
1950-11-04,9.968467060034764E-4
1950-11-05,1.2602108011322213E-4
1950-11-06,4.935806187006292E-5
1950-11-07,0.0028177640857389996
1950-11-08,8.721483047660557E-5
1950-11-09,5.975564386718451E-5
1950-11-10,0.007756677285870378
1950-11-11,0.003022044341400916
1950-11-12,0.0014774401242207643
1950-11-13,2.3620642107347148E-4
1950-11-14,5.922276217463961E-6
1950-11-15,4.569292619256717E-5
1950-11-16,2.076814662274111E-5
1950-11-17,2.0616595293834083E-6
1950-11-18,0.0012195966085957058
1950-11-19,0.008361770455094432
1950-11-20,0.0021631628716081946
1950-11-21,2.3796565873632387E-4
1950-11-22,8.376590218502663E-5
1950-11-23,7.47187774832627E-5
1950-11-24,1.0821348972568283E-4
1950-11-25,1.5005940939168122E-4
1950-11-26,0.002779096379515418
1950-11-27,6.61968980635875E-4
1950-11-28,1.081167266921128E-5
1950-11-29,4.766257687551214E-6
1950-11-30,1.57804888245885E-6
1950-12-01,2.2100668994462895E-6
1950-12-02,0.017554566503174045
1950-12-03,0.05250164266557812
1950-12-04,0.04537437973812256
1950-12-05,0.019272284805683746
1950-12-06,0.0034945883709571277
1950-12-07,0.0011569046237736664
1950-12-08,3.879112137718098E-4
1950-12-09,8.054791675137646E-6
1950-12-10,2.136092113239307E-5
1950-12-11,1.7626895904437352E-6
1950-12-12,1.3802677770742927E-4
1950-12-13,0.009205253861928263
1950-12-14,4.287737598319364E-4
1950-12-15,3.170487697079782E-4
1950-12-16,5.010078184177421E-4
1950-12-17,7.24771394464322E-4
1950-12-18,9.581955875447719E-4
1950-12-19,0.00311092005418664
1950-12-20,0.002257695459475407
1950-12-21,0.0077220891053287385
1950-12-22,0.007733631129726511
1950-12-23,6.435787336512887E-4
1950-12-24,0.005170482173131382
1950-12-25,0.001002337730069734
1950-12-26,0.012285231633407888
1950-12-27,6.030179847074463E-4
1950-12-28,1.0619948752698182E-4
1950-12-29,8.750590199679999E-6
1950-12-30,0.003527592391677679
1950-12-31,0.007032297824052798
1951-01-01,1.2043316129018564E-4
1951-01-02,1.2512893394218266E-4
1951-01-03,0.0017296028708881543
1951-01-04,0.0022262598470751144
1951-01-05,2.506987388559764E-4
1951-01-06,9.001140207435964E-5
1951-01-07,6.557917630212785E-5
1951-01-08,1.370962555043567E-5
1951-01-09,6.19436773368404E-5
1951-01-10,5.0837673256510086E-5
1951-01-11,2.5730180806085056E-6
1951-01-12,6.384853356152331E-6
1951-01-13,1.7133921995771048E-5
1951-01-14,1.445080550936605E-4
1951-01-15,8.329308860917247E-6
1951-01-16,2.4629870935671593E-6
1951-01-17,4.8603410407297874E-4
1951-01-18,2.8908165710614104E-4
1951-01-19,6.867118218049479E-6
1951-01-20,3.391050520498029E-4
1951-01-21,1.7948276458442153E-5
1951-01-22,1.99756684737438E-5
1951-01-23,5.268993587941165E-7
1951-01-24,4.399476378728262E-7
1951-01-25,6.990590202414982E-7
1951-01-26,5.068134660540825E-7
1951-01-27,8.848287983436804E-6
1951-01-28,1.677333682949742E-6
1951-01-29,7.141900884472482E-6
1951-01-30,1.4910230184570043E-5
1951-01-31,2.808739684220684E-8
1951-02-01,2.5661839811886972E-6
1951-02-02,3.0838086788360337E-6
1951-02-03,9.474726770654581E-12
1951-02-04,1.313412465112058E-8
1951-02-05,8.583068620282575E-7
1951-02-06,1.1768953047521787E-5
1951-02-07,2.8752181523187137E-6
1951-02-08,8.59574310699848E-7
1951-02-09,8.129865954481311E-5
1951-02-10,2.4385521556405633E-5
1951-02-11,9.341015024002669E-4
1951-02-12,5.397245701337824E-4
1951-02-13,5.4874972323035416E-6
1951-02-14,2.1453321930147005E-6
1951-02-15,1.14831081706574E-6
1951-02-16,8.521673180439393E-7
1951-02-17,1.2877424069301924E-6
1951-02-18,-5.8664113566919696E-9
1951-02-19,8.929245125785734E-7
1951-02-20,1.7098502831499145E-4
1951-02-21,0.0
1951-02-22,1.944448183385143E-6
1951-02-23,1.2927309529456678E-6
1951-02-24,4.818363636090422E-7
1951-02-25,1.279507390705703E-6
1951-02-26,4.533922751603851E-7
1951-02-27,4.410743663640915E-7
1951-02-28,4.4181940239695905E-7
1951-03-01,0.0
1951-03-02,0.0
1951-03-03,1.7225742112714215E-6
1951-03-04,1.4153087425183073E-6
1951-03-05,2.1666128437136873E-6
1951-03-06,1.3807260921235723E-8
1951-03-07,3.755162332448776E-6
1951-03-08,1.6056778079859996E-5
1951-03-09,2.1651542153326017E-5
1951-03-10,5.414639163071152E-5
1951-03-11,8.534202095562497E-7
1951-03-12,2.7497295785501518E-5
1951-03-13,2.2083166114631207E-4
1951-03-14,1.7092914320494338E-5
1951-03-15,1.2646348490191334E-7
1951-03-16,3.1514196802530196E-4
1951-03-17,0.01254276706085419
1951-03-18,0.013192310001964863
1951-03-19,0.018398819721142348
1951-03-20,0.02167535137664583
1951-03-21,0.01035822164152813
1951-03-22,0.00559613716610939
1951-03-23,0.0026839534413980854
1951-03-24,0.005143019966948321
1951-03-25,0.0017077100566033991
1951-03-26,0.006916442127483784
1951-03-27,9.648027545637571E-4
1951-03-28,3.7747538245930056E-4
1951-03-29,0.008236119897420015
1951-03-30,0.0075740466373411565
1951-03-31,0.02163975864002318
1951-04-01,0.003607050398856253
1951-04-02,0.004305787600321419
1951-04-03,0.0056652336984366475
1951-04-04,0.004720208408424471
1951-04-05,0.002224325760766907
1951-04-06,0.0017126725870037405
1951-04-07,5.827378442816531E-4
1951-04-08,7.732348979410936E-5
1951-04-09,6.114820696714986E-6
1951-04-10,1.8882885478928806E-4
1951-04-11,9.880502345940894E-7
1951-04-12,2.75460881657032E-5
1951-04-13,7.604740472897721E-4
1951-04-14,0.001377749567207153
1951-04-15,0.02007856139434507
1951-04-16,0.04484681981004818
1951-04-17,0.05103988874590295
1951-04-18,0.017743336019902925
1951-04-19,0.0618355163121165
1951-04-20,0.05538501732442975
1951-04-21,0.02427780905081702
1951-04-22,0.052079955132951196
1951-04-23,0.06615615939388338
1951-04-24,0.05822513721323286
1951-04-25,0.05190912016984546
1951-04-26,0.057340040344039916
1951-04-27,0.07619987215557746
1951-04-28,0.03961603608563803
1951-04-29,0.028894468109990305
1951-04-30,0.005655650734631659
1951-05-01,0.016735821023440445
1951-05-02,0.010245991745742238
1951-05-03,0.012548448084699283
1951-05-04,0.0033593275389402592
1951-05-05,0.0035407411503244196
1951-05-06,0.0017096109108991429
1951-05-07,0.002197768556252834
1951-05-08,0.012503172176914292
1951-05-09,0.030052498696537294
1951-05-10,0.02063359750402457
1951-05-11,0.012081935196497837
1951-05-12,0.006070654576568938
1951-05-13,0.011345052035208233
1951-05-14,0.037781335543087456
1951-05-15,0.034381098152068315
1951-05-16,0.03048040755656814
1951-05-17,0.046138118421492416
1951-05-18,0.05995160319688976
1951-05-19,0.07542802979911786
1951-05-20,0.09899074747157689
1951-05-21,0.028285441238918848
1951-05-22,0.015368493904074626
1951-05-23,0.003102809857399699
1951-05-24,0.00980681711042834
1951-05-25,0.006200380014372658
1951-05-26,0.008880465011675241
1951-05-27,0.017222087291537687
1951-05-28,0.013632451257953754
1951-05-29,0.005395997726934493
1951-05-30,0.0029649981790722535
1951-05-31,0.0033745893323524835
1951-06-01,0.005879330160416284
1951-06-02,0.008928891003022996
1951-06-03,0.028948419406286893
1951-06-04,0.017307941619883225
1951-06-05,0.022886213069259444
1951-06-06,0.044631335645306164
1951-06-07,0.07296032830674935
1951-06-08,0.024474557806968018
1951-06-09,0.019058090600081325
1951-06-10,0.02698037660390558
1951-06-11,0.007763666624797471
1951-06-12,0.005124415440837776
1951-06-13,0.021803178446095806
1951-06-14,0.05730603642119142
1951-06-15,0.05830939603703702
1951-06-16,0.051382087371305646
1951-06-17,0.03811346405763152
1951-06-18,0.016329857909868906
1951-06-19,0.037254846568478196
1951-06-20,0.010923756297177676
1951-06-21,0.01912460739385186
1951-06-22,0.013987419992442617
1951-06-23,0.017497914100512896
1951-06-24,0.015181027854965454
1951-06-25,0.02156434648016536
1951-06-26,0.01681327430814915
1951-06-27,0.013966252989341428
1951-06-28,0.011327376437648926
1951-06-29,0.009460219580795286
1951-06-30,0.012491871737848133
1951-07-01,0.02761392652428564
1951-07-02,0.03488105739763787
1951-07-03,0.018037422741258278
1951-07-04,0.01658526052798185
1951-07-05,0.02094351352894272
1951-07-06,0.01943274234508935
1951-07-07,0.015404335753754182
1951-07-08,0.017310084512445874
1951-07-09,0.018315297166214366
1951-07-10,0.0346292297410922
1951-07-11,0.034835290132143176
1951-07-12,0.07503496283657866
1951-07-13,0.07499193719381958
1951-07-14,0.028026613902616532
1951-07-15,0.031572819709609797
1951-07-16,0.02494944043631736
1951-07-17,0.014295270366212547
1951-07-18,0.014218132715895346
1951-07-19,0.012701874928742128
1951-07-20,0.007853538926718745
1951-07-21,0.008109838010956886
1951-07-22,0.004027751396018457
1951-07-23,0.0015389627293947968
1951-07-24,0.0037345471563385428
1951-07-25,0.00604441465056805
1951-07-26,0.017594366729476944
1951-07-27,0.02132382489356192
1951-07-28,0.012797557837351752
1951-07-29,0.008187014239632393
1951-07-30,0.012739818469981925
1951-07-31,0.018181412153678127
1951-08-01,0.01280103647026817
1951-08-02,0.006031857736543249
1951-08-03,0.019872504292678648
1951-08-04,0.006380483434873515
1951-08-05,0.002624912180995623
1951-08-06,0.0042076093051645145
1951-08-07,0.008592003477895198
1951-08-08,0.0032393880514750683
1951-08-09,0.0022301923530681366
1951-08-10,0.013707559453956726
1951-08-11,0.01744750626209534
1951-08-12,0.011003865435093815
1951-08-13,0.008638615707166975
1951-08-14,0.013790563321166313
1951-08-15,0.008884157716234988
1951-08-16,0.00379884854087787
1951-08-17,0.009515853667185341
1951-08-18,0.002793344063738179
1951-08-19,0.002776998732826287
1951-08-20,0.009283808999628275
1951-08-21,0.007268282827598659
1951-08-22,0.013554565418139897
1951-08-23,0.021330215065343647
1951-08-24,0.026728740600664488
1951-08-25,0.023097805145142754
1951-08-26,0.01619741503343071
1951-08-27,0.018938582872465855
1951-08-28,0.009482930869720588
1951-08-29,0.016062314188436292
1951-08-30,0.010023609075927168
1951-08-31,0.00821036741644076
1951-09-01,0.012223829378110137
1951-09-02,0.009049915899172681
1951-09-03,0.015226538615538712
1951-09-04,0.003561399807642659
1951-09-05,0.0096528741522206
1951-09-06,0.009498331283084102
1951-09-07,0.013257409807420201
1951-09-08,0.003187122243332725
1951-09-09,0.007822594968934038
1951-09-10,0.01804106988777764
1951-09-11,0.009279913426721383
1951-09-12,0.01256786729042241
1951-09-13,0.020561898327006087
1951-09-14,0.020878545108085386
1951-09-15,0.01616246621666434
1951-09-16,0.020889666084679234
1951-09-17,0.018670292251097342
1951-09-18,0.009305798666223287
1951-09-19,0.0031607644690599067
1951-09-20,0.0013295297694009942
1951-09-21,0.001448816518607803
1951-09-22,8.607096944241167E-4
1951-09-23,0.0012560356589189025
1951-09-24,0.0012377033188803225
1951-09-25,0.002774609618672452
1951-09-26,0.00265105193323328
1951-09-27,0.0015098767110733034
1951-09-28,2.2111299711002915E-4
1951-09-29,8.964533099387513E-4
1951-09-30,0.006728185249788578
1951-10-01,0.012178354050554984
1951-10-02,0.05059419900501841
1951-10-03,0.027639647412071346
1951-10-04,0.022700807610293694
1951-10-05,0.015619703025362466
1951-10-06,0.00894525379783966
1951-10-07,0.00841567887273826
1951-10-08,0.0060124569779252774
1951-10-09,0.023102450955648984
1951-10-10,0.010410068756927644
1951-10-11,0.00727907192241939
1951-10-12,0.0021982081277067307
1951-10-13,0.0011275791833338714
1951-10-14,0.002390236650415929
1951-10-15,0.006741392588641093
1951-10-16,0.003361183567182531
1951-10-17,0.004924262602291358
1951-10-18,0.0028467769907678507
1951-10-19,4.534222367962259E-4
1951-10-20,1.2042635049970297E-4
1951-10-21,1.411050911239117E-4
1951-10-22,0.003359335022677426
1951-10-23,0.007977604303543263
1951-10-24,0.006290965914467854
1951-10-25,0.002668366935904067
1951-10-26,0.001444974740615866
1951-10-27,6.600927488293522E-4
1951-10-28,1.4811698799035587E-4
1951-10-29,9.61281039106028E-4
1951-10-30,0.01853896068785921
1951-10-31,0.0151500553550586
1951-11-01,0.004276098400424337
1951-11-02,0.0037527211329151447
1951-11-03,0.0012144728020274745
1951-11-04,0.0014590280312516879
1951-11-05,7.895183087599027E-5
1951-11-06,1.0564308290536694E-5
1951-11-07,4.064059958642047E-6
1951-11-08,2.967072630955344E-4
1951-11-09,3.485570190962847E-6
1951-11-10,1.4786116431907242E-5
1951-11-11,9.581077381469814E-5
1951-11-12,5.352147405437003E-4
1951-11-13,3.7191490904237695E-4
1951-11-14,2.0992236497623997E-5
1951-11-15,3.076746911797878E-6
1951-11-16,4.775953845146013E-6
1951-11-17,3.6998813289240896E-6
1951-11-18,2.915172294837711E-6
1951-11-19,3.5075101290824095E-5
1951-11-20,6.346233959639152E-5
1951-11-21,1.7229011732248667E-5
1951-11-22,6.214388567600851E-7
1951-11-23,1.6464232695155608E-6
1951-11-24,5.86031575281336E-6
1951-11-25,9.984348459801966E-4
1951-11-26,0.014855932464616934
1951-11-27,2.881517712446395E-4
1951-11-28,1.0290205037767004E-4
1951-11-29,2.4459337435925697E-6
1951-11-30,2.885308305660063E-6
1951-12-01,1.1795263249120314E-6
1951-12-02,1.6792807620384789E-6
1951-12-03,1.1993496098841861E-4
1951-12-04,9.657683335459991E-4
1951-12-05,1.6238993421904127E-4
1951-12-06,8.956023217025582E-7
1951-12-07,8.726558936843315E-7
1951-12-08,5.365882305740621E-8
1951-12-09,8.583068833445395E-7
1951-12-10,4.32143815979107E-4
1951-12-11,3.50867009399104E-4
1951-12-12,0.0035227002245543796
1951-12-13,1.6585122341710018E-4
1951-12-14,4.478364724654229E-6
1951-12-15,9.106252665464588E-5
1951-12-16,1.1701768555946142E-4
1951-12-17,1.9499990190049066E-5
1951-12-18,1.1121903030917868E-6
1951-12-19,4.2620581181752225E-6
1951-12-20,1.1063642303380573E-5
1951-12-21,4.241654116355148E-6
1951-12-22,1.709068407560569E-6
1951-12-23,8.612871056357108E-7
1951-12-24,0.0
1951-12-25,2.6277589498316687E-6
1951-12-26,2.5844793536881918E-6
1951-12-27,0.0
1951-12-28,9.983488541886124E-7
1951-12-29,2.3091765097819784E-6
1951-12-30,1.4888554938404745E-4
1951-12-31,4.4358866235424344E-5
1952-01-01,2.3136170623708387E-6
1952-01-02,0.002034908942991262
1952-01-03,8.027966276424561E-4
1952-01-04,9.070952573617007E-6
1952-01-05,9.366159094571164E-7
1952-01-06,6.706685344607846E-8
1952-01-07,1.0268881141794901E-8
1952-01-08,2.5349665496723965E-4
1952-01-09,0.0010642125503762018
1952-01-10,9.432668427576978E-4
1952-01-11,3.096683749746037E-4
1952-01-12,5.992305578628231E-5
1952-01-13,1.2657600336751784E-6
1952-01-14,2.5756637569429586E-6
1952-01-15,1.275539318612573E-6
1952-01-16,3.8130667285442826E-6
1952-01-17,4.248571603637837E-6
1952-01-18,4.566727862881788E-7
1952-01-19,0.0
1952-01-20,4.351138045421976E-7
1952-01-21,0.0
1952-01-22,4.261732051702438E-7
1952-01-23,1.283526046336192E-6
1952-01-24,4.4733774713698154E-5
1952-01-25,1.0732302913630661E-4
1952-01-26,8.513883926752897E-7
1952-01-27,1.2904404798064206E-6
1952-01-28,0.0
1952-01-29,1.724733976971038E-6
1952-01-30,1.2837333091649032E-6
1952-01-31,3.0171408764550307E-6
1952-02-01,8.583068797918258E-7
1952-02-02,1.7112866430579743E-6
1952-02-03,1.33677531266585E-8
1952-02-04,5.959022591418532E-6
1952-02-05,3.418748321564242E-4
1952-02-06,5.36727326558016E-6
1952-02-07,8.630033221379563E-7
1952-02-08,4.351138045421976E-7
1952-02-09,1.2799897035620234E-6
1952-02-10,1.3019751210482627E-6
1952-02-11,1.3239086487468778E-6
1952-02-12,8.067256094662987E-7
1952-02-13,4.351138045421976E-7
1952-02-14,1.2878252662741383E-6
1952-02-15,-4.783750401430959E-9
1952-02-16,8.670623822718237E-7
1952-02-17,8.772003463113085E-7
1952-02-18,4.59774295210986E-6
1952-02-19,0.0
1952-02-20,9.262535912457051E-6
1952-02-21,2.6304059462740244E-5
1952-02-22,1.399971963360127E-4
1952-02-23,0.001383467804464098
1952-02-24,1.5918391978956037E-5
1952-02-25,1.7360513311359682E-6
1952-02-26,1.0591240470208942E-6
1952-02-27,8.560952950853207E-7
1952-02-28,1.2879245546541482E-6
1952-02-29,5.17926866929379E-5
1952-03-01,1.841315915445756E-4
1952-03-02,4.077149207087096E-4
1952-03-03,0.008309385215685902
1952-03-04,3.6860256479344925E-4
1952-03-05,0.0012251187385088661
1952-03-06,0.0012234243009820842
1952-03-07,0.018364337240716733
1952-03-08,0.005309901454545171
1952-03-09,0.003275493068554157
1952-03-10,0.0014748351947310378
1952-03-11,5.9411417081261886E-5
1952-03-12,1.5174622432423978E-6
1952-03-13,8.978332701484492E-7
1952-03-14,4.0076896408574404E-5
1952-03-15,2.2653342140930142E-4
1952-03-16,0.005766561312337198
1952-03-17,0.00142312604134965
1952-03-18,0.0019706160922936433
1952-03-19,4.729334684554616E-7
1952-03-20,6.58881113019293E-8
1952-03-21,1.2843202597193445E-6
1952-03-22,1.2762432106683264E-6
1952-03-23,0.002929561015992521
1952-03-24,0.009199700232252092
1952-03-25,0.005922594566089575
1952-03-26,1.4659831456194532E-4
1952-03-27,1.983563300849595E-6
1952-03-28,0.0073888237997524414
1952-03-29,0.04648960057796772
1952-03-30,0.005205405399857857
1952-03-31,0.0053710585655566655
1952-04-01,0.0043230239171695925
1952-04-02,0.011850498916871975
1952-04-03,4.573293595090404E-4
1952-04-04,7.160204963556971E-4
1952-04-05,0.0011892681926316613
1952-04-06,0.0018932689545471555
1952-04-07,0.004160759683606158
1952-04-08,0.008715835238204373
1952-04-09,0.004940087953861419
1952-04-10,0.0018858982192056786
1952-04-11,0.01332378704251582
1952-04-12,0.022711140163280918
1952-04-13,3.2178802641829996E-5
1952-04-14,2.8077973702974547E-6
1952-04-15,1.0453860884258133E-4
1952-04-16,0.013102273403904349
1952-04-17,0.005199691314643182
1952-04-18,0.004915567123460297
1952-04-19,0.008059665581820181
1952-04-20,0.010338459612661706
1952-04-21,0.01767093922125675
1952-04-22,0.00935055127119743
1952-04-23,0.008291137349398837
1952-04-24,0.013175540971360377
1952-04-25,0.009684422774116967
1952-04-26,0.033328078859707476
1952-04-27,0.04391085570721048
1952-04-28,0.08243006791478207
1952-04-29,0.02494642573287137
1952-04-30,0.04371273978782052
1952-05-01,0.036682167531197456
1952-05-02,0.024571537773388538
1952-05-03,0.016761323105546257
1952-05-04,0.002432836377270651
1952-05-05,0.007464710219329509
1952-05-06,0.002798187648716
1952-05-07,0.0063648754646840125
1952-05-08,0.005970503843262023
1952-05-09,0.0071139264334955515
1952-05-10,0.008196919345299786
1952-05-11,0.0023789975712591163
1952-05-12,0.005675697845511529
1952-05-13,0.008238633047211489
1952-05-14,0.017114527365461943
1952-05-15,0.011269655407464798
1952-05-16,0.007905618050528057
1952-05-17,0.010632171473390817
1952-05-18,0.004810773063859022
1952-05-19,0.009611542278259326
1952-05-20,0.003966452483997533
1952-05-21,0.008916044243842881
1952-05-22,0.011033166222748041
1952-05-23,0.012781579734459456
1952-05-24,0.014171497997194036
1952-05-25,0.012205595815543493
1952-05-26,0.013722567678785286
1952-05-27,0.011961109853224024
1952-05-28,0.010625969330866751
1952-05-29,0.0158884943147443
1952-05-30,0.03682291714825314
1952-05-31,0.03533074137964689
1952-06-01,0.02700228122881495
1952-06-02,0.013268544466688114
1952-06-03,0.0017820736420787794
1952-06-04,0.010003761699528217
1952-06-05,0.014097214591813229
1952-06-06,0.011932404862564947
1952-06-07,0.012262337016031228
1952-06-08,0.019048877267032364
1952-06-09,0.02043872060207154
1952-06-10,0.017805666246176754
1952-06-11,0.014366903402241359
1952-06-12,0.013965617615875493
1952-06-13,0.00941940987940386
1952-06-14,0.008687978759971808
1952-06-15,0.011190815473619569
1952-06-16,0.016427813309305015
1952-06-17,0.048338887259400914
1952-06-18,0.015430794215168925
1952-06-19,0.00892584757007271
1952-06-20,0.007204091728934516
1952-06-21,0.010473609289677168
1952-06-22,0.008335385696002177
1952-06-23,0.005061360103872613
1952-06-24,0.004339853579421115
1952-06-25,0.007681340695805633
1952-06-26,0.010281807239775714
1952-06-27,0.02426906788709778
1952-06-28,0.029677660634924222
1952-06-29,0.06970244232363405
1952-06-30,0.08954465361155882
1952-07-01,0.036958156591619926
1952-07-02,0.02603221730248882
1952-07-03,0.030275710727322658
1952-07-04,0.017884485410368044
1952-07-05,0.016336761517981507
1952-07-06,0.019262104940869232
1952-07-07,0.025944890304572657
1952-07-08,0.030386770144530676
1952-07-09,0.027653604777335604
1952-07-10,0.059884552353635837
1952-07-11,0.0507911810184071
1952-07-12,0.05774640108109316
1952-07-13,0.05184818719745178
1952-07-14,0.030489686712463753
1952-07-15,0.016000469296027747
1952-07-16,0.01995222089770229
1952-07-17,0.029874800254403398
1952-07-18,0.01645670472867527
1952-07-19,0.006738243177102781
1952-07-20,0.01728375783198624
1952-07-21,0.009994620549024185
1952-07-22,0.003640790341287344
1952-07-23,0.009695882610296589
1952-07-24,0.014251589264572293
1952-07-25,0.015700624822445542
1952-07-26,0.008468483516758428
1952-07-27,0.012244235710427903
1952-07-28,0.013986647276245455
1952-07-29,0.009716249553464628
1952-07-30,0.008882786868166948
1952-07-31,0.008332439295818356
1952-08-01,0.012013672633278691
1952-08-02,0.015803973644307523
1952-08-03,0.004666970218779388
1952-08-04,0.006927996308690787
1952-08-05,0.0048417241181944876
1952-08-06,0.01497894402356507
1952-08-07,0.019290064481986044
1952-08-08,0.009020973988351104
1952-08-09,0.011416262222852325
1952-08-10,0.005606474164937961
1952-08-11,0.0077200340311601575
1952-08-12,0.007723380925278184
1952-08-13,0.012304498898707033
1952-08-14,0.01305563794061307
1952-08-15,0.02071690262346895
1952-08-16,0.01812066127098853
1952-08-17,0.010574507127900425
1952-08-18,0.008511560850823212
1952-08-19,0.015714179058639994
1952-08-20,0.012617875748459323
1952-08-21,0.0082716508734781
1952-08-22,0.01502946763023698
1952-08-23,0.015741619101661337
1952-08-24,0.025644564484693988
1952-08-25,0.028914686120151394
1952-08-26,0.029656777103754105
1952-08-27,0.027174924729527095
1952-08-28,0.024045363904079263
1952-08-29,0.006227098105478852
1952-08-30,0.009087521020376271
1952-08-31,0.022338831057617865
1952-09-01,0.011074628119186058
1952-09-02,0.017074111861536272
1952-09-03,0.020315432439692367
1952-09-04,0.010763380688565272
1952-09-05,0.009266627943843093
1952-09-06,0.007817997680378797
1952-09-07,0.00488887163926565
1952-09-08,0.010850359482978357
1952-09-09,0.02660866552535294
1952-09-10,0.011406484924455952
1952-09-11,0.016602588564674302
1952-09-12,0.011180523152899191
1952-09-13,0.00985980522253113
1952-09-14,0.007644952574717873
1952-09-15,0.015078859241367076
1952-09-16,0.024381036444890557
1952-09-17,0.00816082630188583
1952-09-18,0.009673497594489192
1952-09-19,0.014082277453788398
1952-09-20,0.01714043118575942
1952-09-21,0.013677534487985171
1952-09-22,0.02749429109590626
1952-09-23,0.017860968072462638
1952-09-24,0.019223347168622132
1952-09-25,0.008058378420813236
1952-09-26,0.005139077658076354
1952-09-27,0.012872044024940526
1952-09-28,0.007902722728614522
1952-09-29,0.01204977077463878
1952-09-30,0.009552548303002627
1952-10-01,0.0026001358601535026
1952-10-02,0.010868115400561713
1952-10-03,0.005230210550426068
1952-10-04,0.007816285160620785
1952-10-05,0.008523091947924262
1952-10-06,0.0076973822136954945
1952-10-07,0.008584982038553414
1952-10-08,0.018634911117956825
1952-10-09,0.023004074419251067
1952-10-10,0.03709716041772112
1952-10-11,0.03659554555571252
1952-10-12,0.015085134942822046
1952-10-13,0.015274424287625134
1952-10-14,0.006037795411455149
1952-10-15,0.006869925353650703
1952-10-16,0.003940584982113689
1952-10-17,0.0018371179018416936
1952-10-18,0.002639650038584904
1952-10-19,0.005524193185385462
1952-10-20,0.004978645812897679
1952-10-21,0.02465935638874253
1952-10-22,0.008861233953795676
1952-10-23,8.776597531806344E-4
1952-10-24,0.0015996386561639262
1952-10-25,0.0029931899383071614
1952-10-26,7.870793105722162E-4
1952-10-27,0.00298665776754701
1952-10-28,0.0026001408368638507
1952-10-29,9.521390379925814E-4
1952-10-30,1.414992995182992E-4
1952-10-31,3.9306625719291347E-4
1952-11-01,0.006673198649821255
1952-11-02,0.0017248251069438129
1952-11-03,0.013984980631765615
1952-11-04,0.003930915202203168
1952-11-05,5.330105219514483E-4
1952-11-06,8.440255084670481E-5
1952-11-07,1.4374325113265709E-6
1952-11-08,0.017562723355222996
1952-11-09,0.07375007062150772
1952-11-10,0.075383677746594
1952-11-11,0.03283141102489949
1952-11-12,0.01030880839281043
1952-11-13,8.67971206372188E-4
1952-11-14,2.3661720396156557E-4
1952-11-15,4.8617608255494955E-5
1952-11-16,2.0869676183813795E-5
1952-11-17,3.6203380178853966E-5
1952-11-18,7.4806246561294746E-6
1952-11-19,2.5150518303697636E-6
1952-11-20,4.669041800574152E-6
1952-11-21,1.689631787100179E-5
1952-11-22,8.865489784848197E-5
1952-11-23,1.4438717335299203E-5
1952-11-24,4.8965941258601995E-5
1952-11-25,2.3102934691844067E-4
1952-11-26,1.4036449393785069E-5
1952-11-27,8.593495339587104E-7
1952-11-28,2.120339096290464E-6
1952-11-29,2.6943287430658737E-6
1952-11-30,8.553265615773853E-7
1952-12-01,8.578073082631724E-9
1952-12-02,4.582925289227629E-7
1952-12-03,1.1475305599050727E-6
1952-12-04,5.459547158055477E-6
1952-12-05,2.218822001729724E-6
1952-12-06,2.898416421706743E-9
1952-12-07,1.9173151385616967E-6
1952-12-08,4.261732051702438E-7
1952-12-09,5.087997492345144E-4
1952-12-10,1.821912109014556E-5
1952-12-11,4.429371411404677E-6
1952-12-12,4.738925692062908E-7
1952-12-13,2.7478834118546152E-6
1952-12-14,5.402501229264352E-6
1952-12-15,1.1528213768395425E-6
1952-12-16,1.816684439356554E-6
1952-12-17,8.264834206581745E-6
1952-12-18,4.732000528132358E-7
1952-12-19,5.080284803509889E-7
1952-12-20,2.99534012127474E-7
1952-12-21,7.078001484371872E-6
1952-12-22,4.351138045421976E-7
1952-12-23,1.268085316922941E-4
1952-12-24,2.012488203141045E-6
1952-12-25,2.2223421678394665E-6
1952-12-26,7.487066762623098E-7
1952-12-27,0.0026957416766303192
1952-12-28,3.209964282045445E-4
1952-12-29,3.231528005158971E-5
1952-12-30,2.599737530692301E-6
1952-12-31,8.597968985668558E-7
1953-01-01,2.049075811592468E-6
1953-01-02,7.76776335005917E-6
1953-01-03,6.096556007517557E-9
1953-01-04,4.815244616200531E-7
1953-01-05,1.3425156894551052E-4
1953-01-06,2.7643964280762816E-5
1953-01-07,2.5841876612676757E-5
1953-01-08,1.8943089970274467E-5
1953-01-09,1.1451202138415166E-4
1953-01-10,4.4760119168746606E-5
1953-01-11,1.0189309285555274E-4
1953-01-12,0.0024876868468296075
1953-01-13,1.1212361599668603E-4
1953-01-14,1.4851373657517482E-4
1953-01-15,2.1527037341480547E-5
1953-01-16,0.0025090229382236278
1953-01-17,0.004561879372500089
1953-01-18,3.7485175050062944E-5
1953-01-19,0.0
1953-01-20,1.2904405366498395E-6
1953-01-21,0.0017528683795577525
1953-01-22,4.0173093017083175E-5
1953-01-23,0.00320701150019116
1953-01-24,7.788325570566805E-4
1953-01-25,1.512478187009291E-5
1953-01-26,9.353828347566326E-7
1953-01-27,0.0
1953-01-28,1.299834274836177E-6
1953-01-29,1.356252049273238E-4
1953-01-30,1.7864350595570718E-4
1953-01-31,2.1961156152991407E-4
1953-02-01,6.531463188092748E-6
1953-02-02,1.0735995933178975E-4
1953-02-03,7.066362323163008E-5
1953-02-04,2.1457670982272248E-6
1953-02-05,3.3162148005919856E-5
1953-02-06,1.5179086228327553E-4
1953-02-07,2.549768738595444E-5
1953-02-08,7.555991238941349E-7
1953-02-09,1.3362233947038816E-6
1953-02-10,1.1081379651489186E-6
1953-02-11,8.566239557694644E-7
1953-02-12,1.0942388935501386E-6
1953-02-13,5.104315196722765E-7
1953-02-14,1.7220948357297708E-6
1953-02-15,2.2197245938398584E-6
1953-02-16,2.2461049763473257E-6
1953-02-17,1.368644304737487E-5
1953-02-18,9.209144681548522E-6
1953-02-19,0.01166613718064639
1953-02-20,0.001130151831413963
1953-02-21,5.509877874692922E-4
1953-02-22,6.953232493511505E-4
1953-02-23,0.0011811603536499068
1953-02-24,0.002444339420364087
1953-02-25,0.016480830744890578
1953-02-26,0.002282512582489889
1953-02-27,0.0017074280366411738
1953-02-28,0.0017145952370782667
1953-03-01,0.00545260126050498
1953-03-02,0.007396892724870402
1953-03-03,0.01216918594507666
1953-03-04,0.005286857458789573
1953-03-05,6.227464484217407E-4
1953-03-06,6.914701329552409E-4
1953-03-07,0.0038365228839185982
1953-03-08,0.025659247411621833
1953-03-09,0.03151224597913721
1953-03-10,0.01448603046746686
1953-03-11,0.0011042610684064867
1953-03-12,0.012208475769262211
1953-03-13,0.03309811835186327
1953-03-14,0.014397852191281705
1953-03-15,0.003534669367911083
1953-03-16,0.021577653716769847
1953-03-17,0.021305867949840886
1953-03-18,0.04648934463448711
1953-03-19,0.04242346388832793
1953-03-20,0.033016882811535975
1953-03-21,0.002611112098557395
1953-03-22,0.0052771654957586515
1953-03-23,2.9919939196120643E-4
1953-03-24,0.024621758395443435
1953-03-25,0.045495949149775367
1953-03-26,0.07043677078666967
1953-03-27,0.026393843098645117
1953-03-28,0.01151411792563259
1953-03-29,0.006034214136835424
1953-03-30,0.0028495636468918806
1953-03-31,9.077119566909644E-4
1953-04-01,2.706486654247164E-4
1953-04-02,5.631962104295303E-4
1953-04-03,0.014816906204544053
1953-04-04,0.030034056252006173
1953-04-05,0.0353020839931021
1953-04-06,0.018661408923087635
1953-04-07,0.02838005411828219
1953-04-08,0.02067416482659711
1953-04-09,0.02448839779136257
1953-04-10,0.023055810009161192
1953-04-11,0.04333880239348593
1953-04-12,0.0338836972283277
1953-04-13,0.0736723128843981
1953-04-14,0.033532301519561374
1953-04-15,0.024671286211020688
1953-04-16,0.02877732049714965
1953-04-17,0.006514216149904697
1953-04-18,0.014161472848885675
1953-04-19,0.0037311019386637298
1953-04-20,0.016684155239362945
1953-04-21,0.013769439066926525
1953-04-22,0.007144470822019391
1953-04-23,0.004182634487519035
1953-04-24,6.13815033306772E-4
1953-04-25,0.001282660605315882
1953-04-26,0.013107608475011204
1953-04-27,0.011478133316054866
1953-04-28,0.03502057526537137
1953-04-29,0.012183813036216438
1953-04-30,0.0026002143241594293
1953-05-01,0.0015311069610893123
1953-05-02,0.021948619324776607
1953-05-03,0.01620842885999376
1953-05-04,0.022132061449331712
1953-05-05,0.010530021333580077
1953-05-06,0.023154209177562314
1953-05-07,0.018528673023830617
1953-05-08,0.009223336785768508
1953-05-09,0.033041224990346875
1953-05-10,0.012334850740470077
1953-05-11,0.03257370987584585
1953-05-12,0.01581179300518602
1953-05-13,0.0167698292579541
1953-05-14,0.03288552181964764
1953-05-15,0.02401586540857079
1953-05-16,0.03987666404006767
1953-05-17,0.03343289391024113
1953-05-18,0.043459196185876195
1953-05-19,0.04351965857304672
1953-05-20,0.03478640829641432
1953-05-21,0.03505633142158235
1953-05-22,0.022690825136659144
1953-05-23,0.014961706059178523
1953-05-24,0.007764322581905512
1953-05-25,0.013767614545935851
1953-05-26,0.009715632409444102
1953-05-27,0.021683095469509795
1953-05-28,0.03746222691938586
1953-05-29,0.0293301035785789
1953-05-30,0.05899300349753035
1953-05-31,0.02277837216575053
1953-06-01,0.011871440622227789
1953-06-02,0.016881902126278974
1953-06-03,0.024941172422356696
1953-06-04,0.04672770098368556
1953-06-05,0.04052399940566591
1953-06-06,0.0573683686925586
1953-06-07,0.10142732157170854
1953-06-08,0.05166378859276407
1953-06-09,0.020427077632672378
1953-06-10,0.030165545583804906
1953-06-11,0.03022576186267629
1953-06-12,0.04602059689474244
1953-06-13,0.013793596527995361
1953-06-14,0.013017595470882099
1953-06-15,0.014455313923279093
1953-06-16,0.017200680837547173
1953-06-17,0.01485081130249664
1953-06-18,0.005720859139214504
1953-06-19,0.015024983448988316
1953-06-20,0.02744935229066011
1953-06-21,0.013765123074805697
1953-06-22,0.01316921007641823
1953-06-23,0.01648299383712953
1953-06-24,0.0224976639549867
1953-06-25,0.05627298811995261
1953-06-26,0.028076047458481777
1953-06-27,0.026147465265192543
1953-06-28,0.01571726193389674
1953-06-29,0.007263750948480798
1953-06-30,0.010117924299685173
1953-07-01,0.010376799310298578
1953-07-02,0.006891258857670549
1953-07-03,0.03701555659316039
1953-07-04,0.06014804519325326
1953-07-05,0.037526595360936374
1953-07-06,0.012776048940501659
1953-07-07,0.010685745706787538
1953-07-08,0.02423063609634747
1953-07-09,0.026388690310777126
1953-07-10,0.029867425726097182
1953-07-11,0.020098078353033236
1953-07-12,0.01745177576690404
1953-07-13,0.02316656000826056
1953-07-14,0.019576814040271874
1953-07-15,0.024021845821876546
1953-07-16,0.031707641170922396
1953-07-17,0.027671773390085377
1953-07-18,0.011444459374726514
1953-07-19,0.009755457388364945
1953-07-20,0.01994757004469806
1953-07-21,0.03492198559283006
1953-07-22,0.018500764742062963
1953-07-23,0.0075055624333592525
1953-07-24,0.009209613976940262
1953-07-25,0.01979380952096936
1953-07-26,0.016532434941284188
1953-07-27,0.021099968143453496
1953-07-28,0.008742676219235808
1953-07-29,0.010812540863544119
1953-07-30,0.004245872016584806
1953-07-31,0.002755769577988535
1953-08-01,3.7236473239190523E-4
1953-08-02,0.004771846426871554
1953-08-03,0.015174836002787854
1953-08-04,0.022527473025378993
1953-08-05,0.02041356332815452
1953-08-06,0.01389394586136781
1953-08-07,0.008498424617301482
1953-08-08,0.00935410745269646
1953-08-09,0.006547371801957921
1953-08-10,0.005447141963536343
1953-08-11,0.006962865096210058
1953-08-12,0.0019351092609597778
1953-08-13,0.001331308206721387
1953-08-14,0.0019043461530539342
1953-08-15,0.0021222139734885983
1953-08-16,0.01584467076527561
1953-08-17,0.019878716439469625
1953-08-18,0.013582127925459323
1953-08-19,0.016421200074719585
1953-08-20,0.027168227357068506
1953-08-21,0.020878147188622503
1953-08-22,0.019680657263936703
1953-08-23,0.01830439339047051
1953-08-24,0.02193507515967273
1953-08-25,0.016715015218552134
1953-08-26,0.016048790666064783
1953-08-27,0.012407341598500756
1953-08-28,0.006138603781942696
1953-08-29,0.002323967144076757
1953-08-30,0.0025231140493874485
1953-08-31,0.005607992593829919
1953-09-01,0.004173075239347514
1953-09-02,0.006646819337341136
1953-09-03,0.009580265235666607
1953-09-04,0.005893281574019778
1953-09-05,0.018869476256671337
1953-09-06,0.014442832480706927
1953-09-07,0.01232487905490108
1953-09-08,0.024689351957135813
1953-09-09,0.030512790688975704
1953-09-10,0.021277884334429863
1953-09-11,0.022384822644960216
1953-09-12,0.039769846883984675
1953-09-13,0.093937674101028
1953-09-14,0.08013541814301334
1953-09-15,0.023010825108411823
1953-09-16,0.00748931526535459
1953-09-17,0.014442804171946001
1953-09-18,0.01087207217350861
1953-09-19,0.010894884368769056
1953-09-20,0.0068688718903935604
1953-09-21,0.00611669779415182
1953-09-22,0.0018501206771204283
1953-09-23,0.00887371043411398
1953-09-24,0.001641489254723748
1953-09-25,0.011394864642460078
1953-09-26,0.006217619679325486
1953-09-27,0.002794097578235184
1953-09-28,0.006102777938265805
1953-09-29,0.008637574162748763
1953-09-30,0.01303635884299689
1953-10-01,0.013363024834424432
1953-10-02,0.014293244715177846
1953-10-03,0.009094886784517545
1953-10-04,0.014527280611670891
1953-10-05,0.016415332516129907
1953-10-06,0.0031828387571563015
1953-10-07,8.827147174004581E-4
1953-10-08,4.237373867011761E-4
1953-10-09,5.833244335571249E-4
1953-10-10,0.001464085222652547
1953-10-11,0.0025172428673757388
1953-10-12,9.56221667539293E-4
1953-10-13,2.7887773913269257E-4
1953-10-14,9.219541188024574E-5
1953-10-15,1.2261831244645719E-5
1953-10-16,1.2589061415214956E-6
1953-10-17,1.8732424587140667E-5
1953-10-18,4.800459804655632E-5
1953-10-19,5.9726022192643106E-5
1953-10-20,4.995066396828945E-7
1953-10-21,1.6559694092466935E-6
1953-10-22,9.846053209696955E-7
1953-10-23,7.982162544508856E-6
1953-10-24,0.0098639539151178
1953-10-25,0.007909304551306489
1953-10-26,0.00953458317905941
1953-10-27,1.008643085040109E-4
1953-10-28,1.128212737160487E-4
1953-10-29,1.0507280943213297E-4
1953-10-30,6.876747172347385E-5
1953-10-31,1.0086500996214319E-4
1953-11-01,4.759538529927243E-6
1953-11-02,3.384312006443849E-6
1953-11-03,5.268832315683497E-6
1953-11-04,1.1257852667368473E-6
1953-11-05,8.023275186225115E-6
1953-11-06,3.2820633275066506E-6
1953-11-07,0.008688345083250837
1953-11-08,0.008210219794270621
1953-11-09,0.003083359035797891
1953-11-10,0.002071243481484453
1953-11-11,8.426733197687079E-4
1953-11-12,3.689573295037272E-4
1953-11-13,1.0547991514055627E-5
1953-11-14,5.000520880344739E-6
1953-11-15,4.093943303720111E-9
1953-11-16,3.160124673901284E-6
1953-11-17,5.090893552583352E-6
1953-11-18,1.3450745468301815E-6
1953-11-19,1.6727763779792675E-5
1953-11-20,0.0022402587205688396
1953-11-21,5.099950037309211E-4
1953-11-22,2.8485897646267496E-4
1953-11-23,2.0096265640564797E-6
1953-11-24,2.9184116748824835E-6
1953-11-25,9.80785283403527E-7
1953-11-26,1.8050698751900687E-6
1953-11-27,1.1355511700746497E-6
1953-11-28,4.3586230795707935E-7
1953-11-29,3.208419921272881E-5
1953-11-30,2.9619808136785816E-4
1953-12-01,2.744671435369923E-4
1953-12-02,5.313284119093975E-6
1953-12-03,1.3904502874269168E-4
1953-12-04,2.4087114650902847E-4
1953-12-05,4.937871860062784E-5
1953-12-06,2.1627806111904375E-6
1953-12-07,1.169353448940088E-6
1953-12-08,1.5252663920469435E-6
1953-12-09,0.0
1953-12-10,1.323503842131213E-6
1953-12-11,1.9512679535450665E-6
1953-12-12,4.458491979871026E-7
1953-12-13,1.4431361173618737E-6
1953-12-14,4.351138045421976E-7
1953-12-15,2.2081944298222592E-6
1953-12-16,5.48436729303636E-5
1953-12-17,1.1111967303699072E-5
1953-12-18,4.351138045421976E-7
1953-12-19,6.821583178730626E-7
1953-12-20,2.207272400745767E-6
1953-12-21,5.75882672269814E-5
1953-12-22,2.3845128390832362E-5
1953-12-23,1.284479992591514E-6
1953-12-24,1.1678892753027769E-8
1953-12-25,1.2878832649221295E-6
1953-12-26,1.727013568597613E-6
1953-12-27,1.7099976591421468E-6
1953-12-28,4.4559122701730167E-7
1953-12-29,8.64323222578153E-7
1953-12-30,1.289065771717195E-6
1953-12-31,8.706473255251117E-7
1954-01-01,4.3238471170037775E-5
1954-01-02,3.902825239684703E-6
1954-01-03,4.54816418680353E-6
1954-01-04,8.702277796146518E-7
1954-01-05,1.7225742112714215E-6
1954-01-06,1.2874602361989673E-6
1954-01-07,4.351138613856165E-7
1954-01-08,8.642672355563263E-7
1954-01-09,8.812132832671432E-7
1954-01-10,7.32766305866269E-4
1954-01-11,3.0917764743628543E-6
1954-01-12,8.583068620282575E-7
1954-01-13,4.231929437992221E-7
1954-01-14,8.72431945597025E-7
1954-01-15,6.016855305418865E-7
1954-01-16,1.1654853456960853E-6
1954-01-17,8.636490468029084E-7
1954-01-18,6.527427991931936E-5
1954-01-19,0.0027942200253648557
1954-01-20,2.85422044010393E-4
1954-01-21,0.01285963227403623
1954-01-22,1.5760868612087138E-4
1954-01-23,2.093158030797344E-5
1954-01-24,1.2993812106287805E-6
1954-01-25,3.047541359510801E-6
1954-01-26,4.4107436991680515E-7
1954-01-27,1.2958066690771375E-6
1954-01-28,3.4272669608981232E-6
1954-01-29,2.1328513911733316E-6
1954-01-30,1.7349176812528427E-6
1954-01-31,2.1576879589702003E-6
1954-02-01,8.640660745564845E-7
1954-02-02,8.583068620282575E-7
1954-02-03,2.1364319309213897E-6
1954-02-04,4.351138613856165E-7
1954-02-05,2.1398063836386427E-6
1954-02-06,4.647636172399359E-5
1954-02-07,1.694643944865836E-5
1954-02-08,1.2993812106287805E-6
1954-02-09,2.128458959305135E-6
1954-02-10,2.1529531295527704E-6
1954-02-11,1.712433193466296E-6
1954-02-12,8.488710146198461E-4
1954-02-13,9.338802024877245E-4
1954-02-14,5.939225518434699E-4
1954-02-15,0.03369869710882628
1954-02-16,0.00737213705047318
1954-02-17,3.73098683880006E-4
1954-02-18,7.908534412886949E-6
1954-02-19,2.0877897802160283E-5
1954-02-20,1.4615971690677282E-6
1954-02-21,1.1728434253945463E-4
1954-02-22,2.2286873418471723E-4
1954-02-23,7.854319669792277E-4
1954-02-24,0.024331530074715373
1954-02-25,0.00426812113795169
1954-02-26,9.470914732801712E-4
1954-02-27,0.001411766286513361
1954-02-28,5.308434251353356E-5
1954-03-01,1.5258406201373767E-6
1954-03-02,4.9807871560242466E-6
1954-03-03,0.0
1954-03-04,4.410743663640915E-7
1954-03-05,1.7031788210886134E-6
1954-03-06,8.640213877697533E-7
1954-03-07,1.288774512886448E-6
1954-03-08,4.261732087229575E-7
1954-03-09,2.1393552742665634E-6
1954-03-10,1.7046922948793508E-6
1954-03-11,2.1695714167435654E-6
1954-03-12,2.7057240203419365E-4
1954-03-13,0.0060037770452881925
1954-03-14,3.4144459690661804E-4
1954-03-15,4.213404969533978E-6
1954-03-16,4.351138613856165E-7
1954-03-17,2.148204657714814E-6
1954-03-18,4.3859498788378914E-7
1954-03-19,2.1556525098276325E-6
1954-03-20,4.180914214033316E-6
1954-03-21,2.713033789357539E-5
1954-03-22,4.521179043101619E-6
1954-03-23,3.7909627478567063E-6
1954-03-24,3.2471169983241477E-4
1954-03-25,0.0015765601007436123
1954-03-26,3.535598201052392E-4
1954-03-27,0.00144220149155297
1954-03-28,0.02146578528235174
1954-03-29,0.026989865072631423
1954-03-30,0.03251835672383219
1954-03-31,0.06706178004531102
1954-04-01,0.029278884839322044
1954-04-02,0.014479324348170989
1954-04-03,0.005188293668489926
1954-04-04,0.006466461634145152
1954-04-05,0.0028103781374782533
1954-04-06,0.02032283567852902
1954-04-07,0.0356179225429893
1954-04-08,0.013190408745875614
1954-04-09,0.025711586367183355
1954-04-10,0.02955924575890525
1954-04-11,0.03324819235787916
1954-04-12,0.018099530258172864
1954-04-13,0.011249648200928698
1954-04-14,0.0035422284869972096
1954-04-15,0.006738605009577796
1954-04-16,0.004993016617136899
1954-04-17,0.0028295153689067536
1954-04-18,0.0010239086726497363
1954-04-19,3.2886067265375495E-4
1954-04-20,0.0014757320434668245
1954-04-21,8.863127685969099E-4
1954-04-22,0.0011005345188534398
1954-04-23,0.0014873526396092394
1954-04-24,0.0015959350793337968
1954-04-25,0.004279466258432215
1954-04-26,0.0024376460931926696
1954-04-27,0.0010960408423992612
1954-04-28,1.616495442872792E-4
1954-04-29,0.010091610620104522
1954-04-30,0.016978595792127488
1954-05-01,0.02550015642318298
1954-05-02,0.004706803607607857
1954-05-03,0.0012818183774349742
1954-05-04,0.026405358410451118
1954-05-05,0.035428104267982284
1954-05-06,0.049587850034869145
1954-05-07,0.024784538137774936
1954-05-08,0.0427479463613225
1954-05-09,0.00913211077537698
1954-05-10,0.016790171287894607
1954-05-11,0.02727734756296977
1954-05-12,0.03395466261507324
1954-05-13,0.009578647424789876
1954-05-14,0.011345331443182994
1954-05-15,0.009104932750322231
1954-05-16,0.007695542613448096
1954-05-17,0.012057838098562685
1954-05-18,0.027721937693165576
1954-05-19,0.04436104622478998
1954-05-20,0.018608662836277445
1954-05-21,0.007889788853209144
1954-05-22,0.018139642956796265
1954-05-23,0.0423098256968692
1954-05-24,0.028973041887818213
1954-05-25,0.051591774585539395
1954-05-26,0.03701463189772292
1954-05-27,0.014155288401538936
1954-05-28,0.013037579674199256
1954-05-29,0.03920724618957672
1954-05-30,0.0501928262783172
1954-05-31,0.027678959476465443
1954-06-01,0.043504256234003634
1954-06-02,0.0015630039970211734
1954-06-03,0.010951284976329767
1954-06-04,0.02074892671657605
1954-06-05,0.011085347174047737
1954-06-06,0.01218438514649111
1954-06-07,0.025259399818686593
1954-06-08,0.006209506083700352
1954-06-09,0.06222733333111818
1954-06-10,0.0675851229730706
1954-06-11,0.0411008672235329
1954-06-12,0.04241916836768941
1954-06-13,0.03279285503174528
1954-06-14,0.03553985662973188
1954-06-15,0.032227526705803575
1954-06-16,0.02874690169931492
1954-06-17,0.023473591620608577
1954-06-18,0.013561480590971762
1954-06-19,0.014332057564071753
1954-06-20,0.02193425458468626
1954-06-21,0.032729145498626114
1954-06-22,0.051929128498183506
1954-06-23,0.03535169265686019
1954-06-24,0.04757293710292971
1954-06-25,0.01696581319533868
1954-06-26,0.01632405367885298
1954-06-27,0.013497577773870067
1954-06-28,0.017285598860024728
1954-06-29,0.028741815357964867
1954-06-30,0.047151754799508276
1954-07-01,0.04408104971924987
1954-07-02,0.014356827993624116
1954-07-03,0.005933958319139621
1954-07-04,0.006916387607540113
1954-07-05,0.011954659768353311
1954-07-06,0.0062810607181291375
1954-07-07,0.003310191445693654
1954-07-08,0.005985639380105988
1954-07-09,0.006111088970713163
1954-07-10,0.013718461628140746
1954-07-11,0.027794962531175207
1954-07-12,0.04166136885685598
1954-07-13,0.039749957473177305
1954-07-14,0.020048265832651565
1954-07-15,0.022197855250341403
1954-07-16,0.010507582785238077
1954-07-17,0.010083825029502433
1954-07-18,0.009645668129471352
1954-07-19,0.009943554437040949
1954-07-20,0.015927552069789106
1954-07-21,0.011792608863861917
1954-07-22,0.016717374375617582
1954-07-23,0.01235659196064533
1954-07-24,0.012263101656978664
1954-07-25,0.030939242555899776
1954-07-26,0.06884480569841384
1954-07-27,0.053757808182116514
1954-07-28,0.020519112806909993
1954-07-29,0.007243827137760896
1954-07-30,0.007134771857638776
1954-07-31,0.007296808306393947
1954-08-01,0.009585858225518577
1954-08-02,0.01621716835466079
1954-08-03,0.012092281161258345
1954-08-04,0.00937631021550385
1954-08-05,0.0057964982682397635
1954-08-06,0.010194992991971833
1954-08-07,0.01603566138515238
1954-08-08,0.01735728930438351
1954-08-09,0.02418631021420252
1954-08-10,0.018346214085558935
1954-08-11,0.02091851835252682
1954-08-12,0.03499703784980113
1954-08-13,0.027360902836901613
1954-08-14,0.013249494039771189
1954-08-15,0.011418042703556192
1954-08-16,0.009123159025178795
1954-08-17,0.009183043444776811
1954-08-18,0.017786725450280625
1954-08-19,0.03139717306608516
1954-08-20,0.021722036847747813
1954-08-21,0.03706805325481278
1954-08-22,0.04414964165294859
1954-08-23,0.0243087203339862
1954-08-24,0.013898657769902612
1954-08-25,0.009370354785653899
1954-08-26,0.01200659992076414
1954-08-27,0.013352115109041104
1954-08-28,0.017283359088101496
1954-08-29,0.01843569676347413
1954-08-30,0.0016455454416355506
1954-08-31,0.003586843517059567
1954-09-01,0.007412168970685204
1954-09-02,0.012334968724174996
1954-09-03,0.007681904682357041
1954-09-04,0.002767866111629625
1954-09-05,0.005237014064882886
1954-09-06,0.022032898887986936
1954-09-07,0.006201421449163063
1954-09-08,0.012849130130392142
1954-09-09,0.01588382524743353
1954-09-10,0.017809045927851933
1954-09-11,0.013384178396860246
1954-09-12,0.011770055148785255
1954-09-13,0.015362748874819702
1954-09-14,0.01591796485286764
1954-09-15,0.013211704491276966
1954-09-16,0.010104431659844575
1954-09-17,0.010996970250508543
1954-09-18,0.01069461363536292
1954-09-19,7.631145322943008E-4
1954-09-20,0.0017601174741574699
1954-09-21,0.017220734812212993
1954-09-22,0.007122818973603279
1954-09-23,0.0012671740869860993
1954-09-24,0.0025235908000405694
1954-09-25,0.013451980302444086
1954-09-26,0.010661338826101303
1954-09-27,0.010183221464827074
1954-09-28,0.00772924674987301
1954-09-29,0.030029047285615725
1954-09-30,0.011526283782858382
1954-10-01,0.012876225576736
1954-10-02,0.0015791797630264998
1954-10-03,0.008521462504057525
1954-10-04,0.016559719337371576
1954-10-05,0.021893735177853053
1954-10-06,0.016611987502187328
1954-10-07,0.007867650739207269
1954-10-08,0.00588518943906176
1954-10-09,0.02040185892996482
1954-10-10,0.043895633443759394
1954-10-11,0.004243447070763647
1954-10-12,0.0011346286836617946
1954-10-13,0.001808748159199837
1954-10-14,0.0012536153977991146
1954-10-15,1.174723667077817E-4
1954-10-16,1.27757587788674E-5
1954-10-17,3.553450934657379E-8
1954-10-18,1.7617991266951659E-6
1954-10-19,1.98459291431722E-6
1954-10-20,1.786392117511331E-6
1954-10-21,1.2428169978500725E-5
1954-10-22,3.538763716662257E-5
1954-10-23,1.0116482093392587E-5
1954-10-24,3.945445155176264E-4
1954-10-25,1.7718424849979557E-4
1954-10-26,0.03832677048702667
1954-10-27,0.0018629535976639946
1954-10-28,0.0010244833383520105
1954-10-29,6.109854916028761E-4
1954-10-30,2.854523794362413E-5
1954-10-31,1.9064601163683164E-6
1954-11-01,2.6340276273303505E-6
1954-11-02,9.700030305566544E-5
1954-11-03,1.8281910757187992E-6
1954-11-04,2.6065958555812154E-6
1954-11-05,1.2388435660759149E-5
1954-11-06,3.4506515615937347E-6
1954-11-07,3.212326786737417E-6
1954-11-08,1.2970852925208698E-6
1954-11-09,1.338790664367533E-6
1954-11-10,4.832261337585377E-7
1954-11-11,9.905214947112742E-7
1954-11-12,4.268605535305149E-7
1954-11-13,1.44923911448447E-6
1954-11-14,2.3859587598164035E-6
1954-11-15,2.7597949570323944E-6
1954-11-16,1.9884491883340427E-6
1954-11-17,1.1657527244159946E-6
1954-11-18,4.021456430417085E-6
1954-11-19,2.915175205720191E-6
1954-11-20,1.3593053552545632E-6
1954-11-21,1.4159263794134722E-5
1954-11-22,3.3609612808378437E-6
1954-11-23,9.231734626849181E-7
1954-11-24,1.0627279794721158E-6
1954-11-25,4.1902366745678683E-7
1954-11-26,8.576792971336147E-7
1954-11-27,1.7282184785472055E-6
1954-11-28,2.5772777689780924E-6
1954-11-29,3.571871907336894E-6
1954-11-30,1.1560695081816502E-6
1954-12-01,4.410743663640915E-7
1954-12-02,4.351138613856165E-7
1954-12-03,3.7150596136135696E-6
1954-12-04,5.357292989778888E-6
1954-12-05,2.807088616715202E-5
1954-12-06,3.172637746168699E-4
1954-12-07,5.454078170450991E-4
1954-12-08,6.315696801153287E-7
1954-12-09,8.52346317969932E-7
1954-12-10,2.1387851916188083E-6
1954-12-11,2.5778999770409428E-6
1954-12-12,1.2830448099521163E-6
1954-12-13,0.0
1954-12-14,1.7225742112714215E-6
1954-12-15,1.9327653717482463E-6
1954-12-16,1.660299863016202E-5
1954-12-17,9.409976003935771E-5
1954-12-18,1.2888238529740192E-6
1954-12-19,2.516424851748494E-5
1954-12-20,1.590267026146958E-5
1954-12-21,8.89933832525095E-4
1954-12-22,8.847610809299362E-7
1954-12-23,1.2874602930423862E-6
1954-12-24,0.0
1954-12-25,0.0
1954-12-26,3.4223574434401676E-7
1954-12-27,1.2872075103587122E-6
1954-12-28,3.2983655923867886E-5
1954-12-29,3.6222619937541965E-4
1954-12-30,0.004115780281747407
1954-12-31,4.798955320691184E-4
1955-01-01,1.2904405366498395E-6
1955-01-02,3.005948201462161E-6
1955-01-03,8.647172649034474E-7
1955-01-04,0.0
1955-01-05,2.134795067831874E-6
1955-01-06,4.261732051702438E-7
1955-01-07,8.964887570073188E-7
1955-01-08,-1.1359873042238178E-8
1955-01-09,2.144506368040311E-6
1955-01-10,2.145765392924659E-6
1955-01-11,1.7106532936850272E-6
1955-01-12,8.523463748133508E-7
1955-01-13,1.722130946291145E-6
1955-01-14,-2.28283170145005E-9
1955-01-15,8.57867235026788E-7
1955-01-16,8.696583778261965E-7
1955-01-17,8.216690162017675E-6
1955-01-18,0.001036075400893752
1955-01-19,0.0013539743740199363
1955-01-20,6.286050276570933E-5
1955-01-21,1.3054396196816219E-6
1955-01-22,1.2722072804173113E-6
1955-01-23,2.566000323026934E-4
1955-01-24,2.99465171453601E-6
1955-01-25,2.1410738641688338E-6
1955-01-26,1.2992912348305113E-6
1955-01-27,1.706411126178864E-6
1955-01-28,0.0
1955-01-29,4.351138045421976E-7
1955-01-30,1.2881650377494225E-6
1955-01-31,1.3411617904060651E-6
1955-02-01,4.83990684580898E-4
1955-02-02,4.163595442829015E-6
1955-02-03,1.2993812106287805E-6
1955-02-04,2.442949834629467E-6
1955-02-05,0.002656841057044264
1955-02-06,2.5771593641366053E-6
1955-02-07,2.1427867977763526E-6
1955-02-08,1.281934146390995E-6
1955-02-09,2.9903669656050624E-6
1955-02-10,1.1676216452748923E-4
1955-02-11,3.136072479271675E-4
1955-02-12,8.70227722771233E-7
1955-02-13,8.642672355563263E-7
1955-02-14,1.7197841657434765E-6
1955-02-15,2.12255827136687E-6
1955-02-16,1.7293411929131253E-6
1955-02-17,8.65000004068861E-7
1955-02-18,1.7046927496267017E-6
1955-02-19,0.0
1955-02-20,1.7037863244695473E-6
1955-02-21,8.52346317969932E-7
1955-02-22,1.275539318612573E-6
1955-02-23,2.5646795620559715E-6
1955-02-24,1.2815005447919248E-6
1955-02-25,1.709135801775119E-6
1955-02-26,8.702277796146518E-7
1955-02-27,8.682509928803483E-7
1955-02-28,2.144557413430448E-6
1955-03-01,8.52346317969932E-7
1955-03-02,1.3115089589681876E-6
1955-03-03,4.3867001212128217E-4
1955-03-04,1.7062666234526244E-6
1955-03-05,8.734263844827394E-7
1955-03-06,1.7188822134528436E-6
1955-03-07,2.1346913854358718E-6
1955-03-08,1.5889414771532295E-6
1955-03-09,4.351138045421976E-7
1955-03-10,0.0
1955-03-11,8.577107450946642E-7
1955-03-12,1.7240332681467407E-6
1955-03-13,8.607314612163464E-7
1955-03-14,8.732320952336954E-7
1955-03-15,2.185870183134048E-6
1955-03-16,1.6895365880935514E-5
1955-03-17,0.0016801997996534707
1955-03-18,0.006372967813298092
1955-03-19,0.0021775243732229887
1955-03-20,0.002056181075512976
1955-03-21,0.0022670946998044504
1955-03-22,0.0012582165248304436
1955-03-23,4.618413563831893E-4
1955-03-24,3.6692441672603527E-4
1955-03-25,0.005878970547966197
1955-03-26,0.019445306710850842
1955-03-27,0.08339860191239212
1955-03-28,0.0457263837694874
1955-03-29,0.018061336573062615
1955-03-30,0.015751799317782
1955-03-31,0.026018643949746064
1955-04-01,0.0033337841161363954
1955-04-02,0.0024640947613118174
1955-04-03,0.0023989313276513323
1955-04-04,0.004278255410680203
1955-04-05,3.81207125363676E-4
1955-04-06,3.7472519981781804E-5
1955-04-07,6.784070634151018E-4
1955-04-08,0.0016087757553851076
1955-04-09,5.370447401366483E-10
1955-04-10,4.816449711704128E-5
1955-04-11,0.013564993484439907
1955-04-12,0.01928337201297008
1955-04-13,0.028711437354898006
1955-04-14,0.041483520118091546
1955-04-15,0.0022696193500984655
1955-04-16,3.715856302998526E-4
1955-04-17,2.220702189402022E-6
1955-04-18,1.8719028161800888E-6
1955-04-19,8.642672355563263E-7
1955-04-20,4.351138045421976E-7
1955-04-21,0.0
1955-04-22,5.019055546026039E-6
1955-04-23,5.541970102773237E-6
1955-04-24,3.8895127917989834E-4
1955-04-25,0.0060544267761844
1955-04-26,0.01599100355937233
1955-04-27,0.028893758610235486
1955-04-28,0.035548229901857985
1955-04-29,0.09212942521685917
1955-04-30,0.09263419103022404
1955-05-01,0.05937246369231405
1955-05-02,0.01615306291102468
1955-05-03,0.00408907942723195
1955-05-04,1.5091133738187229E-5
1955-05-05,0.0012660919542381611
1955-05-06,0.01198129921220364
1955-05-07,0.026871102306971664
1955-05-08,0.02458635655602266
1955-05-09,0.011606856811081052
1955-05-10,0.014869765933361373
1955-05-11,0.009284681868933192
1955-05-12,0.01321428170180045
1955-05-13,0.0031045045959400756
1955-05-14,0.0010771657339654478
1955-05-15,1.3334924130455452E-4
1955-05-16,9.726830300568161E-6
1955-05-17,4.068012009132205E-4
1955-05-18,0.002315836482912818
1955-05-19,0.006933819145997827
1955-05-20,0.028729947590874477
1955-05-21,0.09650109888582836
1955-05-22,0.022707984848863126
1955-05-23,0.007923746857512211
1955-05-24,9.865809287983563E-4
1955-05-25,0.0017287786497227752
1955-05-26,0.0020570513090332333
1955-05-27,0.0031718616639320606
1955-05-28,0.006498697798997655
1955-05-29,9.556577005372616E-4
1955-05-30,0.0010984571028306999
1955-05-31,0.0013869379322011953
1955-06-01,0.001772809249553916
1955-06-02,0.0020330142780029107
1955-06-03,0.0103710664197832
1955-06-04,0.021390093338159753
1955-06-05,0.022297246056915708
1955-06-06,0.009460881284809528
1955-06-07,0.021546887471955472
1955-06-08,0.028130098902762093
1955-06-09,0.030249844477700353
1955-06-10,0.06276811022355384
1955-06-11,0.03472990609399434
1955-06-12,0.052056403227346525
1955-06-13,0.027094975165910647
1955-06-14,0.010736960430091183
1955-06-15,0.017535504440351728
1955-06-16,0.013787575141871402
1955-06-17,0.025596790381766467
1955-06-18,0.02501135827910556
1955-06-19,0.015125325200574365
1955-06-20,0.025804899324854347
1955-06-21,0.035993412834262585
1955-06-22,0.013195763815057677
1955-06-23,0.016154318110542538
1955-06-24,0.015664939547889344
1955-06-25,0.015727617060597
1955-06-26,0.006483992112013054
1955-06-27,0.0189154129298731
1955-06-28,0.029451046094155386
1955-06-29,0.02256428446747486
1955-06-30,0.007570838699204939
1955-07-01,0.013445092688146313
1955-07-02,0.017537962533261398
1955-07-03,0.023199371447386888
1955-07-04,0.023081341671725902
1955-07-05,0.026416637499949512
1955-07-06,0.01714176116727096
1955-07-07,0.006326428199062469
1955-07-08,0.007478462266132473
1955-07-09,0.011263402925527868
1955-07-10,0.006874327196150832
1955-07-11,0.009704166826999839
1955-07-12,0.013822188690850855
1955-07-13,0.01661483430879654
1955-07-14,0.016066792217504244
1955-07-15,0.01761696576213882
1955-07-16,0.014054234210432271
1955-07-17,0.01403629574742953
1955-07-18,0.0162972418926188
1955-07-19,0.01665074301971395
1955-07-20,0.018180924689503757
1955-07-21,0.024453367691312733
1955-07-22,0.016639745243954184
1955-07-23,0.028997621094444922
1955-07-24,0.02658509941965964
1955-07-25,0.03991010845741095
1955-07-26,0.05420819023312358
1955-07-27,0.06736771291685657
1955-07-28,0.04848809242066035
1955-07-29,0.025635275341517137
1955-07-30,0.02002331074347628
1955-07-31,0.020156687659138854
1955-08-01,0.014273039418586085
1955-08-02,0.01387773632960168
1955-08-03,0.009567525711489559
1955-08-04,0.011823786795961647
1955-08-05,0.015361125496339938
1955-08-06,0.011051114680014448
1955-08-07,0.011842899650180965
1955-08-08,0.024569249261235243
1955-08-09,0.027354688950781903
1955-08-10,0.009372978293582038
1955-08-11,0.011464040050226842
1955-08-12,0.014437223603848743
1955-08-13,0.024792430779832494
1955-08-14,0.041865929344055273
1955-08-15,0.03456343739148165
1955-08-16,0.026678180938667577
1955-08-17,0.0177758538468897
1955-08-18,0.007329867207780749
1955-08-19,0.01772311255076909
1955-08-20,0.027768586925596535
1955-08-21,0.028219469414022626
1955-08-22,0.014175317174604714
1955-08-23,0.011250974683082353
1955-08-24,0.008194493458835383
1955-08-25,0.011819771609164392
1955-08-26,0.0212195772401122
1955-08-27,0.014342776458261897
1955-08-28,0.01869069784916336
1955-08-29,0.010068025844261185
1955-08-30,0.005147175792640011
1955-08-31,0.008337980839911233
1955-09-01,0.003370383294843376
1955-09-02,0.008312426321823926
1955-09-03,0.009349604876814221
1955-09-04,0.006775661640809301
1955-09-05,0.012892663949119565
1955-09-06,0.005305785416597921
1955-09-07,0.013861169050591192
1955-09-08,0.02199502182057528
1955-09-09,0.008357298904583312
1955-09-10,0.015158563374652344
1955-09-11,0.02597456339811314
1955-09-12,0.02308359163226757
1955-09-13,0.020071663430647334
1955-09-14,0.01662930623565429
1955-09-15,0.01297849371435957
1955-09-16,0.008971224796986324
1955-09-17,0.011219130156507093
1955-09-18,0.017245891281492103
1955-09-19,0.005659961698732629
1955-09-20,0.0012603945720140498
1955-09-21,0.004679653094719729
1955-09-22,0.0022793225869805235
1955-09-23,0.002307220726688473
1955-09-24,0.01052553388251927
1955-09-25,0.011157793148764543
1955-09-26,0.003195507448875792
1955-09-27,0.001922950214546572
1955-09-28,0.00546311935757763
1955-09-29,0.014691170699937495
1955-09-30,0.005937098272441288
1955-10-01,0.014066556590643205
1955-10-02,0.007796207839521224
1955-10-03,0.007746201082636966
1955-10-04,0.0010687532633620988
1955-10-05,3.874298567951112E-4
1955-10-06,0.001475130965291574
1955-10-07,0.008879058816179643
1955-10-08,0.001258597434837354
1955-10-09,0.0027790799879097517
1955-10-10,0.006198924299746925
1955-10-11,0.009684601492402191
1955-10-12,0.00624690498553804
1955-10-13,0.0017584703147528514
1955-10-14,0.003228711618406589
1955-10-15,0.0034334494495505646
1955-10-16,8.882798292226965E-4
1955-10-17,2.123054681546262E-4
1955-10-18,1.5663167337572699E-6
1955-10-19,9.043945056884299E-7
1955-10-20,2.393850219043004E-4
1955-10-21,0.02398983253271539
1955-10-22,0.004708485792827053
1955-10-23,0.010160546344134705
1955-10-24,0.08936605724845771
1955-10-25,0.0056290326949663344
1955-10-26,0.0020281139713961504
1955-10-27,0.0030562216312353756
1955-10-28,0.0019207434280390724
1955-10-29,4.865623165882442E-4
1955-10-30,2.902271861285834E-5
1955-10-31,2.1519547769763102E-6
1955-11-01,4.205785561116225E-6
1955-11-02,0.0
1955-11-03,1.716613667213096E-6
1955-11-04,9.639633366916284E-7
1955-11-05,0.0
1955-11-06,0.007575597173044451
1955-11-07,0.09575703780075825
1955-11-08,0.06082798944637128
1955-11-09,0.017684027549154352
1955-11-10,1.962620906068499E-4
1955-11-11,0.0012134307950218287
1955-11-12,0.0027502117206030584
1955-11-13,0.0013398639629059485
1955-11-14,1.010596205166874E-4
1955-11-15,2.2044898443398993E-6
1955-11-16,5.242753924661979E-8
1955-11-17,2.333422244638613E-6
1955-11-18,1.1021432849024074E-6
1955-11-19,7.077633817760933E-7
1955-11-20,4.253537161990725E-6
1955-11-21,9.816157380935357E-5
1955-11-22,2.3136124814999488E-4
1955-11-23,3.7109408237445777E-4
1955-11-24,6.569359704249923E-4
1955-11-25,5.601466517345268E-4
1955-11-26,3.147702047256466E-4
1955-11-27,8.844576162858707E-5
1955-11-28,7.037996728985298E-6
1955-11-29,2.11655230433619E-4
1955-11-30,0.001026373043812433
1955-12-01,1.0821877783503054E-4
1955-12-02,1.557567764569868E-5
1955-12-03,1.690457741702536E-6
1955-12-04,4.039485354825293E-6
1955-12-05,4.733150637056985E-6
1955-12-06,1.5475991002559131E-6
1955-12-07,3.7534607917606956E-6
1955-12-08,6.153309971962387E-6
1955-12-09,3.161083164594085E-6
1955-12-10,8.878588859145414E-7
1955-12-11,6.254977745816887E-7
1955-12-12,1.768994796482814E-6
1955-12-13,2.54824667244239E-6
1955-12-14,4.3282611930649987E-7
1955-12-15,1.707672993234155E-6
1955-12-16,3.8541998563474315E-5
1955-12-17,1.1002835200219592E-4
1955-12-18,5.2968921167951805E-5
1955-12-19,7.154727470041158E-6
1955-12-20,1.0777507118422833E-5
1955-12-21,5.184389234822491E-6
1955-12-22,1.6993016187255156E-6
1955-12-23,1.5862513970399852E-6
1955-12-24,2.6882743901754013E-6
1955-12-25,2.091626898786645E-6
1955-12-26,8.655869692120177E-7
1955-12-27,2.163775434382842E-6
1955-12-28,1.4833510621523647E-6
1955-12-29,1.719739150776361E-6
1955-12-30,3.0102685633811994E-5
1955-12-31,1.552443616455977E-4
1956-01-01,2.2612530964751665E-4
1956-01-02,9.607097267290606E-7
1956-01-03,8.642672355563263E-7
1956-01-04,1.4776682683392957E-6
1956-01-05,8.553265615773853E-7
1956-01-06,2.1457664729496173E-6
1956-01-07,8.548857408641197E-7
1956-01-08,8.679739380568208E-7
1956-01-09,4.261732087229575E-7
1956-01-10,4.564837210010791E-7
1956-01-11,4.410743663640915E-7
1956-01-12,1.7036363715305924E-6
1956-01-13,2.1507617589122674E-6
1956-01-14,8.553265615773853E-7
1956-01-15,4.492180778470356E-7
1956-01-16,8.692269375387696E-7
1956-01-17,6.882096990684555E-10
1956-01-18,1.7752467657883879E-6
1956-01-19,4.351138613856165E-7
1956-01-20,3.784983889274524E-4
1956-01-21,1.1424614074017471E-4
1956-01-22,8.583068051848386E-7
1956-01-23,1.2874602361989673E-6
1956-01-24,8.583068620282575E-7
1956-01-25,1.726712525851326E-6
1956-01-26,4.219489824208722E-7
1956-01-27,1.7085412764572538E-6
1956-01-28,0.004306737078579865
1956-01-29,0.005210397861552889
1956-01-30,4.53474989747262E-4
1956-01-31,3.4066140102431174E-6
1956-02-01,1.2965085232864677E-6
1956-02-02,1.2814997489840607E-6
1956-02-03,5.668199643751099E-4
1956-02-04,0.0035115803998171614
1956-02-05,1.2790191537271698E-4
1956-02-06,1.3275899971636847E-6
1956-02-07,2.144173451907629E-6
1956-02-08,8.622441782790702E-7
1956-02-09,4.351138045421976E-7
1956-02-10,8.523463748133508E-7
1956-02-11,2.5676181394374E-6
1956-02-12,1.754409171490475E-6
1956-02-13,8.483566304644517E-7
1956-02-14,1.2697168472186604E-6
1956-02-15,1.2791464882866421E-6
1956-02-16,0.0
1956-02-17,1.283022925235855E-6
1956-02-18,1.7136334804490616E-6
1956-02-19,1.7157112779386807E-6
1956-02-20,8.588691571276286E-7
1956-02-21,1.7309764075434941E-6
1956-02-22,2.1383184503065422E-6
1956-02-23,4.351138045421976E-7
1956-02-24,1.2814998058274796E-6
1956-02-25,8.585216733081324E-7
1956-02-26,0.0
1956-02-27,3.865286998916417E-6
1956-02-28,1.7217901131516555E-6
1956-02-29,1.7178243751914124E-6
1956-03-01,2.5727231331984513E-6
1956-03-02,1.7069286697885792E-6
1956-03-03,2.3560641634871565E-6
1956-03-04,4.351138045421976E-7
1956-03-05,4.406486581464868E-7
1956-03-06,1.7730059489438365E-6
1956-03-07,0.005129701047277362
1956-03-08,0.010112545174152084
1956-03-09,0.01054102768276108
1956-03-10,0.02394628027749238
1956-03-11,0.014838002667245505
1956-03-12,0.0033668985845677502
1956-03-13,0.023540454002141702
1956-03-14,0.006989845659824427
1956-03-15,5.657574744697551E-4
1956-03-16,2.6318960717538453E-5
1956-03-17,2.2388348581149622E-5
1956-03-18,2.1432500387352865E-5
1956-03-19,1.7086631487472914E-6
1956-03-20,8.684439242280094E-7
1956-03-21,0.0
1956-03-22,3.467011898594185E-4
1956-03-23,4.7995454484121153E-4
1956-03-24,2.278362499935801E-6
1956-03-25,8.56640522544032E-7
1956-03-26,1.29342640775576E-6
1956-03-27,1.8342458374613129E-6
1956-03-28,2.9207292092348596E-6
1956-03-29,3.0302747689644647E-4
1956-03-30,0.0010031526311801348
1956-03-31,0.0038558969886843954
1956-04-01,0.0012844188158222707
1956-04-02,0.012177588764712656
1956-04-03,0.027905055658218842
1956-04-04,0.015826525040330934
1956-04-05,0.015891213900161974
1956-04-06,0.0026142094253126013
1956-04-07,2.746530634822904E-4
1956-04-08,4.351138045421976E-7
1956-04-09,3.0326360911992255E-7
1956-04-10,3.340323595525688E-6
1956-04-11,2.7480779436369486E-6
1956-04-12,8.042186843177487E-7
1956-04-13,8.756630904827034E-7
1956-04-14,4.351138045421976E-7
1956-04-15,4.261732051702438E-7
1956-04-16,1.7225741544280027E-6
1956-04-17,8.583068051848386E-7
1956-04-18,5.66313893808795E-7
1956-04-19,4.141279787576307E-4
1956-04-20,0.0010611055988527822
1956-04-21,0.00120366441721172
1956-04-22,0.0018037144129373817
1956-04-23,0.02062731141730043
1956-04-24,0.026984344943927208
1956-04-25,0.03163719247530843
1956-04-26,0.014408795699218794
1956-04-27,0.011636431163146594
1956-04-28,0.0036596371209975855
1956-04-29,0.012476832576828191
1956-04-30,0.02458517549543599
1956-05-01,0.039554594165483986
1956-05-02,0.038871244378172604
1956-05-03,0.011483464986700855
1956-05-04,0.01442846033489951
1956-05-05,0.015950271998357014
1956-05-06,0.022562762318744826
1956-05-07,0.007122870025504886
1956-05-08,0.009372189076957116
1956-05-09,0.018912291875534334
1956-05-10,0.0029776192490596335
1956-05-11,0.0027351442172148985
1956-05-12,0.009205674026812787
1956-05-13,0.026900701220497234
1956-05-14,0.04623220157690066
1956-05-15,0.03700032118504999
1956-05-16,0.027578356743101114
1956-05-17,0.023791664638087583
1956-05-18,0.01019204725290654
1956-05-19,0.01639313755050905
1956-05-20,0.00723988192005758
1956-05-21,0.008236287986394305
1956-05-22,0.0029703182951046577
1956-05-23,0.0022551949227476416
1956-05-24,0.01044614750945156
1956-05-25,0.021758444251853276
1956-05-26,0.017921891444480507
1956-05-27,0.022401423038252443
1956-05-28,0.017611833884450753
1956-05-29,0.010456437769033673
1956-05-30,0.015948130483227657
1956-05-31,0.028467688131901574
1956-06-01,0.03844875270911625
1956-06-02,0.07636231627171876
1956-06-03,0.1536848303508308
1956-06-04,0.10959664563248989
1956-06-05,0.02150963750755582
1956-06-06,0.009101338899406057
1956-06-07,0.011350091642280206
1956-06-08,0.024387496338053608
1956-06-09,0.018422527790414124
1956-06-10,0.015531926770074872
1956-06-11,0.015472332097789114
1956-06-12,0.013103777064231626
1956-06-13,0.03777280995911844
1956-06-14,0.06012026719360239
1956-06-15,0.06650131756687441
1956-06-16,0.0926653936599042
1956-06-17,0.05087421214545103
1956-06-18,0.03853842010677898
1956-06-19,0.04252621582640941
1956-06-20,0.04784733434374624
1956-06-21,0.07812227010935138
1956-06-22,0.06638118272222814
1956-06-23,0.01977694475663325
1956-06-24,0.011332491058813999
1956-06-25,0.012369593907401171
1956-06-26,0.009530176271805883
1956-06-27,0.0056149360851867934
1956-06-28,0.004684889231037513
1956-06-29,0.0039808326709366995
1956-06-30,0.007580272344949501
1956-07-01,0.018919229577725544
1956-07-02,0.016121527069700554
1956-07-03,0.012330860183376384
1956-07-04,0.013477825041790768
1956-07-05,0.010915662586861271
1956-07-06,0.008621592923051362
1956-07-07,0.010045963990464372
1956-07-08,0.0016846298320579718
1956-07-09,0.0018766034395474038
1956-07-10,0.005441558180598018
1956-07-11,0.013586641542321011
1956-07-12,0.024869853353968702
1956-07-13,0.02154574009288757
1956-07-14,0.014463818136070861
1956-07-15,0.01204352661444162
1956-07-16,0.011024188942275304
1956-07-17,0.010595100965200136
1956-07-18,0.022595809139784682
1956-07-19,0.026940216982468734
1956-07-20,0.028054106034971067
1956-07-21,0.019538170006664503
1956-07-22,0.02837257532176347
1956-07-23,0.030259155696470273
1956-07-24,0.05590612102175964
1956-07-25,0.038086013828430285
1956-07-26,0.015678733533759693
1956-07-27,0.01304682946746646
1956-07-28,0.04166560965650198
1956-07-29,0.021325585996207253
1956-07-30,0.012613108059193367
1956-07-31,0.013165953941325583
1956-08-01,0.011481863146515602
1956-08-02,0.019222436396838054
1956-08-03,0.014995031802452033
1956-08-04,0.011947146524044133
1956-08-05,0.004998668139085928
1956-08-06,0.018247492126903745
1956-08-07,0.013303830509537201
1956-08-08,0.009151638166580588
1956-08-09,0.00431800484517855
1956-08-10,0.012859369537475485
1956-08-11,0.01467009573356112
1956-08-12,0.022229803601177985
1956-08-13,0.010798719543585262
1956-08-14,0.020538392234915208
1956-08-15,0.027783040238682794
1956-08-16,0.03667969848393859
1956-08-17,0.0539574066258022
1956-08-18,0.04304918223467564
1956-08-19,0.026594043777927154
1956-08-20,0.01664430235281605
1956-08-21,0.016652387408151455
1956-08-22,0.015001907277923457
1956-08-23,0.020178976349990153
1956-08-24,0.019877296410974746
1956-08-25,0.012173882870471907
1956-08-26,0.01616918757762972
1956-08-27,0.013509658691456383
1956-08-28,0.006513057787806165
1956-08-29,0.01802630314678673
1956-08-30,0.010304852770272696
1956-08-31,0.004321916650210858
1956-09-01,0.0020697285869743028
1956-09-02,0.00414670217926172
1956-09-03,0.01299005241638471
1956-09-04,0.011713564299434601
1956-09-05,0.013904661618900287
1956-09-06,0.007171812662982184
1956-09-07,0.013394446332457446
1956-09-08,0.018648502198844275
1956-09-09,0.02147143975072371
1956-09-10,0.020718816793550653
1956-09-11,0.006076776007610253
1956-09-12,0.006850080359183835
1956-09-13,0.005977197143855126
1956-09-14,0.003233832403409538
1956-09-15,0.0010754449884733063
1956-09-16,6.88497817977016E-4
1956-09-17,0.002572514833823768
1956-09-18,0.010357267548324587
1956-09-19,0.012918263860279786
1956-09-20,0.01225745644635349
1956-09-21,0.0033203855660781704
1956-09-22,0.0025009702120213154
1956-09-23,0.0013105089609333547
1956-09-24,0.008255227724079455
1956-09-25,0.01839693909736574
1956-09-26,0.002304009036723249
1956-09-27,3.584099159971927E-5
1956-09-28,2.1421525634486325E-4
1956-09-29,3.144606386891779E-5
1956-09-30,1.0094833587739711E-4
1956-10-01,4.997295196153312E-5
1956-10-02,0.0188228500083175
1956-10-03,0.015510479154092573
1956-10-04,0.021605482225976247
1956-10-05,0.021046355416233824
1956-10-06,0.016423503912440476
1956-10-07,0.003462480343227293
1956-10-08,4.645255934633368E-4
1956-10-09,3.24608914810113E-4
1956-10-10,4.6590379724612817E-5
1956-10-11,0.005400925831783406
1956-10-12,0.0015125621403255848
1956-10-13,0.0025237924627091717
1956-10-14,0.006566513657891687
1956-10-15,0.008131701013035782
1956-10-16,0.014689979631545582
1956-10-17,0.025801950767046344
1956-10-18,0.00987096603149601
1956-10-19,0.0017732126924688422
1956-10-20,0.004317147056819741
1956-10-21,1.2975026551717605E-4
1956-10-22,9.705711468900073E-5
1956-10-23,4.95452139718793E-5
1956-10-24,6.989734445073607E-5
1956-10-25,2.643329825714922E-4
1956-10-26,3.125006175799178E-4
1956-10-27,3.7813520007568905E-5
1956-10-28,2.7662014813201137E-6
1956-10-29,9.198395551303541E-5
1956-10-30,0.004166973761155434
1956-10-31,0.017405687943009986
1956-11-01,0.023496544495478378
1956-11-02,0.01809849392461744
1956-11-03,0.0013738114532997172
1956-11-04,1.5528381121262657E-4
1956-11-05,2.1994502082734322E-5
1956-11-06,4.486178042571669E-6
1956-11-07,2.8730719922606825E-4
1956-11-08,1.1577711359270348E-4
1956-11-09,2.0784699401078827E-5
1956-11-10,4.01730570158936E-6
1956-11-11,4.0481388419863E-6
1956-11-12,0.004792764776994549
1956-11-13,2.881866416845109E-4
1956-11-14,5.802163326671359E-7
1956-11-15,4.843859264491456E-7
1956-11-16,4.0959791320115674E-6
1956-11-17,3.314358060074246E-6
1956-11-18,5.6998087147067746E-6
1956-11-19,1.4318123070292017E-5
1956-11-20,1.3964396637501588E-4
1956-11-21,8.590788758663287E-5
1956-11-22,6.680545468758397E-5
1956-11-23,4.1916754457999855E-5
1956-11-24,1.792298919545077E-4
1956-11-25,2.4744736708068975E-5
1956-11-26,2.0897638013609455E-6
1956-11-27,4.132279730746807E-6
1956-11-28,5.12727039056626E-6
1956-11-29,1.4074178961660135E-4
1956-11-30,2.4737751271501336E-4
1956-12-01,2.324802247362037E-5
1956-12-02,1.7259249034395907E-6
1956-12-03,0.0
1956-12-04,4.333942439514779E-7
1956-12-05,2.7686804371162027E-6
1956-12-06,2.193097778827469E-8
1956-12-07,6.486665818582298E-6
1956-12-08,9.0993854696351E-7
1956-12-09,2.6612181201894903E-6
1956-12-10,2.988698677796555E-5
1956-12-11,1.6887460991227463E-5
1956-12-12,2.534677137099466E-6
1956-12-13,1.17138630939886E-6
1956-12-14,1.0161050137756875E-6
1956-12-15,1.4012274537480276E-5
1956-12-16,6.45050439950313E-5
1956-12-17,1.2989130275176956E-6
1956-12-18,4.615472720132139E-6
1956-12-19,1.7226339015795572E-6
1956-12-20,1.2856457942689303E-6
1956-12-21,8.52346317969932E-7
1956-12-22,3.433226993365679E-6
1956-12-23,1.4112943152323525E-6
1956-12-24,1.8949453541309162E-11
1956-12-25,2.582260094641242E-6
1956-12-26,8.379371934097435E-7
1956-12-27,4.351138045421976E-7
1956-12-28,1.7046927496267017E-6
1956-12-29,6.367369366021645E-5
1956-12-30,1.8864708732422577E-4
1956-12-31,1.9604818023353642E-4
1957-01-01,1.704367946331331E-6
1957-01-02,8.608911343799264E-7
1957-01-03,4.75989929177795E-7
1957-01-04,8.553265615773853E-7
1957-01-05,8.558029662708577E-7
1957-01-06,8.52346317969932E-7
1957-01-07,1.1643331357598367E-6
1957-01-08,1.3210854277305273E-6
1957-01-09,0.0036000058365689416
1957-01-10,0.017921340739413757
1957-01-11,0.024317269010334708
1957-01-12,0.0043846365516244335
1957-01-13,4.614278871270479E-5
1957-01-14,2.512761278648598E-6
1957-01-15,4.346456669058475E-7
1957-01-16,1.5653971302716033E-8
1957-01-17,8.553992643101083E-7
1957-01-18,0.0
1957-01-19,1.0258308813764031E-4
1957-01-20,3.611559249588147E-4
1957-01-21,1.9984418989261456E-4
1957-01-22,9.020921470831605E-7
1957-01-23,0.0
1957-01-24,3.0039292369110626E-6
1957-01-25,8.52346317969932E-7
1957-01-26,1.7182672991111758E-6
1957-01-27,5.575182805179498E-6
1957-01-28,1.8326944946657928E-4
1957-01-29,1.1588980980503699E-5
1957-01-30,2.144083032753033E-5
1957-01-31,0.0036821023228027273
1957-02-01,9.795260895634522E-6
1957-02-02,1.2835334928240627E-6
1957-02-03,1.5530110669972825E-6
1957-02-04,1.0839240695778859E-5
1957-02-05,2.5789415027718267E-5
1957-02-06,8.608669214098005E-7
1957-02-07,1.2814998058274796E-6
1957-02-08,4.351138045421976E-7
1957-02-09,2.2177905939946545E-6
1957-02-10,0.011407740600440561
1957-02-11,0.0018961897195793355
1957-02-12,1.2621862154031401E-5
1957-02-13,4.360741973012231E-7
1957-02-14,1.2814998058274796E-6
1957-02-15,8.52346317969932E-7
1957-02-16,1.7106532368416083E-6
1957-02-17,3.0109122235444374E-6
1957-02-18,4.351138613856165E-7
1957-02-19,8.501583579345606E-7
1957-02-20,2.1886704544887863E-4
1957-02-21,2.639870697718225E-4
1957-02-22,8.07025657802688E-5
1957-02-23,6.416038569347827E-6
1957-02-24,1.990105486124461E-4
1957-02-25,2.4739033081977487E-5
1957-02-26,5.810501016981372E-4
1957-02-27,7.966328039952647E-4
1957-02-28,3.8235115162707586E-5
1957-03-01,3.017490066904534E-6
1957-03-02,2.1504325218302256E-6
1957-03-03,4.291518393984006E-7
1957-03-04,5.584962805660535E-7
1957-03-05,0.0019501301252444001
1957-03-06,0.00416415155284959
1957-03-07,2.8350419563312435E-5
1957-03-08,2.145765392924659E-6
1957-03-09,3.0277488382109973E-6
1957-03-10,0.0
1957-03-11,8.750965079306785E-7
1957-03-12,5.538227838416127E-5
1957-03-13,1.339165687463167E-6
1957-03-14,3.4554215235560537E-6
1957-03-15,4.288974196242634E-6
1957-03-16,4.352993414613593E-7
1957-03-17,0.0
1957-03-18,0.0
1957-03-19,4.261732087229575E-7
1957-03-20,1.7108108636421093E-6
1957-03-21,8.53193875346507E-7
1957-03-22,4.261732087229575E-7
1957-03-23,3.0040664569241926E-6
1957-03-24,8.635949484414596E-7
1957-03-25,2.148747341834678E-6
1957-03-26,5.761990030416433E-7
1957-03-27,8.654557900621711E-5
1957-03-28,1.3280311322177706E-6
1957-03-29,9.36155384675616E-4
1957-03-30,1.0088992520165235E-4
1957-03-31,4.79149365356203E-4
1957-04-01,2.3871599029333424E-6
1957-04-02,2.165781389676813E-6
1957-04-03,2.6307215246250944E-6
1957-04-04,1.3130927382165655E-6
1957-04-05,8.583068051848386E-7
1957-04-06,1.1320687901068054E-6
1957-04-07,4.3424813694295517E-4
1957-04-08,4.261732087229575E-7
1957-04-09,0.0
1957-04-10,8.578899723943323E-7
1957-04-11,0.0
1957-04-12,1.439300704400793E-5
1957-04-13,1.5369066263748647E-5
1957-04-14,1.646028766398786E-5
1957-04-15,3.081323114906677E-4
1957-04-16,0.004399417904496734
1957-04-17,0.007277528543228019
1957-04-18,0.006232412191216274
1957-04-19,0.0032848144804286344
1957-04-20,0.007238479611501528
1957-04-21,0.005362981597014249
1957-04-22,0.011336824136403951
1957-04-23,0.016625625255520655
1957-04-24,0.007650429904991255
1957-04-25,0.031024347627696968
1957-04-26,0.003052972297075867
1957-04-27,8.006025800350056E-4
1957-04-28,0.0010510716190634478
1957-04-29,8.91884999898817E-4
1957-04-30,0.001292576838008287
1957-05-01,0.006477834451646946
1957-05-02,0.04071484885075726
1957-05-03,0.08361160300706029
1957-05-04,0.10007365456636438
1957-05-05,0.07025696101679726
1957-05-06,0.017316143968020826
1957-05-07,0.02441628433492413
1957-05-08,0.033833087030723304
1957-05-09,0.024840761327071692
1957-05-10,0.014942605105697069
1957-05-11,0.007701129053713961
1957-05-12,0.011731008248857009
1957-05-13,0.002770156046794331
1957-05-14,0.002055242381500035
1957-05-15,0.002662989959236174
1957-05-16,0.0027776687608471596
1957-05-17,0.0050582873748385845
1957-05-18,0.019229767219065944
1957-05-19,0.0498335929632704
1957-05-20,0.06144607642008238
1957-05-21,0.024644936995243904
1957-05-22,0.0017860470708877482
1957-05-23,2.1175821041165665E-4
1957-05-24,7.789024625563835E-6
1957-05-25,2.139172132648901E-5
1957-05-26,1.322799671247516E-4
1957-05-27,0.008931643445093177
1957-05-28,0.01986463294101781
1957-05-29,0.029940800601915167
1957-05-30,0.1201121009018319
1957-05-31,0.06211840229524206
1957-06-01,0.04475455322019751
1957-06-02,0.024525560358515455
1957-06-03,0.010944751176524069
1957-06-04,0.015555679023781225
1957-06-05,0.0056134741067552256
1957-06-06,0.017581425243674
1957-06-07,0.017544954199494665
1957-06-08,0.011299580352741524
1957-06-09,0.005641726612872473
1957-06-10,0.007174095570436747
1957-06-11,0.006861308590864713
1957-06-12,0.005890431908755987
1957-06-13,0.020877338234325717
1957-06-14,0.010528515881971567
1957-06-15,0.029556542821341517
1957-06-16,0.00909773448686724
1957-06-17,0.0062643511379851385
1957-06-18,0.0066121809511990514
1957-06-19,0.006525753859995773
1957-06-20,0.012743787351343362
1957-06-21,0.016686826595939657
1957-06-22,0.020445386654121336
1957-06-23,0.0256165926074176
1957-06-24,0.02155851350860893
1957-06-25,0.03143424041095499
1957-06-26,0.020552059537827374
1957-06-27,0.023936753992147442
1957-06-28,0.02564520730782901
1957-06-29,0.029716639767659727
1957-06-30,0.02611701227722053
1957-07-01,0.05727974943859233
1957-07-02,0.006162213628428369
1957-07-03,0.009425457705599126
1957-07-04,0.0022916109459371137
1957-07-05,0.004172627112338309
1957-07-06,0.010962643154783748
1957-07-07,0.012400146649579785
1957-07-08,0.013275218259646037
1957-07-09,0.03744286796550082
1957-07-10,0.0459919922914698
1957-07-11,0.044457108995990265
1957-07-12,0.017724171211087495
1957-07-13,0.007335037291909878
1957-07-14,0.008333076288737171
1957-07-15,0.011455727982050247
1957-07-16,0.023158499616545754
1957-07-17,0.02387219466676938
1957-07-18,0.006765538606082085
1957-07-19,0.028864937912608177
1957-07-20,0.019774260242286987
1957-07-21,0.03906381083275044
1957-07-22,0.018526272929648552
1957-07-23,0.016077420397796516
1957-07-24,0.0171547232077301
1957-07-25,0.010467673331235727
1957-07-26,0.01101424628987134
1957-07-27,0.007195436353623531
1957-07-28,0.004693581591107256
1957-07-29,0.008530327962812815
1957-07-30,0.00481477222389224
1957-07-31,0.012689335187730614
1957-08-01,0.021630019605413185
1957-08-02,0.021761820813692385
1957-08-03,0.02127706261923921
1957-08-04,0.02209335549249823
1957-08-05,0.04103834149837599
1957-08-06,0.02431998138214227
1957-08-07,0.02392149022768759
1957-08-08,0.004874133343751976
1957-08-09,0.00729590189756698
1957-08-10,0.013530910241547366
1957-08-11,0.021610459013796154
1957-08-12,0.014745664588753201
1957-08-13,0.018312584937581665
1957-08-14,0.01803950887344028
1957-08-15,0.020468228106204342
1957-08-16,0.01012004681400757
1957-08-17,0.021784358299364242
1957-08-18,0.018528649349605415
1957-08-19,3.3095185595976954E-4
1957-08-20,2.7520610023660314E-6
1957-08-21,0.0047434422118653565
1957-08-22,0.017255971882643037
1957-08-23,0.015604497670611195
1957-08-24,0.012705805317554901
1957-08-25,0.01035951029402732
1957-08-26,0.012082006057046056
1957-08-27,0.014210813893059086
1957-08-28,0.004684861452417081
1957-08-29,0.0068484345731498674
1957-08-30,0.01706879391663194
1957-08-31,0.01766510941207169
1957-09-01,0.01620532787635148
1957-09-02,0.0015869349142313676
1957-09-03,0.011407587013645708
1957-09-04,0.015547078957629535
1957-09-05,0.02565469121518524
1957-09-06,0.02640326967362653
1957-09-07,0.004965204004779719
1957-09-08,0.005226170688523035
1957-09-09,0.01956749221536121
1957-09-10,0.013310349198602382
1957-09-11,0.00558131866808897
1957-09-12,0.0031453260283087815
1957-09-13,0.004735671865366638
1957-09-14,0.004931412917497195
1957-09-15,0.004744513766527865
1957-09-16,0.008717669506449586
1957-09-17,0.01638937617355536
1957-09-18,0.007394641713599938
1957-09-19,0.003071074215318427
1957-09-20,0.002581178809521516
1957-09-21,0.013492362448193698
1957-09-22,0.013220607541412983
1957-09-23,0.027443035479611074
1957-09-24,0.03330429585223023
1957-09-25,0.021444114494772678
1957-09-26,0.03294522064216324
1957-09-27,0.009027190802753859
1957-09-28,0.0036678493020498824
1957-09-29,0.0016028693971961315
1957-09-30,7.250761360284998E-4
1957-10-01,8.89782897988328E-5
1957-10-02,0.01774414040707987
1957-10-03,0.012825275015279738
1957-10-04,0.016107619108061577
1957-10-05,0.02683472957318026
1957-10-06,0.016463707016707876
1957-10-07,0.013372958683474689
1957-10-08,0.0038154841038881724
1957-10-09,0.0020827549239459077
1957-10-10,2.964132826107775E-4
1957-10-11,3.749093934413202E-4
1957-10-12,0.0023331963679015383
1957-10-13,0.0010874198991097594
1957-10-14,0.001667214049666957
1957-10-15,0.002905168135363935
1957-10-16,0.004010758081596376
1957-10-17,0.005007577354661336
1957-10-18,3.411921056999745E-4
1957-10-19,0.00412680332986553
1957-10-20,7.984296184635124E-4
1957-10-21,6.730183816618771E-5
1957-10-22,6.265930529963765E-6
1957-10-23,8.6622463407161E-6
1957-10-24,4.007206301640915E-4
1957-10-25,0.001754871385326025
1957-10-26,6.361270691568331E-4
1957-10-27,2.73911080394429E-4
1957-10-28,8.094862017328344E-8
1957-10-29,4.4237776643278975E-5
1957-10-30,1.2835406757503576E-5
1957-10-31,6.559989437052199E-6
1957-11-01,3.2379572430451404E-5
1957-11-02,1.1540763753606172E-5
1957-11-03,1.2652505668265912E-5
1957-11-04,2.3045028740989713E-6
1957-11-05,6.921667756372795E-6
1957-11-06,1.417854052231296E-5
1957-11-07,2.454123917342611E-6
1957-11-08,4.087052593341453E-7
1957-11-09,8.52346317969932E-7
1957-11-10,8.71906111062523E-7
1957-11-11,1.977432120759927E-6
1957-11-12,1.7824542487976874E-5
1957-11-13,3.798723020051612E-5
1957-11-14,4.980403564275424E-5
1957-11-15,1.2935445530811646E-5
1957-11-16,1.8587338862838852E-6
1957-11-17,2.2086130518464476E-6
1957-11-18,1.2882854556102306E-6
1957-11-19,2.6828300401654555E-5
1957-11-20,4.2752605197751566E-5
1957-11-21,2.4087653521004114E-4
1957-11-22,4.864480337827882E-4
1957-11-23,1.1422917328404952E-4
1957-11-24,2.3004873012571247E-6
1957-11-25,1.9953482819643427E-5
1957-11-26,4.57358523423385E-5
1957-11-27,3.598174081924435E-5
1957-11-28,3.2627007459200148E-6
1957-11-29,1.1160418363674767E-6
1957-11-30,5.948086765016407E-6
1957-12-01,2.2851349401097294E-6
1957-12-02,2.2151763966387E-6
1957-12-03,1.689638910714803E-5
1957-12-04,2.123516545436959E-6
1957-12-05,7.195925781492555E-8
1957-12-06,1.8798818192050868E-6
1957-12-07,1.2916787289345736E-6
1957-12-08,2.432912370511071E-5
1957-12-09,4.904758281082846E-5
1957-12-10,7.138946076960006E-4
1957-12-11,5.2857378775215544E-5
1957-12-12,1.4236970999268833E-4
1957-12-13,5.648946309560879E-4
1957-12-14,4.4326734604158206E-5
1957-12-15,3.909287657696389E-4
1957-12-16,5.233414506256207E-4
1957-12-17,1.5608149527712278E-5
1957-12-18,3.357322385898842E-6
1957-12-19,2.7994275552370824E-5
1957-12-20,2.556507102055832E-6
1957-12-21,4.831005874297725E-6
1957-12-22,1.7436140999678056E-6
1957-12-23,2.291784753349594E-6
1957-12-24,2.6429155643115813E-6
1957-12-25,1.7572324344066698E-6
1957-12-26,1.0225716812184185E-5
1957-12-27,2.94338373435026E-6
1957-12-28,4.370246569292222E-5
1957-12-29,3.422860110530474E-5
1957-12-30,1.4482700254499095E-5
1957-12-31,3.6896343605323794E-5
1958-01-01,1.0986076198660787E-4
1958-01-02,1.0610538529971631E-4
1958-01-03,7.515451637100132E-5
1958-01-04,6.126229334188535E-5
1958-01-05,1.9418479253068138E-4
1958-01-06,5.983881057976749E-5
1958-01-07,3.015905232287442E-6
1958-01-08,1.7110712720314253E-6
1958-01-09,3.888752962232613E-6
1958-01-10,2.4701123388612325E-4
1958-01-11,4.0310359924584374E-4
1958-01-12,1.0144294977636898E-4
1958-01-13,5.717416106300318E-6
1958-01-14,1.8511108451282866E-4
1958-01-15,0.004767509849807672
1958-01-16,0.003444743237806885
1958-01-17,4.7144881217657606E-4
1958-01-18,1.0498896004480228E-5
1958-01-19,1.700432677849897E-6
1958-01-20,8.575569870243938E-7
1958-01-21,1.71438973591312E-6
1958-01-22,2.17223594999179E-6
1958-01-23,2.1543988702953595E-6
1958-01-24,1.8053108815470855E-6
1958-01-25,1.8910935189476712E-6
1958-01-26,3.3039221499544677E-6
1958-01-27,1.2085124946832032E-6
1958-01-28,2.271483648066899E-6
1958-01-29,0.004685417074241744
1958-01-30,6.072687185371773E-4
1958-01-31,6.048943463889697E-6
1958-02-01,1.7170728176354933E-6
1958-02-02,1.449078706811918E-6
1958-02-03,7.772757508569079E-5
1958-02-04,2.579484634863832E-5
1958-02-05,0.0027386377854891264
1958-02-06,0.0012745345827472002
1958-02-07,4.487552989030727E-4
1958-02-08,2.07580565717179E-5
1958-02-09,8.593650394781478E-7
1958-02-10,4.26398445265746E-7
1958-02-11,0.0
1958-02-12,1.7046928064701206E-6
1958-02-13,2.5492585980134197E-4
1958-02-14,0.011711274955216523
1958-02-15,0.00711139541891602
1958-02-16,4.5601817602126786E-4
1958-02-17,1.7296429746238573E-6
1958-02-18,5.435354403688132E-4
1958-02-19,0.021027487287230244
1958-02-20,0.07521154551344278
1958-02-21,0.03270062071439996
1958-02-22,0.0032747366743804476
1958-02-23,2.658985911831762E-4
1958-02-24,0.001069741740852083
1958-02-25,0.00681489613517763
1958-02-26,9.180299231442708E-4
1958-02-27,2.8878585365466313E-4
1958-02-28,0.003463983343575901
1958-03-01,0.002332422348719113
1958-03-02,4.392759427697074E-4
1958-03-03,5.6354131885132014E-6
1958-03-04,1.3026106325634914E-4
1958-03-05,2.1960192160301953E-4
1958-03-06,1.0828875472757029E-5
1958-03-07,8.533809250366176E-7
1958-03-08,6.095436267081025E-8
1958-03-09,4.4862131956196176E-7
1958-03-10,5.76235655415265E-10
1958-03-11,5.437822942453252E-6
1958-03-12,2.0833890562112624E-7
1958-03-13,1.172168572659395E-5
1958-03-14,5.957341795166908E-7
1958-03-15,4.384256522179401E-7
1958-03-16,1.4415767103503378E-6
1958-03-17,0.0
1958-03-18,8.583068620282575E-7
1958-03-19,1.3085272030366468E-6
1958-03-20,2.5447339733012348E-5
1958-03-21,1.7416411213180464E-4
1958-03-22,8.439820712012364E-5
1958-03-23,4.579657354968133E-4
1958-03-24,9.237693923835185E-7
1958-03-25,1.2914754352148344E-6
1958-03-26,4.866452181145482E-7
1958-03-27,1.4209435106787255E-4
1958-03-28,0.0011577539501642002
1958-03-29,0.018199861826580233
1958-03-30,0.027156190592317206
1958-03-31,0.01890414771262622
1958-04-01,0.01026264391526667
1958-04-02,0.009106125283902193
1958-04-03,0.009363620594789596
1958-04-04,0.005549139506323827
1958-04-05,3.011159538336896E-4
1958-04-06,1.9347881861436279E-4
1958-04-07,6.55149052749817E-5
1958-04-08,0.017513245456995955
1958-04-09,0.03960619162238244
1958-04-10,0.058879112081157224
1958-04-11,0.0697374110173287
1958-04-12,0.022202085687143623
1958-04-13,6.374432813745737E-4
1958-04-14,6.463473754784886E-5
1958-04-15,7.49624781525893E-4
1958-04-16,0.002735418353364312
1958-04-17,0.010616855126827102
1958-04-18,0.03630851133661637
1958-04-19,0.02228324021250975
1958-04-20,0.0038509816103019516
1958-04-21,0.027995239731670556
1958-04-22,0.08158768989834829
1958-04-23,0.019464781801996896
1958-04-24,4.315929876648661E-4
1958-04-25,2.427488215225086E-5
1958-04-26,1.1807161948584408E-4
1958-04-27,0.0031252541406286325
1958-04-28,0.03581450617428058
1958-04-29,0.055516461087991985
1958-04-30,0.023441317248980804
1958-05-01,0.045217205729082506
1958-05-02,0.027550637116634333
1958-05-03,0.06737118495039117
1958-05-04,0.08620044917793561
1958-05-05,0.055445822053557026
1958-05-06,0.04922347754239892
1958-05-07,0.04104779331239165
1958-05-08,0.0720293942260787
1958-05-09,0.08889900290509525
1958-05-10,0.0600864195177608
1958-05-11,0.051799891942253706
1958-05-12,0.07998343946997553
1958-05-13,0.04103249959053304
1958-05-14,0.018702758977006628
1958-05-15,0.008869937486898545
1958-05-16,0.004139519723991786
1958-05-17,0.009008560332690364
1958-05-18,0.0291719257813892
1958-05-19,0.007667388530135842
1958-05-20,0.005197204204131264
1958-05-21,0.0022235928251908713
1958-05-22,0.0034050732768213052
1958-05-23,0.005695009962548816
1958-05-24,0.010560505224851828
1958-05-25,0.00939739423489694
1958-05-26,0.010031989313765805
1958-05-27,0.007655560302588162
1958-05-28,0.005673795361393407
1958-05-29,0.0016533625425034376
1958-05-30,0.0014593914736902088
1958-05-31,0.004537517316390206
1958-06-01,0.008335028376864508
1958-06-02,0.007527342554973579
1958-06-03,0.002187408079695014
1958-06-04,0.004691044862482296
1958-06-05,0.005528717749036117
1958-06-06,0.007360640327537683
1958-06-07,0.011714650840428534
1958-06-08,0.006925048753188528
1958-06-09,0.00691829779515973
1958-06-10,0.017064293673788145
1958-06-11,0.012598041061698359
1958-06-12,0.01953139094383662
1958-06-13,0.04430526551816852
1958-06-14,0.011561650665193974
1958-06-15,0.010833223518091822
1958-06-16,0.030443615647169207
1958-06-17,0.031437472219012365
1958-06-18,0.02613664903554718
1958-06-19,0.08164295773116566
1958-06-20,0.04426557492486315
1958-06-21,0.0160880955785639
1958-06-22,0.004778797249007657
1958-06-23,0.025067827051699854
1958-06-24,0.03900569683759648
1958-06-25,0.026733959430904064
1958-06-26,0.017833596646654137
1958-06-27,0.02711657650091086
1958-06-28,0.029493908051322994
1958-06-29,0.013582681594843675
1958-06-30,0.011980661680564218
1958-07-01,0.009403887012962662
1958-07-02,0.017729510775620506
1958-07-03,0.012425685171689259
1958-07-04,0.0042324355571895554
1958-07-05,0.006205280211628941
1958-07-06,0.006339429787281731
1958-07-07,0.012835845396988406
1958-07-08,0.02581753682422864
1958-07-09,0.019998716532381132
1958-07-10,0.02291029200431584
1958-07-11,0.015314750915443959
1958-07-12,0.011081199532020462
1958-07-13,0.012778002722534878
1958-07-14,0.008287945417935347
1958-07-15,0.040281661167913096
1958-07-16,0.01738419913401493
1958-07-17,0.005033028657208978
1958-07-18,0.007664071049522843
1958-07-19,0.018238281065845772
1958-07-20,0.034874715480238024
1958-07-21,0.020654371837907345
1958-07-22,0.03266370579599838
1958-07-23,0.019472548940621223
1958-07-24,0.014426481429482312
1958-07-25,0.016833837713223145
1958-07-26,0.007534891535781022
1958-07-27,0.015488460073374951
1958-07-28,0.011069233447018566
1958-07-29,0.011452632637092024
1958-07-30,0.02652518917885564
1958-07-31,0.020369005983151604
1958-08-01,0.02228922051367395
1958-08-02,0.02235762136569743
1958-08-03,0.036769832633582855
1958-08-04,0.08072467614718806
1958-08-05,0.0323518546479986
1958-08-06,0.016937497308937115
1958-08-07,0.015408747517630567
1958-08-08,0.024969725933713948
1958-08-09,0.03669557201767093
1958-08-10,0.047598772060147634
1958-08-11,0.03429781432398983
1958-08-12,0.016103132517820237
1958-08-13,0.021723333931340644
1958-08-14,0.012491216804441915
1958-08-15,0.017732556851522096
1958-08-16,0.015803338933610498
1958-08-17,0.015393656943517969
1958-08-18,0.022318141783582143
1958-08-19,0.03479994865555136
1958-08-20,0.018323009696937415
1958-08-21,0.0029753017179487123
1958-08-22,0.005491481441186503
1958-08-23,0.010363781893184425
1958-08-24,0.011138632148377256
1958-08-25,0.010945879347581277
1958-08-26,0.012009133335983494
1958-08-27,0.014081686863929748
1958-08-28,0.00656529620074326
1958-08-29,0.027481024812556428
1958-08-30,0.01576493541083899
1958-08-31,0.012784479536945767
1958-09-01,0.007154362899272781
1958-09-02,0.01381796958321589
1958-09-03,0.01735776915112673
1958-09-04,0.02042567607446883
1958-09-05,0.013484703063387563
1958-09-06,0.021140997802589635
1958-09-07,0.008296741090408491
1958-09-08,0.0013652070986397693
1958-09-09,0.004191503404623513
1958-09-10,0.010890365538397282
1958-09-11,0.014571713896455115
1958-09-12,0.014728751612375586
1958-09-13,0.019522388109209917
1958-09-14,0.028841701766057874
1958-09-15,0.029692958777604084
1958-09-16,0.03393603116563982
1958-09-17,0.035742860152198686
1958-09-18,0.028731964608354248
1958-09-19,0.014978465047725365
1958-09-20,0.010975657532669901
1958-09-21,0.024019154323905556
1958-09-22,0.01285787378341636
1958-09-23,0.011517017558613611
1958-09-24,0.006786327562751065
1958-09-25,0.009110051620412068
1958-09-26,0.004801215794341999
1958-09-27,0.012311461877610732
1958-09-28,0.023219623846367964
1958-09-29,0.00444830147505581
1958-09-30,0.0010783850814059385
1958-10-01,0.0025654555809389436
1958-10-02,0.013567464132577076
1958-10-03,0.017597528977720073
1958-10-04,0.003914782944613351
1958-10-05,8.767652937455748E-4
1958-10-06,0.002756972330836105
1958-10-07,0.005585852625499568
1958-10-08,0.008750303809198725
1958-10-09,0.01484431823554067
1958-10-10,0.01673649089916938
1958-10-11,0.016763272143938933
1958-10-12,0.04422566372008096
1958-10-13,0.0651827648902215
1958-10-14,0.005133658199980776
1958-10-15,0.0019317221615131924
1958-10-16,0.001691157111029371
1958-10-17,0.008420846033631387
1958-10-18,0.010542858410796186
1958-10-19,0.008071894911810502
1958-10-20,0.0016016000021582487
1958-10-21,3.846037662453135E-4
1958-10-22,0.012682838393429118
1958-10-23,0.026037050430827727
1958-10-24,0.020876787172202836
1958-10-25,0.0015854806745844773
1958-10-26,2.698416637547446E-4
1958-10-27,5.209025615062243E-6
1958-10-28,1.4947182525789119E-6
1958-10-29,2.7095557465029585E-4
1958-10-30,4.0403301746859036E-4
1958-10-31,1.1846177558909089E-4
1958-11-01,1.1942419570543721E-4
1958-11-02,7.773674506569285E-5
1958-11-03,3.64665859010897E-5
1958-11-04,2.6507654557775764E-5
1958-11-05,1.8869451804250092E-4
1958-11-06,7.715364674784546E-4
1958-11-07,1.178431337341551E-4
1958-11-08,1.025130948926881E-6
1958-11-09,1.278313606625662E-5
1958-11-10,6.316332496143296E-5
1958-11-11,5.647569216144631E-7
1958-11-12,4.5800948178348454E-7
1958-11-13,1.7671182789633558E-6
1958-11-14,4.410743663640915E-7
1958-11-15,1.8608290658469858E-6
1958-11-16,4.351280166323536E-7
1958-11-17,1.2920867220600485E-6
1958-11-18,4.443695154066063E-7
1958-11-19,2.7129880630921285E-6
1958-11-20,6.248313320742919E-7
1958-11-21,3.0620094668658484E-6
1958-11-22,8.633741394892453E-7
1958-11-23,4.737460575440921E-6
1958-11-24,7.642468259315148E-6
1958-11-25,7.101869527571587E-5
1958-11-26,3.4378212810155134E-4
1958-11-27,1.8177273578077143E-5
1958-11-28,1.3792543483607343E-4
1958-11-29,9.911087163728114E-4
1958-11-30,1.9152180292952994E-4
1958-12-01,8.910191428138184E-5
1958-12-02,2.814551061984891E-4
1958-12-03,3.6002408136663584E-5
1958-12-04,2.4767577362208246E-6
1958-12-05,3.994855331546131E-5
1958-12-06,1.006780414050715E-4
1958-12-07,0.0016916944069324898
1958-12-08,0.001367880797978433
1958-12-09,8.946331534427028E-4
1958-12-10,5.264331029969019E-4
1958-12-11,5.166719504126315E-4
1958-12-12,2.9227181397525784E-4
1958-12-13,5.878836920768231E-5
1958-12-14,5.8262089671091494E-5
1958-12-15,9.611148202224539E-6
1958-12-16,1.328669186556903E-4
1958-12-17,1.37846275114264E-4
1958-12-18,2.463116778140683E-6
1958-12-19,1.183644018270982E-6
1958-12-20,1.3103673889896547E-6
1958-12-21,2.8425648326179012E-6
1958-12-22,4.1663190086117295E-5
1958-12-23,4.0208273540342495E-5
1958-12-24,7.031756227080471E-6
1958-12-25,1.1278816971574514E-6
1958-12-26,3.018280426330175E-6
1958-12-27,3.830988697321862E-6
1958-12-28,5.452149071127E-6
1958-12-29,1.8611502946113198E-5
1958-12-30,3.24541586160641E-5
1958-12-31,3.330587642593292E-5
1959-01-01,4.131301033125466E-5
1959-01-02,4.751009904244668E-6
1959-01-03,1.0340202558016488E-5
1959-01-04,2.6696122633328394E-6
1959-01-05,4.338122868930285E-6
1959-01-06,7.692144694363779E-6
1959-01-07,4.89877030628974E-5
1959-01-08,4.494602635505633E-7
1959-01-09,4.240793093041754E-4
1959-01-10,1.280403717233072E-5
1959-01-11,2.5761455617612228E-6
1959-01-12,1.2951751955370128E-6
1959-01-13,-1.0437805864225965E-8
1959-01-14,1.6034545236929304E-6
1959-01-15,4.401237816568806E-7
1959-01-16,8.553266184208042E-7
1959-01-17,1.3136337268648183E-6
1959-01-18,9.244843556657042E-6
1959-01-19,1.2987614581621957E-6
1959-01-20,1.2794265178675664E-6
1959-01-21,0.007620610653751162
1959-01-22,0.02804919694975622
1959-01-23,0.002944616535307021
1959-01-24,4.6753798472330487E-4
1959-01-25,2.029693655002625E-5
1959-01-26,6.09214491926866E-5
1959-01-27,6.0244688060138516E-5
1959-01-28,3.0073436591735745E-6
1959-01-29,4.289681776614834E-6
1959-01-30,0.007248799879582988
1959-01-31,0.0020420919311306958
1959-02-01,3.980986392918378E-6
1959-02-02,6.873483602711233E-10
1959-02-03,4.351138045421976E-7
1959-02-04,4.614359443626909E-7
1959-02-05,7.333668497104381E-6
1959-02-06,2.7857701526450078E-5
1959-02-07,1.2346212548184252E-5
1959-02-08,4.1759077352400575E-6
1959-02-09,9.550652762457878E-7
1959-02-10,2.154405396813567E-6
1959-02-11,4.48196679534877E-7
1959-02-12,0.0027139029167464724
1959-02-13,0.007325648287269518
1959-02-14,0.005761369448760373
1959-02-15,0.005484074892596772
1959-02-16,0.003329852240890525
1959-02-17,2.9338017096961275E-4
1959-02-18,0.0
1959-02-19,0.001044138821891631
1959-02-20,0.002938690645675911
1959-02-21,7.704483330734408E-5
1959-02-22,2.9216567915387985E-6
1959-02-23,1.552206748820447E-5
1959-02-24,0.029536647538199838
1959-02-25,0.0025905120639332494
1959-02-26,3.5231192709014387E-4
1959-02-27,3.350926745041359E-5
1959-02-28,1.385735936841061E-5
1959-03-01,3.82196309346594E-6
1959-03-02,9.799925244828166E-4
1959-03-03,0.04170787152486573
1959-03-04,0.040768459471483276
1959-03-05,0.009050747198338389
1959-03-06,0.001509898109609761
1959-03-07,0.0010898003309197963
1959-03-08,4.619778054308429E-4
1959-03-09,5.506942796922771E-6
1959-03-10,8.587279771193666E-7
1959-03-11,4.3637482072576635E-6
1959-03-12,1.6917386972089698E-5
1959-03-13,3.4871028142859407E-5
1959-03-14,6.135562327660091E-5
1959-03-15,1.704200542462786E-6
1959-03-16,3.435455425915279E-6
1959-03-17,2.5874583116092253E-6
1959-03-18,1.2925300763600652E-6
1959-03-19,4.3871075535985705E-7
1959-03-20,7.752049175990111E-12
1959-03-21,4.351138045421976E-7
1959-03-22,8.646858575805139E-7
1959-03-23,6.734090408606221E-4
1959-03-24,0.0031947901366885566
1959-03-25,0.029265564762788004
1959-03-26,0.038253198586345086
1959-03-27,0.0679703098108038
1959-03-28,0.008652566169969969
1959-03-29,0.013202775520899972
1959-03-30,0.01675331121493129
1959-03-31,0.01531222131055663
1959-04-01,0.027014208616348206
1959-04-02,0.001198551490934428
1959-04-03,3.7980960901196433E-5
1959-04-04,1.7142848499086519E-6
1959-04-05,2.185791180574672E-5
1959-04-06,3.120450475533793E-6
1959-04-07,1.5291073376740076E-6
1959-04-08,8.610142572251789E-7
1959-04-09,1.3867554637048976E-9
1959-04-10,3.841175462848487E-5
1959-04-11,0.0015486896068152547
1959-04-12,0.004890706733922449
1959-04-13,0.0028711404065693055
1959-04-14,0.004849818758778995
1959-04-15,0.012284893681198733
1959-04-16,0.018354756304042538
1959-04-17,0.03629872764767099
1959-04-18,0.026254965158211702
1959-04-19,0.0279402809947557
1959-04-20,0.008853413278312352
1959-04-21,0.001655360163545183
1959-04-22,6.158161124569829E-4
1959-04-23,0.008727677926060448
1959-04-24,0.004753678901761611
1959-04-25,0.003368696164275181
1959-04-26,0.0020197632340287768
1959-04-27,6.259228861917649E-4
1959-04-28,1.7796083422946243E-4
1959-04-29,0.007283103037517883
1959-04-30,0.0149735521167689
1959-05-01,0.01125668041015912
1959-05-02,0.007933613427666259
1959-05-03,0.010913821177963872
1959-05-04,0.025769235283478496
1959-05-05,0.03190336954104301
1959-05-06,0.04750220692266771
1959-05-07,0.033597620881656944
1959-05-08,0.024936271757215796
1959-05-09,0.011591197916773713
1959-05-10,0.00833519967649714
1959-05-11,0.008841850219687829
1959-05-12,0.019574501834852844
1959-05-13,0.025765396387590855
1959-05-14,0.036980453410934165
1959-05-15,0.05052026414628906
1959-05-16,0.022955389057110708
1959-05-17,0.01249024412529444
1959-05-18,0.010064724638042427
1959-05-19,0.013372374200833169
1959-05-20,0.013400792941285534
1959-05-21,0.01202652838438096
1959-05-22,0.007479208825377221
1959-05-23,0.017059332995761525
1959-05-24,0.03510996284413788
1959-05-25,0.033857730774348865
1959-05-26,0.06488743832822759
1959-05-27,0.061976090137616444
1959-05-28,0.03492785237354581
1959-05-29,0.03004598885171178
1959-05-30,0.06588160885721754
1959-05-31,0.02535902449505725
1959-06-01,0.03817675502898526
1959-06-02,0.009375903501607729
1959-06-03,0.0039477559501046484
1959-06-04,0.0045092884734938
1959-06-05,0.0036980999901701363
1959-06-06,0.009365790572376305
1959-06-07,0.014537718973103724
1959-06-08,0.02934035990451108
1959-06-09,0.0229557044345206
1959-06-10,0.024220371396217254
1959-06-11,0.0462738486334036
1959-06-12,0.059852538157865155
1959-06-13,0.08812267521077223
1959-06-14,0.09090126505220793
1959-06-15,0.051026857422932725
1959-06-16,0.019960161297617983
1959-06-17,0.022746156321337814
1959-06-18,0.023895215866966794
1959-06-19,0.044464430232972876
1959-06-20,0.021332162976669556
1959-06-21,0.01717919619266589
1959-06-22,0.009474016571431269
1959-06-23,0.027457020558987615
1959-06-24,0.020480222515111616
1959-06-25,0.004792513734085023
1959-06-26,0.005110961100614142
1959-06-27,0.006666787773130264
1959-06-28,0.021272244252733264
1959-06-29,0.020124773441151655
1959-06-30,0.03190584590367845
1959-07-01,0.03391894441421315
1959-07-02,0.044928162003440415
1959-07-03,0.011360916183091716
1959-07-04,0.014003050757189668
1959-07-05,0.028961637632908172
1959-07-06,0.030789329534233946
1959-07-07,0.044255085584334705
1959-07-08,0.05146270618993981
1959-07-09,0.018686652683959196
1959-07-10,0.022833934791653243
1959-07-11,0.013765011148128893
1959-07-12,0.018838280665042628
1959-07-13,0.011176131994302412
1959-07-14,0.007260652827589186
1959-07-15,0.01392728003810968
1959-07-16,0.022541320756334755
1959-07-17,0.019357994364954337
1959-07-18,0.015675962633833484
1959-07-19,0.008334630658019562
1959-07-20,0.011225333663243109
1959-07-21,0.01898240990161551
1959-07-22,0.026163673682887793
1959-07-23,0.020244334428280435
1959-07-24,0.021676998009823426
1959-07-25,0.024172658259559127
1959-07-26,0.021360712659239625
1959-07-27,0.012962048984784695
1959-07-28,0.01500222859712557
1959-07-29,0.007201998026993091
1959-07-30,0.005615071675354352
1959-07-31,0.005443240655118338
1959-08-01,0.01814042645981134
1959-08-02,0.01982815303896688
1959-08-03,0.018585729496930384
1959-08-04,0.0077678349643153346
1959-08-05,0.005922807498560475
1959-08-06,0.011409571085080937
1959-08-07,0.009255763522187765
1959-08-08,0.02883034210332462
1959-08-09,0.013322017602656567
1959-08-10,0.020865418975478327
1959-08-11,0.01921380275236494
1959-08-12,0.03319914862746513
1959-08-13,0.0715548440225696
1959-08-14,0.04521939307575901
1959-08-15,0.03845661437288956
1959-08-16,0.04431515219755945
1959-08-17,0.07216216131637736
1959-08-18,0.014378019358451325
1959-08-19,0.014570259429035701
1959-08-20,0.01619952312278028
1959-08-21,0.014699013286485506
1959-08-22,0.005902004358224102
1959-08-23,0.004183160884871497
1959-08-24,0.010864565409256496
1959-08-25,0.007647562545502073
1959-08-26,0.00635974897383955
1959-08-27,0.010080083864443519
1959-08-28,0.005866952083407959
1959-08-29,0.03019926792365969
1959-08-30,0.00901627928233905
1959-08-31,0.00888495201057368
1959-09-01,0.011018197319750855
1959-09-02,0.009678135049068178
1959-09-03,0.01577371884502964
1959-09-04,0.01844907439685282
1959-09-05,0.017159400811338713
1959-09-06,0.012731258627560641
1959-09-07,0.025280971297960756
1959-09-08,0.007059713127899034
1959-09-09,0.0015266182897983268
1959-09-10,0.02462242079779784
1959-09-11,0.03070244310304801
1959-09-12,0.025977246561490003
1959-09-13,0.027251495995010113
1959-09-14,0.021095249835962598
1959-09-15,0.012545647910995295
1959-09-16,0.005198944547761957
1959-09-17,0.017570789840955274
1959-09-18,0.02712183454562716
1959-09-19,0.09091276117994022
1959-09-20,0.04381157605892662
1959-09-21,0.022244029517113673
1959-09-22,0.011264358972538415
1959-09-23,0.0028180678469404644
1959-09-24,0.0038475580345516272
1959-09-25,0.008095852965918818
1959-09-26,0.0031094106140505044
1959-09-27,0.010595951511124621
1959-09-28,7.055627413111417E-4
1959-09-29,0.008085927299631267
1959-09-30,0.061883059607318054
1959-10-01,0.029190377978398633
1959-10-02,0.06741368543285235
1959-10-03,0.0716194074056039
1959-10-04,0.03730273783799646
1959-10-05,0.027734624101755524
1959-10-06,0.016093515430210998
1959-10-07,0.0036972545403424757
1959-10-08,0.02316882546291807
1959-10-09,0.021783500670670097
1959-10-10,0.0446117587972743
1959-10-11,0.02523713081597972
1959-10-12,0.013855933077159651
1959-10-13,0.008403091825157234
1959-10-14,0.017344720316195255
1959-10-15,0.03924766737585356
1959-10-16,0.044149305933299056
1959-10-17,0.004636462178230557
1959-10-18,0.0014973916876613533
1959-10-19,5.317567804655678E-4
1959-10-20,8.148494064646052E-4
1959-10-21,0.0036730499463755568
1959-10-22,0.017562946606906524
1959-10-23,0.014670138799703079
1959-10-24,0.0026321270290835296
1959-10-25,8.835092311253488E-4
1959-10-26,0.005970738877372007
1959-10-27,0.0034835531627167163
1959-10-28,0.01187410750709565
1959-10-29,0.15390438634411385
1959-10-30,0.004756584076822132
1959-10-31,5.555909850521585E-4
1959-11-01,7.211341140414941E-4
1959-11-02,1.8960933464800013E-5
1959-11-03,2.8038051599036147E-6
1959-11-04,1.1943891224233467E-6
1959-11-05,9.619778808141723E-6
1959-11-06,4.284107917650589E-5
1959-11-07,4.4551724432871864E-4
1959-11-08,1.7318764398466184E-4
1959-11-09,9.348214123817627E-4
1959-11-10,2.3751794903800803E-4
1959-11-11,9.305144966729762E-6
1959-11-12,3.5752256998436997E-6
1959-11-13,7.050915949606486E-6
1959-11-14,9.87205890753495E-6
1959-11-15,5.517674319316888E-6
1959-11-16,1.4760854249057658E-5
1959-11-17,2.1820454062304165E-5
1959-11-18,1.1919505989278885E-5
1959-11-19,5.460791170218329E-6
1959-11-20,4.521054445981227E-6
1959-11-21,2.423007082561106E-6
1959-11-22,8.949247242163581E-6
1959-11-23,5.3343180218878944E-5
1959-11-24,1.8244271596535012E-6
1959-11-25,3.6677911509018683E-6
1959-11-26,1.8321817493163096E-6
1959-11-27,5.838325612895816E-7
1959-11-28,8.588723309487063E-7
1959-11-29,4.371919728427954E-6
1959-11-30,1.0939875397367897E-4
1959-12-01,1.3192223212203937E-5
1959-12-02,3.092713146198901E-6
1959-12-03,2.9528268552863044E-6
1959-12-04,1.432647594826759E-7
1959-12-05,1.27765157794731E-6
1959-12-06,4.5638121813148253E-7
1959-12-07,2.6131868613142385E-6
1959-12-08,3.292894506360643E-5
1959-12-09,5.735220873621444E-6
1959-12-10,1.0024733977570049E-6
1959-12-11,3.0692269667343623E-6
1959-12-12,4.90410565640885E-7
1959-12-13,1.707799581267365E-6
1959-12-14,1.44097276265422E-6
1959-12-15,2.126943445625062E-6
1959-12-16,2.6884489155977495E-6
1959-12-17,2.200710348421714E-6
1959-12-18,6.133562453919299E-6
1959-12-19,1.2271702154734263E-5
1959-12-20,8.52346317969932E-7
1959-12-21,1.3373145030511907E-6
1959-12-22,3.426138769336937E-6
1959-12-23,2.1811595207782912E-6
1959-12-24,1.5078062956043754E-6
1959-12-25,1.0848677409955596E-6
1959-12-26,2.705277288244577E-6
1959-12-27,3.7028860100307062E-6
1959-12-28,2.4314725370154297E-6
1959-12-29,1.0264552459590958E-6
1959-12-30,6.00180873981101E-9
1959-12-31,1.010613876624541E-6
1960-01-01,2.7486294713442042E-6
1960-01-02,8.523463748133508E-7
1960-01-03,9.186159909903956E-7
1960-01-04,4.4783665155439255E-6
1960-01-05,2.6982385299109315E-7
1960-01-06,2.1542746253544465E-6
1960-01-07,2.1564433926201586E-6
1960-01-08,7.71673428529949E-9
1960-01-09,1.1555721305009262E-8
1960-01-10,8.70227722771233E-7
1960-01-11,1.975060656670625E-6
1960-01-12,2.366513960941274E-6
1960-01-13,9.071043102298025E-7
1960-01-14,2.288264502743588E-6
1960-01-15,8.640360115639776E-7
1960-01-16,8.52346317969932E-7
1960-01-17,6.827287885530524E-6
1960-01-18,7.883324649999935E-7
1960-01-19,0.0
1960-01-20,4.261732051702438E-7
1960-01-21,1.1014676820148106E-6
1960-01-22,0.0
1960-01-23,0.0
1960-01-24,0.0
1960-01-25,8.553265615773853E-7
1960-01-26,1.7097785303121782E-6
1960-01-27,5.976913774831355E-8
1960-01-28,1.281758231518345E-6
1960-01-29,5.067037439303179E-6
1960-01-30,3.0235422553290486E-6
1960-01-31,2.293250172560928E-6
1960-02-01,4.351138045421976E-7
1960-02-02,2.5011254528354367E-7
1960-02-03,1.7434003641259861E-6
1960-02-04,0.0
1960-02-05,4.410743663640915E-7
1960-02-06,1.9695789825884198E-6
1960-02-07,1.746865526401331E-6
1960-02-08,8.713321335562796E-7
1960-02-09,1.7314658293798857E-6
1960-02-10,1.3111977229548874E-6
1960-02-11,5.036625913890861E-7
1960-02-12,1.9627249426944183E-6
1960-02-13,5.316765475126204E-5
1960-02-14,2.9204936444424723E-6
1960-02-15,8.559214081229966E-7
1960-02-16,8.669353347992171E-7
1960-02-17,8.562133437387167E-7
1960-02-18,1.7382566067544496E-6
1960-02-19,3.1324460671245855E-4
1960-02-20,1.2904404798064206E-6
1960-02-21,4.2915337417070987E-7
1960-02-22,0.0
1960-02-23,1.2904405366498395E-6
1960-02-24,8.553265615773853E-7
1960-02-25,8.41978770663419E-7
1960-02-26,4.351138045421976E-7
1960-02-27,8.583068797918258E-7
1960-02-28,4.880228526625208E-4
1960-02-29,0.012518210437353907
1960-03-01,0.006409210728976905
1960-03-02,0.0020562444620753476
1960-03-03,7.748722436416352E-4
1960-03-04,4.4351185781618696E-7
1960-03-05,2.0231739203364866E-4
1960-03-06,0.0135726807386038
1960-03-07,0.009685555301536869
1960-03-08,0.006501779952426031
1960-03-09,1.005368243167367E-5
1960-03-10,9.489416854780312E-6
1960-03-11,0.0010357204591101398
1960-03-12,0.008616754956155845
1960-03-13,5.121206163853669E-4
1960-03-14,3.0310305547715026E-4
1960-03-15,1.6893061629319541E-6
1960-03-16,1.2993812106287805E-6
1960-03-17,1.7924580329052046E-6
1960-03-18,1.2996931822944944E-6
1960-03-19,1.31328947024007E-6
1960-03-20,9.543316479308714E-6
1960-03-21,1.2543359467426174E-5
1960-03-22,0.002691627055129974
1960-03-23,0.0032213676545139033
1960-03-24,1.7195939676639682E-6
1960-03-25,1.293420723413874E-6
1960-03-26,0.0
1960-03-27,2.9898592401877977E-6
1960-03-28,1.2820718779948947E-6
1960-03-29,7.822644503819461E-7
1960-03-30,0.0
1960-03-31,3.8643370773065824E-5
1960-04-01,3.245761356326297E-4
1960-04-02,4.4120531206278134E-5
1960-04-03,9.383101249740604E-5
1960-04-04,3.907141428945878E-5
1960-04-05,2.4355735971283334E-6
1960-04-06,1.0036973422164995E-4
1960-04-07,2.3113861577712668E-5
1960-04-08,4.339630760588695E-5
1960-04-09,0.0013285942341875114
1960-04-10,0.02178099015105978
1960-04-11,0.0407248889809916
1960-04-12,0.004595685390160959
1960-04-13,7.785733435033465E-4
1960-04-14,8.219272008523545E-5
1960-04-15,7.137030248071238E-5
1960-04-16,1.4322004463041057E-6
1960-04-17,5.3935832072524574E-5
1960-04-18,0.002130513853296372
1960-04-19,0.003937941064277488
1960-04-20,0.005430904899291812
1960-04-21,0.007306167442313866
1960-04-22,0.009962273538112644
1960-04-23,0.03596046617179247
1960-04-24,0.011110628775590088
1960-04-25,0.00477332441955048
1960-04-26,0.0018078693553669487
1960-04-27,6.564850185372831E-5
1960-04-28,-1.868569206057294E-9
1960-04-29,1.2874602361989673E-6
1960-04-30,8.553265615773853E-7
1960-05-01,5.886766381243332E-4
1960-05-02,0.003963862934456053
1960-05-03,0.006123141257819076
1960-05-04,0.009052540524669316
1960-05-05,0.009330910827906498
1960-05-06,0.003805593427033782
1960-05-07,0.0019694037691372073
1960-05-08,9.673312491577745E-4
1960-05-09,5.539536872381987E-4
1960-05-10,0.002682805247551881
1960-05-11,0.004264181629140264
1960-05-12,0.01702978571483467
1960-05-13,0.022989788041664544
1960-05-14,0.02329643268407874
1960-05-15,0.01065531456995425
1960-05-16,0.01951192832018446
1960-05-17,0.009502783585745078
1960-05-18,0.017376895411166753
1960-05-19,0.045561957975272536
1960-05-20,0.06218762875958712
1960-05-21,0.050100978189546785
1960-05-22,0.029243410120292898
1960-05-23,0.018112100488533185
1960-05-24,0.03371074314923148
1960-05-25,0.02936932538673713
1960-05-26,0.03160786179099744
1960-05-27,0.013686241053060313
1960-05-28,0.07224705712171064
1960-05-29,0.03312621996140998
1960-05-30,0.010503843499872736
1960-05-31,0.007573231987423647
1960-06-01,0.008281533444629095
1960-06-02,0.005903886136223821
1960-06-03,0.005193576413573634
1960-06-04,0.002280023740550687
1960-06-05,0.004376464204464345
1960-06-06,0.008378404404731157
1960-06-07,0.008777656093928858
1960-06-08,0.014398969054825043
1960-06-09,0.011120814722160038
1960-06-10,0.03626717141117389
1960-06-11,0.07476199578135277
1960-06-12,0.09145201500901416
1960-06-13,0.046586390793151265
1960-06-14,0.06863855692711363
1960-06-15,0.03994236465901329
1960-06-16,0.02221757546110944
1960-06-17,0.02112578927000652
1960-06-18,0.01889752631242566
1960-06-19,0.018163210405246006
1960-06-20,0.007884824239059613
1960-06-21,0.012858894013701324
1960-06-22,0.014024839178557388
1960-06-23,0.007663442072502802
1960-06-24,0.006766393676481345
1960-06-25,0.00753332341380547
1960-06-26,0.006536430524436036
1960-06-27,0.005310420857344059
1960-06-28,0.0090695473618952
1960-06-29,0.006556399571413251
1960-06-30,0.017584173405331048
1960-07-01,0.019686885029156206
1960-07-02,0.05218837111668913
1960-07-03,0.02874238901403961
1960-07-04,0.023386859338062525
1960-07-05,0.01943757865305193
1960-07-06,0.022511734427997688
1960-07-07,0.029406202455258795
1960-07-08,0.04164551953681157
1960-07-09,0.06795894021769625
1960-07-10,0.0589904858063409
1960-07-11,0.0302287790048881
1960-07-12,0.028928281158550652
1960-07-13,0.051078122644009294
1960-07-14,0.02032489586113886
1960-07-15,0.025636927452957155
1960-07-16,0.02507747766491347
1960-07-17,0.03364895536150308
1960-07-18,0.057654054639008016
1960-07-19,0.06873978638743938
1960-07-20,0.06881802072798038
1960-07-21,0.04163610791664525
1960-07-22,0.03522723170201903
1960-07-23,0.021782641875950595
1960-07-24,0.004560648133346036
1960-07-25,0.00705397445341947
1960-07-26,0.015620400108779806
1960-07-27,0.00999758532021065
1960-07-28,0.006900004083882867
1960-07-29,0.016843589981425704
1960-07-30,0.018930016064402685
1960-07-31,0.014808703327515787
1960-08-01,0.01455812336402492
1960-08-02,0.022138476313616418
1960-08-03,0.012076755195836912
1960-08-04,0.013786797532968293
1960-08-05,0.01586741199846662
1960-08-06,0.014159358142503081
1960-08-07,0.00946359646368613
1960-08-08,0.018372067230565333
1960-08-09,0.008182426559696155
1960-08-10,0.00795582853400416
1960-08-11,0.018349180330684656
1960-08-12,0.018845922706611437
1960-08-13,0.018404065997583794
1960-08-14,0.010038165934793576
1960-08-15,0.018189895221904392
1960-08-16,0.04215416500635434
1960-08-17,0.010057007249202879
1960-08-18,0.005200126734202825
1960-08-19,0.019158632899702557
1960-08-20,0.015603792795935085
1960-08-21,0.013447893351919394
1960-08-22,0.03437503484687633
1960-08-23,0.02534384455746928
1960-08-24,0.01420590268340863
1960-08-25,0.016596749354054616
1960-08-26,0.0237392316603478
1960-08-27,0.02129572844047183
1960-08-28,0.012421043394221324
1960-08-29,0.031526924717576024
1960-08-30,0.05109012700401982
1960-08-31,0.09275785247746236
1960-09-01,0.019496153758768762
1960-09-02,0.02856183584111963
1960-09-03,0.02806389125871023
1960-09-04,0.017438687176973038
1960-09-05,0.012427416451134779
1960-09-06,0.012855539507612822
1960-09-07,0.03208918258116616
1960-09-08,0.02527652079390756
1960-09-09,0.021962791657931205
1960-09-10,0.015114098033636291
1960-09-11,0.019123663992972075
1960-09-12,0.03472397100374189
1960-09-13,0.06380461445476623
1960-09-14,0.05619975185560287
1960-09-15,0.04539405784581818
1960-09-16,0.017096637303194728
1960-09-17,0.007432783227861281
1960-09-18,0.006056761120941265
1960-09-19,0.002111305259383483
1960-09-20,0.003633737094623164
1960-09-21,0.0077737818801895675
1960-09-22,0.0018014540499672433
1960-09-23,0.010985237919406057
1960-09-24,0.033844786839769846
1960-09-25,0.02558959409418171
1960-09-26,0.03603382648556266
1960-09-27,0.02363420008364096
1960-09-28,0.01306109478621814
1960-09-29,0.008659272407299993
1960-09-30,0.03739267018909504
1960-10-01,0.0023444452313329447
1960-10-02,0.0013733939140700975
1960-10-03,0.005079472504163759
1960-10-04,0.009471838337649165
1960-10-05,0.0018063434506240873
1960-10-06,0.0058958410786066435
1960-10-07,0.002119763024108258
1960-10-08,0.0010348603705460716
1960-10-09,0.01210663684649723
1960-10-10,0.05369334334486586
1960-10-11,0.04634726078486185
1960-10-12,0.010447333517861167
1960-10-13,0.011000941484805833
1960-10-14,0.0015295291744686532
1960-10-15,4.3576890538642377E-4
1960-10-16,3.7436396529564296E-4
1960-10-17,0.0011612459069681872
1960-10-18,0.001248980099451339
1960-10-19,0.0012785896206680327
1960-10-20,4.594689280311497E-4
1960-10-21,1.4444854829642577E-4
1960-10-22,6.446852076452408E-5
1960-10-23,2.060704689793477E-4
1960-10-24,3.3075741745259006E-4
1960-10-25,5.470962133397795E-4
1960-10-26,1.4805932609523786E-4
1960-10-27,1.0564716462808482E-5
1960-10-28,1.60220552559338E-6
1960-10-29,3.7077665146265704E-6
1960-10-30,0.0025248961771451527
1960-10-31,0.007958217118414506
1960-11-01,0.004688752371968564
1960-11-02,6.278052753795779E-4
1960-11-03,3.6079450183728635E-4
1960-11-04,5.543997625053994E-4
1960-11-05,3.1997804095783706E-4
1960-11-06,5.9764229218748236E-5
1960-11-07,1.757913505242622E-6
1960-11-08,2.3891439722098977E-6
1960-11-09,1.080655341014412E-6
1960-11-10,3.137501505758032E-6
1960-11-11,1.950559498981541E-5
1960-11-12,1.058263025876415E-5
1960-11-13,4.8628691804555735E-5
1960-11-14,1.2479568266903935E-4
1960-11-15,7.205314934253695E-5
1960-11-16,1.4955183071208142E-4
1960-11-17,1.2888270327015553E-5
1960-11-18,9.211486084616763E-6
1960-11-19,2.279794010477197E-6
1960-11-20,7.024070622746865E-6
1960-11-21,7.857025918588472E-5
1960-11-22,1.3429581601572298E-5
1960-11-23,1.919176537177466E-6
1960-11-24,1.6624540782786273E-6
1960-11-25,8.622818155224244E-7
1960-11-26,8.587129514125991E-7
1960-11-27,4.435197072097176E-7
1960-11-28,1.3230908882764659E-5
1960-11-29,1.289123006041347E-5
1960-11-30,1.8833465658860402E-6
1960-12-01,1.2182273255960729E-5
1960-12-02,1.7593693251908122E-5
1960-12-03,1.637344835914829E-5
1960-12-04,4.5028187977131013E-4
1960-12-05,2.025184839629803E-4
1960-12-06,4.073535447349774E-5
1960-12-07,5.4575855987333625E-6
1960-12-08,4.4294347155430224E-7
1960-12-09,1.3800904569262652E-5
1960-12-10,2.8764729667959132E-5
1960-12-11,9.50118570418228E-6
1960-12-12,1.4107694293717967E-6
1960-12-13,2.922766195909762E-6
1960-12-14,2.4115193339105924E-5
1960-12-15,1.7644994865263135E-4
1960-12-16,1.0363860374883123E-4
1960-12-17,1.698306378065581E-4
1960-12-18,2.1772045034426838E-4
1960-12-19,2.2160087017654687E-5
1960-12-20,2.520749937592215E-5
1960-12-21,4.478356084383591E-5
1960-12-22,1.095293633587409E-4
1960-12-23,5.499595155675191E-5
1960-12-24,6.414309833091122E-5
1960-12-25,8.214535215997285E-5
1960-12-26,1.8360020632867245E-4
1960-12-27,4.237890669652198E-5
1960-12-28,1.0219832218193562E-4
1960-12-29,2.7408639803451554E-5
1960-12-30,7.168250104595474E-6
1960-12-31,3.058846975195456E-5
1961-01-01,5.366570429305809E-4
1961-01-02,6.54184149707073E-5
1961-01-03,0.0011599376657652413
1961-01-04,0.006216014566793609
1961-01-05,3.2697019036135267E-6
1961-01-06,6.057424769022944E-7
1961-01-07,4.4107436991680515E-7
1961-01-08,1.3777266939596936E-5
1961-01-09,2.7303577809958756E-6
1961-01-10,1.9395478384046856E-6
1961-01-11,2.583170498837717E-6
1961-01-12,2.8573567274994235E-6
1961-01-13,2.0068452453404866E-6
1961-01-14,1.725235051708296E-6
1961-01-15,1.7132345533354965E-6
1961-01-16,1.2844638855060608E-6
1961-01-17,6.179320114540918E-5
1961-01-18,1.8018573910170217E-4
1961-01-19,1.833844469117292E-4
1961-01-20,4.0324810990773996E-4
1961-01-21,1.698097794079762E-4
1961-01-22,0.0010680491161725522
1961-01-23,1.2340951076236968E-4
1961-01-24,4.351138045421976E-7
1961-01-25,8.624463703199581E-7
1961-01-26,8.52346317969932E-7
1961-01-27,0.0
1961-01-28,4.261732051702438E-7
1961-01-29,4.351138045421976E-7
1961-01-30,1.2860627481063476E-6
1961-01-31,7.592706817124554E-5
1961-02-01,0.0023066450662471353
1961-02-02,0.029522454074729112
1961-02-03,0.003179513628599962
1961-02-04,2.154738751246469E-5
1961-02-05,0.0012629505033134596
1961-02-06,0.0028366939265958937
1961-02-07,0.003777816161685598
1961-02-08,0.007236390768763691
1961-02-09,1.901700283061563E-4
1961-02-10,8.553266184208042E-7
1961-02-11,1.2874602361989673E-6
1961-02-12,3.5053706927106563E-6
1961-02-13,9.09315727521919E-4
1961-02-14,3.5476859421590976E-4
1961-02-15,1.7675880092077296E-5
1961-02-16,8.610046506873914E-7
1961-02-17,1.7526863339850881E-6
1961-02-18,1.3498854258156927E-6
1961-02-19,1.1352451373236631E-5
1961-02-20,3.087164037938263E-5
1961-02-21,4.351138613856165E-7
1961-02-22,8.702277796146518E-7
1961-02-23,0.0
1961-02-24,2.1510459191631526E-6
1961-02-25,2.568958734627813E-6
1961-02-26,2.1517275854421314E-6
1961-02-27,3.6151868797102446E-4
1961-02-28,0.0019257211482818625
1961-03-01,0.007599481797287234
1961-03-02,0.034330222968603996
1961-03-03,0.037172128449563864
1961-03-04,0.008865597571879422
1961-03-05,0.017972741654584175
1961-03-06,0.05870398734949228
1961-03-07,0.007856774227781749
1961-03-08,0.001005978950675522
1961-03-09,1.716613667213096E-6
1961-03-10,1.7795685801901807E-6
1961-03-11,0.007040458338798127
1961-03-12,0.01553022744028074
1961-03-13,0.013416285654799093
1961-03-14,0.0017680673094498639
1961-03-15,0.0018765215949354242
1961-03-16,0.005703336857372289
1961-03-17,0.02186216362010147
1961-03-18,0.09292982683541147
1961-03-19,0.10430241383652952
1961-03-20,0.052333778090715766
1961-03-21,0.03463808114301263
1961-03-22,0.011222939465554816
1961-03-23,0.0024947914750093787
1961-03-24,0.0019605574945947566
1961-03-25,0.013297489547005154
1961-03-26,0.02321517720041041
1961-03-27,0.004074233319459625
1961-03-28,0.016313964567731577
1961-03-29,0.004529680685931548
1961-03-30,0.002140238543695787
1961-03-31,9.279482006337603E-4
1961-04-01,0.002617081584080461
1961-04-02,0.00870155541794631
1961-04-03,0.022580206885426158
1961-04-04,0.017412786458456623
1961-04-05,0.014406169183525119
1961-04-06,0.004475217371145426
1961-04-07,0.001207047462992303
1961-04-08,0.0074862112664763
1961-04-09,0.005056268029444002
1961-04-10,0.0207177292241182
1961-04-11,0.002410182882205605
1961-04-12,9.772831891658737E-4
1961-04-13,1.0593922409899793E-4
1961-04-14,5.517510353245E-5
1961-04-15,3.690007897015983E-4
1961-04-16,3.9978914179102315E-4
1961-04-17,0.02131723445696862
1961-04-18,0.042007914976187534
1961-04-19,0.01708895436342742
1961-04-20,0.03652733281501801
1961-04-21,0.04188232082195814
1961-04-22,0.011227675090589969
1961-04-23,0.00742640096791667
1961-04-24,0.010994096738151733
1961-04-25,0.0026624032268300316
1961-04-26,5.441292457103606E-4
1961-04-27,0.009883192459266664
1961-04-28,0.02352582175229306
1961-04-29,0.03678869032989842
1961-04-30,0.03236328964066368
1961-05-01,0.03314888130894836
1961-05-02,0.014375916243489786
1961-05-03,0.019143126275537513
1961-05-04,0.007579850730564556
1961-05-05,0.0011343466210522281
1961-05-06,0.0032764999298602092
1961-05-07,4.0479133450158463E-4
1961-05-08,0.0028175686480632293
1961-05-09,0.10662868864315231
1961-05-10,0.025537567194223256
1961-05-11,0.014222873697799072
1961-05-12,0.004927236269842948
1961-05-13,0.01485170807230405
1961-05-14,0.011098631794374805
1961-05-15,0.0065834733363177396
1961-05-16,0.006644354236850516
1961-05-17,0.010192849073951998
1961-05-18,0.010678845523331433
1961-05-19,0.011679268965275989
1961-05-20,0.023748833886260954
1961-05-21,0.044696659776511764
1961-05-22,0.04337052502802428
1961-05-23,0.013902194758432499
1961-05-24,0.01225254503923567
1961-05-25,0.008807138183041121
1961-05-26,0.006120797008102298
1961-05-27,3.1205101412949037E-4
1961-05-28,0.007015143013121424
1961-05-29,0.016165730541398332
1961-05-30,0.048081289927863154
1961-05-31,0.04273483120885303
1961-06-01,0.04664063431438734
1961-06-02,0.05658244853159161
1961-06-03,0.05400941496586286
1961-06-04,0.018848951393854417
1961-06-05,0.012822695424544877
1961-06-06,0.01553787768359436
1961-06-07,0.008776078336803442
1961-06-08,0.022196740384536087
1961-06-09,0.021165407436438046
1961-06-10,0.02540573613531708
1961-06-11,0.03634872653077197
1961-06-12,0.04135692417534982
1961-06-13,0.017260098105588983
1961-06-14,0.04043298653956285
1961-06-15,0.12263233182909285
1961-06-16,0.07191585196320274
1961-06-17,0.028878375928539823
1961-06-18,0.011467504595545689
1961-06-19,0.01631026599272861
1961-06-20,0.00798482382143612
1961-06-21,0.003040160207364776
1961-06-22,0.007015162025044767
1961-06-23,0.006027697799113071
1961-06-24,0.00661169370727032
1961-06-25,9.648529327849465E-4
1961-06-26,0.005084524906090238
1961-06-27,0.02324437921780974
1961-06-28,0.02193084645990278
1961-06-29,0.023131332300027323
1961-06-30,0.009024857406420813
1961-07-01,0.020064373758831466
1961-07-02,0.022686049528172124
1961-07-03,0.007515656639627997
1961-07-04,0.00945167417469923
1961-07-05,0.020006496546666606
1961-07-06,0.019282080215438216
1961-07-07,0.03993057630611637
1961-07-08,0.016951051693770782
1961-07-09,0.017595891259567585
1961-07-10,0.013463118477617393
1961-07-11,0.013357264976981125
1961-07-12,0.02430741624632944
1961-07-13,0.03314696208268856
1961-07-14,0.02804936440607717
1961-07-15,0.006943707667678768
1961-07-16,0.007956820468683823
1961-07-17,0.007223537344401353
1961-07-18,0.005795790595293586
1961-07-19,0.015225351016026366
1961-07-20,0.010847719302647376
1961-07-21,0.017491467457281022
1961-07-22,0.013197380716464431
1961-07-23,0.006809208368706274
1961-07-24,0.00644744648890566
1961-07-25,0.011513074065391734
1961-07-26,0.009570909028797482
1961-07-27,0.013982846785137957
1961-07-28,0.015406968711595857
1961-07-29,0.008866344237235941
1961-07-30,0.008991333688528554
1961-07-31,0.01110815940035459
1961-08-01,0.020753187557918953
1961-08-02,0.017468268513421113
1961-08-03,0.021905276886903472
1961-08-04,0.023936100793497474
1961-08-05,0.014883590635617889
1961-08-06,0.012202562242746356
1961-08-07,0.010519409547479168
1961-08-08,0.01045103190865131
1961-08-09,0.012840736870023345
1961-08-10,0.013273045893419351
1961-08-11,0.01113142592125594
1961-08-12,0.017126263506995813
1961-08-13,0.00821911558316158
1961-08-14,0.011664847126873597
1961-08-15,0.017009632665708548
1961-08-16,0.020631625136337182
1961-08-17,0.011704475513135425
1961-08-18,0.0035978843564667172
1961-08-19,0.012171267765445372
1961-08-20,0.013371171540435342
1961-08-21,0.01721161050472421
1961-08-22,0.02214761798939863
1961-08-23,0.029504794427804095
1961-08-24,0.016389531784319466
1961-08-25,0.011002803570734083
1961-08-26,0.0036340249368075005
1961-08-27,0.011669117364139933
1961-08-28,0.018969981723753127
1961-08-29,0.026009693332226833
1961-08-30,0.013063824823223099
1961-08-31,0.01870984527675403
1961-09-01,0.011113605600420242
1961-09-02,0.006813617643852855
1961-09-03,0.013031189642321224
1961-09-04,0.007265294235357888
1961-09-05,0.004268210954916122
1961-09-06,0.006664870637281809
1961-09-07,0.013114621385054454
1961-09-08,0.004290762202815102
1961-09-09,0.0051806965168845484
1961-09-10,0.004995980846138659
1961-09-11,6.967204903936111E-4
1961-09-12,4.1967369916275316E-4
1961-09-13,0.007305313538263799
1961-09-14,0.015611908412123341
1961-09-15,0.010967104765053262
1961-09-16,0.011227733845569493
1961-09-17,0.014410295052278596
1961-09-18,0.02150263181512752
1961-09-19,0.01569681039727923
1961-09-20,0.013350469889010171
1961-09-21,0.015544899278910061
1961-09-22,0.00904202599046652
1961-09-23,0.006587777375248519
1961-09-24,0.016710634276399763
1961-09-25,0.017740934830490915
1961-09-26,0.019145895671320107
1961-09-27,0.003347549644018884
1961-09-28,0.010883016051298634
1961-09-29,0.00940886922084287
1961-09-30,0.012974484549087449
1961-10-01,0.01640471727764331
1961-10-02,0.015418272694866163
1961-10-03,0.0052567312407048325
1961-10-04,0.012264705417281469
1961-10-05,0.006356785901429214
1961-10-06,0.01781057643493668
1961-10-07,0.011659646568202568
1961-10-08,0.004135371688644276
1961-10-09,0.005405355410149687
1961-10-10,0.009455179902612812
1961-10-11,0.0037037474689568073
1961-10-12,0.01661008100624581
1961-10-13,0.013553278014982417
1961-10-14,0.0015942663935460863
1961-10-15,0.006830057900046562
1961-10-16,0.02187652153552791
1961-10-17,0.024610253847231072
1961-10-18,0.0023610235052976573
1961-10-19,2.2700745752885363E-4
1961-10-20,1.0002912561679882E-5
1961-10-21,5.01348702054408E-7
1961-10-22,1.0554037613694866E-5
1961-10-23,7.886004391949992E-4
1961-10-24,0.0025306160015920553
1961-10-25,0.007070775172760139
1961-10-26,0.004362860163036114
1961-10-27,2.6422665940923127E-4
1961-10-28,2.200222316849439E-4
1961-10-29,2.5145842445208267E-4
1961-10-30,0.002029100706852246
1961-10-31,3.228888543365409E-4
1961-11-01,6.967309280474193E-5
1961-11-02,0.0016695665588623621
1961-11-03,0.0010703603517809412
1961-11-04,2.4053711547259365E-4
1961-11-05,0.0025885882369005775
1961-11-06,0.020491746012013784
1961-11-07,0.019110302213276857
1961-11-08,0.00825446865522453
1961-11-09,6.238279964262447E-4
1961-11-10,1.3780786430183428E-4
1961-11-11,3.80083882466241E-5
1961-11-12,6.894846104483476E-4
1961-11-13,9.189930032446924E-4
1961-11-14,5.562305493506392E-5
1961-11-15,1.6251555097332617E-4
1961-11-16,1.3436550920208892E-4
1961-11-17,4.1743470511299946E-4
1961-11-18,4.794201109303828E-4
1961-11-19,2.1423256839625537E-6
1961-11-20,1.7194580465065304E-8
1961-11-21,7.44562998397406E-6
1961-11-22,1.8015951779536429E-6
1961-11-23,3.339540046427917E-6
1961-11-24,3.642537964842212E-5
1961-11-25,3.243092077796564E-5
1961-11-26,1.818049111106031E-6
1961-11-27,2.182433440859545E-6
1961-11-28,3.0082373996265233E-6
1961-11-29,1.1848391308260794E-6
1961-11-30,5.2633743828091564E-5
1961-12-01,1.7701549694915117E-4
1961-12-02,9.79713521779017E-5
1961-12-03,1.979953420491707E-5
1961-12-04,1.3697932701263011E-5
1961-12-05,1.7495577711119665E-6
1961-12-06,1.0911274630994593E-6
1961-12-07,8.69328037469252E-8
1961-12-08,1.990853388469408E-5
1961-12-09,1.9227142806562776E-5
1961-12-10,9.833594512427734E-7
1961-12-11,9.982615142763542E-7
1961-12-12,5.354643953676375E-6
1961-12-13,1.033389227872659E-4
1961-12-14,8.582980467121019E-4
1961-12-15,8.320501391875366E-5
1961-12-16,1.636543714931246E-10
1961-12-17,8.632854002768378E-7
1961-12-18,1.2409445867373079E-6
1961-12-19,1.698190159915108E-5
1961-12-20,6.280222167969824E-7
1961-12-21,1.2904388139722454E-6
1961-12-22,8.478870086037205E-7
1961-12-23,8.690806794220407E-7
1961-12-24,4.29153317327291E-7
1961-12-25,2.163158480833631E-6
1961-12-26,1.4822779363290425E-8
1961-12-27,1.7225741153481522E-6
1961-12-28,1.7255544548788748E-6
1961-12-29,1.7310791236013756E-6
1961-12-30,4.2856739668195587E-7
1961-12-31,2.1237607938928704E-6
1962-01-01,2.60722816847192E-6
1962-01-02,4.745493400392567E-7
1962-01-03,2.1487467165570706E-6
1962-01-04,4.351138045421976E-7
1962-01-05,2.148747341834678E-6
1962-01-06,1.2442861018502765E-5
1962-01-07,6.429186801089778E-7
1962-01-08,3.6269961307454478E-6
1962-01-09,2.3999387594366156E-6
1962-01-10,1.29011766603071E-6
1962-01-11,2.8917719003631147E-5
1962-01-12,4.003596648764262E-5
1962-01-13,2.855641089742697E-4
1962-01-14,5.24188450944655E-6
1962-01-15,2.568959644122515E-6
1962-01-16,1.7195939108205494E-6
1962-01-17,0.0
1962-01-18,4.20452489088926E-6
1962-01-19,4.350543010787078E-6
1962-01-20,1.2874602361989673E-6
1962-01-21,8.642672355563263E-7
1962-01-22,1.7092282291741867E-6
1962-01-23,1.9495815397910415E-6
1962-01-24,6.391270667231214E-7
1962-01-25,1.7052655399269275E-6
1962-01-26,4.5185957961395106E-7
1962-01-27,0.008086788919937686
1962-01-28,6.606968505189598E-4
1962-01-29,7.533598561687776E-6
1962-01-30,8.935719483552916E-7
1962-01-31,1.7324491636827588E-6
1962-02-01,8.315333843711414E-7
1962-02-02,4.4107440544394194E-7
1962-02-03,8.52346317969932E-7
1962-02-04,1.2911419844385819E-6
1962-02-05,8.486646265737363E-7
1962-02-06,0.0
1962-02-07,0.0018917772022109846
1962-02-08,0.02249368754161404
1962-02-09,6.222609666396517E-4
1962-02-10,3.084200921703717E-4
1962-02-11,3.0392258724303747E-5
1962-02-12,1.0039265009558873E-5
1962-02-13,1.9693417353919675E-4
1962-02-14,4.6973082457663716E-5
1962-02-15,3.071577983253603E-6
1962-02-16,1.7242998894888812E-6
1962-02-17,3.006164405031224E-6
1962-02-18,2.564766688888375E-6
1962-02-19,4.468920168819432E-6
1962-02-20,1.82290620155414E-5
1962-02-21,1.52869852121186E-6
1962-02-22,2.502828636620323E-6
1962-02-23,1.8145479904468643E-4
1962-02-24,1.6814059328649204E-5
1962-02-25,0.0027350342686033547
1962-02-26,0.009280873204865848
1962-02-27,0.005769832271261088
1962-02-28,9.372538181743179E-4
1962-03-01,1.6997444442116992E-6
1962-03-02,1.2934207802572928E-6
1962-03-03,1.2757736027654475E-6
1962-03-04,2.1345559238098327E-6
1962-03-05,2.378731026937798E-4
1962-03-06,0.002324946483477185
1962-03-07,2.690464527812096E-4
1962-03-08,2.1465712052304298E-6
1962-03-09,2.1573284811893245E-6
1962-03-10,0.004092060339917002
1962-03-11,2.4822071044421773E-4
1962-03-12,5.379788973750641E-5
1962-03-13,4.4107436991680515E-7
1962-03-14,4.3588513343520865E-7
1962-03-15,4.4346070550210026E-7
1962-03-16,4.428422642456158E-7
1962-03-17,4.500072136868694E-7
1962-03-18,5.684341886080802E-14
1962-03-19,4.410743663640915E-7
1962-03-20,4.567283412195214E-7
1962-03-21,8.612871056357108E-7
1962-03-22,2.15231943911931E-6
1962-03-23,8.406227038904035E-7
1962-03-24,4.351138045421976E-7
1962-03-25,4.4107436991680515E-7
1962-03-26,4.351138045421976E-7
1962-03-27,0.0
1962-03-28,8.523463748133508E-7
1962-03-29,1.7106935388255806E-6
1962-03-30,8.70227722771233E-7
1962-03-31,3.652304653151815E-6
1962-04-01,0.0017253152239732777
1962-04-02,0.026230789645180205
1962-04-03,0.028703319970499113
1962-04-04,0.016778640354725517
1962-04-05,0.031965554344946946
1962-04-06,0.10986900877358254
1962-04-07,0.04880494536164831
1962-04-08,0.015535581041606534
1962-04-09,0.010804450550031895
1962-04-10,0.013798024682401697
1962-04-11,0.0057270738043142784
1962-04-12,0.0010849419589332068
1962-04-13,3.4192290609282556E-5
1962-04-14,1.0082368302896536E-4
1962-04-15,0.024953750693524807
1962-04-16,0.01252188514161007
1962-04-17,0.00794550197446622
1962-04-18,9.73923296109195E-4
1962-04-19,0.0025739825835634535
1962-04-20,0.006590263293560189
1962-04-21,0.001019337667809057
1962-04-22,0.0014026651975047382
1962-04-23,8.782160463016158E-5
1962-04-24,8.50572785340269E-6
1962-04-25,3.647043306186711E-4
1962-04-26,0.01224702286901542
1962-04-27,0.023567354969555674
1962-04-28,0.014935073500332463
1962-04-29,0.013287480584798885
1962-04-30,0.0328705356135999
1962-05-01,0.04112067066639595
1962-05-02,0.05171767197591913
1962-05-03,0.03793590295924955
1962-05-04,0.05234830063799732
1962-05-05,0.03849160302709191
1962-05-06,0.024377092655339005
1962-05-07,0.011110880208403645
1962-05-08,0.03092626200232908
1962-05-09,0.00767431857043126
1962-05-10,0.018340201987696526
1962-05-11,0.002207998453138048
1962-05-12,4.328840245201551E-4
1962-05-13,4.622723856880187E-5
1962-05-14,2.475846916035537E-4
1962-05-15,0.006241317102835902
1962-05-16,0.012311996564968505
1962-05-17,0.021540999372030956
1962-05-18,0.016277802665798653
1962-05-19,0.009915362946210423
1962-05-20,0.022585804275508863
1962-05-21,0.013570584927319457
1962-05-22,0.0010638787193788157
1962-05-23,5.583472342284509E-4
1962-05-24,3.129917183835492E-4
1962-05-25,0.002865932618160133
1962-05-26,0.03629348158147151
1962-05-27,0.048466433437399745
1962-05-28,0.04197291983431475
1962-05-29,0.06116477507344218
1962-05-30,0.09695526108406191
1962-05-31,0.07934307086278845
1962-06-01,0.028633146722233375
1962-06-02,0.0035603803302834054
1962-06-03,0.005381545052487625
1962-06-04,0.01004706399120942
1962-06-05,0.024382820125865918
1962-06-06,0.02376239649994028
1962-06-07,0.012601019399964549
1962-06-08,0.028293483650203583
1962-06-09,0.10369060967456947
1962-06-10,0.2114138743015491
1962-06-11,0.03590656889695031
1962-06-12,0.019768693383764347
1962-06-13,0.016761294099849784
1962-06-14,0.0242820522869849
1962-06-15,0.01730654452804801
1962-06-16,0.011997595181981412
1962-06-17,0.00657964498577573
1962-06-18,0.007218648497005618
1962-06-19,0.005194734839429403
1962-06-20,0.021787351508965984
1962-06-21,0.022915121203586897
1962-06-22,0.01957642935862431
1962-06-23,0.02007163350670085
1962-06-24,0.02298323432177928
1962-06-25,0.04413281139260602
1962-06-26,0.07113790127023456
1962-06-27,0.06048517641680647
1962-06-28,0.03844352726772721
1962-06-29,0.02753864916904504
1962-06-30,0.019192420718134495
1962-07-01,0.012704883824522452
1962-07-02,0.012889711349057219
1962-07-03,0.010075476852174449
1962-07-04,0.013753846085992182
1962-07-05,0.007918308948591036
1962-07-06,0.008798812501336779
1962-07-07,0.005290439837746197
1962-07-08,0.012715324009234514
1962-07-09,0.009935639931185061
1962-07-10,0.009830787671956026
1962-07-11,0.010341241565698968
1962-07-12,0.011715864649828454
1962-07-13,0.008533921873552258
1962-07-14,0.022464891993413765
1962-07-15,0.03573712333211735
1962-07-16,0.026373162191164992
1962-07-17,0.021391524636332024
1962-07-18,0.016202279061785785
1962-07-19,0.00135054347396862
1962-07-20,0.021400792212844584
1962-07-21,0.009406827734724489
1962-07-22,0.014476113725952436
1962-07-23,0.015144088649750795
1962-07-24,0.012143654700988145
1962-07-25,0.013459274479844505
1962-07-26,0.013605383220960473
1962-07-27,0.024553560334650767
1962-07-28,0.034459660120791595
1962-07-29,0.010216958192042538
1962-07-30,0.012456399401746738
1962-07-31,0.009361532883778473
1962-08-01,0.01050559719349842
1962-08-02,0.012900457772297674
1962-08-03,0.028147342011246374
1962-08-04,0.012076646648891066
1962-08-05,0.01251114440307212
1962-08-06,0.017486906356975373
1962-08-07,0.030411292886456977
1962-08-08,0.028785744672808002
1962-08-09,0.01872503257689517
1962-08-10,0.013879588083507017
1962-08-11,0.010858874574976514
1962-08-12,0.021708336208808566
1962-08-13,0.015097279011108381
1962-08-14,0.017390645728600856
1962-08-15,0.009791064028962352
1962-08-16,0.017584661386580835
1962-08-17,0.02385312134786224
1962-08-18,0.04952898239212914
1962-08-19,0.08793447476655387
1962-08-20,0.06118661916400762
1962-08-21,0.014298300454123865
1962-08-22,0.013309363077125462
1962-08-23,0.009999183209855975
1962-08-24,0.010429956036582158
1962-08-25,0.012182460711093955
1962-08-26,0.012904674970428515
1962-08-27,0.015246165392199003
1962-08-28,0.015420908302936614
1962-08-29,0.009091765212453294
1962-08-30,0.009481483231664834
1962-08-31,0.0037535996985175583
1962-09-01,0.005855836179623029
1962-09-02,0.014960418119595923
1962-09-03,0.00919581283034617
1962-09-04,0.007526287417100198
1962-09-05,0.007793292799810807
1962-09-06,0.008196062761649586
1962-09-07,0.001016736341019068
1962-09-08,0.0012213833353306306
1962-09-09,0.016745087558646277
1962-09-10,0.013504145613020916
1962-09-11,0.009314954962184813
1962-09-12,0.015128558390057846
1962-09-13,0.02044279577329079
1962-09-14,0.011818814400786274
1962-09-15,0.011399925755132023
1962-09-16,0.016378035821350605
1962-09-17,0.013388341197290167
1962-09-18,0.009742512233077497
1962-09-19,0.003669545125065513
1962-09-20,0.001986129199263773
1962-09-21,0.017855396058377777
1962-09-22,0.014380885849280121
1962-09-23,0.008002519072221883
1962-09-24,0.005728264653010868
1962-09-25,0.0027815267843611024
1962-09-26,0.00325264222392906
1962-09-27,0.0019801597017242312
1962-09-28,0.001857328357474135
1962-09-29,0.005726977267155416
1962-09-30,0.026593794686068355
1962-10-01,0.034820548540667046
1962-10-02,0.014624699591425119
1962-10-03,3.2589821973479674E-4
1962-10-04,0.0036310708944838443
1962-10-05,0.006957076122999947
1962-10-06,0.010302959272259925
1962-10-07,0.0051827454385960725
1962-10-08,1.119646767403401E-4
1962-10-09,8.909382792566348E-7
1962-10-10,2.36624006465928E-6
1962-10-11,3.554026046085211E-4
1962-10-12,0.0016880028619396064
1962-10-13,0.0053640509853301035
1962-10-14,0.0016951390015759182
1962-10-15,8.876551423872234E-4
1962-10-16,1.4485691333794882E-4
1962-10-17,3.366008852404943E-5
1962-10-18,1.721541386472634E-6
1962-10-19,4.233997298723875E-5
1962-10-20,9.214492668969025E-5
1962-10-21,1.785661801365961E-4
1962-10-22,9.673955845936282E-4
1962-10-23,3.1837223582185074E-4
1962-10-24,3.167744564976507E-5
1962-10-25,5.982170568153371E-4
1962-10-26,3.8733492782897183E-4
1962-10-27,0.0019134142063611597
1962-10-28,0.01396756430916118
1962-10-29,0.018704196567802076
1962-10-30,0.044490184178583574
1962-10-31,7.459142270066022E-4
1962-11-01,7.176208491787055E-4
1962-11-02,1.1943102140838832E-4
1962-11-03,6.182729034601737E-5
1962-11-04,7.2431150774745135E-6
1962-11-05,1.4370806183004177E-5
1962-11-06,8.167707880229135E-6
1962-11-07,3.0757508353690886E-5
1962-11-08,6.144072516976875E-5
1962-11-09,5.577730179528262E-6
1962-11-10,1.3166958013367399E-4
1962-11-11,1.6538565348125402E-4
1962-11-12,1.8621162012487401E-4
1962-11-13,1.4272262589953779E-4
1962-11-14,2.9949970798633194E-4
1962-11-15,7.54957305902691E-5
1962-11-16,7.260989236798103E-5
1962-11-17,6.358181240001372E-5
1962-11-18,8.501164526612586E-6
1962-11-19,9.159721855690819E-5
1962-11-20,1.3512471797169073E-6
1962-11-21,1.402013173686106E-6
1962-11-22,1.1161153898851782E-6
1962-11-23,2.479576898104493E-6
1962-11-24,1.1189806966569575E-5
1962-11-25,1.2501182301235598E-6
1962-11-26,4.410743663640915E-7
1962-11-27,1.8972937261497407E-6
1962-11-28,1.3767053576438263E-6
1962-11-29,5.218838511893535E-7
1962-11-30,5.868094455175166E-7
1962-12-01,3.341824892475555E-5
1962-12-02,7.233106449850332E-5
1962-12-03,9.513152170579686E-5
1962-12-04,1.8759487842205246E-5
1962-12-05,3.887600981431201E-7
1962-12-06,8.53709479997633E-7
1962-12-07,2.904636587533466E-7
1962-12-08,6.383506664311384E-6
1962-12-09,2.874685069244839E-4
1962-12-10,6.133773433768743E-7
1962-12-11,1.4976056723816662E-6
1962-12-12,1.3031233197711585E-6
1962-12-13,8.702277796146518E-7
1962-12-14,1.232499125723414E-6
1962-12-15,1.8599496267119306E-6
1962-12-16,1.8117692436156298E-6
1962-12-17,2.3755317192939877E-6
1962-12-18,3.2248319669796916E-6
1962-12-19,8.153575130973768E-6
1962-12-20,1.050555805974221E-5
1962-12-21,3.890024353163694E-6
1962-12-22,4.250910248991972E-6
1962-12-23,8.064490188152866E-7
1962-12-24,4.351138613856165E-7
1962-12-25,1.2872446859546471E-6
1962-12-26,4.351138045421976E-7
1962-12-27,1.7829997346580372E-6
1962-12-28,5.995881705703825E-7
1962-12-29,1.0965832406474743E-6
1962-12-30,1.7083879158046247E-6
1962-12-31,1.036965641684072E-6
1963-01-01,4.351138045421976E-7
1963-01-02,8.642672923997452E-7
1963-01-03,2.1969738034154644E-7
1963-01-04,2.571940399320738E-6
1963-01-05,4.351138045421976E-7
1963-01-06,4.351138045421976E-7
1963-01-07,2.7783679714132165E-6
1963-01-08,2.6549045750171467E-8
1963-01-09,7.311737950826657E-6
1963-01-10,4.410743663640915E-7
1963-01-11,4.351138045421976E-7
1963-01-12,1.720376531011425E-6
1963-01-13,1.7198646560245834E-6
1963-01-14,4.351138045421976E-7
1963-01-15,4.333365292782572E-7
1963-01-16,4.877566537021856E-5
1963-01-17,7.062991008468293E-7
1963-01-18,1.719108468023478E-6
1963-01-19,1.2854170563514344E-6
1963-01-20,4.351138045421976E-7
1963-01-21,8.564717290937551E-7
1963-01-22,4.2812001765923924E-7
1963-01-23,0.0
1963-01-24,2.571940399320738E-6
1963-01-25,8.498745387441886E-7
1963-01-26,8.859712505715041E-7
1963-01-27,1.1415662173000673E-6
1963-01-28,4.770064794889034E-7
1963-01-29,4.388046412887663E-7
1963-01-30,1.2780067230636573E-6
1963-01-31,1.756368168166695E-6
1963-02-01,2.1505666154553182E-6
1963-02-02,8.582878763263579E-7
1963-02-03,1.7146639379461703E-6
1963-02-04,1.2755393754559918E-6
1963-02-05,4.351138045421976E-7
1963-02-06,1.2845360364567593E-6
1963-02-07,8.794646806705778E-7
1963-02-08,0.0
1963-02-09,1.5850063966809101E-4
1963-02-10,4.618162699982663E-4
1963-02-11,5.575258917841483E-4
1963-02-12,6.354489939750276E-6
1963-02-13,8.224265577781375E-4
1963-02-14,0.0030272820758059063
1963-02-15,2.476915608442557E-4
1963-02-16,3.2012793307241504E-6
1963-02-17,1.3037724858352608E-6
1963-02-18,2.2799347720258954E-6
1963-02-19,3.4457734727766365E-6
1963-02-20,4.223444989293057E-7
1963-02-21,1.720681950700964E-6
1963-02-22,4.486404539557303E-6
1963-02-23,3.054139319404602E-5
1963-02-24,2.287858223880746E-5
1963-02-25,1.7285346416429093E-6
1963-02-26,4.351138045421976E-7
1963-02-27,8.52346317969932E-7
1963-02-28,2.9033350872159538E-5
1963-03-01,4.3114298547591417E-4
1963-03-02,1.331547477345754E-6
1963-03-03,1.320592040970384E-6
1963-03-04,1.2993811537853617E-6
1963-03-05,1.577433065817445E-6
1963-03-06,1.650672909841373E-4
1963-03-07,2.132221009647592E-4
1963-03-08,3.073292952407392E-4
1963-03-09,2.1528480191968587E-4
1963-03-10,0.0022119116510683507
1963-03-11,0.04469183510679399
1963-03-12,0.0011896734981753938
1963-03-13,6.294902770402216E-4
1963-03-14,4.261732051702438E-7
1963-03-15,3.4281263587843114E-6
1963-03-16,8.58307032558514E-7
1963-03-17,9.148123805268256E-5
1963-03-18,2.1336171787357953E-4
1963-03-19,1.6037227996076775E-4
1963-03-20,0.0011339733156258218
1963-03-21,7.82793965626668E-4
1963-03-22,1.1621867592984503E-4
1963-03-23,1.6234393532839518E-6
1963-03-24,1.7836171995483022E-6
1963-03-25,0.0013978708759380903
1963-03-26,1.035392871146195E-6
1963-03-27,2.146226506738458E-6
1963-03-28,1.7285344711126527E-6
1963-03-29,8.464902521154727E-7
1963-03-30,4.351138613856165E-7
1963-03-31,2.1316021729944623E-6
1963-04-01,3.000776377332532E-5
1963-04-02,0.0016647238451287327
1963-04-03,0.014944063204504516
1963-04-04,0.002359432805526123
1963-04-05,0.0010767720493228326
1963-04-06,0.007979943902281105
1963-04-07,0.004243869708373974
1963-04-08,0.001289066089176031
1963-04-09,0.023071870978571087
1963-04-10,0.018078932332258355
1963-04-11,9.413737816162918E-4
1963-04-12,2.744872346382658E-4
1963-04-13,1.2435114500915613E-4
1963-04-14,0.015292865568502794
1963-04-15,0.04277483204364042
1963-04-16,0.07017028203369498
1963-04-17,0.04901279368444882
1963-04-18,0.07302461751105709
1963-04-19,0.05021848809044686
1963-04-20,0.04146697479176385
1963-04-21,0.03402713242818211
1963-04-22,0.017569340328675142
1963-04-23,1.6241690629582774E-4
1963-04-24,1.4655125144499994E-6
1963-04-25,2.5115420751144424E-4
1963-04-26,0.007347018760448942
1963-04-27,0.0012563489588442126
1963-04-28,0.01806129491345806
1963-04-29,0.02622204018714216
1963-04-30,0.01803425837616686
1963-05-01,0.021012786213160835
1963-05-02,0.030816849671779126
1963-05-03,0.04127328195663744
1963-05-04,0.029419322877777807
1963-05-05,0.006395291962618759
1963-05-06,0.0013802155392640925
1963-05-07,0.008952126960746822
1963-05-08,0.005638310308498996
1963-05-09,0.00569703657313701
1963-05-10,0.00310719517417534
1963-05-11,0.008021332687002045
1963-05-12,0.00727832577901597
1963-05-13,0.009496819923827423
1963-05-14,0.016773551727795204
1963-05-15,0.017209034574285076
1963-05-16,0.02747859814578295
1963-05-17,0.02417924977355026
1963-05-18,0.018774462953336686
1963-05-19,0.01590427236485861
1963-05-20,0.010678168846572418
1963-05-21,0.02813469052739678
1963-05-22,0.027202822562379745
1963-05-23,0.03157643348872766
1963-05-24,0.02662275956588329
1963-05-25,0.005542283182197872
1963-05-26,9.136480955728887E-4
1963-05-27,0.005154399652738496
1963-05-28,0.03644593350546209
1963-05-29,0.050804980097904226
1963-05-30,0.009629007107502816
1963-05-31,0.005469535927065037
1963-06-01,0.01132668553619918
1963-06-02,0.0073652653348756005
1963-06-03,0.012307895236788997
1963-06-04,0.00707467154347846
1963-06-05,0.029812204754239513
1963-06-06,0.0416707084474655
1963-06-07,0.11752880192130291
1963-06-08,0.07685396856999314
1963-06-09,0.06213383751280738
1963-06-10,0.08611367638439045
1963-06-11,0.04718673916738161
1963-06-12,0.03206275628343002
1963-06-13,0.037727986562545286
1963-06-14,0.02460161625857382
1963-06-15,0.012290653584082037
1963-06-16,0.01882445220312184
1963-06-17,0.02357523415074426
1963-06-18,0.05192062637531517
1963-06-19,0.06619376142937389
1963-06-20,0.04789848959997679
1963-06-21,0.04024720562503375
1963-06-22,0.008102043876585934
1963-06-23,0.004053905873279889
1963-06-24,0.011836557696234287
1963-06-25,0.021963112009312388
1963-06-26,0.011371913109023107
1963-06-27,0.024004715981817047
1963-06-28,0.02128100254416811
1963-06-29,0.01995239246175333
1963-06-30,0.016481137224150646
1963-07-01,0.02015623550151469
1963-07-02,0.015774727995166847
1963-07-03,0.010158421175357587
1963-07-04,0.016254157414471688
1963-07-05,0.022459171247077806
1963-07-06,0.019043538594471263
1963-07-07,0.013918239828609593
1963-07-08,0.03557449692668116
1963-07-09,0.049068413878923224
1963-07-10,0.031662524325310144
1963-07-11,0.03163245942723546
1963-07-12,0.042838778791125465
1963-07-13,0.021986276361185636
1963-07-14,0.013434925070418872
1963-07-15,0.007268307358021534
1963-07-16,0.001850898346373801
1963-07-17,0.004220380160287631
1963-07-18,0.011858607338945998
1963-07-19,0.026222005473763434
1963-07-20,0.028936961599811673
1963-07-21,0.05014587086647174
1963-07-22,0.01176880957547842
1963-07-23,0.01484767531637788
1963-07-24,0.020923916150437608
1963-07-25,0.022846585049919144
1963-07-26,0.008445156646213377
1963-07-27,0.006068399125827275
1963-07-28,0.0345088576510676
1963-07-29,0.04997232136657622
1963-07-30,0.016038137033019463
1963-07-31,0.01818199300955344
1963-08-01,0.018656682013742158
1963-08-02,0.014307472796179327
1963-08-03,0.012463779741978365
1963-08-04,0.02338455009968142
1963-08-05,0.014590102314420863
1963-08-06,0.014549397330616935
1963-08-07,0.009676075943702575
1963-08-08,0.01786112874058382
1963-08-09,0.00895681810128743
1963-08-10,0.033137688740140434
1963-08-11,0.017145977615477613
1963-08-12,0.0185178143789031
1963-08-13,0.009595907585501004
1963-08-14,0.00872498993196087
1963-08-15,0.0060992478015105865
1963-08-16,0.010872410659414498
1963-08-17,0.01212671231758388
1963-08-18,0.01721293513399328
1963-08-19,0.018029045030461176
1963-08-20,0.02296461446522481
1963-08-21,0.015772948960584034
1963-08-22,0.016190875395448556
1963-08-23,0.01540672626455155
1963-08-24,0.01200802941672031
1963-08-25,0.02481494620954435
1963-08-26,0.01892380089816178
1963-08-27,0.012587885351913762
1963-08-28,0.015220299193452549
1963-08-29,0.010627764611233279
1963-08-30,0.009632498455702227
1963-08-31,0.0115791448761273
1963-09-01,0.018310414295573986
1963-09-02,0.03721834218270805
1963-09-03,0.029892327234042275
1963-09-04,0.00989176328252885
1963-09-05,0.0014727643941868252
1963-09-06,7.622906044101483E-4
1963-09-07,0.0017673856406553031
1963-09-08,6.843233065439354E-4
1963-09-09,8.278073646246114E-4
1963-09-10,0.015432894936186733
1963-09-11,0.007863474759575108
1963-09-12,0.010921734505035054
1963-09-13,0.023111676804546677
1963-09-14,0.019721081522917825
1963-09-15,0.013494777509714145
1963-09-16,0.014367708490285956
1963-09-17,0.015274555987614274
1963-09-18,0.005785117545714539
1963-09-19,0.01164537911880644
1963-09-20,0.0015708570103009868
1963-09-21,0.0029862304788831587
1963-09-22,7.12746159534234E-4
1963-09-23,9.031905421736125E-5
1963-09-24,1.0801463279938227E-4
1963-09-25,0.009571627950721058
1963-09-26,0.02010413413076379
1963-09-27,0.012672095447315323
1963-09-28,0.03295582103591292
1963-09-29,0.021022166937905457
1963-09-30,0.016067481477551042
1963-10-01,0.006480699125461173
1963-10-02,0.009958622834138784
1963-10-03,0.0029581411755670705
1963-10-04,0.0041142103233658646
1963-10-05,0.009506775777400452
1963-10-06,0.02087509616410594
1963-10-07,0.0373319242960577
1963-10-08,0.008309376748148405
1963-10-09,0.0029966029378850827
1963-10-10,0.007276565212902158
1963-10-11,0.002389179474904922
1963-10-12,0.0027591103443187466
1963-10-13,0.017312662462658984
1963-10-14,0.005741046102933353
1963-10-15,0.0022106802833225052
1963-10-16,0.0010479852323630515
1963-10-17,5.044705656691176E-4
1963-10-18,8.214351383085977E-4
1963-10-19,1.3859267265810442E-4
1963-10-20,8.570947181286662E-6
1963-10-21,6.531495364070628E-5
1963-10-22,1.2132723121284752E-5
1963-10-23,0.00543842245033815
1963-10-24,0.04148840545479836
1963-10-25,0.04046592578765632
1963-10-26,3.4900833876496236E-5
1963-10-27,8.541646041711003E-7
1963-10-28,4.3917779321375137E-4
1963-10-29,0.004294289021478225
1963-10-30,0.0032986129672896054
1963-10-31,0.0022192455814360273
1963-11-01,0.0034561148061121897
1963-11-02,0.00255222520795221
1963-11-03,0.0034336739302085672
1963-11-04,0.0023907604572173517
1963-11-05,6.717780494199954E-5
1963-11-06,2.171983903696535E-5
1963-11-07,1.5316606921344364E-6
1963-11-08,2.4619400339408486E-6
1963-11-09,2.922510435130373E-6
1963-11-10,6.935472047754401E-6
1963-11-11,5.214125772315952E-5
1963-11-12,8.933108949327507E-5
1963-11-13,7.152018225616894E-4
1963-11-14,5.7926815329060736E-5
1963-11-15,2.476742045297017E-4
1963-11-16,1.012455392090572E-5
1963-11-17,9.692852348880853E-5
1963-11-18,1.2193059128335578E-4
1963-11-19,1.1994042286219823E-5
1963-11-20,4.959249848312441E-6
1963-11-21,2.716203903876289E-6
1963-11-22,6.165764179775189E-5
1963-11-23,0.0013101199924480662
1963-11-24,3.712004339018871E-4
1963-11-25,2.31078934348261E-6
1963-11-26,2.1867873952532265E-6
1963-11-27,3.836279761121055E-6
1963-11-28,6.379370860094574E-6
1963-11-29,1.7440383138072496E-5
1963-11-30,2.0782351068607235E-6
1963-12-01,4.0424870855754907E-4
1963-12-02,2.512806744417014E-4
1963-12-03,1.7888955973046913E-6
1963-12-04,2.18691432478231E-6
1963-12-05,4.7028853668646824E-5
1963-12-06,1.2934207802572928E-6
1963-12-07,8.477191312396162E-5
1963-12-08,0.0014606735889794507
1963-12-09,1.163819506078033E-4
1963-12-10,4.62434487770098E-5
1963-12-11,1.4615881861962176E-4
1963-12-12,1.5253058964944855E-4
1963-12-13,8.70200530454706E-5
1963-12-14,8.220045343533178E-5
1963-12-15,3.062193652031554E-4
1963-12-16,2.427677820868683E-5
1963-12-17,2.3868324651393675E-6
1963-12-18,8.495871266028829E-7
1963-12-19,9.23035543096875E-7
1963-12-20,1.8726017723213522E-6
1963-12-21,2.1663242851096224E-6
1963-12-22,1.6283789821531801E-6
1963-12-23,8.091709415011953E-6
1963-12-24,8.583068051848386E-7
1963-12-25,1.2791702465751326E-6
1963-12-26,2.1430987544590607E-6
1963-12-27,1.295276772833927E-6
1963-12-28,0.0
1963-12-29,3.896032055679384E-5
1963-12-30,1.7538586154738225E-4
1963-12-31,2.171048956068846E-4
1964-01-01,1.9680788852006358E-4
1964-01-02,1.2054781004183558E-6
1964-01-03,1.304750884249929E-6
1964-01-04,1.3163133632320026E-6
1964-01-05,8.927345964949947E-8
1964-01-06,2.1829362542562693E-6
1964-01-07,1.2986960445957898E-6
1964-01-08,1.2786833281097643E-6
1964-01-09,1.7205060771630087E-6
1964-01-10,2.153613056069492E-6
1964-01-11,7.874297172452184E-5
1964-01-12,2.3053117007882432E-5
1964-01-13,8.102179002415434E-5
1964-01-14,3.1997207772878504E-5
1964-01-15,2.2232933304088242E-4
1964-01-16,1.3138255189954502E-5
1964-01-17,1.2797400284850584E-6
1964-01-18,2.1479982024175115E-6
1964-01-19,2.1576879589702003E-6
1964-01-20,8.70227722771233E-7
1964-01-21,9.499903476326928E-7
1964-01-22,0.00284830112372899
1964-01-23,0.0011133443666070462
1964-01-24,2.8471214534127066E-4
1964-01-25,1.2752823907648514E-5
1964-01-26,1.8262777577568274E-6
1964-01-27,1.7195939108205494E-6
1964-01-28,1.7103163258980203E-6
1964-01-29,1.7046919538188376E-6
1964-01-30,8.583068833445395E-7
1964-01-31,1.2864586054206484E-6
1964-02-01,4.449357290252925E-6
1964-02-02,1.299664127342806E-6
1964-02-03,1.2664808082263335E-6
1964-02-04,8.628839197779527E-4
1964-02-05,1.710108540543575E-6
1964-02-06,2.0191675364274207E-5
1964-02-07,0.0037873878309537977
1964-02-08,1.1607867309985628E-4
1964-02-09,0.0
1964-02-10,1.3456597305111048E-5
1964-02-11,1.3169926264603779E-6
1964-02-12,2.5719400582602248E-6
1964-02-13,1.293420723413874E-6
1964-02-14,2.5689601557132846E-6
1964-02-15,8.553266184208042E-7
1964-02-16,0.0
1964-02-17,9.912062590551538E-7
1964-02-18,4.351138045421976E-7
1964-02-19,8.566259452891245E-7
1964-02-20,1.2814998058274796E-6
1964-02-21,5.562904942242398E-6
1964-02-22,4.210178423834076E-4
1964-02-23,0.023182430029071492
1964-02-24,0.022493011602513383
1964-02-25,0.0030619966096616215
1964-02-26,3.4991261921281294E-4
1964-02-27,1.8476745403107466E-4
1964-02-28,6.950762012928406E-5
1964-02-29,2.580058250811891E-4
1964-03-01,2.8207436401101425E-4
1964-03-02,7.960354597065493E-4
1964-03-03,0.0016084262864686325
1964-03-04,0.008629097845943673
1964-03-05,0.0024259280172191093
1964-03-06,9.277212536568756E-4
1964-03-07,2.8604613449542063E-6
1964-03-08,1.2840513084804668E-6
1964-03-09,4.500037683316801E-7
1964-03-10,1.7278271116083488E-6
1964-03-11,0.0
1964-03-12,2.1505864538085007E-6
1964-03-13,2.859706831527362E-8
1964-03-14,3.860940322490176E-4
1964-03-15,9.757786943182667E-6
1964-03-16,1.3155358329677676E-5
1964-03-17,0.011965249503795817
1964-03-18,0.024553115407023488
1964-03-19,0.002997162132335537
1964-03-20,0.01247491088082956
1964-03-21,0.010902212049397971
1964-03-22,0.008819163383896239
1964-03-23,1.8795653633559193E-4
1964-03-24,4.707674090762975E-5
1964-03-25,4.6822212461795275E-5
1964-03-26,2.4684177657772354E-4
1964-03-27,0.0010644946061128227
1964-03-28,6.334822524844654E-4
1964-03-29,0.0011529753139811719
1964-03-30,2.601537758504744E-4
1964-03-31,0.001782438934522222
1964-04-01,0.03421383537524354
1964-04-02,0.03112356493145815
1964-04-03,0.049697898292875686
1964-04-04,0.08152293174996939
1964-04-05,0.02031981735613781
1964-04-06,0.00464597139568722
1964-04-07,0.005011988424222259
1964-04-08,0.0020777780648773116
1964-04-09,0.0016516916708469926
1964-04-10,0.0022946072920047573
1964-04-11,0.013034550087550958
1964-04-12,0.053116890667224956
1964-04-13,0.07627857220735683
1964-04-14,0.058354294903872866
1964-04-15,0.09828618739553961
1964-04-16,0.09779584601995231
1964-04-17,0.08174824934464077
1964-04-18,0.05247561745725239
1964-04-19,0.01012598634579631
1964-04-20,6.131206051125183E-4
1964-04-21,0.0011685014808920642
1964-04-22,0.00404854829544513
1964-04-23,0.012080421004980291
1964-04-24,6.978560879443949E-4
1964-04-25,7.452554949101687E-4
1964-04-26,0.01102993021412841
1964-04-27,0.0027793422013696945
1964-04-28,0.0012889491141311086
1964-04-29,0.005970686028113946
1964-04-30,0.01859295925542567
1964-05-01,0.07422728717150304
1964-05-02,0.06620509998921788
1964-05-03,0.05346045541092363
1964-05-04,0.03666197691298485
1964-05-05,0.03193651008973427
1964-05-06,0.02553193672410257
1964-05-07,0.02717044676960894
1964-05-08,0.003912654496210161
1964-05-09,0.010321944847789115
1964-05-10,0.027056535394447752
1964-05-11,0.005239846146577009
1964-05-12,0.007503399410769743
1964-05-13,4.6408626036423863E-4
1964-05-14,0.0030894141079039344
1964-05-15,0.003494515751856951
1964-05-16,0.009298826168291837
1964-05-17,0.012538816188112163
1964-05-18,0.05189940668342738
1964-05-19,0.046508752171710396
1964-05-20,0.015279288206657193
1964-05-21,0.009615680186476322
1964-05-22,0.0018946574396460354
1964-05-23,0.0022089089746546615
1964-05-24,0.006182319606745866
1964-05-25,0.0021736070323379996
1964-05-26,4.3327594628003594E-4
1964-05-27,4.582620172314067E-5
1964-05-28,1.785083701899351E-4
1964-05-29,5.73151429862495E-4
1964-05-30,0.008314576948304246
1964-05-31,0.006452395032613957
1964-06-01,0.01386313958316215
1964-06-02,0.018367422537762666
1964-06-03,0.028613110635489408
1964-06-04,0.040014618629577475
1964-06-05,0.035944675742452706
1964-06-06,0.0420631024761648
1964-06-07,0.020437102170940434
1964-06-08,0.011483964387312627
1964-06-09,0.01203532002213443
1964-06-10,0.015901485275673744
1964-06-11,0.029178358456728778
1964-06-12,0.032659341954295346
1964-06-13,0.05517968952948123
1964-06-14,0.046342400854953454
1964-06-15,0.04004991735092219
1964-06-16,0.03852743688306419
1964-06-17,0.027517854491237958
1964-06-18,0.03268534846947279
1964-06-19,0.021813604612088273
1964-06-20,0.022695396352188278
1964-06-21,0.020028139932048807
1964-06-22,0.02552751818445721
1964-06-23,0.020100050717889385
1964-06-24,0.010898697574811215
1964-06-25,0.025156274377991564
1964-06-26,0.018924208467666313
1964-06-27,0.0170932709524287
1964-06-28,0.024007318983130705
1964-06-29,0.018181729189231867
1964-06-30,0.009926946406200985
1964-07-01,0.011023238688953437
1964-07-02,0.01225576242604649
1964-07-03,0.015151934487769863
1964-07-04,0.020311541968369356
1964-07-05,0.03247185601922818
1964-07-06,0.025452537233418473
1964-07-07,0.03621082065896149
1964-07-08,0.026922419764093354
1964-07-09,0.013362219479774333
1964-07-10,0.029264007146788857
1964-07-11,0.01890500194371265
1964-07-12,0.0238195709022828
1964-07-13,0.028114309573564592
1964-07-14,0.037633093280666545
1964-07-15,0.05651868568851769
1964-07-16,0.06322139220148754
1964-07-17,0.06678495078633938
1964-07-18,0.015483256230033889
1964-07-19,0.009614162597955998
1964-07-20,0.014764020327171895
1964-07-21,0.015403796802194128
1964-07-22,0.023502444960380918
1964-07-23,0.025257790630836347
1964-07-24,0.022726290273349097
1964-07-25,0.02305787402249879
1964-07-26,0.019853710169134117
1964-07-27,0.04133403809677075
1964-07-28,0.06760794221363851
1964-07-29,0.11699474565347623
1964-07-30,0.07346712933769052
1964-07-31,0.04107070306305252
1964-08-01,0.029638399157908557
1964-08-02,0.03352800735572352
1964-08-03,0.012772785744708746
1964-08-04,0.007114736399455173
1964-08-05,0.029432934507124687
1964-08-06,0.015738943711438576
1964-08-07,0.007008376698946344
1964-08-08,0.02164104998359895
1964-08-09,0.02247927448158581
1964-08-10,0.01501555965014894
1964-08-11,0.011930872674318412
1964-08-12,0.008867487605511646
1964-08-13,0.01575797702578796
1964-08-14,0.008946476318485832
1964-08-15,0.01457364681183362
1964-08-16,0.010208904277210294
1964-08-17,0.007305240992763493
1964-08-18,0.011034396992428227
1964-08-19,0.030320529983820798
1964-08-20,0.02884833185529281
1964-08-21,0.013279227099322175
1964-08-22,0.014025755420408351
1964-08-23,0.02840486003956752
1964-08-24,0.007997098092397159
1964-08-25,0.006884113375194658
1964-08-26,0.023135608709421475
1964-08-27,0.011516365740587616
1964-08-28,0.0063332826116815925
1964-08-29,0.007481250312406902
1964-08-30,0.007698992850796682
1964-08-31,0.011872911353206715
1964-09-01,0.02039972488758468
1964-09-02,0.03158271043988368
1964-09-03,0.02066732014356838
1964-09-04,0.02258962913615512
1964-09-05,0.01885892108599433
1964-09-06,0.012338612664467985
1964-09-07,0.0185932128148048
1964-09-08,0.019082619813079446
1964-09-09,0.018988688312154087
1964-09-10,0.01018946818211729
1964-09-11,0.011003889830903583
1964-09-12,0.01601077977709551
1964-09-13,0.009987105514422322
1964-09-14,0.018790463076403738
1964-09-15,0.01050645131198417
1964-09-16,0.008213150651549867
1964-09-17,0.024165651581984037
1964-09-18,0.025400128425713077
1964-09-19,0.014786917679868367
1964-09-20,0.014260362980595168
1964-09-21,0.01461280953203667
1964-09-22,0.016046263492434702
1964-09-23,0.018587386623627883
1964-09-24,0.0139693083502137
1964-09-25,0.005139131511033969
1964-09-26,0.01312856661956504
1964-09-27,0.0050928961843743105
1964-09-28,0.006405650256250487
1964-09-29,0.008124134635163397
1964-09-30,0.010409453032598609
1964-10-01,0.005459407451214939
1964-10-02,8.188507144178808E-4
1964-10-03,0.010947343342637722
1964-10-04,0.015475800344881987
1964-10-05,0.04613835795695858
1964-10-06,0.09262888721174248
1964-10-07,0.040270403401253214
1964-10-08,0.012500226517097139
1964-10-09,0.018683468243807042
1964-10-10,0.019309467335008944
1964-10-11,0.020049880567916917
1964-10-12,0.006785174320379973
1964-10-13,0.002216972694967877
1964-10-14,0.002404178312489753
1964-10-15,0.0024620042296686013
1964-10-16,0.004227099905722252
1964-10-17,0.0038112783651919908
1964-10-18,0.024973910205362857
1964-10-19,0.033515703241760696
1964-10-20,0.03381845641716824
1964-10-21,0.012196845456460468
1964-10-22,0.012385847619370532
1964-10-23,0.0010676104115515373
1964-10-24,4.031217139432022E-6
1964-10-25,0.0022735340880298775
1964-10-26,0.0137841823441972
1964-10-27,0.010795667514177425
1964-10-28,0.0014818739597328178
1964-10-29,2.5753441966448157E-4
1964-10-30,3.222944548708855E-5
1964-10-31,1.8265062742938492E-6
1964-11-01,1.132646210036037E-5
1964-11-02,1.3192463898521335E-4
1964-11-03,1.386345758269377E-4
1964-11-04,1.900496208943383E-5
1964-11-05,3.143594495008591E-6
1964-11-06,1.4497133763203668E-5
1964-11-07,1.8628958101896643E-6
1964-11-08,1.7067869263536067E-6
1964-11-09,3.2604096030535794E-6
1964-11-10,3.0291234253584564E-6
1964-11-11,2.192266550613399E-6
1964-11-12,2.4773708485454502E-5
1964-11-13,3.9632868334496844E-4
1964-11-14,3.0150023203479764E-4
1964-11-15,0.0044890148385627075
1964-11-16,0.021120059341289913
1964-11-17,3.3889710224579544E-4
1964-11-18,1.1242257642270545E-5
1964-11-19,3.5308845212004777E-4
1964-11-20,0.0020081342230696326
1964-11-21,3.414199797578878E-5
1964-11-22,1.6318794361428723E-4
1964-11-23,2.8279460483755797E-4
1964-11-24,0.0035672966083973214
1964-11-25,0.0030553829434292867
1964-11-26,0.0019581639124086206
1964-11-27,8.755879435703122E-4
1964-11-28,5.778799606540989E-4
1964-11-29,3.150163965690971E-4
1964-11-30,1.8161826308943764E-4
1964-12-01,2.8023247343267317E-5
1964-12-02,2.716661222936475E-5
1964-12-03,3.9207774257923053E-5
1964-12-04,1.743802634115191E-4
1964-12-05,9.986785186691177E-4
1964-12-06,0.001069154237117046
1964-12-07,3.56504460623844E-4
1964-12-08,9.24227845910857E-6
1964-12-09,4.019698580914285E-6
1964-12-10,1.7781279903156357E-6
1964-12-11,2.7679207731498906E-6
1964-12-12,8.52346317969932E-7
1964-12-13,2.2613784632148393E-5
1964-12-14,1.2248321678597112E-4
1964-12-15,4.486031569501388E-6
1964-12-16,8.523463748133508E-7
1964-12-17,1.2874602361989673E-6
1964-12-18,-5.960487214906607E-9
1964-12-19,4.058942801690517E-7
1964-12-20,0.0
1964-12-21,1.279559455724666E-6
1964-12-22,4.351138045421976E-7
1964-12-23,1.5983961463325356E-6
1964-12-24,1.9353197261797003E-6
1964-12-25,5.925125370446684E-5
1964-12-26,2.1551804825242747E-6
1964-12-27,1.2952756378581398E-6
1964-12-28,4.353024377388134E-7
1964-12-29,1.050701904031711E-6
1964-12-30,1.843802664686699E-6
1964-12-31,0.0
1965-01-01,8.523069254806614E-7
1965-01-02,4.351138045421976E-7
1965-01-03,8.642672923997452E-7
1965-01-04,4.930995630480023E-7
1965-01-05,9.894543220939526E-5
1965-01-06,3.624672092213997E-5
1965-01-07,3.682999485887732E-6
1965-01-08,2.1547321011894383E-6
1965-01-09,8.467311545246048E-7
1965-01-10,1.2654135730372218E-6
1965-01-11,4.410743663640915E-7
1965-01-12,8.52346317969932E-7
1965-01-13,1.3035156905450768E-6
1965-01-14,1.7661572412779565E-7
1965-01-15,1.7046927496267017E-6
1965-01-16,8.541267052640179E-7
1965-01-17,1.7937778290650004E-5
1965-01-18,1.9937985897782943E-6
1965-01-19,2.185196513022085E-6
1965-01-20,8.76284743169744E-7
1965-01-21,6.959419374521072E-7
1965-01-22,1.1240832044299008E-6
1965-01-23,4.3541871847645325E-7
1965-01-24,2.573960557583632E-6
1965-01-25,1.78813479578821E-8
1965-01-26,0.0
1965-01-27,4.351138613856165E-7
1965-01-28,1.2874602930423862E-6
1965-01-29,0.0
1965-01-30,1.284479992591514E-6
1965-01-31,8.642672355563263E-7
1965-02-01,8.56451777053735E-7
1965-02-02,1.3093009590187847E-6
1965-02-03,1.8799907366328792E-5
1965-02-04,2.4191507238322107E-4
1965-02-05,0.005706452529957537
1965-02-06,0.04254782859639455
1965-02-07,0.018493873936834722
1965-02-08,0.0019701223414595507
1965-02-09,2.2530285469818173E-4
1965-02-10,2.716647005844097E-6
1965-02-11,1.313252732016457E-6
1965-02-12,2.9859098407741523E-6
1965-02-13,8.894798554264281E-7
1965-02-14,4.2347458261486955E-7
1965-02-15,8.553266184208042E-7
1965-02-16,-2.341153049201239E-9
1965-02-17,1.2833196478823083E-6
1965-02-18,4.351138045421976E-7
1965-02-19,0.002899626563244082
1965-02-20,0.001721183002926375
1965-02-21,1.6931432606167874E-4
1965-02-22,1.4259717884780357E-6
1965-02-23,0.0
1965-02-24,8.583068620282575E-7
1965-02-25,2.1505338736460544E-6
1965-02-26,8.643344244774198E-7
1965-02-27,0.0
1965-02-28,4.0690678392531564E-7
1965-03-01,1.1029167621686128E-6
1965-03-02,5.384457916309425E-4
1965-03-03,0.009092655186718996
1965-03-04,7.673913679233969E-5
1965-03-05,8.22925624510064E-6
1965-03-06,1.7173836113215657E-6
1965-03-07,1.7101058347179787E-6
1965-03-08,1.690101991329293E-5
1965-03-09,6.422125470574908E-5
1965-03-10,1.7578050986919357E-6
1965-03-11,0.0
1965-03-12,0.0
1965-03-13,8.52346317969932E-7
1965-03-14,4.261732087229575E-7
1965-03-15,4.927860357257734E-7
1965-03-16,8.630381960420035E-7
1965-03-17,8.556540654542998E-7
1965-03-18,8.498273018631153E-7
1965-03-19,2.9083234488008855E-4
1965-03-20,3.6056435177764836E-6
1965-03-21,2.475123315229932E-4
1965-03-22,5.751087425681421E-5
1965-03-23,0.019687396789987672
1965-03-24,0.00755635956539688
1965-03-25,1.3646649700023114E-4
1965-03-26,0.0033510313974364062
1965-03-27,0.028253601160594853
1965-03-28,0.03769772692050407
1965-03-29,0.0049533675486011335
1965-03-30,0.005384496812548947
1965-03-31,0.001270588200510436
1965-04-01,0.007792684770874665
1965-04-02,0.02671381942152136
1965-04-03,0.011087499981389574
1965-04-04,9.809481048584575E-5
1965-04-05,2.3736879999934926E-5
1965-04-06,1.1268547413674033E-5
1965-04-07,0.0011799903164401097
1965-04-08,0.006218102049571309
1965-04-09,0.02558356984702462
1965-04-10,0.014492145754314685
1965-04-11,0.0015426567165789655
1965-04-12,0.011056088013679886
1965-04-13,0.032488832282004686
1965-04-14,0.009989430354423604
1965-04-15,0.008442603408154394
1965-04-16,0.010870672708657037
1965-04-17,0.006440414077994185
1965-04-18,0.003340264736613102
1965-04-19,0.012793341304824542
1965-04-20,0.007684900706714646
1965-04-21,0.002074235067604718
1965-04-22,0.005974050321391302
1965-04-23,8.456643405435186E-4
1965-04-24,0.0017847103272255627
1965-04-25,0.002713338510391694
1965-04-26,0.0025764863972546725
1965-04-27,0.004677543873887884
1965-04-28,0.002292032706146972
1965-04-29,9.384711721645122E-4
1965-04-30,4.741418568335392E-4
1965-05-01,6.532761358811766E-4
1965-05-02,0.004534805892519867
1965-05-03,0.05949253557551907
1965-05-04,0.06352732761143946
1965-05-05,0.03615221513552782
1965-05-06,0.03132840588989294
1965-05-07,0.020262478934558476
1965-05-08,0.018367324739780744
1965-05-09,0.0020457249424526507
1965-05-10,0.004164598635311081
1965-05-11,0.034166374362399825
1965-05-12,0.05980453111651768
1965-05-13,0.012159374268741639
1965-05-14,0.004516785103175655
1965-05-15,0.0011725932552928227
1965-05-16,1.7013666553559946E-4
1965-05-17,7.639254271133187E-4
1965-05-18,0.005904097737416034
1965-05-19,0.018230713601471733
1965-05-20,0.015534478249302836
1965-05-21,0.02254828476743612
1965-05-22,0.009285902132344741
1965-05-23,0.008117025043143024
1965-05-24,0.00711224511562676
1965-05-25,0.00681865095398606
1965-05-26,0.009573613127304587
1965-05-27,0.006453749806351693
1965-05-28,0.0017130202488460468
1965-05-29,0.012408361019072325
1965-05-30,0.007592034040756457
1965-05-31,0.02162601038929151
1965-06-01,0.07902215020036334
1965-06-02,0.0433939532128206
1965-06-03,0.043621351169209094
1965-06-04,0.05826624031009495
1965-06-05,0.043625257071626775
1965-06-06,0.018147278710404523
1965-06-07,0.010535367307866158
1965-06-08,0.006184022621981236
1965-06-09,4.518701183083803E-4
1965-06-10,5.662944646611729E-4
1965-06-11,0.0016874336455548998
1965-06-12,0.004814679412483481
1965-06-13,0.0195313120597887
1965-06-14,0.012083582424800643
1965-06-15,0.007826535578923774
1965-06-16,0.11908653116887809
1965-06-17,0.07858852564125238
1965-06-18,0.0672482957845995
1965-06-19,0.030493828909083573
1965-06-20,0.02188647772443606
1965-06-21,0.011984065343663083
1965-06-22,0.028392744620660968
1965-06-23,0.025556289277934286
1965-06-24,0.015065291522830655
1965-06-25,0.006944253376193777
1965-06-26,0.04005806853141039
1965-06-27,0.019886508973407244
1965-06-28,0.01873636910007529
1965-06-29,0.03759843395581482
1965-06-30,0.044049532254440624
1965-07-01,0.07714501492949369
1965-07-02,0.019986357539477563
1965-07-03,0.00791270014400568
1965-07-04,0.015915256616936553
1965-07-05,0.01666501114391405
1965-07-06,0.03454405641322726
1965-07-07,0.03173143443977002
1965-07-08,0.07394299770796924
1965-07-09,0.07427382508922008
1965-07-10,0.02169945148879566
1965-07-11,0.008744903798563596
1965-07-12,0.01424011472375751
1965-07-13,0.004464880357503561
1965-07-14,0.009732906116527048
1965-07-15,0.007430597202894558
1965-07-16,0.01051355538599064
1965-07-17,0.015348745842287844
1965-07-18,0.0157385075014573
1965-07-19,0.012639236549249273
1965-07-20,0.012366593820769664
1965-07-21,0.011092319062128583
1965-07-22,0.009794051395744617
1965-07-23,0.015624639761628117
1965-07-24,0.02046758036468864
1965-07-25,0.011663114417009679
1965-07-26,0.033249312040458195
1965-07-27,0.0178182292043309
1965-07-28,0.04131128026652406
1965-07-29,0.03040607585292607
1965-07-30,0.027240302050810992
1965-07-31,0.012398019996676841
1965-08-01,0.011895651235827141
1965-08-02,0.013068000236182513
1965-08-03,0.025366348189253343
1965-08-04,0.014799472882131426
1965-08-05,0.02053531124843339
1965-08-06,0.03551327009077018
1965-08-07,0.027163155047018418
1965-08-08,0.017723835198849278
1965-08-09,0.015080727348497781
1965-08-10,0.017895251833539405
1965-08-11,0.03358996033493353
1965-08-12,0.0215301855836105
1965-08-13,0.02625318560725486
1965-08-14,0.012767081191343389
1965-08-15,0.03376104526899455
1965-08-16,0.02873122570012243
1965-08-17,0.00792658104415421
1965-08-18,0.003013326016636943
1965-08-19,0.009744806344793563
1965-08-20,0.0018690358524715933
1965-08-21,0.010130546882789268
1965-08-22,0.021169649245426254
1965-08-23,0.02283394892220399
1965-08-24,0.022381487837153224
1965-08-25,0.03220883768417931
1965-08-26,0.04233846238729682
1965-08-27,0.022495885401786958
1965-08-28,0.00763478659086559
1965-08-29,0.008550498354928378
1965-08-30,0.00913040487161768
1965-08-31,0.008311728687358582
1965-09-01,0.0028799758350978233
1965-09-02,0.0015764050650121221
1965-09-03,7.926074257553891E-4
1965-09-04,0.012135155862461482
1965-09-05,0.02046235823476246
1965-09-06,0.0037049519640011018
1965-09-07,0.011157890866657508
1965-09-08,0.019053735762215432
1965-09-09,0.01723143575156034
1965-09-10,0.011464815576469277
1965-09-11,0.020165419035171852
1965-09-12,0.01685344252583159
1965-09-13,0.011173559437336987
1965-09-14,0.008554706879046385
1965-09-15,0.008318866227990239
1965-09-16,0.00744174940769271
1965-09-17,0.012133156490980549
1965-09-18,0.022860211842408072
1965-09-19,0.010322406760459936
1965-09-20,0.014054096891959281
1965-09-21,0.004756574355505453
1965-09-22,0.004854097917148629
1965-09-23,0.0035020978550640725
1965-09-24,0.01479814159722102
1965-09-25,0.01879076314639454
1965-09-26,0.02299456917995137
1965-09-27,0.016234025694370685
1965-09-28,0.008834508632449932
1965-09-29,0.0023900309898299836
1965-09-30,0.005980213067831682
1965-10-01,0.006257132917721345
1965-10-02,0.0038268341117484034
1965-10-03,8.835022128913534E-4
1965-10-04,0.003600296166574688
1965-10-05,0.002867347654223141
1965-10-06,0.001544584555041063
1965-10-07,0.0012181876892075432
1965-10-08,0.003822388448293456
1965-10-09,0.004624978327596121
1965-10-10,0.0014061651481749112
1965-10-11,9.323916655145796E-5
1965-10-12,9.40742119643927E-5
1965-10-13,9.34152336100281E-4
1965-10-14,1.8857068614223306E-4
1965-10-15,0.0011788326057085533
1965-10-16,1.519595530434781E-4
1965-10-17,1.1392813238109292E-5
1965-10-18,0.001008671108787489
1965-10-19,0.0052318041847351825
1965-10-20,0.009230200819238081
1965-10-21,0.02849806401382829
1965-10-22,0.06737150133290738
1965-10-23,0.0030568167084448652
1965-10-24,3.8551016167513415E-4
1965-10-25,1.734493183096418E-5
1965-10-26,0.0012595870272375535
1965-10-27,1.9459580141789176E-4
1965-10-28,1.1395846411196538E-4
1965-10-29,1.2977528554681736E-4
1965-10-30,5.932651429569143E-4
1965-10-31,0.005128199902995121
1965-11-01,0.00708303722348766
1965-11-02,0.01149754503720862
1965-11-03,0.004082930175366784
1965-11-04,0.002297310463456067
1965-11-05,0.001512323409037785
1965-11-06,0.002649602558308263
1965-11-07,0.0012757425010154581
1965-11-08,1.3417883081332168E-6
1965-11-09,1.4123988547766144E-5
1965-11-10,3.2800147244026693E-6
1965-11-11,3.2826784146334186E-6
1965-11-12,4.248727263196038E-6
1965-11-13,2.835244431598819E-6
1965-11-14,1.3626278044868396E-5
1965-11-15,6.502544599311116E-6
1965-11-16,2.72719024613021E-6
1965-11-17,4.556134565531876E-6
1965-11-18,6.136239370489895E-6
1965-11-19,3.320339184275942E-6
1965-11-20,1.9977567926406467E-6
1965-11-21,4.30430802845457E-7
1965-11-22,1.577866686565847E-6
1965-11-23,3.489468576253523E-6
1965-11-24,7.686631230589717E-6
1965-11-25,1.827641837618455E-5
1965-11-26,2.7677540672396726E-6
1965-11-27,1.284479992591514E-6
1965-11-28,8.553675320136776E-7
1965-11-29,1.2904404798064206E-6
1965-11-30,2.1779284571951294E-6
1965-12-01,1.7354331923390445E-6
1965-12-02,6.882656860902821E-8
1965-12-03,1.2971365503542496E-6
1965-12-04,4.981862966600027E-7
1965-12-05,1.7474564030288543E-6
1965-12-06,8.52346317969932E-7
1965-12-07,4.537618918225946E-8
1965-12-08,6.573571733832388E-4
1965-12-09,1.8480597544117502E-6
1965-12-10,0.0
1965-12-11,0.0
1965-12-12,4.423968547430404E-7
1965-12-13,3.9342319767909944E-4
1965-12-14,0.02456048344723395
1965-12-15,0.003326156462286431
1965-12-16,8.218642806509204E-4
1965-12-17,4.639182648906819E-5
1965-12-18,4.710801005717868E-5
1965-12-19,4.743569950659619E-9
1965-12-20,2.9227576279965244E-6
1965-12-21,3.1854052140602775E-6
1965-12-22,2.2005885168223652E-6
1965-12-23,2.5603277500743207E-6
1965-12-24,7.433669185920316E-4
1965-12-25,2.582314666873089E-6
1965-12-26,1.3309475321360457E-6
1965-12-27,3.886765482797789E-7
1965-12-28,1.303090396299528E-5
1965-12-29,4.5596691914376507E-7
1965-12-30,3.2605643227699243E-6
1965-12-31,5.536370438142783E-6
1966-01-01,8.069270524242845E-6
1966-01-02,2.586098162282724E-6
1966-01-03,0.00822818220415542
1966-01-04,0.02217852618391149
1966-01-05,6.703566974939702E-4
1966-01-06,1.0547944790492812E-5
1966-01-07,1.2099398353885368E-6
1966-01-08,1.2738561676418764E-5
1966-01-09,4.351138045421976E-7
1966-01-10,2.150347427232191E-6
1966-01-11,3.897110299828712E-5
1966-01-12,2.4509673112255124E-6
1966-01-13,1.3120690449943005E-6
1966-01-14,5.119895842122955E-7
1966-01-15,3.0008976129381637E-6
1966-01-16,1.4798617786843724E-6
1966-01-17,1.7810759328638945E-6
1966-01-18,1.4808203213708291E-6
1966-01-19,1.0872722023543636E-6
1966-01-20,1.2755393754559918E-6
1966-01-21,2.8286422093515284E-8
1966-01-22,9.78593606833715E-7
1966-01-23,2.6104891751572606E-6
1966-01-24,1.7253785695648038E-6
1966-01-25,1.2859712796853273E-6
1966-01-26,1.4096630764965802E-4
1966-01-27,3.8345483686193585E-4
1966-01-28,8.12356598794001E-6
1966-01-29,3.791950840394029E-6
1966-01-30,1.6290902555365042E-5
1966-01-31,6.24265013717335E-6
1966-02-01,1.2934207802572928E-6
1966-02-02,4.410743663640915E-7
1966-02-03,4.4107436991680515E-7
1966-02-04,8.665803648000292E-7
1966-02-05,1.7214890704053687E-6
1966-02-06,8.227569136148318E-9
1966-02-07,2.153492262660973E-6
1966-02-08,1.718397072636435E-6
1966-02-09,4.56365616688776E-7
1966-02-10,2.06014323977506E-6
1966-02-11,1.1815053546972542E-5
1966-02-12,2.7783488494185416E-6
1966-02-13,4.9522940439167666E-5
1966-02-14,2.4026461893816232E-4
1966-02-15,1.6092365249051E-4
1966-02-16,0.0016796357835072995
1966-02-17,2.8617612199287215E-4
1966-02-18,1.908059430351349E-6
1966-02-19,8.611143584857928E-7
1966-02-20,0.0
1966-02-21,3.4394006434013136E-6
1966-02-22,8.645924268983891E-7
1966-02-23,8.58356884236855E-7
1966-02-24,2.1517276422855502E-6
1966-02-25,1.2874602930423862E-6
1966-02-26,0.0
1966-02-27,6.581489750415605E-9
1966-02-28,0.0011572598867912553
1966-03-01,0.0024304179962839068
1966-03-02,1.5954189917344646E-6
1966-03-03,2.074751373936382E-5
1966-03-04,1.7562443972427236E-4
1966-03-05,0.002446539404592074
1966-03-06,0.0068430964458205895
1966-03-07,1.9780298360702072E-4
1966-03-08,2.587873439097166E-6
1966-03-09,4.3140308747524614E-7
1966-03-10,2.1517276422855502E-6
1966-03-11,8.70227722771233E-7
1966-03-12,1.730889437112637E-6
1966-03-13,0.0
1966-03-14,8.612870097124414E-7
1966-03-15,8.638071942759834E-7
1966-03-16,2.154707317458815E-6
1966-03-17,1.7107730627685669E-6
1966-03-18,1.9722931019872173E-6
1966-03-19,0.012834232068298193
1966-03-20,0.012841724622472676
1966-03-21,0.004218777379805601
1966-03-22,7.846313514711401E-5
1966-03-23,1.4356056804266223E-5
1966-03-24,2.5684466165614272E-5
1966-03-25,9.216206266700878E-6
1966-03-26,3.410068454185174E-5
1966-03-27,4.875690032641444E-6
1966-03-28,1.0683551104088469E-5
1966-03-29,9.38148542463435E-5
1966-03-30,3.7596529791120866E-6
1966-03-31,0.0
1966-04-01,1.3329143538050185E-6
1966-04-02,2.9638493461347446E-4
1966-04-03,0.0014253537562551617
1966-04-04,0.002970595247271885
1966-04-05,0.0015735406305778746
1966-04-06,0.004268034098276867
1966-04-07,0.007301630056059431
1966-04-08,9.614382809011251E-4
1966-04-09,9.829852251992753E-4
1966-04-10,3.7151893472155606E-4
1966-04-11,3.0515833380947847E-5
1966-04-12,0.0011184091709952224
1966-04-13,1.447693622974503E-5
1966-04-14,2.0645267571864232E-4
1966-04-15,0.0038599163389178392
1966-04-16,0.0056057681848558465
1966-04-17,0.0035139428069520424
1966-04-18,0.002561636862509517
1966-04-19,0.02147545856199548
1966-04-20,0.0011687401668151287
1966-04-21,0.003421110717116753
1966-04-22,0.02171414571819622
1966-04-23,0.022338724293349384
1966-04-24,0.02588732182222437
1966-04-25,0.0040641377814587855
1966-04-26,5.101779869529584E-4
1966-04-27,0.0012577900075368992
1966-04-28,6.805777601423982E-4
1966-04-29,2.8332393035034236E-5
1966-04-30,2.9174662652732327E-5
1966-05-01,4.046777080249237E-5
1966-05-02,2.0549310941916682E-4
1966-05-03,2.674350050841435E-4
1966-05-04,0.023772558299534553
1966-05-05,0.01709347850583384
1966-05-06,0.011042334104020815
1966-05-07,0.02270661708704888
1966-05-08,0.012164374585830752
1966-05-09,0.06988537521968792
1966-05-10,0.052238942945525245
1966-05-11,0.012537654894737843
1966-05-12,0.003800731224217857
1966-05-13,3.841063199346037E-4
1966-05-14,1.3900939784155947E-4
1966-05-15,0.0
1966-05-16,0.0
1966-05-17,1.85113505614484E-6
1966-05-18,2.1352213976396555E-6
1966-05-19,2.100602608735806E-6
1966-05-20,1.8090854605590215E-4
1966-05-21,2.1102436015918614E-4
1966-05-22,0.009364033964214716
1966-05-23,0.010802811100058731
1966-05-24,0.022299857931583456
1966-05-25,0.03671600343776819
1966-05-26,0.018979046122526697
1966-05-27,0.03220055338048523
1966-05-28,0.021402123084986836
1966-05-29,0.017726459488975346
1966-05-30,0.037874615566513316
1966-05-31,0.0166306327634316
1966-06-01,0.00753060221443665
1966-06-02,0.006730369285836246
1966-06-03,0.02518152492714805
1966-06-04,0.04308322426201394
1966-06-05,0.03149153737318501
1966-06-06,0.03255822013212422
1966-06-07,0.04234170308907254
1966-06-08,0.05216650183887679
1966-06-09,0.04214109924396613
1966-06-10,0.0496375637577862
1966-06-11,0.04157852853870222
1966-06-12,0.0743899913175208
1966-06-13,0.039749958093088504
1966-06-14,0.008482476461600363
1966-06-15,0.018793969581096755
1966-06-16,0.009290832921552973
1966-06-17,0.014432948577409583
1966-06-18,0.04376247136874948
1966-06-19,0.02882987681491803
1966-06-20,0.026510517705727182
1966-06-21,0.058517281345960764
1966-06-22,0.02281705513182975
1966-06-23,0.006537875993920201
1966-06-24,0.007140557423940978
1966-06-25,0.015289469206184682
1966-06-26,0.008206618835662887
1966-06-27,0.00910244102810007
1966-06-28,0.014085295699058094
1966-06-29,0.03250084439278881
1966-06-30,0.07733814013562199
1966-07-01,0.06832732164994634
1966-07-02,0.03368271842157323
1966-07-03,0.034431024998479984
1966-07-04,0.011327820397114895
1966-07-05,0.007520452944427223
1966-07-06,0.018354607449171525
1966-07-07,0.019332462397103723
1966-07-08,0.007839802147159002
1966-07-09,0.014258984673030129
1966-07-10,0.016979305715724223
1966-07-11,0.0301144262874218
1966-07-12,0.038621436616822026
1966-07-13,0.024564713080092684
1966-07-14,0.015049191197250582
1966-07-15,0.012924976353641246
1966-07-16,0.0029338051158633986
1966-07-17,0.0197544584358238
1966-07-18,0.02369983819182775
1966-07-19,0.04036722877609777
1966-07-20,0.023423698072919275
1966-07-21,0.01072510082622555
1966-07-22,0.011801891204440546
1966-07-23,0.011231896935240971
1966-07-24,0.009143304108620917
1966-07-25,0.011082772166648951
1966-07-26,0.01091102916807385
1966-07-27,0.007914031290077752
1966-07-28,0.004538475421421796
1966-07-29,0.02839677396183621
1966-07-30,0.016413042039678628
1966-07-31,0.01470580156949181
1966-08-01,0.014190675160501097
1966-08-02,0.008538312316944841
1966-08-03,0.008796325258019703
1966-08-04,0.0062354480356285056
1966-08-05,0.010833701015886616
1966-08-06,0.011316550121556482
1966-08-07,0.03497745376531981
1966-08-08,0.017978445444789312
1966-08-09,0.028735968296023196
1966-08-10,0.024386148826759088
1966-08-11,0.014070839854759834
1966-08-12,0.01224211282468306
1966-08-13,0.015672144503910426
1966-08-14,0.024416747581349367
1966-08-15,0.018018907340776383
1966-08-16,0.02127099642088648
1966-08-17,0.013132907960106728
1966-08-18,0.010979370602130332
1966-08-19,0.014510994870964354
1966-08-20,0.018749651666838306
1966-08-21,0.03450825811114629
1966-08-22,0.04811390344196286
1966-08-23,0.08154867700151217
1966-08-24,0.030435163393614822
1966-08-25,0.01705612250169423
1966-08-26,0.007713200745278039
1966-08-27,0.01975517544694789
1966-08-28,0.04288674561071515
1966-08-29,0.05256980576224066
1966-08-30,0.019615894146046843
1966-08-31,0.011083979356669495
1966-09-01,0.009696283682648833
1966-09-02,0.00840235840756335
1966-09-03,0.009613102530640676
1966-09-04,0.012455768894380236
1966-09-05,0.01571104227622489
1966-09-06,0.01864025448864323
1966-09-07,0.020533079165145837
1966-09-08,0.007070968825773627
1966-09-09,0.008001496737672515
1966-09-10,0.008480895186088886
1966-09-11,0.015295104078647028
1966-09-12,0.010089328087886637
1966-09-13,0.012458574066856848
1966-09-14,0.012523995973547116
1966-09-15,0.011282096652782387
1966-09-16,0.014143519168127483
1966-09-17,0.001350520885404135
1966-09-18,0.0053677169639489335
1966-09-19,0.00692999291436247
1966-09-20,0.0027783005688104966
1966-09-21,0.0049061213172164365
1966-09-22,0.0024450093184764684
1966-09-23,0.006862398783888502
1966-09-24,0.006590671760557025
1966-09-25,0.008977126247695038
1966-09-26,0.006731443160829758
1966-09-27,0.008103051784555356
1966-09-28,0.010398374534928045
1966-09-29,0.0026294726813576833
1966-09-30,0.022140347236560835
1966-10-01,0.0948348934702368
1966-10-02,0.0023537121118901655
1966-10-03,0.001553960026085721
1966-10-04,0.0016053446442563673
1966-10-05,0.0018041648190317825
1966-10-06,7.888194456565699E-4
1966-10-07,3.9756224814984335E-4
1966-10-08,2.045131633853656E-4
1966-10-09,1.9649704050458882E-4
1966-10-10,4.3232044603438736E-4
1966-10-11,0.004132951443256075
1966-10-12,0.013038956273105107
1966-10-13,0.011127391771028157
1966-10-14,0.013711039463541418
1966-10-15,0.015010088077746496
1966-10-16,0.004685440808511886
1966-10-17,9.466241409484222E-4
1966-10-18,0.0013655992067241763
1966-10-19,0.001804000837786461
1966-10-20,5.721524357314158E-4
1966-10-21,6.67931449517008E-4
1966-10-22,6.20767642894586E-4
1966-10-23,2.4060756742801413E-4
1966-10-24,4.701761695198419E-4
1966-10-25,2.70099612658088E-4
1966-10-26,5.46683736573779E-5
1966-10-27,8.72932286690119E-6
1966-10-28,5.25860414754631E-6
1966-10-29,4.742364532418146E-6
1966-10-30,2.117685708374093E-6
1966-10-31,1.227038271854379E-6
1966-11-01,2.0973422067666925E-6
1966-11-02,3.406033339184444E-6
1966-11-03,2.606123939690957E-5
1966-11-04,8.787791432430589E-6
1966-11-05,2.2044346859719055E-6
1966-11-06,1.1039294430243274E-5
1966-11-07,4.834664468074475E-5
1966-11-08,1.0658281848561216E-4
1966-11-09,1.0015205274416371E-5
1966-11-10,1.2131091265195215E-6
1966-11-11,3.715489124287071E-6
1966-11-12,1.7057453624804606E-6
1966-11-13,4.351138045421976E-7
1966-11-14,2.6706450122295626E-5
1966-11-15,1.039561845285358E-5
1966-11-16,7.204150543825537E-7
1966-11-17,5.5987021826595245E-11
1966-11-18,1.3520373735088746E-6
1966-11-19,1.936932226826001E-4
1966-11-20,7.678353656244507E-4
1966-11-21,0.009861861732943157
1966-11-22,0.011011502392056989
1966-11-23,0.010026151486644123
1966-11-24,0.0018732260804989432
1966-11-25,6.081285249697721E-4
1966-11-26,3.691347442900277E-5
1966-11-27,1.4131468218551107E-6
1966-11-28,8.600211847837896E-7
1966-11-29,1.2993811537853617E-6
1966-11-30,1.4252769935378928E-6
1966-12-01,9.127660546871371E-4
1966-12-02,0.004304584282310379
1966-12-03,4.0000961123141554E-5
1966-12-04,3.447352494567317E-5
1966-12-05,3.6046944077986683E-6
1966-12-06,3.2961480475691235E-6
1966-12-07,2.9437001454146996E-6
1966-12-08,2.4135655812484945E-6
1966-12-09,2.257823719714724E-6
1966-12-10,2.4649900147894344E-6
1966-12-11,0.0026026312213738856
1966-12-12,0.022766639570361628
1966-12-13,7.321888516852823E-5
1966-12-14,5.1892898038291073E-5
1966-12-15,4.699566747506712E-6
1966-12-16,3.8674091614261585E-6
1966-12-17,4.393932532337392E-6
1966-12-18,1.8596247737886416E-6
1966-12-19,2.139806667855737E-6
1966-12-20,1.5019506870864352E-7
1966-12-21,3.2610467733934993E-6
1966-12-22,3.0286392169507276E-6
1966-12-23,5.958725831070597E-6
1966-12-24,2.6445034556325928E-6
1966-12-25,2.1336575588128984E-6
1966-12-26,1.7498433589935304E-6
1966-12-27,1.5467562634065578E-6
1966-12-28,1.2879805757820263E-6
1966-12-29,2.1252328722482944E-6
1966-12-30,1.3449563508833295E-6
1966-12-31,4.932240265042167E-7
1967-01-01,1.3596973667255028E-6
1967-01-02,1.8386119831583232E-6
1967-01-03,1.6020788633154374E-6
1967-01-04,1.5600672170618755E-4
1967-01-05,8.419648657997848E-6
1967-01-06,4.283708214518554E-5
1967-01-07,0.02736754424448198
1967-01-08,0.01821667543997248
1967-01-09,4.796102345851117E-4
1967-01-10,0.0020674573124863267
1967-01-11,1.1445244165867681E-5
1967-01-12,4.7350715345579686E-5
1967-01-13,8.541310119580046E-7
1967-01-14,9.55504668106076E-7
1967-01-15,1.2811738088203128E-6
1967-01-16,1.3069228713503155E-6
1967-01-17,7.549963477796506E-6
1967-01-18,1.0644774194178476E-4
1967-01-19,4.056379282433413E-5
1967-01-20,1.8448299765675815E-6
1967-01-21,2.892874305655829E-6
1967-01-22,2.3835245184993182E-6
1967-01-23,1.3041005428873562E-6
1967-01-24,1.2789829814320359E-6
1967-01-25,3.0150313042302756E-6
1967-01-26,2.0018558452541206E-5
1967-01-27,2.2798886338077184E-4
1967-01-28,0.0018974197358413271
1967-01-29,1.9559407370387674E-4
1967-01-30,2.632102904357389E-6
1967-01-31,8.596409202255018E-7
1967-02-01,4.3539976902291193E-7
1967-02-02,1.3464577454335952E-6
1967-02-03,8.523463748133508E-7
1967-02-04,3.932586798125573E-6
1967-02-05,1.7107301826977926E-4
1967-02-06,0.0015125264589129193
1967-02-07,0.001850109282945623
1967-02-08,0.002203433380790546
1967-02-09,0.0028405602805254356
1967-02-10,5.514491480725984E-4
1967-02-11,4.530289729556025E-6
1967-02-12,0.0014730540825635106
1967-02-13,5.596592269343765E-4
1967-02-14,2.024461298911627E-6
1967-02-15,4.351138045421976E-7
1967-02-16,4.351138045421976E-7
1967-02-17,2.5758120764452002E-6
1967-02-18,1.3004742522569075E-6
1967-02-19,2.1318072079407247E-4
1967-02-20,7.904431646514142E-4
1967-02-21,3.499857726573455E-5
1967-02-22,0.009292476204452262
1967-02-23,2.2958008290147863E-4
1967-02-24,3.5307633056013656E-5
1967-02-25,2.322786902965227E-6
1967-02-26,8.583068797918258E-7
1967-02-27,2.5783652366785673E-6
1967-02-28,8.481505346935592E-7
1967-03-01,0.0
1967-03-02,4.6786415630811734E-7
1967-03-03,3.7760209352070517E-4
1967-03-04,7.45072928881723E-4
1967-03-05,0.002011988638362872
1967-03-06,0.010329863371422637
1967-03-07,9.634237481118049E-4
1967-03-08,0.02254961753492554
1967-03-09,0.00970608698494862
1967-03-10,4.644563943730579E-4
1967-03-11,2.145632404151628E-6
1967-03-12,0.0070981590970920026
1967-03-13,0.012453309399120044
1967-03-14,0.009459693378020577
1967-03-15,0.027531721712207243
1967-03-16,0.01120916151576753
1967-03-17,6.325025678897272E-4
1967-03-18,0.01379205886115884
1967-03-19,0.0057596192848203874
1967-03-20,0.023525257407285397
1967-03-21,0.024913526249618404
1967-03-22,3.2887998341618455E-4
1967-03-23,4.702950025488454E-4
1967-03-24,0.0010578203808537805
1967-03-25,5.855973035066705E-5
1967-03-26,0.0015334019314177365
1967-03-27,0.01678841945499421
1967-03-28,0.003640660887336456
1967-03-29,0.0026426453604174497
1967-03-30,8.954094512926198E-5
1967-03-31,2.664333998670947E-4
1967-04-01,1.3530383389401997E-4
1967-04-02,4.711098211878302E-5
1967-04-03,2.345464520218874E-5
1967-04-04,3.0004293876118027E-6
1967-04-05,4.4471806859291974E-7
1967-04-06,4.82598704139896E-5
1967-04-07,2.2430980653432066E-6
1967-04-08,1.949380089159194E-6
1967-04-09,4.595698993330058E-7
1967-04-10,8.463859444418631E-7
1967-04-11,2.6718846248313966E-6
1967-04-12,0.0022400353916818107
1967-04-13,0.009000600593033327
1967-04-14,0.04540749897885118
1967-04-15,0.0639202196338288
1967-04-16,0.05636676487767038
1967-04-17,0.025646232742524915
1967-04-18,0.04232179318243031
1967-04-19,0.021994011640491744
1967-04-20,0.017781120389381958
1967-04-21,0.013878301979076605
1967-04-22,0.0028844130244289196
1967-04-23,0.0010585283509755832
1967-04-24,0.014260867168952253
1967-04-25,0.0054104353370642445
1967-04-26,0.002785427877410299
1967-04-27,0.004899033799848657
1967-04-28,0.008632875471465332
1967-04-29,0.045405250068447124
1967-04-30,0.037498537971629414
1967-05-01,0.04256009358365275
1967-05-02,0.02541930758623639
1967-05-03,0.01974563838009545
1967-05-04,0.045801695771909026
1967-05-05,0.06868739911712471
1967-05-06,0.03684070696300451
1967-05-07,0.008133801574112367
1967-05-08,0.005849399587597238
1967-05-09,0.0182498015699652
1967-05-10,0.02101672533323071
1967-05-11,0.02353346864261645
1967-05-12,0.03840824568719036
1967-05-13,0.022530661707237967
1967-05-14,0.009903478851120556
1967-05-15,9.005087789358474E-4
1967-05-16,2.2396838901209614E-5
1967-05-17,0.0013321300126569124
1967-05-18,4.234590747111825E-4
1967-05-19,0.025990158530943313
1967-05-20,0.020187931187110895
1967-05-21,0.03918337865414992
1967-05-22,0.04148305077183735
1967-05-23,0.0031901185775727154
1967-05-24,0.008795458194202218
1967-05-25,0.02330689632869946
1967-05-26,0.010105597361621487
1967-05-27,0.0037562657963066304
1967-05-28,5.319449877301481E-4
1967-05-29,1.9773773073805548E-4
1967-05-30,0.0017565314157332982
1967-05-31,0.0039635963006317936
1967-06-01,0.011855385191851623
1967-06-02,0.023554623945684756
1967-06-03,0.016105551303162748
1967-06-04,0.012963970734477663
1967-06-05,0.018683863746606813
1967-06-06,0.00520162063126337
1967-06-07,0.013317080007976006
1967-06-08,0.03181772136276097
1967-06-09,0.05969689271223874
1967-06-10,0.03495853582644598
1967-06-11,0.06408640398401058
1967-06-12,0.0810528659196086
1967-06-13,0.08930964183428382
1967-06-14,0.04290975273156848
1967-06-15,0.009120370219409011
1967-06-16,0.015555306517147599
1967-06-17,0.02235650792386464
1967-06-18,0.03288313479047428
1967-06-19,0.029303121402272522
1967-06-20,0.03195214007620974
1967-06-21,0.021205741948095408
1967-06-22,0.013938335469692434
1967-06-23,0.0070713996908399485
1967-06-24,0.007839636055003553
1967-06-25,0.006987414856222158
1967-06-26,0.004764539035241729
1967-06-27,0.01078001015148511
1967-06-28,0.014331109325766003
1967-06-29,0.01953861338458415
1967-06-30,0.01358715757981478
1967-07-01,0.007423913237585507
1967-07-02,0.018371679420164228
1967-07-03,0.02021354273671795
1967-07-04,0.011475447534739627
1967-07-05,0.023403646401054277
1967-07-06,0.049832057116515935
1967-07-07,0.06221736954815815
1967-07-08,0.052393824439070494
1967-07-09,0.03557923629320084
1967-07-10,0.009878817645967892
1967-07-11,0.013492637550985882
1967-07-12,0.013736761066352016
1967-07-13,0.01047799249948985
1967-07-14,0.017086554829949217
1967-07-15,0.028590645871043225
1967-07-16,0.03263019318956172
1967-07-17,0.031151248885884306
1967-07-18,0.011958729710375942
1967-07-19,0.005947593563152359
1967-07-20,0.006713080282994781
1967-07-21,0.010858739371589154
1967-07-22,0.019369962216239454
1967-07-23,0.025121955858675344
1967-07-24,0.012848719172036926
1967-07-25,0.012399055062131289
1967-07-26,0.021779380710309604
1967-07-27,0.013782338923365937
1967-07-28,0.011780231056672068
1967-07-29,0.007126681890688546
1967-07-30,0.02201482013470865
1967-07-31,0.0069335946274429
1967-08-01,0.012459978150752928
1967-08-02,0.006007684823130952
1967-08-03,0.008928520769868976
1967-08-04,0.020782522475556123
1967-08-05,0.020140460969907552
1967-08-06,0.020709266370168164
1967-08-07,0.061315771375776006
1967-08-08,0.06790120561472603
1967-08-09,0.015055180926681597
1967-08-10,0.012503669812748915
1967-08-11,0.01541469463279894
1967-08-12,0.01364594825251324
1967-08-13,0.012787965704406974
1967-08-14,0.00810626000427979
1967-08-15,0.008066396973639646
1967-08-16,0.008821609879891282
1967-08-17,0.015330829401581272
1967-08-18,0.009763102910422181
1967-08-19,0.013525449276204082
1967-08-20,0.01574366201912106
1967-08-21,0.019235808573229343
1967-08-22,0.003585854592275976
1967-08-23,0.016684549492218596
1967-08-24,0.0174513426004414
1967-08-25,0.014207495254588268
1967-08-26,0.008531631822489009
1967-08-27,0.0049841642193549736
1967-08-28,0.024527917592391212
1967-08-29,0.028144589395865192
1967-08-30,0.016909570358318592
1967-08-31,0.015328155162862627
1967-09-01,0.013530190506939259
1967-09-02,0.006069114049202112
1967-09-03,0.0046088394400942674
1967-09-04,0.020014895613120278
1967-09-05,0.006598357211990811
1967-09-06,0.012017100109308527
1967-09-07,0.006954941252126863
1967-09-08,0.007557024681329929
1967-09-09,0.012089612910815022
1967-09-10,0.014331614960070734
1967-09-11,0.011603133202734685
1967-09-12,0.014868819816862245
1967-09-13,0.00808771661277658
1967-09-14,0.01152298006483793
1967-09-15,0.01577336485709277
1967-09-16,0.0292045911021499
1967-09-17,0.01649786487820137
1967-09-18,0.019662045575699182
1967-09-19,0.010384753293368524
1967-09-20,0.00877757964785493
1967-09-21,0.015224141752330568
1967-09-22,0.018492320349623007
1967-09-23,0.0043049659584299
1967-09-24,0.0026612490846192787
1967-09-25,0.018205172738243396
1967-09-26,0.029197941872677907
1967-09-27,0.004409172853906084
1967-09-28,0.010716391510701593
1967-09-29,0.026423435061303718
1967-09-30,0.017826529336867396
1967-10-01,0.006834726887356694
1967-10-02,0.017291818679618615
1967-10-03,0.029714842079419875
1967-10-04,0.01224569324379057
1967-10-05,0.0031287156603911036
1967-10-06,6.03983437045469E-4
1967-10-07,0.010643249617486182
1967-10-08,0.013730012904524658
1967-10-09,0.022364452302872213
1967-10-10,0.037713105135812594
1967-10-11,0.016872357354429428
1967-10-12,0.001995688864604543
1967-10-13,0.004623941830614585
1967-10-14,4.4406804590459354E-4
1967-10-15,6.694567374171062E-5
1967-10-16,2.518316910480784E-5
1967-10-17,9.375603815723706E-5
1967-10-18,1.379542310806398E-4
1967-10-19,4.264894937504235E-6
1967-10-20,1.0947561736061631E-5
1967-10-21,3.996345180145668E-4
1967-10-22,5.339672400773215E-5
1967-10-23,0.0017782831084349258
1967-10-24,0.0013804267816238892
1967-10-25,2.4987513533217384E-4
1967-10-26,2.9868256963136406E-6
1967-10-27,4.719398437057531E-6
1967-10-28,3.267578005446176E-5
1967-10-29,4.306453140149165E-6
1967-10-30,6.579428384174014E-5
1967-10-31,2.0420792905581475E-5
1967-11-01,1.98397577432028E-5
1967-11-02,7.376565400438604E-5
1967-11-03,3.79599466155119E-5
1967-11-04,1.2114874889395833E-5
1967-11-05,3.482677769806671E-6
1967-11-06,1.8747938795605632E-6
1967-11-07,4.00051819106747E-7
1967-11-08,2.671897021336182E-6
1967-11-09,2.8741599748688244E-6
1967-11-10,8.644442975225971E-7
1967-11-11,1.757004393711492E-6
1967-11-12,1.2991396275312085E-6
1967-11-13,9.735940575095064E-7
1967-11-14,1.4975102720586494E-5
1967-11-15,2.3863567856759196E-6
1967-11-16,1.4404882270137127E-5
1967-11-17,1.060220179448478E-5
1967-11-18,9.842199300242811E-5
1967-11-19,1.1980470291309804E-4
1967-11-20,4.390487900118809E-5
1967-11-21,8.393715312267417E-5
1967-11-22,1.803659281584444E-4
1967-11-23,5.25925432905336E-5
1967-11-24,1.7026291158847035E-5
1967-11-25,0.004730520158833854
1967-11-26,3.7668789129140966E-4
1967-11-27,2.1861467747329975E-7
1967-11-28,4.410743663640915E-7
1967-11-29,4.528005866997534E-6
1967-11-30,1.7181533785254308E-6
1967-12-01,1.277062003868658E-6
1967-12-02,4.351138045421976E-7
1967-12-03,1.729998974441793E-7
1967-12-04,3.543080586554047E-6
1967-12-05,2.903165241886426E-5
1967-12-06,1.134710890024203E-6
1967-12-07,8.551331802664208E-7
1967-12-08,2.5322499302770362E-8
1967-12-09,1.4848102723931993E-7
1967-12-10,8.589622726409248E-7
1967-12-11,4.389745049841733E-5
1967-12-12,5.1298620378889715E-5
1967-12-13,2.3487220064111428E-5
1967-12-14,3.014992755625916E-6
1967-12-15,6.653295808893609E-5
1967-12-16,1.2237994226417105E-5
1967-12-17,7.613334869373741E-7
1967-12-18,1.1718177392392557E-6
1967-12-19,1.1423419665739029E-7
1967-12-20,2.954392074849565E-10
1967-12-21,8.577600851822353E-7
1967-12-22,7.156682162704555E-7
1967-12-23,4.351138045421976E-7
1967-12-24,6.73167338605561E-5
1967-12-25,7.155285315741301E-5
1967-12-26,8.750947860327259E-5
1967-12-27,5.114569328638594E-6
1967-12-28,5.292264406109172E-4
1967-12-29,2.8370885532612164E-4
1967-12-30,1.4676166148825687E-5
1967-12-31,7.949781296761868E-5
1968-01-01,0.00100021327677731
1968-01-02,1.1101684814967469E-4
1968-01-03,8.944132434928412E-7
1968-01-04,0.0
1968-01-05,6.873483602711233E-10
1968-01-06,1.3657211812153433E-6
1968-01-07,0.0010058736913704002
1968-01-08,0.002400932299057531
1968-01-09,8.637659208622975E-6
1968-01-10,0.0036465995813735733
1968-01-11,0.009779772489741212
1968-01-12,2.3004994997070837E-4
1968-01-13,1.8604271677217767E-6
1968-01-14,0.001450455833791662
1968-01-15,8.572097863420588E-4
1968-01-16,1.8547440172176342E-4
1968-01-17,6.347533594857881E-5
1968-01-18,1.3566430593501628E-7
1968-01-19,1.5567852577898286E-6
1968-01-20,7.192855830637487E-6
1968-01-21,6.636887800136998E-6
1968-01-22,3.6359086320710135E-4
1968-01-23,2.3437719501960693E-4
1968-01-24,3.4135504304060437E-6
1968-01-25,8.515241446824851E-7
1968-01-26,1.3371590541356384E-6
1968-01-27,1.7249506133649493E-6
1968-01-28,1.0870188275743929E-4
1968-01-29,9.206867437431599E-4
1968-01-30,0.0016344937530394328
1968-01-31,4.2471131913338983E-4
1968-02-01,5.122864608130704E-6
1968-02-02,1.7225741544280027E-6
1968-02-03,0.0
1968-02-04,8.583068833445395E-7
1968-02-05,4.261732051702438E-7
1968-02-06,8.553265615773853E-7
1968-02-07,2.1728389993647454E-6
1968-02-08,2.6412855551425946E-5
1968-02-09,3.019050310174893E-4
1968-02-10,3.7245186420327875E-4
1968-02-11,0.0
1968-02-12,1.3896202334778848E-4
1968-02-13,6.834790536283676E-6
1968-02-14,4.346349001708809E-7
1968-02-15,0.011522312398556691
1968-02-16,0.002158852398207087
1968-02-17,2.4382864633069128E-4
1968-02-18,2.8506669581911206E-5
1968-02-19,9.563403335437612E-4
1968-02-20,7.628192295560887E-4
1968-02-21,0.0030607191399008643
1968-02-22,0.004181704908248671
1968-02-23,3.7016953920692944E-5
1968-02-24,8.632974397918106E-7
1968-02-25,1.7226978066275933E-6
1968-02-26,8.676593625682341E-7
1968-02-27,1.723226690564265E-6
1968-02-28,0.0018374574622677334
1968-02-29,8.902910390858351E-4
1968-03-01,2.8015515490078353E-5
1968-03-02,1.2953299233231519E-6
1968-03-03,1.2953859709341486E-6
1968-03-04,6.544759385494486E-4
1968-03-05,7.835179059033457E-4
1968-03-06,2.1457671550706436E-6
1968-03-07,1.748621797129101E-6
1968-03-08,1.282918333345151E-6
1968-03-09,4.5695023689961726E-7
1968-03-10,1.716613724056515E-6
1968-03-11,8.62337428718271E-7
1968-03-12,6.345910358301565E-4
1968-03-13,3.491365597294051E-5
1968-03-14,2.5189341405913017E-6
1968-03-15,1.3103688078276749E-6
1968-03-16,0.00321094486062272
1968-03-17,0.016579056152725608
1968-03-18,0.033707607992139434
1968-03-19,0.033127072745918376
1968-03-20,0.03259288278608069
1968-03-21,0.0460056480303497
1968-03-22,0.024453182411393864
1968-03-23,0.0013752283749332399
1968-03-24,2.279775480906079E-4
1968-03-25,2.1405481966191368E-4
1968-03-26,0.0026683880287107667
1968-03-27,0.006958711447582836
1968-03-28,0.0035944215157569666
1968-03-29,0.0028057293102806717
1968-03-30,8.582649330187216E-6
1968-03-31,1.8080999012386071E-6
1968-04-01,8.52346317969932E-7
1968-04-02,0.0031567250086048508
1968-04-03,0.007483703015949346
1968-04-04,0.0030074673025080956
1968-04-05,3.9462680371648526E-4
1968-04-06,0.018343372326326855
1968-04-07,0.07882292495900499
1968-04-08,0.05610350037403295
1968-04-09,0.011226474721566104
1968-04-10,0.014880709369693195
1968-04-11,0.05059974531678793
1968-04-12,0.028624385213687556
1968-04-13,0.02575735986309798
1968-04-14,0.04339309941732917
1968-04-15,0.06105367475978353
1968-04-16,0.05568290858718463
1968-04-17,0.005071370450124126
1968-04-18,3.1598464600853936E-4
1968-04-19,1.6078174989466125E-6
1968-04-20,2.6014821894596074E-6
1968-04-21,6.198421217202515E-7
1968-04-22,9.963949051212444E-6
1968-04-23,0.011401262772497426
1968-04-24,0.01660792522148364
1968-04-25,0.014180874308946219
1968-04-26,0.0032823903565692785
1968-04-27,0.001442984422335761
1968-04-28,0.012660187621092542
1968-04-29,0.013145951870222317
1968-04-30,0.014229776312253731
1968-05-01,0.013698989279468289
1968-05-02,0.012761633287760954
1968-05-03,0.010897522648802234
1968-05-04,0.009908869946434673
1968-05-05,0.007815770955616343
1968-05-06,0.007040349642884883
1968-05-07,0.0029799788647648924
1968-05-08,3.3948429807350376E-6
1968-05-09,4.357380067392108E-6
1968-05-10,0.00467930886011095
1968-05-11,0.015264851623584428
1968-05-12,0.03317996424475539
1968-05-13,0.037725053538702334
1968-05-14,0.10631591099229089
1968-05-15,0.07523099151092867
1968-05-16,0.041846240563667765
1968-05-17,0.02316979657921976
1968-05-18,0.05895134268683706
1968-05-19,0.060483328665566626
1968-05-20,0.04149361752065283
1968-05-21,0.07105982929935072
1968-05-22,0.061551180664772144
1968-05-23,0.04201661529500728
1968-05-24,0.04077463622190786
1968-05-25,0.055913012322916227
1968-05-26,0.050174281901185086
1968-05-27,0.0714034241071829
1968-05-28,0.055439018272935965
1968-05-29,0.105550092304011
1968-05-30,0.11730878141723663
1968-05-31,0.032749274868652666
1968-06-01,0.0045497196454259035
1968-06-02,0.013261441489347827
1968-06-03,0.016281978837667025
1968-06-04,0.011238675409814878
1968-06-05,0.017021272970584624
1968-06-06,0.03278234602173389
1968-06-07,0.023502086726136146
1968-06-08,0.03791795320825987
1968-06-09,0.04560296915914594
1968-06-10,0.047521584004244916
1968-06-11,0.02183785419442403
1968-06-12,0.016455853857527764
1968-06-13,0.05300402043816209
1968-06-14,0.05296761162706716
1968-06-15,0.03263607945443425
1968-06-16,0.032530250703393736
1968-06-17,0.035828150445734154
1968-06-18,0.05813188918796235
1968-06-19,0.10897874994774084
1968-06-20,0.0633328396808635
1968-06-21,0.037282828796226436
1968-06-22,0.048687817778761
1968-06-23,0.02480684781220455
1968-06-24,0.013507124636892295
1968-06-25,0.021855529994633846
1968-06-26,0.025120872507964614
1968-06-27,0.025988616523343035
1968-06-28,0.017408035218819003
1968-06-29,0.019290499041949752
1968-06-30,0.017279090954028468
1968-07-01,0.014626860799467487
1968-07-02,0.006331021124507827
1968-07-03,0.00611509161224593
1968-07-04,0.013188871532630299
1968-07-05,0.01861572430785696
1968-07-06,0.03555905766095932
1968-07-07,0.03808489702766619
1968-07-08,0.041485231395483636
1968-07-09,0.08629842917397187
1968-07-10,0.0862761610574066
1968-07-11,0.03772749588772637
1968-07-12,0.020989520376733305
1968-07-13,0.019953098646609258
1968-07-14,0.01423289282206029
1968-07-15,0.013278509006323503
1968-07-16,0.010973436430288308
1968-07-17,0.00492876088748057
1968-07-18,0.009373020237753158
1968-07-19,0.01480637076359122
1968-07-20,0.02242047050258879
1968-07-21,0.016260892411454234
1968-07-22,0.010882496212650949
1968-07-23,0.0072967085630736075
1968-07-24,0.013977864878096
1968-07-25,0.016475258631508317
1968-07-26,0.021053746567366114
1968-07-27,0.021372658023669895
1968-07-28,0.016834824130020243
1968-07-29,0.02169364406794965
1968-07-30,0.013008944153522497
1968-07-31,0.01916197980242515
1968-08-01,0.01614172001621819
1968-08-02,0.011746055035808198
1968-08-03,0.005708182367975314
1968-08-04,0.006229995639752456
1968-08-05,0.004738808983966799
1968-08-06,0.008383966871251952
1968-08-07,0.019735099857597693
1968-08-08,0.020193297326391108
1968-08-09,0.013102788400970929
1968-08-10,0.019512262743522683
1968-08-11,0.01404879353380617
1968-08-12,0.014591527531142229
1968-08-13,0.018070326075886066
1968-08-14,0.006543419741826251
1968-08-15,0.014783194976390449
1968-08-16,0.01692761461901872
1968-08-17,0.010228572617790959
1968-08-18,0.015603556855435283
1968-08-19,0.007922575841608569
1968-08-20,0.005109896439246026
1968-08-21,0.01125184400135557
1968-08-22,0.018578645782821843
1968-08-23,0.016407028657158526
1968-08-24,0.02607978144694166
1968-08-25,0.03053937092035836
1968-08-26,0.04777655279996528
1968-08-27,0.02422537643096351
1968-08-28,0.033537133069902164
1968-08-29,0.015109375138772734
1968-08-30,0.014882982333944372
1968-08-31,0.004670124864039243
1968-09-01,0.0017758390043694943
1968-09-02,0.004448844923469941
1968-09-03,0.008554839228705171
1968-09-04,0.010010632101274014
1968-09-05,0.007071216197738919
1968-09-06,0.0036601281838970264
1968-09-07,0.007033556237111555
1968-09-08,0.013396272012281135
1968-09-09,0.01900615189172881
1968-09-10,0.008130408768341724
1968-09-11,0.022059790652285808
1968-09-12,0.01429736843988922
1968-09-13,0.016243097203224387
1968-09-14,0.036678502194442845
1968-09-15,0.014916851869244125
1968-09-16,0.015261661458022342
1968-09-17,0.016242018448824152
1968-09-18,0.00465450796777225
1968-09-19,0.008816942143646969
1968-09-20,0.012851423118121713
1968-09-21,0.009532486506447635
1968-09-22,0.0063201934015520034
1968-09-23,0.011440284319747739
1968-09-24,0.013879186829632777
1968-09-25,0.016584256825612466
1968-09-26,0.016304727442484086
1968-09-27,0.005333209797163245
1968-09-28,0.004404662953516431
1968-09-29,0.0061668884465582675
1968-09-30,0.005839172234096688
1968-10-01,0.01349709301340116
1968-10-02,0.011740314518510622
1968-10-03,0.01324126481870537
1968-10-04,0.008134119648167917
1968-10-05,0.00949551660731631
1968-10-06,0.009433503859062007
1968-10-07,0.004057916518307299
1968-10-08,0.009627649546686977
1968-10-09,0.004972032420983205
1968-10-10,0.002039993466406207
1968-10-11,2.796264568064413E-4
1968-10-12,1.0212476879064395E-4
1968-10-13,4.458713939602812E-5
1968-10-14,6.0454039261447596E-5
1968-10-15,2.789514602264229E-7
1968-10-16,1.316051561712349E-6
1968-10-17,4.351138045421976E-7
1968-10-18,6.115574353951795E-7
1968-10-19,2.4104333681867303E-6
1968-10-20,1.7477033577777592E-6
1968-10-21,7.739042910412405E-7
1968-10-22,1.253489642894201E-5
1968-10-23,0.007663866681929621
1968-10-24,0.0029237881320166533
1968-10-25,0.0011107304925285122
1968-10-26,0.002507784752482474
1968-10-27,0.0019532476800542342
1968-10-28,0.009769555014504876
1968-10-29,0.010024590542825274
1968-10-30,0.00908727810130835
1968-10-31,0.00417791010843728
1968-11-01,0.009403605507530584
1968-11-02,6.480093311722942E-4
1968-11-03,1.4726542287416507E-4
1968-11-04,8.793741550748747E-5
1968-11-05,1.1783367981111386E-5
1968-11-06,5.8084219586078556E-5
1968-11-07,3.9732158184051536E-5
1968-11-08,8.960506485465697E-7
1968-11-09,5.660815938985401E-5
1968-11-10,6.045206108197724E-6
1968-11-11,1.7285223505317368E-6
1968-11-12,5.712743814854423E-5
1968-11-13,5.829688946225673E-4
1968-11-14,0.0017886255104758808
1968-11-15,0.0028026866937545095
1968-11-16,0.0018513153617730085
1968-11-17,7.897564095913897E-4
1968-11-18,2.0549987938878764E-4
1968-11-19,4.824267708536775E-7
1968-11-20,3.366962442679834E-6
1968-11-21,1.4931653510568058E-6
1968-11-22,1.0445601568096204E-6
1968-11-23,1.0694438480487996E-6
1968-11-24,4.351138045421976E-7
1968-11-25,1.9955392872755996E-6
1968-11-26,0.0
1968-11-27,2.585395144537897E-6
1968-11-28,1.2951391625266542E-7
1968-11-29,9.943182575324569E-5
1968-11-30,2.67071571378703E-4
1968-12-01,4.155394769827844E-4
1968-12-02,4.395479537538318E-5
1968-12-03,1.4957418132410104E-6
1968-12-04,1.4504725250934158E-6
1968-12-05,3.021957870004964E-6
1968-12-06,8.523463748133508E-7
1968-12-07,1.0505058427999787E-6
1968-12-08,1.8275913780178213E-6
1968-12-09,4.25198603021125E-6
1968-12-10,3.463269545911864E-6
1968-12-11,7.842684708363405E-6
1968-12-12,9.464799613641654E-7
1968-12-13,1.3393943192641865E-6
1968-12-14,2.7728002205838423E-6
1968-12-15,2.8967890904897036E-6
1968-12-16,1.7138499970315024E-6
1968-12-17,1.7534083493262186E-6
1968-12-18,8.70227722771233E-7
1968-12-19,1.6699106026862864E-6
1968-12-20,1.98555733427147E-6
1968-12-21,8.033005831515637E-6
1968-12-22,8.910940430071823E-6
1968-12-23,8.093591882322202E-6
1968-12-24,2.073080347547327E-6
1968-12-25,2.920739896389038E-6
1968-12-26,3.568066728903275E-5
1968-12-27,0.001284132175239519
1968-12-28,1.027781221134419E-4
1968-12-29,8.583068620282575E-7
1968-12-30,1.716613667213096E-6
1968-12-31,8.581159818277229E-7
1969-01-01,1.2910605846627732E-6
1969-01-02,4.351138045421976E-7
1969-01-03,4.351138045421976E-7
1969-01-04,4.751317073844073E-8
1969-01-05,8.583068797918258E-7
1969-01-06,8.553265615773853E-7
1969-01-07,8.52346317969932E-7
1969-01-08,8.583068833445395E-7
1969-01-09,1.3084699567211623E-6
1969-01-10,1.1819116479630852E-5
1969-01-11,9.30912508867203E-5
1969-01-12,1.7298614807259582E-6
1969-01-13,0.0016841740629586967
1969-01-14,0.007077779028182441
1969-01-15,4.064286676789985E-5
1969-01-16,4.261732051702438E-7
1969-01-17,0.0
1969-01-18,3.354621760417961E-7
1969-01-19,8.697134921405422E-7
1969-01-20,3.004074017098901E-6
1969-01-21,2.36858553836032E-6
1969-01-22,2.1364207280758283E-6
1969-01-23,1.2874602930423862E-6
1969-01-24,8.639737494361419E-7
1969-01-25,3.6190770180911315E-6
1969-01-26,2.9900084341192524E-8
1969-01-27,3.910478139888345E-10
1969-01-28,0.008969904216108646
1969-01-29,0.00764824881816782
1969-01-30,1.5817459134352685E-4
1969-01-31,9.688924161714646E-7
1969-02-01,1.7106531799981894E-6
1969-02-02,5.415106085807683E-4
1969-02-03,2.6853796528937082E-5
1969-02-04,7.314825134708084E-4
1969-02-05,0.002176309641386044
1969-02-06,5.886081663090352E-5
1969-02-07,1.6726860283891896E-6
1969-02-08,4.351138045421976E-7
1969-02-09,0.0
1969-02-10,1.7285346416429093E-6
1969-02-11,1.7181821476697223E-6
1969-02-12,4.351138045421976E-7
1969-02-13,1.7124422697634145E-6
1969-02-14,1.3003263919312028E-6
1969-02-15,9.287332239187688E-7
1969-02-16,9.457273360286082E-6
1969-02-17,9.732492752441353E-6
1969-02-18,8.356922648605612E-7
1969-02-19,4.351138045421976E-7
1969-02-20,4.351138045421976E-7
1969-02-21,8.583068797918258E-7
1969-02-22,4.351138045421976E-7
1969-02-23,1.7046928064701206E-6
1969-02-24,1.720688544537552E-6
1969-02-25,6.376017039435488E-5
1969-02-26,1.5050797560461752E-4
1969-02-27,2.610308154035695E-5
1969-02-28,6.056881126621612E-6
1969-03-01,1.530212085539871E-5
1969-03-02,1.5973743331225634E-5
1969-03-03,4.351138045421976E-7
1969-03-04,2.1569136379184783E-6
1969-03-05,1.2869440979557112E-6
1969-03-06,3.49638185070944E-9
1969-03-07,3.947923019106617E-6
1969-03-08,4.996090097982083E-4
1969-03-09,0.0011869195275572026
1969-03-10,0.0023461395746499094
1969-03-11,3.591584602100092E-5
1969-03-12,1.5585752807334178E-6
1969-03-13,2.5434979225382566E-6
1969-03-14,5.494702885714413E-7
1969-03-15,1.6707450658014943E-4
1969-03-16,0.010602435538148457
1969-03-17,0.016180119624637126
1969-03-18,0.014731694707894193
1969-03-19,0.02609595100026645
1969-03-20,0.02801918118329742
1969-03-21,0.008835184417363539
1969-03-22,0.002566879683664081
1969-03-23,0.0032732896990794852
1969-03-24,0.011017252224596239
1969-03-25,8.813966363143565E-4
1969-03-26,0.008320547038190977
1969-03-27,0.00809839580789325
1969-03-28,0.003403178392721051
1969-03-29,0.0017069406095794953
1969-03-30,2.2989408129212495E-6
1969-03-31,3.1516692617273387E-6
1969-04-01,4.261732087229575E-7
1969-04-02,2.9957682272652164E-6
1969-04-03,1.3046979461250885E-6
1969-04-04,2.1440794171212474E-6
1969-04-05,8.642663260616246E-7
1969-04-06,0.0011244369405220024
1969-04-07,0.0021967855267448987
1969-04-08,5.908159977129039E-5
1969-04-09,5.724764622887526E-4
1969-04-10,4.530583459365018E-5
1969-04-11,0.008725344250400276
1969-04-12,0.014927110265105058
1969-04-13,0.020664120110209818
1969-04-14,0.08242771590754866
1969-04-15,0.005585149068724933
1969-04-16,0.01919381532662967
1969-04-17,0.037304583373759234
1969-04-18,0.04597375614371172
1969-04-19,0.029257057294934104
1969-04-20,0.015316375234728953
1969-04-21,0.02440233743034106
1969-04-22,0.03930943920207942
1969-04-23,0.011117810643914471
1969-04-24,0.0024082131191840157
1969-04-25,5.162145629745711E-4
1969-04-26,9.759427270605326E-4
1969-04-27,0.002241311843237789
1969-04-28,0.004743666027737159
1969-04-29,0.02444616326554741
1969-04-30,0.0027054165125017914
1969-05-01,6.735830181251372E-4
1969-05-02,0.005599670855894103
1969-05-03,1.7633267042782086E-4
1969-05-04,2.672287188362382E-5
1969-05-05,2.5958639180461405E-5
1969-05-06,1.5770901782713687E-6
1969-05-07,7.27872369606371E-6
1969-05-08,0.0031544949424404632
1969-05-09,0.001698969759343526
1969-05-10,3.552604408569465E-4
1969-05-11,4.892594242317295E-4
1969-05-12,7.288412665082174E-4
1969-05-13,0.0020883780949842784
1969-05-14,5.06858668058594E-4
1969-05-15,9.85898153273466E-4
1969-05-16,0.001354362187169544
1969-05-17,0.00398182463034603
1969-05-18,0.005333480278166971
1969-05-19,0.004775114804506302
1969-05-20,0.008381543520288654
1969-05-21,0.014731814347524706
1969-05-22,0.007180203365525313
1969-05-23,0.009181018309968042
1969-05-24,0.0140924339203316
1969-05-25,0.027915927659296274
1969-05-26,0.019122631537651414
1969-05-27,0.007969838531805268
1969-05-28,0.003400378706563955
1969-05-29,1.5067768547654163E-4
1969-05-30,3.054419724066133E-4
1969-05-31,0.00519812803769836
1969-06-01,0.0023661678874442142
1969-06-02,0.01879458971145583
1969-06-03,0.01809590799422423
1969-06-04,0.010433802578715042
1969-06-05,0.015623652451815594
1969-06-06,0.028242673368227285
1969-06-07,0.0264182592578658
1969-06-08,0.034259101803255525
1969-06-09,0.03041069432476997
1969-06-10,0.019800498638746538
1969-06-11,0.035702038042478415
1969-06-12,0.043951678229095605
1969-06-13,0.01786450414127008
1969-06-14,0.018260014346478313
1969-06-15,0.012749806692920671
1969-06-16,0.005765567005886507
1969-06-17,0.010041033285271582
1969-06-18,0.027164044657539087
1969-06-19,0.006978077165292534
1969-06-20,0.06867185518041072
1969-06-21,0.07711174166523167
1969-06-22,0.04376168586260427
1969-06-23,0.05065900736459325
1969-06-24,0.027513612453171986
1969-06-25,0.009935668156151092
1969-06-26,0.009219874661174136
1969-06-27,0.013297658903648065
1969-06-28,0.009481896258842753
1969-06-29,0.016415622324670025
1969-06-30,0.021269575733026763
1969-07-01,0.014257318429600959
1969-07-02,0.012684732226106044
1969-07-03,0.014337246268069474
1969-07-04,0.032018222340246844
1969-07-05,0.02193178739803165
1969-07-06,0.020725514373681406
1969-07-07,0.02623055346180939
1969-07-08,0.02210194855131463
1969-07-09,0.023505399712001378
1969-07-10,0.031204413701860893
1969-07-11,0.01433463935303742
1969-07-12,0.00738860429194124
1969-07-13,0.014628712924998358
1969-07-14,0.013156868252266822
1969-07-15,0.01827219450915997
1969-07-16,0.02724041004923758
1969-07-17,0.01681312998987699
1969-07-18,0.03383358916526688
1969-07-19,0.01886194683042428
1969-07-20,0.0179062670343253
1969-07-21,0.008352767528253861
1969-07-22,0.010262572557799518
1969-07-23,0.024399846198012734
1969-07-24,0.011785814014032244
1969-07-25,0.011199592604194765
1969-07-26,0.007859621351992124
1969-07-27,0.0079921454872234
1969-07-28,0.012158921628312922
1969-07-29,0.010373744642028232
1969-07-30,0.01173028584710318
1969-07-31,0.01984495631005139
1969-08-01,0.02785342265060701
1969-08-02,0.035889080596975334
1969-08-03,0.0034475816131671728
1969-08-04,0.00806040718575964
1969-08-05,0.010871095995809302
1969-08-06,0.008927933757212817
1969-08-07,0.013932541798062801
1969-08-08,0.018079598159000305
1969-08-09,0.01474522871562856
1969-08-10,0.014430189232797132
1969-08-11,0.011596076466519369
1969-08-12,0.01587233657127826
1969-08-13,0.01704782229103864
1969-08-14,0.010804424232071943
1969-08-15,0.026690944731620703
1969-08-16,0.0414656993686464
1969-08-17,0.07895160242435617
1969-08-18,0.03938991388133139
1969-08-19,0.027827573812249075
1969-08-20,0.016718960708716132
1969-08-21,0.017885984322804176
1969-08-22,0.01480385248705439
1969-08-23,0.013180976137444986
1969-08-24,0.01203974382068951
1969-08-25,0.01851554336530075
1969-08-26,0.016050440535552244
1969-08-27,0.011103831670423468
1969-08-28,0.013786637730508875
1969-08-29,0.00864757841498832
1969-08-30,0.01105870864723253
1969-08-31,0.004681304108803673
1969-09-01,0.003816278007505947
1969-09-02,0.0022008808007829544
1969-09-03,0.0013188715821313762
1969-09-04,0.002859086891234272
1969-09-05,0.013359415563855215
1969-09-06,0.009170260951251315
1969-09-07,0.019370722603976383
1969-09-08,0.005367044586759436
1969-09-09,0.01037966673946105
1969-09-10,0.00996478887307161
1969-09-11,0.009527671599824655
1969-09-12,0.010538490262490834
1969-09-13,0.006607942779279707
1969-09-14,0.004589107174193752
1969-09-15,0.004017603309512828
1969-09-16,0.0013525867928714669
1969-09-17,7.276486590493645E-4
1969-09-18,0.0016297921180897367
1969-09-19,0.005939157855718478
1969-09-20,0.005236528286660121
1969-09-21,6.054814102950109E-4
1969-09-22,2.1909559253342298E-4
1969-09-23,0.013621782127305098
1969-09-24,0.002020462674593562
1969-09-25,0.07699638172119377
1969-09-26,0.021788205536184633
1969-09-27,0.0012571887000103219
1969-09-28,0.0024319076145494656
1969-09-29,0.0022618249487294313
1969-09-30,0.0028147717590456135
1969-10-01,0.004569153097819461
1969-10-02,0.009803583650828639
1969-10-03,0.0020643593090524594
1969-10-04,0.0022074215303042777
1969-10-05,0.0026230849713600414
1969-10-06,0.004489298534367609
1969-10-07,0.00987644886727727
1969-10-08,0.008455924015398308
1969-10-09,0.0016101412733461001
1969-10-10,9.178394957205514E-4
1969-10-11,0.013957272299826153
1969-10-12,0.002490699118530821
1969-10-13,8.420458844579764E-4
1969-10-14,8.519349837234255E-4
1969-10-15,6.07941359863319E-4
1969-10-16,2.4274414415993456E-4
1969-10-17,3.0206630634848714E-4
1969-10-18,2.4663014628122304E-4
1969-10-19,1.8706112841650245E-4
1969-10-20,5.8098736439826166E-5
1969-10-21,4.101007692771033E-6
1969-10-22,1.6538239658530075E-5
1969-10-23,1.1146046506540565E-5
1969-10-24,1.1831956101247812E-5
1969-10-25,7.194661761833673E-6
1969-10-26,1.470916394219322E-4
1969-10-27,6.604842608040558E-4
1969-10-28,5.401040100586262E-4
1969-10-29,1.653641349328825E-4
1969-10-30,2.15026262523122E-5
1969-10-31,2.0962356224075144E-5
1969-11-01,2.5988012724529123E-6
1969-11-02,2.2485941577684633E-6
1969-11-03,6.346301191804039E-8
1969-11-04,0.0
1969-11-05,1.2551687356364522E-7
1969-11-06,5.0356374305646466E-5
1969-11-07,2.0549834377503822E-5
1969-11-08,7.235109762993853E-5
1969-11-09,8.785517918581222E-7
1969-11-10,3.721968578225127E-5
1969-11-11,0.009525970712287937
1969-11-12,0.010362962470578323
1969-11-13,0.0010487896208631598
1969-11-14,4.4254329849127846E-4
1969-11-15,1.6820466070505924E-5
1969-11-16,4.1493560329504914E-6
1969-11-17,6.912208324595571E-6
1969-11-18,1.1513955881566891E-5
1969-11-19,4.431111689601269E-6
1969-11-20,2.4115102467862797E-5
1969-11-21,2.5230424911637926E-5
1969-11-22,5.638271225670172E-6
1969-11-23,2.086112937839672E-6
1969-11-24,2.411313656437605E-6
1969-11-25,1.343105619786117E-6
1969-11-26,5.9991325146929635E-6
1969-11-27,2.4992707320031404E-5
1969-11-28,1.0736910087613765E-6
1969-11-29,1.8998980522155764E-7
1969-11-30,5.02772150709088E-6
1969-12-01,3.062743581375341E-5
1969-12-02,2.3778133102974624E-6
1969-12-03,1.1786770107518106E-6
1969-12-04,2.2250826885945875E-6
1969-12-05,3.7708335702836595E-5
1969-12-06,1.8296243085066998E-5
1969-12-07,6.222756191574142E-7
1969-12-08,8.594020187704289E-7
1969-12-09,1.0129344256627078E-9
1969-12-10,4.2781793657754894E-7
1969-12-11,3.2040232891326685E-6
1969-12-12,8.615506704447894E-7
1969-12-13,1.314798778537681E-6
1969-12-14,1.3306093623216745E-5
1969-12-15,3.0174533094395883E-6
1969-12-16,4.2614982476152363E-7
1969-12-17,1.2814997489840607E-6
1969-12-18,2.1422993086162023E-6
1969-12-19,1.711067909582198E-6
1969-12-20,4.7297629997157294E-6
1969-12-21,2.6787488203246096E-6
1969-12-22,7.400786586839199E-7
1969-12-23,3.3303973885010024E-6
1969-12-24,1.365762099342546E-6
1969-12-25,2.5731739015100175E-6
1969-12-26,4.590869810934533E-6
1969-12-27,1.5483003081457141E-6
1969-12-28,8.642672355563263E-7
1969-12-29,8.523463748133508E-7
1969-12-30,2.808511327121237E-6
1969-12-31,8.611064572505711E-7
1970-01-01,1.2664256132666196E-6
1970-01-02,4.4107436991680515E-7
1970-01-03,4.277800584873148E-7
1970-01-04,7.777232194501983E-8
1970-01-05,2.241797627366764E-6
1970-01-06,1.3195511812459094E-6
1970-01-07,6.480032603739851E-7
1970-01-08,1.716613724056515E-6
1970-01-09,1.725809388425518E-6
1970-01-10,3.3621498615066444E-8
1970-01-11,4.683596893170556E-6
1970-01-12,0.0021523494148188963
1970-01-13,7.296325987393651E-5
1970-01-14,9.281422853877767E-7
1970-01-15,1.7209240468218923E-6
1970-01-16,1.2317144801850955E-9
1970-01-17,4.351138045421976E-7
1970-01-18,6.832879068623453E-7
1970-01-19,4.351138045421976E-7
1970-01-20,3.8703996786222823E-4
1970-01-21,0.012316021238727519
1970-01-22,6.672727341548635E-4
1970-01-23,9.170519123980965E-5
1970-01-24,3.751591957477677E-5
1970-01-25,2.935645851789691E-6
1970-01-26,6.26026744462567E-4
1970-01-27,0.004182900149439802
1970-01-28,2.2267890109768204E-4
1970-01-29,8.612870487922919E-7
1970-01-30,4.351138045421976E-7
1970-01-31,2.5786412152228877E-6
1970-02-01,1.1942702444159263E-5
1970-02-02,2.622103603944012E-4
1970-02-03,4.358011529024688E-7
1970-02-04,1.289664851356065E-6
1970-02-05,1.7246730408260191E-6
1970-02-06,4.326324756220856E-7
1970-02-07,4.351138045421976E-7
1970-02-08,2.1494340649173418E-6
1970-02-09,8.440582632829319E-7
1970-02-10,1.3084962602394474E-6
1970-02-11,5.387184940727138E-6
1970-02-12,8.65275087508408E-7
1970-02-13,4.554078079461425E-7
1970-02-14,8.810099504675541E-7
1970-02-15,2.565919203334488E-6
1970-02-16,1.3606040738523006E-8
1970-02-17,3.458964342326788E-8
1970-02-18,1.837237797824834E-5
1970-02-19,4.38585023567149E-5
1970-02-20,0.006268270372402988
1970-02-21,8.196782693438123E-4
1970-02-22,0.0017600519448765781
1970-02-23,0.016148567551131837
1970-02-24,0.014504192705788371
1970-02-25,0.002919064555834274
1970-02-26,0.009879118867778366
1970-02-27,2.7085108913455235E-4
1970-02-28,2.1944903266381851E-4
1970-03-01,1.3652579975912118E-5
1970-03-02,1.2625609174629169E-5
1970-03-03,3.3663945735534496E-4
1970-03-04,0.00365732107882659
1970-03-05,0.0026275353163597915
1970-03-06,3.104713757208882E-4
1970-03-07,4.351138045421976E-7
1970-03-08,4.79611525495533E-7
1970-03-09,2.665673893502813E-5
1970-03-10,2.4699615657332527E-5
1970-03-11,0.005605991016716287
1970-03-12,5.327039388548692E-4
1970-03-13,0.0027670893303106993
1970-03-14,0.0012038183223089067
1970-03-15,7.116860185694707E-4
1970-03-16,7.445011400409255E-5
1970-03-17,2.5875127600867056E-6
1970-03-18,8.608423627265438E-7
1970-03-19,4.351138045421976E-7
1970-03-20,1.043288004880696E-6
1970-03-21,8.52346317969932E-7
1970-03-22,1.7198839259435772E-6
1970-03-23,7.098253933421453E-4
1970-03-24,0.001531475711628953
1970-03-25,1.9478028336412644E-4
1970-03-26,0.008922202571048282
1970-03-27,0.009872839564361668
1970-03-28,0.01819359847317541
1970-03-29,0.02246382189707744
1970-03-30,0.06839565227633751
1970-03-31,0.03205034812568345
1970-04-01,0.011784258736781995
1970-04-02,3.445468312236704E-4
1970-04-03,3.3632587965836E-5
1970-04-04,1.804199413147554E-4
1970-04-05,2.1557082572777795E-5
1970-04-06,1.8836503445290768E-6
1970-04-07,9.784578841221073E-5
1970-04-08,0.0033724732786200064
1970-04-09,0.050675871939663275
1970-04-10,0.02357633557747251
1970-04-11,0.018082868481493864
1970-04-12,7.188467568108546E-5
1970-04-13,0.0054395825875139785
1970-04-14,0.004040970012459454
1970-04-15,0.04611448264309884
1970-04-16,0.029039912401159673
1970-04-17,0.019058233925787375
1970-04-18,0.021439294014879744
1970-04-19,0.005356268923993409
1970-04-20,0.007783952124923616
1970-04-21,0.001108276533058615
1970-04-22,3.9043910304574226E-4
1970-04-23,1.5625652179682676E-4
1970-04-24,7.078804704275888E-4
1970-04-25,8.671738584710886E-5
1970-04-26,3.8908059316323195E-4
1970-04-27,4.3404692971570524E-4
1970-04-28,0.005496157482639201
1970-04-29,0.028301319064777026
1970-04-30,0.029976574401768402
1970-05-01,0.011494740618532796
1970-05-02,0.01012975906016012
1970-05-03,9.003678726495347E-4
1970-05-04,0.0014466559068646303
1970-05-05,1.9789286759900852E-5
1970-05-06,4.075654276270975E-5
1970-05-07,0.004161638333284921
1970-05-08,0.01724868153044329
1970-05-09,0.007994472989554982
1970-05-10,0.005437275507535963
1970-05-11,0.006712068986767299
1970-05-12,0.008889685220623831
1970-05-13,0.01365665204909151
1970-05-14,0.008341083232430022
1970-05-15,0.018103200494592638
1970-05-16,0.016362906190911547
1970-05-17,0.05300654320358541
1970-05-18,0.023508012692277144
1970-05-19,0.011042154469672655
1970-05-20,3.0931331791278705E-4
1970-05-21,5.4035096327004424E-5
1970-05-22,0.00890808604830796
1970-05-23,0.010059478813405631
1970-05-24,0.007293360852178811
1970-05-25,0.009653361915163914
1970-05-26,0.011717869726276003
1970-05-27,0.011525691929736246
1970-05-28,0.008419535187405215
1970-05-29,0.006859377000207509
1970-05-30,0.007873326651094626
1970-05-31,0.015934288312142653
1970-06-01,0.016200365669636327
1970-06-02,0.019819778550222437
1970-06-03,0.03401413391474286
1970-06-04,0.026502255560997487
1970-06-05,0.02191462584399764
1970-06-06,0.02999723154082464
1970-06-07,0.02596371654819996
1970-06-08,0.01262351258641723
1970-06-09,0.02261848934688702
1970-06-10,0.008949142333515462
1970-06-11,0.013089605982415793
1970-06-12,0.0049607789697338
1970-06-13,0.005443095205730567
1970-06-14,0.011324402071588573
1970-06-15,0.015409632677582046
1970-06-16,0.029093615677706557
1970-06-17,0.023228999927131545
1970-06-18,0.03692921188026585
1970-06-19,0.04487929101416138
1970-06-20,0.02638054693749462
1970-06-21,0.022939824914038082
1970-06-22,0.04987750637574161
1970-06-23,0.04854239348894462
1970-06-24,0.026812497545222524
1970-06-25,0.013474108203746685
1970-06-26,0.014644436752414504
1970-06-27,0.006542610631051576
1970-06-28,0.007148615177396365
1970-06-29,0.005534251812380122
1970-06-30,0.0127469295944176
1970-07-01,0.015190153469493478
1970-07-02,0.021306894358510256
1970-07-03,0.008724104064301956
1970-07-04,0.00858796637172059
1970-07-05,0.015052317702943546
1970-07-06,0.009454173686876465
1970-07-07,0.016396293277331195
1970-07-08,0.019325788467188045
1970-07-09,0.021107191161784087
1970-07-10,0.018238235568207813
1970-07-11,0.03178177880327827
1970-07-12,0.05890804956485744
1970-07-13,0.039900025046230664
1970-07-14,0.04147833412308569
1970-07-15,0.017111301392833633
1970-07-16,0.004808122876477045
1970-07-17,0.01407423617088761
1970-07-18,0.017551830924315264
1970-07-19,0.020193023615888258
1970-07-20,0.026420183597353705
1970-07-21,0.04675497422802169
1970-07-22,0.045269816988546575
1970-07-23,0.06511776446596836
1970-07-24,0.041520983858310115
1970-07-25,0.032598353762434126
1970-07-26,0.011341421205356637
1970-07-27,0.015851487168509693
1970-07-28,0.01584192854557916
1970-07-29,0.018549505159791528
1970-07-30,0.0197821830509095
1970-07-31,0.014914423896479486
1970-08-01,0.01920202141935357
1970-08-02,0.010238390387252674
1970-08-03,0.007015131605590677
1970-08-04,0.01258100254857265
1970-08-05,0.012296542042941715
1970-08-06,0.01815796625827883
1970-08-07,0.023583629099705555
1970-08-08,0.019005478986586784
1970-08-09,0.010528449737434983
1970-08-10,0.006708471068400181
1970-08-11,0.009388485396270121
1970-08-12,0.038202125579447084
1970-08-13,0.006751035112090884
1970-08-14,0.0039050685596324873
1970-08-15,0.019565320648670673
1970-08-16,0.016845675879089483
1970-08-17,0.012589668326989116
1970-08-18,0.004779377548213965
1970-08-19,0.0038130123158820867
1970-08-20,0.0015100578528313632
1970-08-21,0.01230985389581177
1970-08-22,0.01333970895127332
1970-08-23,0.019734446416700507
1970-08-24,0.012534169015938
1970-08-25,0.00786515240455743
1970-08-26,0.014684041830938266
1970-08-27,0.013712512102957498
1970-08-28,0.012503395063237313
1970-08-29,0.025712390641084295
1970-08-30,0.010133625545323594
1970-08-31,0.009991144043643643
1970-09-01,0.030117104212873728
1970-09-02,0.022895384801261003
1970-09-03,0.006464842334818936
1970-09-04,0.006084198911985923
1970-09-05,0.0028430185233988543
1970-09-06,0.0010141716642183538
1970-09-07,5.711625934222841E-4
1970-09-08,0.009242168151925599
1970-09-09,0.02552797351917624
1970-09-10,0.01118171142602069
1970-09-11,0.010309321495741437
1970-09-12,0.015663525191610614
1970-09-13,0.014661709723507617
1970-09-14,0.021697672820398587
1970-09-15,0.017007712499496914
1970-09-16,0.012425987162330593
1970-09-17,0.012897192220789166
1970-09-18,0.009618901776102173
1970-09-19,0.006141951304454758
1970-09-20,0.018732188248878467
1970-09-21,0.010474870859363333
1970-09-22,0.0070620148903555394
1970-09-23,0.012040616937949482
1970-09-24,0.013232971083090494
1970-09-25,0.014087234037758991
1970-09-26,0.008515435485120808
1970-09-27,0.004288656376948246
1970-09-28,0.016251389480310074
1970-09-29,0.009115183804772
1970-09-30,0.029977963683819848
1970-10-01,0.0400777738159385
1970-10-02,0.08320964962709054
1970-10-03,0.09679848264106095
1970-10-04,0.012029605949712481
1970-10-05,0.03386641152030675
1970-10-06,0.011164555077074936
1970-10-07,0.012588118916274508
1970-10-08,0.006951335389594941
1970-10-09,0.003374074787844132
1970-10-10,0.0013151582381681966
1970-10-11,8.131610106870618E-4
1970-10-12,0.002425727001848939
1970-10-13,0.003616332110195156
1970-10-14,3.9246243796700896E-4
1970-10-15,8.027199247536938E-6
1970-10-16,2.402151737055778E-6
1970-10-17,5.3949693718936314E-5
1970-10-18,4.892367447323992E-6
1970-10-19,9.926109644718944E-6
1970-10-20,1.6662663963153115E-5
1970-10-21,0.012143673398038268
1970-10-22,0.04305803544388688
1970-10-23,0.08118450259445824
1970-10-24,0.011460708145029247
1970-10-25,0.0011472986715952798
1970-10-26,2.312604334559503E-4
1970-10-27,1.5195446207344188E-5
1970-10-28,5.991637727266882E-4
1970-10-29,0.0043406802587092385
1970-10-30,0.01470039697325544
1970-10-31,0.020804883601315806
1970-11-01,0.008556272575418663
1970-11-02,8.759581951230336E-4
1970-11-03,4.8259344959466143E-4
1970-11-04,0.0018380484974463644
1970-11-05,0.0011897058698827829
1970-11-06,1.1845887047293956E-4
1970-11-07,5.988123931105687E-4
1970-11-08,5.951239285828797E-4
1970-11-09,1.131138662037822E-4
1970-11-10,7.433910110955101E-5
1970-11-11,2.8774683358352314E-4
1970-11-12,0.030139915742048485
1970-11-13,0.007925012674974422
1970-11-14,7.836005203641221E-4
1970-11-15,7.860309012531394E-5
1970-11-16,5.1032557542653E-6
1970-11-17,3.90853582090036E-6
1970-11-18,4.839168032469778E-6
1970-11-19,6.342240410044014E-6
1970-11-20,1.9899512280821655E-5
1970-11-21,1.0577304408580061E-5
1970-11-22,1.0112617057182887E-6
1970-11-23,2.6866419347180126E-6
1970-11-24,2.004152115055386E-5
1970-11-25,5.60417914334951E-6
1970-11-26,4.217752406320396E-6
1970-11-27,4.555802205933228E-6
1970-11-28,1.3106061096235124E-6
1970-11-29,1.304948874635583E-6
1970-11-30,1.7242033767631567E-6
1970-12-01,1.2760429080501104E-6
1970-12-02,2.7079699584462744E-6
1970-12-03,1.2002754848816494E-5
1970-12-04,1.2547333719413405E-5
1970-12-05,3.2509277552548422E-6
1970-12-06,2.5888501912212807E-6
1970-12-07,3.939589996911827E-6
1970-12-08,1.7287849174069537E-6
1970-12-09,8.70227722771233E-7
1970-12-10,1.2844800494349329E-6
1970-12-11,1.5606657085021324E-6
1970-12-12,1.9673649068516625E-5
1970-12-13,2.5101472482480068E-6
1970-12-14,8.70227722771233E-7
1970-12-15,7.919751839830696E-8
1970-12-16,1.2562398104309351E-6
1970-12-17,5.148232433915672E-5
1970-12-18,6.795341014421182E-5
1970-12-19,6.806046845362962E-6
1970-12-20,2.156463214781181E-6
1970-12-21,2.2611423719143933E-5
1970-12-22,8.616355613830402E-6
1970-12-23,1.364111625743677E-6
1970-12-24,4.7585426831721515E-7
1970-12-25,1.959355351213204E-6
1970-12-26,1.3193920714433254E-6
1970-12-27,7.155150850956946E-6
1970-12-28,8.208397481866684E-6
1970-12-29,3.7552866934724924E-5
1970-12-30,1.2789589717576323E-5
1970-12-31,8.92525285794653E-5
1971-01-01,5.020207569882559E-5
1971-01-02,6.013054379148979E-6
1971-01-03,2.8997935084269007E-6
1971-01-04,2.7496012960573415E-6
1971-01-05,5.579672889152109E-7
1971-01-06,6.797517777742526E-7
1971-01-07,7.372414051327938E-7
1971-01-08,8.639454665166541E-7
1971-01-09,3.1381156403205303E-8
1971-01-10,9.560860650387804E-10
1971-01-11,4.261732051702438E-7
1971-01-12,8.562845437154465E-7
1971-01-13,8.668261886926515E-7
1971-01-14,2.6467541552263056E-6
1971-01-15,1.7126813272520303E-6
1971-01-16,8.612870487922919E-7
1971-01-17,0.0032129067135280953
1971-01-18,6.204166627792466E-5
1971-01-19,1.473847797687473E-5
1971-01-20,2.3570686392572313E-6
1971-01-21,3.423645826509887E-5
1971-01-22,8.152589619857083E-5
1971-01-23,8.52958786698254E-7
1971-01-24,1.2716163283227562E-6
1971-01-25,2.481365848962409E-4
1971-01-26,0.010133692778074669
1971-01-27,0.0010472034264375782
1971-01-28,0.0017372823605306608
1971-01-29,7.683657314410507E-5
1971-01-30,4.4273406888219597E-7
1971-01-31,3.413136572136361E-6
1971-02-01,3.216276663062745E-5
1971-02-02,1.727847859456233E-6
1971-02-03,8.834144574535524E-6
1971-02-04,3.08455904031442E-6
1971-02-05,3.2962781452017564E-5
1971-02-06,2.129986669388018E-6
1971-02-07,1.2844800494349329E-6
1971-02-08,2.1457663024193607E-6
1971-02-09,1.8072506375474567E-6
1971-02-10,8.25402542485885E-5
1971-02-11,0.005686223143285184
1971-02-12,0.008390804711044636
1971-02-13,1.708442055897161E-4
1971-02-14,1.4813376827136007E-6
1971-02-15,0.0
1971-02-16,2.5721415113366675E-6
1971-02-17,8.585578257225279E-7
1971-02-18,8.540793884735832E-7
1971-02-19,9.124633658830977E-7
1971-02-20,3.113957258304415E-5
1971-02-21,2.3856717262312376E-5
1971-02-22,3.815562814750625E-5
1971-02-23,2.540233713019879E-4
1971-02-24,2.4568087184082036E-5
1971-02-25,1.2916304307236195E-6
1971-02-26,2.574483005446382E-6
1971-02-27,1.2135583447003764E-6
1971-02-28,0.0010422475703689414
1971-03-01,1.5579696752571456E-4
1971-03-02,2.3386207671284737E-6
1971-03-03,-5.602063593590757E-9
1971-03-04,1.304513441009266E-6
1971-03-05,4.5163351868058725E-7
1971-03-06,1.1323889611358643E-6
1971-03-07,8.542275509171304E-7
1971-03-08,4.351138045421976E-7
1971-03-09,8.573517789045582E-7
1971-03-10,4.351138045421976E-7
1971-03-11,2.5887536025948066E-6
1971-03-12,2.553540696226264E-6
1971-03-13,2.5642720515861583E-6
1971-03-14,1.7198866544276825E-6
1971-03-15,8.52346317969932E-7
1971-03-16,8.83615930998883E-7
1971-03-17,1.4032957071553335E-6
1971-03-18,3.930561861230315E-6
1971-03-19,7.544431049099608E-7
1971-03-20,2.1331309410878005E-5
1971-03-21,9.18607439381559E-5
1971-03-22,2.546178538657017E-4
1971-03-23,5.481929211089405E-4
1971-03-24,2.019947560522168E-4
1971-03-25,1.5620221100902452E-4
1971-03-26,0.001204714807258956
1971-03-27,0.015290778335110704
1971-03-28,0.03257259445459272
1971-03-29,0.029451570143831613
1971-03-30,0.0324947172084754
1971-03-31,0.011997357455110297
1971-04-01,0.004025076020415331
1971-04-02,0.031496229045203335
1971-04-03,0.030665841205324708
1971-04-04,0.01708846303641832
1971-04-05,0.02127759454070566
1971-04-06,0.01908645235425103
1971-04-07,0.07313744887192815
1971-04-08,0.001444120377285986
1971-04-09,0.0013035387078302765
1971-04-10,0.008984447416095729
1971-04-11,0.031733155991295725
1971-04-12,0.08014669326427837
1971-04-13,0.04006428565168416
1971-04-14,0.02062008745975588
1971-04-15,0.030530564193609683
1971-04-16,0.014966738048259591
1971-04-17,0.011381456308149327
1971-04-18,0.0013122176649718671
1971-04-19,0.0010296480913210473
1971-04-20,0.0016101637414743914
1971-04-21,0.004336106803026352
1971-04-22,0.012433841077991807
1971-04-23,0.0037082208732483273
1971-04-24,0.012003606667133775
1971-04-25,0.007141466016714285
1971-04-26,5.298200973196527E-5
1971-04-27,3.844039288559401E-5
1971-04-28,0.0025090678782588444
1971-04-29,0.002926106751230698
1971-04-30,0.013371681200631093
1971-05-01,0.0407455991777037
1971-05-02,0.08826491768803628
1971-05-03,0.05305962914599118
1971-05-04,0.005691195585463443
1971-05-05,0.0020486930384769203
1971-05-06,1.3121762860015027E-4
1971-05-07,0.056588601294380134
1971-05-08,0.045388962908012684
1971-05-09,0.0830714858843544
1971-05-10,0.0498579302826369
1971-05-11,0.019907402864518232
1971-05-12,0.015581027462200976
1971-05-13,0.0035434270068062596
1971-05-14,0.005574136788531536
1971-05-15,0.006075728932241835
1971-05-16,0.0025684222888650104
1971-05-17,0.00733064765868229
1971-05-18,0.002007997468269984
1971-05-19,7.073358338692285E-4
1971-05-20,4.971901365915247E-4
1971-05-21,4.181879741153318E-4
1971-05-22,0.013922958867134932
1971-05-23,0.008212868574856046
1971-05-24,0.009823203355125956
1971-05-25,0.021102134838942507
1971-05-26,0.019892542754541595
1971-05-27,0.013088083074105162
1971-05-28,0.005590558926026835
1971-05-29,0.009931935957299153
1971-05-30,0.010893546783850225
1971-05-31,0.01199775517493419
1971-06-01,0.013281470639064458
1971-06-02,0.011800100455992165
1971-06-03,0.012587569648389191
1971-06-04,0.005413476930705108
1971-06-05,0.010906766864517331
1971-06-06,0.026067009318146296
1971-06-07,0.014862123543760097
1971-06-08,0.023890199711502462
1971-06-09,0.018569498419584426
1971-06-10,0.023106793734116223
1971-06-11,0.011669040687319117
1971-06-12,0.0073649692202399425
1971-06-13,0.008754979968292012
1971-06-14,0.006665141380647732
1971-06-15,0.013733741486035062
1971-06-16,0.0118318919784885
1971-06-17,0.007422545709017384
1971-06-18,0.009254907767982844
1971-06-19,0.011060569819674751
1971-06-20,0.021047634437172492
1971-06-21,0.018250027141082314
1971-06-22,0.025964465745799373
1971-06-23,0.019570921497957215
1971-06-24,0.012983655410959897
1971-06-25,0.018777721379533676
1971-06-26,0.04926528734188134
1971-06-27,0.052424834231064865
1971-06-28,0.023431859708855276
1971-06-29,0.019020028931638424
1971-06-30,0.01668009809766167
1971-07-01,0.009576827419864323
1971-07-02,0.019305171491088742
1971-07-03,0.015914223577444788
1971-07-04,0.024688064899475923
1971-07-05,0.022128255787124865
1971-07-06,0.012475902766087621
1971-07-07,0.01047880116139036
1971-07-08,0.010951638934924275
1971-07-09,0.016475485252329922
1971-07-10,0.015292594256154044
1971-07-11,0.014403698251426568
1971-07-12,0.010059013874453467
1971-07-13,0.00997067135015492
1971-07-14,0.017782373850822916
1971-07-15,0.039705905306791245
1971-07-16,0.02746596786499905
1971-07-17,0.01550300388667649
1971-07-18,0.014557847946561278
1971-07-19,0.0184989967666382
1971-07-20,0.05126836077541132
1971-07-21,0.027854752063913274
1971-07-22,0.012366838715222192
1971-07-23,0.028244507992370986
1971-07-24,0.008942289562481337
1971-07-25,0.042229372957114215
1971-07-26,0.009995151493612481
1971-07-27,0.01409473650114385
1971-07-28,0.006405279829220633
1971-07-29,0.02262194985071266
1971-07-30,0.051329034213030235
1971-07-31,0.03284440380462437
1971-08-01,0.010105694959912153
1971-08-02,0.005568208486444688
1971-08-03,0.014942319884364622
1971-08-04,0.014195617228918685
1971-08-05,0.012699123353167656
1971-08-06,0.008617189220670573
1971-08-07,0.006941532256526607
1971-08-08,0.025654345043318733
1971-08-09,0.014538806809505821
1971-08-10,0.01620739315759777
1971-08-11,0.022277004921808903
1971-08-12,0.016693036041922314
1971-08-13,0.022863301896318116
1971-08-14,0.01860108357077411
1971-08-15,0.0233224306472207
1971-08-16,0.024034775501116507
1971-08-17,0.06020308418942325
1971-08-18,0.04668535806966512
1971-08-19,0.017759848770344425
1971-08-20,0.008311906897419808
1971-08-21,0.006657153829639704
1971-08-22,0.014080997356181747
1971-08-23,0.017428120954954485
1971-08-24,0.013350746932161347
1971-08-25,0.017513043244944796
1971-08-26,0.023428278617309898
1971-08-27,0.03280819176367253
1971-08-28,0.035554637361984
1971-08-29,0.06820267747678507
1971-08-30,0.015603727618115217
1971-08-31,0.0064051006414538965
1971-09-01,0.010701082005409139
1971-09-02,0.01115956963218121
1971-09-03,0.01796189788357774
1971-09-04,0.01406544570828229
1971-09-05,0.019434656544283568
1971-09-06,0.019780676643111124
1971-09-07,0.012644830594988925
1971-09-08,0.008423322237209784
1971-09-09,0.014818038368239146
1971-09-10,0.023080441263626086
1971-09-11,0.021147424981716414
1971-09-12,0.009570199448923917
1971-09-13,0.0027705844520700216
1971-09-14,0.0023259808347261554
1971-09-15,0.0015307648079345793
1971-09-16,0.0011529882491799592
1971-09-17,3.7959822099740037E-4
1971-09-18,0.0012923114238231794
1971-09-19,0.01347037865500058
1971-09-20,0.017221532272768868
1971-09-21,0.015653490991939356
1971-09-22,0.019106353311175415
1971-09-23,0.02809766761314714
1971-09-24,0.011364241753182656
1971-09-25,0.015812137558453343
1971-09-26,0.011877622471247799
1971-09-27,0.0073627693451212345
1971-09-28,0.014164972321130304
1971-09-29,0.005721818216015839
1971-09-30,0.02186548227519659
1971-10-01,0.0025446404929116368
1971-10-02,0.024271676133151197
1971-10-03,0.03551080180688305
1971-10-04,0.008375167575357965
1971-10-05,0.0075857653679875315
1971-10-06,0.014215500321933658
1971-10-07,0.015475485707316782
1971-10-08,0.012827659061057725
1971-10-09,0.014635392925861964
1971-10-10,0.008232034840491823
1971-10-11,0.013941750869241067
1971-10-12,0.008431688328349375
1971-10-13,0.010991406277491027
1971-10-14,0.0032182707181038894
1971-10-15,0.0050915534652209715
1971-10-16,0.00461485787440691
1971-10-17,0.002109928408932027
1971-10-18,0.0017587515354314555
1971-10-19,0.009152108610991794
1971-10-20,0.0036027326076371914
1971-10-21,0.0013313238843503752
1971-10-22,1.9772793598981563E-4
1971-10-23,1.12379486139251E-4
1971-10-24,2.0485724145381638E-4
1971-10-25,1.2176881205139823E-4
1971-10-26,1.9281298051234026E-4
1971-10-27,3.596924882266664E-5
1971-10-28,1.57207233182475E-5
1971-10-29,9.888481461464607E-5
1971-10-30,0.004941542761001972
1971-10-31,0.014508490155755758
1971-11-01,0.005465739760803704
1971-11-02,0.0038059455362138123
1971-11-03,0.0066373815297615275
1971-11-04,0.0036094913657517803
1971-11-05,0.009294802083531561
1971-11-06,0.029119434872631408
1971-11-07,0.001682646693603002
1971-11-08,3.2176841749622254E-4
1971-11-09,5.05482702586003E-7
1971-11-10,4.051975959560678E-6
1971-11-11,3.725708725281203E-5
1971-11-12,6.769178834570369E-5
1971-11-13,8.227051682554919E-7
1971-11-14,1.2261429713113906E-4
1971-11-15,6.886035982529919E-4
1971-11-16,0.002373815015893095
1971-11-17,0.0018027863921926286
1971-11-18,7.060733281473983E-4
1971-11-19,4.325620847285828E-4
1971-11-20,2.0604186406790233E-5
1971-11-21,2.1455698515637778E-6
1971-11-22,3.3961609327668362E-6
1971-11-23,2.8930945256297243E-6
1971-11-24,4.6084123042406885E-7
1971-11-25,2.2128755503049467E-6
1971-11-26,1.4787510936738959E-6
1971-11-27,2.822762449701217E-6
1971-11-28,4.27595051083657E-6
1971-11-29,4.1532756191540985E-6
1971-11-30,3.4218147999978494E-7
1971-12-01,4.364474691608669E-6
1971-12-02,2.4184066791154804E-6
1971-12-03,1.6714554990647161E-6
1971-12-04,4.427982468487929E-6
1971-12-05,4.791669526189963E-6
1971-12-06,5.784055344291623E-6
1971-12-07,1.5442382996481967E-5
1971-12-08,1.3542441613835925E-5
1971-12-09,1.8983403524254834E-6
1971-12-10,1.787932621950359E-7
1971-12-11,8.48642685014056E-7
1971-12-12,6.298699303169473E-7
1971-12-13,3.0235967041819245E-6
1971-12-14,1.2960190430032133E-6
1971-12-15,9.080926297087241E-7
1971-12-16,1.651957327368829E-5
1971-12-17,0.0
1971-12-18,1.2845364949498617E-6
1971-12-19,6.952997118051599E-6
1971-12-20,4.912689798397168E-6
1971-12-21,2.5844971604378693E-6
1971-12-22,1.149707794315426E-5
1971-12-23,3.671343162055155E-5
1971-12-24,8.109781533651962E-4
1971-12-25,3.674465706169655E-5
1971-12-26,1.1412590931754E-6
1971-12-27,8.667616954507681E-7
1971-12-28,1.5679509998056934E-7
1971-12-29,8.628379950190763E-7
1971-12-30,1.8749343005218955E-6
1971-12-31,8.017984945650045E-6
1972-01-01,6.26388786450851E-5
1972-01-02,2.2479934107292994E-4
1972-01-03,2.9447829057853555E-4
1972-01-04,2.709394378076478E-4
1972-01-05,1.4375949134016666E-4
1972-01-06,1.3679635694262217E-4
1972-01-07,1.8987727339826223E-4
1972-01-08,8.854966642628578E-7
1972-01-09,1.0132250251886539E-6
1972-01-10,3.16977077836335E-5
1972-01-11,2.618019339324274E-5
1972-01-12,4.8629405298693815E-6
1972-01-13,1.1958754598624986E-6
1972-01-14,8.583068620282575E-7
1972-01-15,6.688879830554773E-6
1972-01-16,6.004870532875809E-5
1972-01-17,3.115354263719525E-6
1972-01-18,6.8934781331935465E-6
1972-01-19,1.4368567519072897E-6
1972-01-20,4.351138613856165E-7
1972-01-21,1.2847800121562614E-6
1972-01-22,4.407742721923569E-7
1972-01-23,4.844235917190983E-7
1972-01-24,8.783879574014207E-7
1972-01-25,8.625838465030481E-7
1972-01-26,8.614142643637024E-7
1972-01-27,1.2430846668394231E-5
1972-01-28,1.7808257033368795E-6
1972-01-29,0.0028560460662835426
1972-01-30,7.322301723998426E-4
1972-01-31,6.885165104357697E-5
1972-02-01,8.282653889771062E-5
1972-02-02,2.975031562241359E-5
1972-02-03,0.00837420586819594
1972-02-04,0.0065282682471860375
1972-02-05,0.02695843028023065
1972-02-06,0.002999187250955796
1972-02-07,3.513760639168134E-5
1972-02-08,7.593036397433067E-7
1972-02-09,8.779099807672717E-7
1972-02-10,1.9706225808645266E-7
1972-02-11,2.471709500567505E-6
1972-02-12,1.842686183881808E-6
1972-02-13,3.8645699301026085E-4
1972-02-14,3.003089871659628E-4
1972-02-15,2.6440041003811563E-4
1972-02-16,1.8764234643530126E-6
1972-02-17,5.289843012044549E-6
1972-02-18,5.442144219674877E-7
1972-02-19,2.5901828849004692E-6
1972-02-20,8.642663260616246E-7
1972-02-21,4.667443185272308E-7
1972-02-22,1.3729111840151052E-5
1972-02-23,5.392763397597166E-6
1972-02-24,1.9851805830964724E-6
1972-02-25,2.961541348903367E-5
1972-02-26,2.3412098194530905E-6
1972-02-27,4.351138045421976E-7
1972-02-28,8.514356863997818E-7
1972-02-29,2.5859541779027495E-6
1972-03-01,1.2874602930423862E-6
1972-03-02,1.2714990589302033E-6
1972-03-03,8.656037948640005E-7
1972-03-04,2.5746293294620483E-6
1972-03-05,1.3031718495015787E-6
1972-03-06,9.989411777622747E-5
1972-03-07,2.9174604284989825E-6
1972-03-08,1.7098825537686935E-6
1972-03-09,4.653259408917394E-5
1972-03-10,3.863635802463364E-5
1972-03-11,0.0
1972-03-12,4.2628518276661075E-7
1972-03-13,1.7246638078250663E-6
1972-03-14,0.0015175578920536019
1972-03-15,5.996892807518168E-4
1972-03-16,0.001707805410086085
1972-03-17,0.002309842756443294
1972-03-18,0.0018752963797212395
1972-03-19,3.656650554014203E-4
1972-03-20,6.042308779007539E-4
1972-03-21,4.0978056424904885E-4
1972-03-22,0.0011444790966977521
1972-03-23,0.003133929783123077
1972-03-24,0.001084807878377935
1972-03-25,2.336232336719113E-5
1972-03-26,9.599255318242006E-4
1972-03-27,0.02955580239951748
1972-03-28,0.033652688953453073
1972-03-29,0.007077460246613968
1972-03-30,0.015526440824473523
1972-03-31,0.03520362662140192
1972-04-01,0.033025102236721046
1972-04-02,0.03459483738665635
1972-04-03,0.014162387882375397
1972-04-04,0.017074857694582637
1972-04-05,0.01888036752751488
1972-04-06,0.029963870064412243
1972-04-07,0.013717065600387626
1972-04-08,0.003333808292401081
1972-04-09,0.013961151961904734
1972-04-10,0.009386283801384057
1972-04-11,0.005411535013096027
1972-04-12,0.009858246503360556
1972-04-13,0.025819859931927477
1972-04-14,0.009352149663628035
1972-04-15,0.011273430411394635
1972-04-16,0.008022101329741807
1972-04-17,0.02903744168225949
1972-04-18,0.0420877171765676
1972-04-19,0.017485001330220008
1972-04-20,0.003082388410323951
1972-04-21,0.0015397022823894647
1972-04-22,6.178935258134452E-5
1972-04-23,1.2529591265115757E-4
1972-04-24,3.030229071915484E-4
1972-04-25,0.00422153296143438
1972-04-26,0.015028613386681398
1972-04-27,0.055968417795887945
1972-04-28,0.06175537899739484
1972-04-29,0.04469136501404868
1972-04-30,0.03217645595832968
1972-05-01,0.015713097492303322
1972-05-02,0.01715821159142739
1972-05-03,0.009805363886917265
1972-05-04,0.02117428560212237
1972-05-05,0.010792456021957667
1972-05-06,0.00910910517186308
1972-05-07,0.01106573875623259
1972-05-08,0.010421883975469583
1972-05-09,0.00965045550245731
1972-05-10,0.0037944569249201377
1972-05-11,0.004150811646440481
1972-05-12,0.00413669148319921
1972-05-13,0.002089959563030674
1972-05-14,0.0011187252879098087
1972-05-15,0.004337693969724606
1972-05-16,0.0032965297276718658
1972-05-17,0.003384226866659607
1972-05-18,0.027650383228431906
1972-05-19,0.07080391483707203
1972-05-20,0.09254698942158875
1972-05-21,0.06731869203755037
1972-05-22,0.020209044625453875
1972-05-23,0.01159671969583717
1972-05-24,0.006954404171797645
1972-05-25,0.006999206934890612
1972-05-26,0.026775610822802005
1972-05-27,0.025153000080724384
1972-05-28,0.019433429207100696
1972-05-29,0.007725387066601293
1972-05-30,0.0029712696571570613
1972-05-31,0.00588926609186183
1972-06-01,0.0021053389568889856
1972-06-02,0.0012185090950886822
1972-06-03,0.0035971781648164204
1972-06-04,0.00768495479327199
1972-06-05,0.014685904144822865
1972-06-06,0.016592591385848343
1972-06-07,0.0062620913045123685
1972-06-08,9.207591836052865E-4
1972-06-09,2.917033572001766E-4
1972-06-10,0.0025623270970518896
1972-06-11,0.007541132114526173
1972-06-12,0.013603109001596544
1972-06-13,0.012416949134337087
1972-06-14,0.052022328000500426
1972-06-15,0.054154494971370204
1972-06-16,0.06729675825894858
1972-06-17,0.13259089665045978
1972-06-18,0.13130003665516352
1972-06-19,0.09159538605212135
1972-06-20,0.03983591180297129
1972-06-21,0.03061581502242137
1972-06-22,0.03040787421982172
1972-06-23,0.039370023040392305
1972-06-24,0.018641148911562967
1972-06-25,0.01943397179743153
1972-06-26,0.013160793865017359
1972-06-27,0.011303515390596562
1972-06-28,0.009115991967928205
1972-06-29,0.011462366517912256
1972-06-30,0.01764315252614194
1972-07-01,0.01345743770698221
1972-07-02,0.014493879218494272
1972-07-03,0.010572994156180099
1972-07-04,0.009280005151754306
1972-07-05,0.014885599572615824
1972-07-06,0.00768971871123356
1972-07-07,0.010512490307152011
1972-07-08,0.007314831397435525
1972-07-09,0.006788215359810467
1972-07-10,0.00930280973843604
1972-07-11,0.00806889719432594
1972-07-12,0.003073396099612891
1972-07-13,0.0023473016891958944
1972-07-14,0.007258425854765348
1972-07-15,0.013284012832992359
1972-07-16,0.014356916627146223
1972-07-17,0.019394407673671534
1972-07-18,0.028585231011670393
1972-07-19,0.0320348090480232
1972-07-20,0.021916483092689478
1972-07-21,0.04806497537512643
1972-07-22,0.02861947648371563
1972-07-23,0.01642194408374819
1972-07-24,0.04415608616620668
1972-07-25,0.04650583316899794
1972-07-26,0.0396149271623134
1972-07-27,0.02582537162500414
1972-07-28,0.03950585419558618
1972-07-29,0.01624892059859789
1972-07-30,0.01925652939859144
1972-07-31,0.014994747310441366
1972-08-01,0.010863087278059652
1972-08-02,0.012444460834295769
1972-08-03,0.013706639201879162
1972-08-04,0.02133053667196841
1972-08-05,0.015693114357670266
1972-08-06,0.034372488087336436
1972-08-07,0.02478755434640762
1972-08-08,0.021504132993074857
1972-08-09,0.025843047528511527
1972-08-10,0.01899597213360808
1972-08-11,0.020354758885107647
1972-08-12,0.021471563559950724
1972-08-13,0.015501728574607769
1972-08-14,0.026604842463642704
1972-08-15,0.03175760516067969
1972-08-16,0.018205465729526013
1972-08-17,0.006718887474069515
1972-08-18,0.008540248844578775
1972-08-19,0.009811147631463336
1972-08-20,0.010622061380077045
1972-08-21,0.013583395695049997
1972-08-22,0.015756609985915923
1972-08-23,0.014095100482247472
1972-08-24,0.018293030747219493
1972-08-25,0.016142974575098723
1972-08-26,0.009888731131485067
1972-08-27,0.02821683956067016
1972-08-28,0.016803555278850434
1972-08-29,0.0067507458757124295
1972-08-30,0.010068252525389211
1972-08-31,0.01747061323064694
1972-09-01,0.01238024967156816
1972-09-02,0.021485144871072125
1972-09-03,0.019194747535520213
1972-09-04,0.014919404569521115
1972-09-05,0.015295567316988301
1972-09-06,0.0034984227192367432
1972-09-07,9.726739146486777E-4
1972-09-08,0.001818270098337213
1972-09-09,0.0056902265010319595
1972-09-10,0.008551370254744683
1972-09-11,0.023380443332313414
1972-09-12,0.005370949334395573
1972-09-13,0.0016117668203863456
1972-09-14,0.0013500937573999346
1972-09-15,0.002039101378766099
1972-09-16,0.004299247208873618
1972-09-17,0.003777366855068704
1972-09-18,0.0017050963535942864
1972-09-19,5.307898058610374E-4
1972-09-20,6.88943292721964E-4
1972-09-21,0.02149585591099926
1972-09-22,0.01469150919392379
1972-09-23,0.009279007286361532
1972-09-24,0.005456616901760698
1972-09-25,0.01523591250904242
1972-09-26,0.008583163041479677
1972-09-27,0.0030438194118088953
1972-09-28,0.004414767684064531
1972-09-29,0.008549225052553467
1972-09-30,0.0077982058492304844
1972-10-01,0.0034759732838665906
1972-10-02,5.186136208125011E-4
1972-10-03,4.681851787608523E-4
1972-10-04,0.003041575457147092
1972-10-05,0.011335635418516721
1972-10-06,0.015318261588239934
1972-10-07,0.021458510896890833
1972-10-08,0.029210602347814817
1972-10-09,0.020166966075931974
1972-10-10,0.0033117315410439428
1972-10-11,2.893189181482173E-4
1972-10-12,2.9637854819422436E-4
1972-10-13,3.205081740964232E-4
1972-10-14,2.984356352971785E-4
1972-10-15,2.97516153348656E-4
1972-10-16,0.0021805000631575032
1972-10-17,0.0036588884674695087
1972-10-18,0.0022121554749790747
1972-10-19,0.001121391467863089
1972-10-20,4.796917765497577E-4
1972-10-21,3.30664419867505E-6
1972-10-22,1.1239048804161867E-5
1972-10-23,8.287491809693757E-4
1972-10-24,2.7169249569612485E-4
1972-10-25,1.942655771453946E-6
1972-10-26,9.926998546357793E-7
1972-10-27,2.6563688509726114E-9
1972-10-28,5.13628383592374E-7
1972-10-29,1.6419363418066433E-5
1972-10-30,7.152587092518899E-4
1972-10-31,4.5033584251922626E-5
1972-11-01,7.4758903484124E-5
1972-11-02,3.981256424011355E-6
1972-11-03,7.4350814732318645E-6
1972-11-04,7.410025411492845E-6
1972-11-05,1.4050286059194423E-4
1972-11-06,8.894002630610514E-7
1972-11-07,1.2755393754559918E-6
1972-11-08,3.01621810101459E-6
1972-11-09,3.5717737768803264E-6
1972-11-10,1.5960754393797365E-6
1972-11-11,4.510940684142013E-6
1972-11-12,2.2979222194499495E-4
1972-11-13,3.072338342320298E-4
1972-11-14,2.2173896902248654E-4
1972-11-15,8.172870576485934E-5
1972-11-16,2.9883938976105926E-5
1972-11-17,6.0703927043896975E-5
1972-11-18,6.982574711303702E-6
1972-11-19,8.361027074387775E-9
1972-11-20,1.0591435294619878E-6
1972-11-21,0.0
1972-11-22,8.52346317969932E-7
1972-11-23,8.77187744663388E-7
1972-11-24,5.4882753217479864E-5
1972-11-25,1.722053246498813E-5
1972-11-26,0.001787158333451766
1972-11-27,5.690379987620905E-4
1972-11-28,2.3394908185039017E-6
1972-11-29,3.565034305087613E-6
1972-11-30,9.328579880606557E-6
1972-12-01,7.571236342430951E-5
1972-12-02,2.9980623708070198E-6
1972-12-03,4.4324924682735533E-7
1972-12-04,1.7372576062081937E-6
1972-12-05,9.558520586177574E-7
1972-12-06,0.0
1972-12-07,1.4498225855250988E-6
1972-12-08,3.763131846933721E-6
1972-12-09,1.7068925975464047E-6
1972-12-10,0.0
1972-12-11,4.351138045421976E-7
1972-12-12,8.231413445381192E-6
1972-12-13,1.590462089273971E-7
1972-12-14,8.52346317969932E-7
1972-12-15,1.3042082400716026E-6
1972-12-16,2.1956025855647276E-6
1972-12-17,0.0
1972-12-18,8.52346317969932E-7
1972-12-19,6.531099605775922E-6
1972-12-20,1.6162077721242906E-6
1972-12-21,0.0010051379279544467
1972-12-22,9.280132876999804E-4
1972-12-23,2.0209186397545845E-5
1972-12-24,0.0
1972-12-25,1.2874602930423862E-6
1972-12-26,8.547718834961415E-7
1972-12-27,7.825413658314894E-7
1972-12-28,1.05123209850244E-6
1972-12-29,4.620850404798164E-6
1972-12-30,8.42487803984797E-5
1972-12-31,6.430547712801528E-6
1973-01-01,9.640933494129428E-5
1973-01-02,2.7419422915224037E-5
1973-01-03,2.093477027317332E-6
1973-01-04,2.1497676812032296E-6
1973-01-05,1.7195939108205494E-6
1973-01-06,1.5629827180418948E-6
1973-01-07,4.053114821545023E-7
1973-01-08,4.60770346717468E-6
1973-01-09,0.0010110477206345331
1973-01-10,2.4946236346500372E-5
1973-01-11,1.3632825422022286E-6
1973-01-12,1.3732475610826755E-4
1973-01-13,0.006006294492963629
1973-01-14,4.837275689303533E-5
1973-01-15,1.0770562935486044E-6
1973-01-16,1.2869266709200716E-6
1973-01-17,1.3004242691749836E-6
1973-01-18,4.048939519918476E-6
1973-01-19,1.0202572036961347E-6
1973-01-20,8.405651215070975E-7
1973-01-21,0.004554634023655171
1973-01-22,0.0010024273254193262
1973-01-23,7.492681127171957E-5
1973-01-24,1.2904405366498395E-6
1973-01-25,1.717866211947694E-6
1973-01-26,1.310408485072902E-6
1973-01-27,4.4584011342879493E-7
1973-01-28,8.583404315039859E-7
1973-01-29,5.952713187383717E-6
1973-01-30,5.030915365401242E-6
1973-01-31,1.7431403927409885E-6
1973-02-01,3.03754786695224E-5
1973-02-02,6.223708147897116E-5
1973-02-03,2.581014996394515E-6
1973-02-04,0.0
1973-02-05,2.1131935405096E-4
1973-02-06,1.9432118799390392E-5
1973-02-07,1.010170378093385E-6
1973-02-08,1.7114426782427472E-6
1973-02-09,2.1420698317342612E-6
1973-02-10,2.148858690600724E-6
1973-02-11,8.367045077285327E-9
1973-02-12,1.7120033233978139E-6
1973-02-13,1.6303790790526873E-6
1973-02-14,1.3506550082975033E-5
1973-02-15,0.001128007234041528
1973-02-16,0.0029568645147057646
1973-02-17,0.007858475023783704
1973-02-18,0.0030996378238731842
1973-02-19,1.5121037000023692E-4
1973-02-20,3.857305030011291E-6
1973-02-21,1.7225741544280027E-6
1973-02-22,2.5831650418695062E-6
1973-02-23,3.004073732881807E-6
1973-02-24,1.295991467031854E-6
1973-02-25,6.616164999751675E-6
1973-02-26,0.010919803774609386
1973-02-27,0.03650959848529104
1973-02-28,0.0275420105196189
1973-03-01,0.00555659691391252
1973-03-02,2.591516184274347E-4
1973-03-03,0.0010573624673976953
1973-03-04,1.838658899400325E-4
1973-03-05,7.93493249523246E-5
1973-03-06,4.974590219479469E-5
1973-03-07,0.0014841052699760945
1973-03-08,9.691505237125276E-4
1973-03-09,1.5302558284545784E-4
1973-03-10,2.0207654814962008E-4
1973-03-11,0.0033170010997929443
1973-03-12,0.005726139684943453
1973-03-13,4.542517347653369E-4
1973-03-14,8.52346317969932E-7
1973-03-15,1.7178840607812162E-6
1973-03-16,1.2904405366498395E-6
1973-03-17,2.1523467239603633E-6
1973-03-18,2.134863240755264E-6
1973-03-19,0.0
1973-03-20,1.330494944072782E-6
1973-03-21,5.197873568441916E-4
1973-03-22,2.1386417436461928E-5
1973-03-23,2.2517551188868602E-4
1973-03-24,4.704286952328194E-7
1973-03-25,8.52346317969932E-7
1973-03-26,1.2834575720703979E-6
1973-03-27,3.8061832865371064E-5
1973-03-28,4.4442608143211325E-5
1973-03-29,5.067703017698608E-7
1973-03-30,5.653805513449618E-5
1973-03-31,5.031991916605041E-5
1973-04-01,3.289596707069954E-5
1973-04-02,1.0758624686671135E-4
1973-04-03,9.813301394440535E-6
1973-04-04,1.3337466739647348E-6
1973-04-05,1.492773349574536E-6
1973-04-06,0.0014199804391089833
1973-04-07,0.002562816274852151
1973-04-08,0.005694192661852727
1973-04-09,0.018925214448486116
1973-04-10,0.0021767179254359214
1973-04-11,0.06615339440707395
1973-04-12,0.0801162658764855
1973-04-13,0.07506267733950016
1973-04-14,0.025407428108142338
1973-04-15,0.025747655576620624
1973-04-16,0.027742166932602685
1973-04-17,0.01570155722368891
1973-04-18,0.00968809963039891
1973-04-19,0.00601146123392114
1973-04-20,0.028972363369870743
1973-04-21,0.06347770501973073
1973-04-22,0.046094040126973004
1973-04-23,0.07692645982941453
1973-04-24,0.0601581442652248
1973-04-25,0.02830114398938143
1973-04-26,0.008394230742842327
1973-04-27,0.015570956853940327
1973-04-28,0.03550192223592147
1973-04-29,0.03302606206063784
1973-04-30,0.008168964246777795
1973-05-01,0.013215863270820603
1973-05-02,0.011316484818328334
1973-05-03,0.03170992228197675
1973-05-04,0.010229431663273742
1973-05-05,0.10706505499694005
1973-05-06,0.03962229993170536
1973-05-07,0.029338837042031607
1973-05-08,0.05607191510211401
1973-05-09,0.09955258368875702
1973-05-10,0.08030350723497959
1973-05-11,0.052267440463684284
1973-05-12,0.0334835735454196
1973-05-13,0.01137855382840757
1973-05-14,0.0022454496038097882
1973-05-15,0.0028919997871611172
1973-05-16,0.013239870310863322
1973-05-17,0.01926142880404947
1973-05-18,0.020130565971032282
1973-05-19,0.02646896743287135
1973-05-20,0.010804715555298203
1973-05-21,0.02302401216344874
1973-05-22,0.03132223078170341
1973-05-23,0.026086305653235286
1973-05-24,0.036274559542622875
1973-05-25,0.0427130052179963
1973-05-26,0.0509949644529072
1973-05-27,0.03932359367124925
1973-05-28,0.009490550291794957
1973-05-29,0.005022108533216657
1973-05-30,0.022136551184703517
1973-05-31,0.02212792146972352
1973-06-01,0.011741500865086652
1973-06-02,0.010573672679705094
1973-06-03,0.01696155720483568
1973-06-04,0.037944376745578864
1973-06-05,0.029983764075816453
1973-06-06,0.05823297395225699
1973-06-07,0.044995966021855724
1973-06-08,0.011492850500116315
1973-06-09,0.0034522568989990656
1973-06-10,0.015369731525895922
1973-06-11,0.01802535682055303
1973-06-12,0.02251158426940442
1973-06-13,0.038717215046442675
1973-06-14,0.05884389767914073
1973-06-15,0.07846544172921274
1973-06-16,0.035076616557175026
1973-06-17,0.02338523426750769
1973-06-18,0.0334120580932088
1973-06-19,0.013915055409353637
1973-06-20,0.008551626760534817
1973-06-21,0.015547689216674416
1973-06-22,0.02754625871725373
1973-06-23,0.01787326090296224
1973-06-24,0.020768004370299235
1973-06-25,0.029944801203042784
1973-06-26,0.03754611787758227
1973-06-27,0.023046774333368124
1973-06-28,0.034188330827679254
1973-06-29,0.02394934137201061
1973-06-30,0.01522750515461279
1973-07-01,0.009777704254788687
1973-07-02,0.011714690872135522
1973-07-03,0.006355772712580109
1973-07-04,0.01784662802422056
1973-07-05,0.017231150950547475
1973-07-06,0.016977900104274694
1973-07-07,0.008531919960311477
1973-07-08,0.009874655991862632
1973-07-09,0.009516123070607655
1973-07-10,0.04006420896792344
1973-07-11,0.07747137214578835
1973-07-12,0.0070114690348602555
1973-07-13,0.01127055758417102
1973-07-14,0.012808570146813893
1973-07-15,0.00639523178597406
1973-07-16,0.008749085916248706
1973-07-17,0.008985455018845609
1973-07-18,0.007407341203588289
1973-07-19,0.011066082356737027
1973-07-20,0.007643755191981806
1973-07-21,0.02102816029478706
1973-07-22,0.029386433909362304
1973-07-23,0.037598097304798996
1973-07-24,0.024688655406050444
1973-07-25,0.029663142865450933
1973-07-26,0.02834282470618394
1973-07-27,0.041628212476466774
1973-07-28,0.04221825319340879
1973-07-29,0.035686490166299455
1973-07-30,0.03555345102667746
1973-07-31,0.019091285114002574
1973-08-01,0.014012688721361842
1973-08-02,0.013525518780913326
1973-08-03,0.016990415973893645
1973-08-04,0.019013266778137656
1973-08-05,0.024015948048982383
1973-08-06,0.024789828516272133
1973-08-07,0.024296429070647052
1973-08-08,0.013198436196142367
1973-08-09,0.018144995189466075
1973-08-10,0.028944327626388835
1973-08-11,0.01328370255970335
1973-08-12,0.0075861693573146295
1973-08-13,0.01539304598603773
1973-08-14,0.012679611962033247
1973-08-15,0.017285559709413877
1973-08-16,0.014560262633541063
1973-08-17,0.009362021255586196
1973-08-18,0.011089564839542862
1973-08-19,0.011359894109789355
1973-08-20,0.01678308583189571
1973-08-21,0.045335540489395906
1973-08-22,0.006768534078171698
1973-08-23,0.005137670812751517
1973-08-24,0.011672450152861438
1973-08-25,0.010183656000740959
1973-08-26,0.010342063326393145
1973-08-27,0.009860460492193504
1973-08-28,0.008851661447448193
1973-08-29,0.017058772106615445
1973-08-30,0.007373359324707814
1973-08-31,0.01222437820682139
1973-09-01,0.0036767912031143435
1973-09-02,0.009611451953132724
1973-09-03,0.01050327693786788
1973-09-04,0.010821937735192891
1973-09-05,0.012900059788501119
1973-09-06,0.012560895120504765
1973-09-07,0.009303277390712952
1973-09-08,0.009198373055529872
1973-09-09,0.015413644892144421
1973-09-10,0.010861707951547657
1973-09-11,0.009280543521994113
1973-09-12,0.008060467125453578
1973-09-13,0.012871270348559581
1973-09-14,0.01889591631596559
1973-09-15,0.013150509196735374
1973-09-16,0.01327685707667243
1973-09-17,0.012415434393293607
1973-09-18,0.0044195876067776915
1973-09-19,0.003851030601586909
1973-09-20,0.001378927039612774
1973-09-21,0.012875134046420697
1973-09-22,0.034822543410041845
1973-09-23,0.017776783926971736
1973-09-24,0.007477660864904487
1973-09-25,0.005779673072552412
1973-09-26,0.003652446288162717
1973-09-27,0.0031181742353843336
1973-09-28,0.0033207659952278856
1973-09-29,0.01079164182577945
1973-09-30,0.02248598390950329
1973-10-01,0.023976929412888034
1973-10-02,0.012784722011732471
1973-10-03,0.010174036093185406
1973-10-04,2.647948419093487E-4
1973-10-05,2.1384749961206757E-4
1973-10-06,0.0031556761272732298
1973-10-07,0.0022787754616591166
1973-10-08,1.9923438054288744E-4
1973-10-09,2.2224879754176232E-4
1973-10-10,0.018600908883419007
1973-10-11,0.022754751992620066
1973-10-12,0.009209861984056548
1973-10-13,0.006587620216523147
1973-10-14,0.004613416565419102
1973-10-15,0.004638531764893865
1973-10-16,0.0019174700152839548
1973-10-17,2.8638460814195274E-4
1973-10-18,1.7309480961279076E-4
1973-10-19,2.4508066077557125E-4
1973-10-20,3.0197273790250534E-4
1973-10-21,2.4067923157994662E-4
1973-10-22,3.5160877468728573E-4
1973-10-23,8.60826615212883E-4
1973-10-24,0.0028024191194014744
1973-10-25,0.004169340135907716
1973-10-26,0.004632770160563563
1973-10-27,4.642450341884273E-4
1973-10-28,0.017316117251684228
1973-10-29,0.016105718110655858
1973-10-30,2.759557927914313E-4
1973-10-31,5.470848681543796E-5
1973-11-01,0.00240303869544618
1973-11-02,0.009960954825256111
1973-11-03,0.0022630997859156904
1973-11-04,0.0011635145725545884
1973-11-05,4.015935155477218E-4
1973-11-06,0.009170849691018898
1973-11-07,0.02434361281446923
1973-11-08,0.006925838602708669
1973-11-09,0.002309785303531547
1973-11-10,0.0011308841221315397
1973-11-11,5.003377491225419E-4
1973-11-12,6.694684988846968E-5
1973-11-13,3.963193784457121E-5
1973-11-14,2.3469870129426023E-5
1973-11-15,0.0023263604813635055
1973-11-16,0.0020067838909987768
1973-11-17,0.01639771128823347
1973-11-18,0.0426237148445993
1973-11-19,3.7224394391968164E-4
1973-11-20,4.6280031024687845E-4
1973-11-21,1.3468158722462598E-5
1973-11-22,3.551560201052299E-5
1973-11-23,4.080877308694123E-5
1973-11-24,5.887607171709767E-6
1973-11-25,6.373046531850532E-6
1973-11-26,3.195960053129693E-5
1973-11-27,1.3943314030688264E-5
1973-11-28,4.327382380916141E-6
1973-11-29,6.334934135449101E-6
1973-11-30,5.572735898846406E-6
1973-12-01,1.6080924618666105E-5
1973-12-02,3.210778346710028E-5
1973-12-03,3.1470877417968905E-6
1973-12-04,5.607375038640502E-6
1973-12-05,1.5743557344641272E-5
1973-12-06,1.0678386650402706E-6
1973-12-07,3.982606264241699E-6
1973-12-08,0.003539565981647982
1973-12-09,0.06422065905919086
1973-12-10,0.0012166351642173203
1973-12-11,2.6939378027646745E-4
1973-12-12,3.502210893889952E-5
1973-12-13,6.245594717522099E-6
1973-12-14,3.580392871288893E-5
1973-12-15,2.1406532233240117E-5
1973-12-16,1.8111924833132013E-5
1973-12-17,4.530470701518878E-5
1973-12-18,4.6686182558041715E-5
1973-12-19,1.0724606900543218E-4
1973-12-20,8.07418676918842E-6
1973-12-21,3.737559987946248E-6
1973-12-22,6.997727745883665E-6
1973-12-23,2.6352202697835145E-5
1973-12-24,7.294289940844496E-5
1973-12-25,1.7990638504257945E-5
1973-12-26,1.022946140896543E-5
1973-12-27,1.6018166879698035E-6
1973-12-28,1.7849046609897143E-5
1973-12-29,8.55241482467573E-5
1973-12-30,5.49086699089652E-5
1973-12-31,8.39995579912483E-5
1974-01-01,9.385862446933815E-6
1974-01-02,1.0995463484284509E-7
1974-01-03,3.3907398445632965E-6
1974-01-04,1.9839817915227694E-6
1974-01-05,2.8620473616121224E-6
1974-01-06,2.5942856583331624E-6
1974-01-07,7.168681996765076E-6
1974-01-08,9.507146690278685E-6
1974-01-09,3.54402516391256E-5
1974-01-10,3.0644698335260136E-5
1974-01-11,5.099431063329948E-5
1974-01-12,8.174548776163533E-7
1974-01-13,4.766380866227875E-7
1974-01-14,9.566691957112685E-5
1974-01-15,0.0038235224256867027
1974-01-16,1.3366149670739338E-4
1974-01-17,1.3318279882360056E-6
1974-01-18,8.987750119443114E-7
1974-01-19,2.6207814224546996E-5
1974-01-20,8.688499999962166E-7
1974-01-21,1.3265301333765596E-6
1974-01-22,2.0156893335864645E-5
1974-01-23,1.1422063385484477E-5
1974-01-24,5.138655251449706E-5
1974-01-25,3.242108208114113E-5
1974-01-26,9.543921968190914E-7
1974-01-27,2.140295636482507E-6
1974-01-28,1.654758370933856E-5
1974-01-29,7.093423052089956E-5
1974-01-30,2.8479163419344097E-6
1974-01-31,1.7739656490805887E-6
1974-02-01,8.74907841298304E-7
1974-02-02,3.2291591511985477E-9
1974-02-03,0.0011109191557582467
1974-02-04,0.003335780950474264
1974-02-05,6.077711643530102E-5
1974-02-06,4.351138045421976E-7
1974-02-07,1.7244765331270173E-6
1974-02-08,0.0
1974-02-09,1.2993812106287805E-6
1974-02-10,1.711336949483666E-6
1974-02-11,2.589234497918369E-6
1974-02-12,2.808695511583925E-4
1974-02-13,4.6796230843007735E-7
1974-02-14,1.7642581921181301E-6
1974-02-15,8.70227722771233E-7
1974-02-16,8.702837097930598E-7
1974-02-17,7.1719374959868526E-9
1974-02-18,8.857688473228149E-7
1974-02-19,1.394118958133821E-6
1974-02-20,4.351697915640242E-7
1974-02-21,2.578552425802627E-6
1974-02-22,2.585532115517708E-6
1974-02-23,4.351138045421976E-7
1974-02-24,1.2874602930423862E-6
1974-02-25,4.4606707660932443E-7
1974-02-26,1.713358869892545E-6
1974-02-27,8.654955081510707E-7
1974-02-28,1.2898194086119474E-6
1974-03-01,0.012573128550108816
1974-03-02,4.308920881755981E-5
1974-03-03,1.2414802654638486E-4
1974-03-04,0.011138257981638689
1974-03-05,0.026867184597318385
1974-03-06,0.0014405228394545676
1974-03-07,2.0707331037934813E-5
1974-03-08,9.006898069940224E-7
1974-03-09,1.0234323333801086E-5
1974-03-10,0.0
1974-03-11,8.523463748133508E-7
1974-03-12,1.2823807651329844E-6
1974-03-13,4.351138045421976E-7
1974-03-14,4.261732051702438E-7
1974-03-15,8.581801580476167E-7
1974-03-16,0.0
1974-03-17,2.0737698545643586E-6
1974-03-18,0.0027476502721488906
1974-03-19,1.1778737068210665E-4
1974-03-20,0.0049929412608384505
1974-03-21,1.5465925659265928E-4
1974-03-22,7.596972353955132E-5
1974-03-23,5.861736515353868E-4
1974-03-24,0.0357151762559297
1974-03-25,0.047530783167062884
1974-03-26,0.02712065252341392
1974-03-27,0.01860480036737258
1974-03-28,0.014188922920048936
1974-03-29,0.002692174435915912
1974-03-30,0.021273368689193883
1974-03-31,8.253731686255836E-4
1974-04-01,0.015926670503978443
1974-04-02,0.013804128415800603
1974-04-03,0.006714724713143932
1974-04-04,0.013316218336491407
1974-04-05,0.0363989493487715
1974-04-06,0.009020546731905105
1974-04-07,0.035284468841125516
1974-04-08,0.02167601331456411
1974-04-09,0.007645701175044618
1974-04-10,0.013323403306096632
1974-04-11,0.003993919864470732
1974-04-12,0.0023581394966612924
1974-04-13,0.009512308009912963
1974-04-14,0.003166088253794385
1974-04-15,1.1387118801663971E-4
1974-04-16,0.0020304296578124176
1974-04-17,0.04331180365357784
1974-04-18,0.04375958554804319
1974-04-19,0.017711648738953766
1974-04-20,0.013214954801033005
1974-04-21,0.007507443543866885
1974-04-22,0.002432664510361972
1974-04-23,0.0127903820272815
1974-04-24,0.0028990083367790194
1974-04-25,0.005113195006901087
1974-04-26,0.0031306072643209745
1974-04-27,0.004578495035494686
1974-04-28,0.011576759239411085
1974-04-29,0.019792607805042613
1974-04-30,0.03387286959269832
1974-05-01,0.023002452658546127
1974-05-02,0.018791056828301768
1974-05-03,0.04988047651774278
1974-05-04,0.048422486652006845
1974-05-05,0.02972731730753081
1974-05-06,0.02202152644321753
1974-05-07,0.021212424505292003
1974-05-08,0.04431215287073156
1974-05-09,0.06009383504531838
1974-05-10,0.0443342789994657
1974-05-11,0.04349940208858151
1974-05-12,0.028843610365910346
1974-05-13,0.030048104494029938
1974-05-14,0.02604430824680595
1974-05-15,0.029250975103897518
1974-05-16,0.008215119611270711
1974-05-17,0.008696821519506298
1974-05-18,0.007325302812846123
1974-05-19,0.006586604428986098
1974-05-20,0.003945330393021509
1974-05-21,0.0021759883662872265
1974-05-22,1.2117107072501807E-4
1974-05-23,3.191258580253204E-5
1974-05-24,6.733786198387049E-4
1974-05-25,0.0022842392117933606
1974-05-26,0.004571678624326397
1974-05-27,0.0112690636197146
1974-05-28,0.008106911282647218
1974-05-29,0.0012629583244389286
1974-05-30,0.007163896745856786
1974-05-31,0.07771219929173696
1974-06-01,0.1121405211115859
1974-06-02,0.03801731209667363
1974-06-03,0.03369880860552632
1974-06-04,0.04382551966135501
1974-06-05,0.035413389967351154
1974-06-06,0.01065547547286493
1974-06-07,0.003839284963928936
1974-06-08,0.0023723937390167592
1974-06-09,0.006573357262535595
1974-06-10,0.0038073566874622503
1974-06-11,0.006781621482259038
1974-06-12,0.007221848950909744
1974-06-13,0.008044795178176996
1974-06-14,0.002135370688023604
1974-06-15,0.02500215916480393
1974-06-16,0.02769824154631799
1974-06-17,0.025636918229514322
1974-06-18,0.02362089278888704
1974-06-19,0.026284075089585895
1974-06-20,0.03767709684372326
1974-06-21,0.09978975853306712
1974-06-22,0.05652479872614078
1974-06-23,0.032247406722321
1974-06-24,0.00930326831866207
1974-06-25,0.013768752311178715
1974-06-26,0.01449508956270549
1974-06-27,0.014170140553325598
1974-06-28,0.01884561866478769
1974-06-29,0.015768494097383144
1974-06-30,0.018593963740275145
1974-07-01,0.02718938468422505
1974-07-02,0.03263012950044838
1974-07-03,0.02695179447617834
1974-07-04,0.028632868730780706
1974-07-05,0.025373166702214005
1974-07-06,0.021872873117641214
1974-07-07,0.012524365643195874
1974-07-08,0.004672276800595267
1974-07-09,0.00839168984421416
1974-07-10,0.007342738080231442
1974-07-11,0.010077114612253375
1974-07-12,0.007015979597505076
1974-07-13,0.01652734336907051
1974-07-14,0.030031451351479076
1974-07-15,0.03077569729599801
1974-07-16,0.02259745894386657
1974-07-17,0.021975136380990634
1974-07-18,0.018194483579539338
1974-07-19,0.027117716289837345
1974-07-20,0.01556224116096799
1974-07-21,0.01263704521372415
1974-07-22,0.030396002429390917
1974-07-23,0.03501432617016805
1974-07-24,0.0397907951853179
1974-07-25,0.0473234717164737
1974-07-26,0.03127835472271036
1974-07-27,0.028583551868247552
1974-07-28,0.029733607831388634
1974-07-29,0.013037932420112945
1974-07-30,0.014121607068256159
1974-07-31,0.014875078420504674
1974-08-01,0.02178398673312929
1974-08-02,0.016876108477039527
1974-08-03,0.021679858022798724
1974-08-04,0.010936894008554472
1974-08-05,0.01767243452559763
1974-08-06,0.00783440958442826
1974-08-07,0.010418428949555919
1974-08-08,0.021987900480431664
1974-08-09,0.006018845154744545
1974-08-10,0.015798887989424564
1974-08-11,0.0035806170674304067
1974-08-12,0.0032537825340997295
1974-08-13,0.012259032970356664
1974-08-14,0.0023408268745234943
1974-08-15,0.014903548107453174
1974-08-16,0.007342693024201468
1974-08-17,0.010949935849244549
1974-08-18,0.03035473114148729
1974-08-19,0.035469998998960854
1974-08-20,0.016966445442036068
1974-08-21,0.0166312945219661
1974-08-22,0.011252796917333089
1974-08-23,0.012034247806088775
1974-08-24,0.01594438999364476
1974-08-25,0.02557409737443857
1974-08-26,0.021531311616693284
1974-08-27,0.014708795122183038
1974-08-28,0.022428267035692964
1974-08-29,0.045440414402308484
1974-08-30,0.04375940268209691
1974-08-31,0.04370152779143261
1974-09-01,0.019056101400798126
1974-09-02,0.006805885754568728
1974-09-03,0.003645856969618384
1974-09-04,0.0036477333178065417
1974-09-05,0.0038514711914551737
1974-09-06,0.0022088038619887626
1974-09-07,0.002627564479586556
1974-09-08,0.009923768254013086
1974-09-09,0.011250089903925543
1974-09-10,0.018309420885539135
1974-09-11,0.024257677335156894
1974-09-12,0.03332581671503926
1974-09-13,0.037284179840646026
1974-09-14,0.042790689446328724
1974-09-15,0.010476733793625945
1974-09-16,0.010719661765165416
1974-09-17,0.018671988463724136
1974-09-18,0.012109300300732526
1974-09-19,0.00775885043461199
1974-09-20,0.009802051483447536
1974-09-21,0.012858735231616257
1974-09-22,0.01102251509710047
1974-09-23,0.004116490388536728
1974-09-24,0.0013421503529666744
1974-09-25,3.280990496317555E-5
1974-09-26,2.2722978726287803E-4
1974-09-27,0.009232378441743528
1974-09-28,0.012251204756035295
1974-09-29,0.02316438929119829
1974-09-30,0.04325388582700409
1974-10-01,0.020711167530505996
1974-10-02,0.015811683746569764
1974-10-03,0.009561471504008543
1974-10-04,0.011547877425628994
1974-10-05,0.01148218691300507
1974-10-06,0.0025327477767464086
1974-10-07,0.0016415196976912216
1974-10-08,0.0048690140019090195
1974-10-09,3.470154063500296E-4
1974-10-10,9.138619537987464E-5
1974-10-11,5.17569703407937E-4
1974-10-12,0.0015826161334287284
1974-10-13,0.0012204461418834816
1974-10-14,0.005975898822034376
1974-10-15,0.0074342686854184156
1974-10-16,0.004348961433136742
1974-10-17,0.002938461853210985
1974-10-18,8.602410593759796E-4
1974-10-19,0.001134567995792533
1974-10-20,0.0012297531952644462
1974-10-21,0.009561462769092182
1974-10-22,0.015177917421955579
1974-10-23,0.01957493576354616
1974-10-24,0.01472720117195748
1974-10-25,0.007654980234155766
1974-10-26,0.01515975408203893
1974-10-27,0.006199872222775631
1974-10-28,0.004853486314025922
1974-10-29,0.005742790547743593
1974-10-30,0.0026161087156902955
1974-10-31,3.641924492989862E-5
1974-11-01,1.390360204990919E-4
1974-11-02,3.498582034540235E-5
1974-11-03,9.67555864911241E-6
1974-11-04,1.2437667100080113E-5
1974-11-05,1.0214001714050532E-6
1974-11-06,1.3481760989723878E-7
1974-11-07,8.091743970881998E-7
1974-11-08,4.358531825814182E-6
1974-11-09,2.5969423599356504E-5
1974-11-10,4.411027905444034E-7
1974-11-11,1.1068680313724276E-5
1974-11-12,1.041218151274503E-4
1974-11-13,6.430428529510122E-5
1974-11-14,0.004747440773128783
1974-11-15,4.549875294666149E-4
1974-11-16,1.95397718265223E-4
1974-11-17,1.2190408680482317E-5
1974-11-18,3.0068344699167017E-5
1974-11-19,4.3194194715838935E-7
1974-11-20,2.7805048481843047E-5
1974-11-21,1.2829062697469688E-4
1974-11-22,8.937376747669232E-5
1974-11-23,2.795299476934616E-6
1974-11-24,4.996517353733934E-6
1974-11-25,5.440835825384898E-5
1974-11-26,1.1885985129141398E-4
1974-11-27,0.00599260878432108
1974-11-28,0.01784146853796766
1974-11-29,0.0035192905694952977
1974-11-30,4.4874220085730656E-4
1974-12-01,3.750511371710693E-5
1974-12-02,2.0309447615882122E-6
1974-12-03,2.8263104499894404E-6
1974-12-04,1.3358348587512865E-6
1974-12-05,1.4361802060440532E-6
1974-12-06,4.264963694248306E-5
1974-12-07,4.654742744705643E-7
1974-12-08,1.4940933512814476E-6
1974-12-09,0.0
1974-12-10,8.611798347844162E-6
1974-12-11,6.8160455090836516E-6
1974-12-12,9.23747655784778E-6
1974-12-13,6.19772311404111E-6
1974-12-14,2.1472066813121642E-5
1974-12-15,2.558075446463651E-6
1974-12-16,8.52346317969932E-7
1974-12-17,4.380501085023032E-7
1974-12-18,9.173041814187466E-5
1974-12-19,3.5427699559566706E-5
1974-12-20,8.607361067601964E-6
1974-12-21,9.067745093941185E-7
1974-12-22,8.612629767807018E-7
1974-12-23,2.7491353905339055E-6
1974-12-24,1.303078042640879E-6
1974-12-25,1.4883348593831998E-6
1974-12-26,2.6421809983641413E-6
1974-12-27,3.0120231927982947E-6
1974-12-28,1.275539318612573E-6
1974-12-29,8.677043392143443E-6
1974-12-30,8.216499329999334E-6
1974-12-31,1.5417141233759878E-5
1975-01-01,2.164294076457127E-6
1975-01-02,1.7321423197271458E-6
1975-01-03,4.276632239452738E-7
1975-01-04,8.704421929905948E-7
1975-01-05,2.3449453591509502E-5
1975-01-06,1.2859846378887596E-6
1975-01-07,5.098798321725852E-7
1975-01-08,2.14167273562279E-6
1975-01-09,2.1440046111820266E-6
1975-01-10,0.0
1975-01-11,3.2187820946176065E-5
1975-01-12,4.4490161728661126E-5
1975-01-13,9.368917070372259E-5
1975-01-14,1.2983830403394721E-5
1975-01-15,8.783242960974725E-7
1975-01-16,0.0
1975-01-17,1.7591444296847145E-6
1975-01-18,1.1538872608638741E-6
1975-01-19,8.702277796146518E-7
1975-01-20,1.2971695468877442E-6
1975-01-21,1.2766656709572999E-6
1975-01-22,1.5998697942496237E-4
1975-01-23,2.1569005129820373E-5
1975-01-24,9.250815943841391E-4
1975-01-25,5.621183611615616E-5
1975-01-26,2.3506797117994016E-7
1975-01-27,4.351138045421976E-7
1975-01-28,8.583068620282575E-7
1975-01-29,4.3526712284812276E-7
1975-01-30,4.2319288695580326E-7
1975-01-31,8.542248224330251E-7
1975-02-01,0.0015403050861829087
1975-02-02,0.0011309451613247124
1975-02-03,6.0112257999491843E-5
1975-02-04,2.5761320341578308E-6
1975-02-05,4.372074613456789E-7
1975-02-06,3.428179980023296E-6
1975-02-07,8.017648159906552E-5
1975-02-08,9.222417330880291E-5
1975-02-09,1.716613724056515E-6
1975-02-10,5.892643257126331E-5
1975-02-11,0.00274708441994925
1975-02-12,0.0015485460735802491
1975-02-13,1.7862113860749992E-4
1975-02-14,0.002455138171718027
1975-02-15,0.003068563601318405
1975-02-16,7.461688704988307E-4
1975-02-17,6.21675061606266E-4
1975-02-18,1.6279682258650057E-6
1975-02-19,1.2814998058274796E-6
1975-02-20,4.351138613856165E-7
1975-02-21,0.0
1975-02-22,1.2999777552088852E-6
1975-02-23,1.0681760474414654E-4
1975-02-24,1.762047235351509E-6
1975-02-25,4.351138045421976E-7
1975-02-26,0.0
1975-02-27,4.395591740752293E-7
1975-02-28,0.0
1975-03-01,4.4528195175530527E-7
1975-03-02,0.010722711174723936
1975-03-03,5.470206940518739E-4
1975-03-04,2.3996096953149694E-5
1975-03-05,1.8884401433067176E-4
1975-03-06,0.011449398811735007
1975-03-07,0.0011898068065638021
1975-03-08,0.0035595466153420336
1975-03-09,0.0016053618512179688
1975-03-10,5.056365205492732E-4
1975-03-11,5.274064808527276E-5
1975-03-12,9.88215029805639E-5
1975-03-13,2.5947696788487503E-6
1975-03-14,1.4113855054951947E-8
1975-03-15,1.284479992591514E-6
1975-03-16,8.907651363188052E-7
1975-03-17,8.667158795105934E-7
1975-03-18,3.1560695502609164E-4
1975-03-19,4.0306608057736194E-4
1975-03-20,3.197665918433535E-6
1975-03-21,0.001723163118927596
1975-03-22,1.6725676629652297E-4
1975-03-23,1.1890859397781086E-4
1975-03-24,4.7409338149549473E-4
1975-03-25,0.0010237518025791748
1975-03-26,7.335153162452473E-5
1975-03-27,4.3512284859956963E-7
1975-03-28,4.261732051702438E-7
1975-03-29,8.525784487758133E-7
1975-03-30,8.553266184208042E-7
1975-03-31,6.063136062181066E-8
1975-04-01,2.1543533282826342E-5
1975-04-02,8.578905301169867E-7
1975-04-03,3.441295494336226E-6
1975-04-04,1.3604158194234286E-6
1975-04-05,8.17055104440348E-5
1975-04-06,0.0019753029534476784
1975-04-07,0.0032859690016931974
1975-04-08,0.002944746090986835
1975-04-09,0.008845631294822158
1975-04-10,0.008959620308129773
1975-04-11,0.0019966931441970726
1975-04-12,0.005848920013192082
1975-04-13,0.013438872464458731
1975-04-14,0.04992446707157559
1975-04-15,0.07689120306826915
1975-04-16,0.07112360237683629
1975-04-17,0.02443554334471681
1975-04-18,4.463064123612609E-4
1975-04-19,8.648810481971293E-6
1975-04-20,9.704080521149319E-4
1975-04-21,0.004281621253214818
1975-04-22,0.0064473326891832956
1975-04-23,0.018868056583089488
1975-04-24,0.0291212395355613
1975-04-25,0.025855070489015506
1975-04-26,0.018445141826229142
1975-04-27,0.013838293911905317
1975-04-28,0.010001943800490716
1975-04-29,0.006494594382251599
1975-04-30,0.005017413551631447
1975-05-01,0.005691423438487032
1975-05-02,0.02306394848039799
1975-05-03,0.015803521529615276
1975-05-04,0.015207393862177988
1975-05-05,3.365588743507538E-4
1975-05-06,0.004326087714379241
1975-05-07,0.0023025602841780487
1975-05-08,4.778186433811446E-4
1975-05-09,0.01441633377762047
1975-05-10,0.03923055669050557
1975-05-11,0.043102056935106305
1975-05-12,0.08413408241374282
1975-05-13,0.05651905883814214
1975-05-14,0.07368341008055589
1975-05-15,0.024433980978401614
1975-05-16,0.0051943799603536645
1975-05-17,0.006488284706107121
1975-05-18,0.030594138990569668
1975-05-19,0.029377300569599623
1975-05-20,0.01863571715193035
1975-05-21,0.01385859403091561
1975-05-22,0.02827819668746955
1975-05-23,0.01458804328641619
1975-05-24,0.0018487446026914497
1975-05-25,0.001234726681816667
1975-05-26,0.0028291037029473287
1975-05-27,0.012560772703713714
1975-05-28,0.0264262264819514
1975-05-29,0.038096812806665215
1975-05-30,0.11022727360790875
1975-05-31,0.04895515445760324
1975-06-01,0.016040756951350012
1975-06-02,0.0013184791372690588
1975-06-03,5.151996536702859E-4
1975-06-04,0.0015651503669399153
1975-06-05,0.00204283492026116
1975-06-06,0.042171633923194465
1975-06-07,0.015108474974714904
1975-06-08,0.013314530982046121
1975-06-09,0.00886429768029455
1975-06-10,0.005415770271410153
1975-06-11,0.015675821620409893
1975-06-12,0.006921215113863357
1975-06-13,0.008100017556393075
1975-06-14,0.006295705031537556
1975-06-15,0.008530803504103875
1975-06-16,0.021211622391822022
1975-06-17,0.030693406872151503
1975-06-18,0.005420968151748188
1975-06-19,0.01915521791473979
1975-06-20,0.027294441587273115
1975-06-21,0.02435876116199645
1975-06-22,0.010458362532216506
1975-06-23,0.014597695263497312
1975-06-24,0.009145206005743142
1975-06-25,0.011249209266435894
1975-06-26,0.018098370411212945
1975-06-27,0.005572685198827284
1975-06-28,0.00809666002274975
1975-06-29,0.015554380488359812
1975-06-30,0.013441825477980288
1975-07-01,0.012321675965850756
1975-07-02,0.018056369574169884
1975-07-03,0.013815290762413604
1975-07-04,0.007606186390100904
1975-07-05,0.011214677153881929
1975-07-06,0.011050971453487199
1975-07-07,0.019897826882025408
1975-07-08,0.011149848093595127
1975-07-09,0.009156123960896725
1975-07-10,0.007228214930564697
1975-07-11,0.013308114302840653
1975-07-12,0.013503255757982334
1975-07-13,0.019413366401733557
1975-07-14,0.020119567977813085
1975-07-15,0.05041284478668787
1975-07-16,0.03657717213153598
1975-07-17,0.02006392047067598
1975-07-18,0.02237135151907199
1975-07-19,0.04876484047276434
1975-07-20,0.05465978012402873
1975-07-21,0.03600905319149529
1975-07-22,0.010225301903420221
1975-07-23,0.008957133464419117
1975-07-24,0.029936164483928628
1975-07-25,0.07315038405487996
1975-07-26,0.0989248455061734
1975-07-27,0.04960530438337129
1975-07-28,0.021747184212040437
1975-07-29,0.0070436383248764075
1975-07-30,0.010074368285863389
1975-07-31,0.005571585478431577
1975-08-01,0.00444062364472707
1975-08-02,0.002487278203310665
1975-08-03,0.026317239225404816
1975-08-04,0.01588854030949452
1975-08-05,0.009273055444238102
1975-08-06,0.012055544378617127
1975-08-07,0.012152307895861086
1975-08-08,0.008124990930958831
1975-08-09,0.006775306657801831
1975-08-10,0.008098617816914852
1975-08-11,0.00927176414320844
1975-08-12,0.0024495036723119566
1975-08-13,0.0037425419652861763
1975-08-14,0.013031324456963088
1975-08-15,0.007493890090996828
1975-08-16,0.019296292617468482
1975-08-17,0.013051385520338328
1975-08-18,0.03036491568804065
1975-08-19,0.026958106827478966
1975-08-20,0.007651849289852358
1975-08-21,0.018333872567022465
1975-08-22,0.014282659827634311
1975-08-23,0.00949137685515404
1975-08-24,0.004989363136835872
1975-08-25,9.166688768171255E-4
1975-08-26,0.0033464523142128335
1975-08-27,0.02222358486802937
1975-08-28,0.018190967068287853
1975-08-29,0.01679542520960976
1975-08-30,0.031325865859925264
1975-08-31,0.01685546686059652
1975-09-01,0.016879614472746197
1975-09-02,0.010161548487179898
1975-09-03,0.008333037096661501
1975-09-04,0.016888694509020436
1975-09-05,0.016929266838192947
1975-09-06,0.007395903871664272
1975-09-07,0.012901697427018192
1975-09-08,0.008069139455009061
1975-09-09,0.008844285144918926
1975-09-10,0.016002971622985227
1975-09-11,0.019143774942515422
1975-09-12,0.0072469290138162746
1975-09-13,0.015159951137497253
1975-09-14,0.029298741448555026
1975-09-15,0.04706776933087913
1975-09-16,0.014852550115433691
1975-09-17,0.012296393988707854
1975-09-18,0.013522768673433749
1975-09-19,0.004716487221560382
1975-09-20,0.0013576504852714267
1975-09-21,0.001780592336647773
1975-09-22,0.010235048242856839
1975-09-23,0.011813932848179448
1975-09-24,0.011735604431560284
1975-09-25,0.014590291368387874
1975-09-26,0.010122579459153897
1975-09-27,0.004363935785302884
1975-09-28,0.007488639577210274
1975-09-29,0.009596688146525884
1975-09-30,0.006105687868498615
1975-10-01,0.006179397583879502
1975-10-02,0.011556733679564708
1975-10-03,0.012988757791616682
1975-10-04,0.008319670680084396
1975-10-05,0.007994486817127472
1975-10-06,0.006280299222323889
1975-10-07,0.023991605789761332
1975-10-08,0.025961823497032153
1975-10-09,0.04981370608360542
1975-10-10,0.053854026754347244
1975-10-11,0.01629482796419632
1975-10-12,0.003618493530648484
1975-10-13,0.002125427597353624
1975-10-14,2.0810540691828565E-4
1975-10-15,0.0069654407131430835
1975-10-16,0.009969420101704174
1975-10-17,0.006801242977312543
1975-10-18,0.012964926623850558
1975-10-19,0.005339386839036682
1975-10-20,0.003295853067770861
1975-10-21,0.0022426507768381417
1975-10-22,5.400224228012091E-4
1975-10-23,4.6462513420278634E-4
1975-10-24,6.085760198045591E-4
1975-10-25,5.259868627140902E-4
1975-10-26,2.891083751436429E-4
1975-10-27,9.284044104362344E-5
1975-10-28,9.55442689311148E-4
1975-10-29,0.007312160585830566
1975-10-30,0.00115329815767157
1975-10-31,0.0026464561864138285
1975-11-01,0.011132813272620907
1975-11-02,0.003886442101329049
1975-11-03,0.0032004060550191444
1975-11-04,7.567767373902144E-4
1975-11-05,1.9633686241759754E-4
1975-11-06,4.936005861522606E-4
1975-11-07,9.785998278271559E-5
1975-11-08,7.801550702419463E-6
1975-11-09,0.0043738843652364945
1975-11-10,0.00498082230153732
1975-11-11,0.040242605284025255
1975-11-12,0.007614388707022107
1975-11-13,3.2798206703495134E-5
1975-11-14,1.5391835092639326E-5
1975-11-15,9.559466219840256E-5
1975-11-16,3.345700279689188E-4
1975-11-17,1.5852827887988323E-4
1975-11-18,1.0502637036857105E-5
1975-11-19,1.0067778063464537E-5
1975-11-20,1.8768902184310613E-5
1975-11-21,6.827176927978628E-6
1975-11-22,6.4472453600669055E-6
1975-11-23,1.0895392448349801E-5
1975-11-24,1.7317308927238236E-4
1975-11-25,1.2467343500688103E-4
1975-11-26,3.761788997011316E-6
1975-11-27,7.745909312775782E-5
1975-11-28,1.718358089580782E-4
1975-11-29,6.032989178198753E-6
1975-11-30,1.1216229328487307E-9
1975-12-01,3.9136895279073605E-6
1975-12-02,3.882568609507786E-6
1975-12-03,3.6500545028881394E-6
1975-12-04,1.0591389575451506E-5
1975-12-05,7.403014997035866E-6
1975-12-06,1.2149575166514653E-5
1975-12-07,7.4331948569303245E-6
1975-12-08,6.572965057601042E-6
1975-12-09,2.154831135410364E-6
1975-12-10,3.8072481417704715E-6
1975-12-11,2.8964163626196065E-6
1975-12-12,5.7311967277143045E-6
1975-12-13,2.066206635802075E-5
1975-12-14,8.553266184208042E-7
1975-12-15,3.9245873862497556E-6
1975-12-16,1.7133398207625905E-6
1975-12-17,2.210545465438261E-6
1975-12-18,1.1857424707984608E-5
1975-12-19,7.011794045721252E-6
1975-12-20,6.322110441942972E-7
1975-12-21,1.555361229905803E-6
1975-12-22,1.3585948189588663E-6
1975-12-23,4.16870751132855E-8
1975-12-24,2.2715968280026934E-5
1975-12-25,1.576252050146829E-6
1975-12-26,1.5499428872517143E-6
1975-12-27,4.4630388752773936E-7
1975-12-28,5.210669054461353E-9
1975-12-29,1.5913083432736664E-6
1975-12-30,6.001543436092749E-6
1975-12-31,7.574923465706711E-7
1976-01-01,1.6976844665022086E-6
1976-01-02,2.0365734675805074E-6
1976-01-03,4.247232809898824E-5
1976-01-04,6.067377420786323E-5
1976-01-05,5.0200024132240904E-5
1976-01-06,3.4334886789431594E-5
1976-01-07,4.244007902338326E-5
1976-01-08,7.066776642220561E-7
1976-01-09,1.7232249365143602E-6
1976-01-10,8.543540987065136E-7
1976-01-11,9.146426578556698E-7
1976-01-12,1.2955162224698463E-6
1976-01-13,1.263966181595429E-6
1976-01-14,1.2840413850258328E-6
1976-01-15,1.3418661656637365E-6
1976-01-16,9.258457291352743E-7
1976-01-17,2.604189293486796E-6
1976-01-18,2.153381401407745E-6
1976-01-19,8.94437194663866E-6
1976-01-20,2.7870204793296885E-6
1976-01-21,1.4507968418879794E-6
1976-01-22,4.441496791956115E-7
1976-01-23,4.351138045421976E-7
1976-01-24,1.1322104689702824E-6
1976-01-25,1.3866489677397213E-5
1976-01-26,4.5426146335124795E-7
1976-01-27,1.7507347483369612E-6
1976-01-28,8.942759938422753E-7
1976-01-29,4.351138045421976E-7
1976-01-30,2.5649255825808237E-6
1976-01-31,5.461307594471382E-5
1976-02-01,7.95528165551629E-4
1976-02-02,0.0025217182373390816
1976-02-03,0.0014757403248200603
1976-02-04,8.831916080785735E-4
1976-02-05,0.010301731935885274
1976-02-06,0.006111453399390509
1976-02-07,1.9977580724014204E-4
1976-02-08,2.2055277750067864E-6
1976-02-09,2.7154515841454095E-6
1976-02-10,9.565380451040464E-5
1976-02-11,2.5980132325699645E-5
1976-02-12,9.516877058354046E-7
1976-02-13,1.3017373460654643E-6
1976-02-14,2.039604971756395E-5
1976-02-15,3.366768953657621E-4
1976-02-16,0.0012449998864042372
1976-02-17,9.252069584496466E-4
1976-02-18,5.515991596473733E-5
1976-02-19,1.433532144296884E-6
1976-02-20,4.261732051702438E-7
1976-02-21,1.2887860521004768E-6
1976-02-22,1.2727899161291134E-6
1976-02-23,1.2979780308342015E-6
1976-02-24,1.7055312468983175E-6
1976-02-25,7.4226487779693006E-6
1976-02-26,9.054313930996642E-4
1976-02-27,7.663798982273856E-5
1976-02-28,1.301225330330375E-6
1976-02-29,1.7201696960132273E-6
1976-03-01,1.7171165040963388E-6
1976-03-02,4.7508035540781217E-7
1976-03-03,3.217858526235264E-4
1976-03-04,0.001963205458973185
1976-03-05,0.017753117374672032
1976-03-06,0.04438537971024758
1976-03-07,0.030551332260211613
1976-03-08,0.014875305914192042
1976-03-09,0.014148155479493876
1976-03-10,0.009036021198559365
1976-03-11,9.832332640746766E-4
1976-03-12,1.0570862729701404E-4
1976-03-13,0.0
1976-03-14,8.376450896952196E-7
1976-03-15,1.7476518290205965E-6
1976-03-16,1.76143784054442E-10
1976-03-17,1.0187484625447005E-8
1976-03-18,4.3787611806524213E-7
1976-03-19,1.9804849100939805E-7
1976-03-20,1.2844800494349329E-6
1976-03-21,9.923215429851794E-4
1976-03-22,0.019919663701407325
1976-03-23,0.0024547649906952952
1976-03-24,0.003374116154047805
1976-03-25,3.9108403498520244E-4
1976-03-26,5.8359475311035724E-5
1976-03-27,4.1718322591162513E-4
1976-03-28,0.001385377042947635
1976-03-29,1.0698417528665972E-4
1976-03-30,1.845187189951109E-5
1976-03-31,2.154061802214218E-6
1976-04-01,4.2942662384977844E-5
1976-04-02,1.2870048635704734E-6
1976-04-03,1.7134532274706871E-6
1976-04-04,8.550415918097125E-5
1976-04-05,8.52346317969932E-7
1976-04-06,2.569996334917792E-6
1976-04-07,0.007333084121777143
1976-04-08,0.01886630839177832
1976-04-09,0.04228033015009745
1976-04-10,0.07775724909243077
1976-04-11,0.029420640672791553
1976-04-12,0.0023542117013063053
1976-04-13,0.001009531148448986
1976-04-14,0.0013428488176578483
1976-04-15,0.0013038456529531786
1976-04-16,4.458743445255653E-4
1976-04-17,3.314058205451357E-5
1976-04-18,0.008724532042923698
1976-04-19,0.005891222702084134
1976-04-20,0.004443758557705524
1976-04-21,0.02027401689211209
1976-04-22,0.030048433280732954
1976-04-23,0.0014947511654585168
1976-04-24,0.0029620310977181916
1976-04-25,0.017697793772355516
1976-04-26,0.03214516768037586
1976-04-27,0.019155359999391934
1976-04-28,0.017306313239937428
1976-04-29,0.017729249044805946
1976-04-30,0.011836321353866879
1976-05-01,0.0010086927709699281
1976-05-02,6.0599527319264026E-5
1976-05-03,2.4573015218405244E-5
1976-05-04,0.005606978036937
1976-05-05,0.022662345294066605
1976-05-06,0.024283797960135647
1976-05-07,0.0423694660212222
1976-05-08,0.06752106519337772
1976-05-09,0.043680668234550545
1976-05-10,0.0234695535314058
1976-05-11,0.03367426970015371
1976-05-12,0.014769437708422976
1976-05-13,0.01241761729219823
1976-05-14,0.007562672968896341
1976-05-15,0.011540299084229927
1976-05-16,0.011207573469400255
1976-05-17,0.026435748972910584
1976-05-18,0.008176752857808556
1976-05-19,0.007343576285191357
1976-05-20,0.003377781261856846
1976-05-21,0.0033552791053332353
1976-05-22,0.0037372549196888266
1976-05-23,0.0013600831397006968
1976-05-24,0.003298884842249453
1976-05-25,0.016333935920455903
1976-05-26,0.010340233822937084
1976-05-27,0.014688958945034511
1976-05-28,0.005148022081277627
1976-05-29,0.005400323977538967
1976-05-30,0.011030155737898515
1976-05-31,0.02358297007051267
1976-06-01,0.04627850474916509
1976-06-02,0.04298628963727789
1976-06-03,0.035701619191046745
1976-06-04,0.01135965470188723
1976-06-05,0.008376262090503225
1976-06-06,0.011759120083036024
1976-06-07,0.045487221124108676
1976-06-08,0.1042862942632923
1976-06-09,0.08595938574795735
1976-06-10,0.11976459100339316
1976-06-11,0.1403089087286117
1976-06-12,0.06932182167331344
1976-06-13,0.057709023332097
1976-06-14,0.043036556642783635
1976-06-15,0.028887353736906367
1976-06-16,0.01249759906203072
1976-06-17,0.008172075296872017
1976-06-18,0.011758795507204175
1976-06-19,0.004369429023911833
1976-06-20,0.010528922842262312
1976-06-21,0.008189025410063357
1976-06-22,0.02868012424235399
1976-06-23,0.012109346804074468
1976-06-24,0.013020991009015395
1976-06-25,0.008069979246124367
1976-06-26,0.022353511941019852
1976-06-27,0.027540139689869278
1976-06-28,0.04557899478452331
1976-06-29,0.06777860584717267
1976-06-30,0.042863187058640353
1976-07-01,0.0330389868924506
1976-07-02,0.029703239089096653
1976-07-03,0.13224854594236513
1976-07-04,0.032007403775532815
1976-07-05,0.012708748855016147
1976-07-06,0.01288240938344635
1976-07-07,0.010667768025155665
1976-07-08,0.007704674604581113
1976-07-09,0.01661103402560501
1976-07-10,0.054988282452084425
1976-07-11,0.024574227185778508
1976-07-12,0.01811256849727504
1976-07-13,0.015562391099686568
1976-07-14,0.014684910300879815
1976-07-15,0.015681054376636774
1976-07-16,0.005892271050655774
1976-07-17,0.013847747650943749
1976-07-18,0.017846221228890315
1976-07-19,0.005906810443049224
1976-07-20,0.007454088516341122
1976-07-21,0.01609990844918401
1976-07-22,0.013516158181963986
1976-07-23,0.009126436450756786
1976-07-24,0.01200814944428171
1976-07-25,0.008606126010395202
1976-07-26,0.009373208951031548
1976-07-27,0.010280613970286434
1976-07-28,0.008026615207648484
1976-07-29,0.015337138378665995
1976-07-30,0.02140642522813977
1976-07-31,0.013725971604439573
1976-08-01,0.021002146395760132
1976-08-02,0.021572082604101525
1976-08-03,0.041305527644005836
1976-08-04,0.023189409973821202
1976-08-05,0.016885117595493125
1976-08-06,0.028197321608732555
1976-08-07,0.011222585155440208
1976-08-08,0.010111586614221173
1976-08-09,0.01192958416803521
1976-08-10,0.011710657495421483
1976-08-11,0.015526139647452666
1976-08-12,0.022172453746259303
1976-08-13,0.022754657256864465
1976-08-14,0.012769209940540321
1976-08-15,0.020128303115949618
1976-08-16,0.04437025517310263
1976-08-17,0.032039634942864756
1976-08-18,0.01020533996672404
1976-08-19,0.01015155429747761
1976-08-20,0.012783789383972264
1976-08-21,0.012663606247019904
1976-08-22,0.003373832836041915
1976-08-23,0.0011894860837845442
1976-08-24,0.007190865033188158
1976-08-25,0.009472167452188946
1976-08-26,0.006649598876979409
1976-08-27,0.008824903427498192
1976-08-28,0.009263611228681379
1976-08-29,0.026423417015796122
1976-08-30,0.024578702200281848
1976-08-31,0.005138233804943787
1976-09-01,0.011707595519489992
1976-09-02,0.009001812266431108
1976-09-03,0.0061098909992644
1976-09-04,0.004430777373255333
1976-09-05,0.003791572353902311
1976-09-06,0.003221990863190072
1976-09-07,0.007275720574090865
1976-09-08,0.007725061897108177
1976-09-09,0.019254434322771852
1976-09-10,0.025626713269865098
1976-09-11,0.013981004083874255
1976-09-12,0.01113360699072395
1976-09-13,0.012755365008867472
1976-09-14,0.0113674532057922
1976-09-15,0.008249380736579454
1976-09-16,0.011319423575846102
1976-09-17,0.0034909467353340506
1976-09-18,0.0035471784038188917
1976-09-19,6.184812239163057E-4
1976-09-20,4.0495899831720025E-4
1976-09-21,7.918645699482582E-4
1976-09-22,9.071329617864189E-4
1976-09-23,0.006320785568623462
1976-09-24,0.0064157287188420205
1976-09-25,0.010546534753185685
1976-09-26,0.013477033825348926
1976-09-27,0.011050331878002681
1976-09-28,0.012346907866175757
1976-09-29,0.003363733870282465
1976-09-30,0.001066987370980622
1976-10-01,0.003767931251460348
1976-10-02,0.0060037991381976736
1976-10-03,0.002096821477459009
1976-10-04,0.0031207202574855364
1976-10-05,0.0028322856232706603
1976-10-06,0.006171911893191721
1976-10-07,0.005977432975916229
1976-10-08,0.003581853543300515
1976-10-09,0.0012355288336742222
1976-10-10,0.0011027122391085436
1976-10-11,3.238844104942816E-4
1976-10-12,4.084752973338813E-4
1976-10-13,1.577333993994432E-5
1976-10-14,1.155491164653977E-6
1976-10-15,1.1884232272320274E-5
1976-10-16,2.096083784388906E-6
1976-10-17,1.7438764117376444E-6
1976-10-18,0.0010358372115558266
1976-10-19,0.001877293610315457
1976-10-20,0.029508019363560588
1976-10-21,0.006035250255541318
1976-10-22,0.003969926282316629
1976-10-23,0.004761346261625346
1976-10-24,4.579711463135696E-4
1976-10-25,1.4996978416608256E-4
1976-10-26,7.709312865166151E-6
1976-10-27,3.10919140468081E-6
1976-10-28,4.552327719594922E-6
1976-10-29,4.036608195726221E-6
1976-10-30,3.2478828316568016E-6
1976-10-31,2.917024667191713E-6
1976-11-01,2.2350891820657924E-8
1976-11-02,3.320900674853649E-6
1976-11-03,0.0024334412976841015
1976-11-04,4.155152161858678E-4
1976-11-05,1.9500916151993573E-5
1976-11-06,3.4817335668024875E-6
1976-11-07,2.1079658191303234E-5
1976-11-08,4.5643851654800916E-4
1976-11-09,4.766690980836837E-4
1976-11-10,7.871546995674351E-4
1976-11-11,5.5108533205373925E-6
1976-11-12,1.935849012312311E-6
1976-11-13,8.560195038295061E-7
1976-11-14,1.0303936607664784E-6
1976-11-15,8.716101444529003E-4
1976-11-16,0.0010700473055277999
1976-11-17,2.7509962291335703E-5
1976-11-18,2.2119684952293963E-5
1976-11-19,6.283257783441599E-7
1976-11-20,8.583068797918258E-7
1976-11-21,1.718141525075725E-6
1976-11-22,1.6062874669973563E-6
1976-11-23,3.3177836679663185E-5
1976-11-24,1.080283983194779E-4
1976-11-25,0.0023381656062751235
1976-11-26,0.020920747455559392
1976-11-27,0.011842307028812834
1976-11-28,0.0032425297667357713
1976-11-29,0.0010648525837873449
1976-11-30,2.9263178564909565E-4
1976-12-01,2.098633170572938E-4
1976-12-02,2.4000192135936402E-4
1976-12-03,1.787436786587333E-5
1976-12-04,1.0927245451535793E-4
1976-12-05,4.246988336941976E-4
1976-12-06,2.0730753752201916E-5
1976-12-07,3.3728334318046203E-6
1976-12-08,4.946936061018058E-7
1976-12-09,3.327754751308644E-5
1976-12-10,5.68314852939772E-5
1976-12-11,5.849234630606768E-6
1976-12-12,8.59199360547791E-7
1976-12-13,2.586707100712732E-6
1976-12-14,5.9345263697666605E-6
1976-12-15,2.148820147700421E-6
1976-12-16,1.7191618967628813E-6
1976-12-17,1.7653954515386394E-8
1976-12-18,1.0523345439509225E-6
1976-12-19,4.351138045421976E-7
1976-12-20,1.6026771604545393E-6
1976-12-21,0.0
1976-12-22,4.351138613856165E-7
1976-12-23,1.3046265826758858E-5
1976-12-24,3.4163633867495322E-6
1976-12-25,6.133575057018701E-6
1976-12-26,5.456195299000348E-6
1976-12-27,1.5746176597788908E-6
1976-12-28,1.8681563459449011E-6
1976-12-29,4.0743852889393783E-7
1976-12-30,8.561417530472681E-7
1976-12-31,2.229402867049357E-6
1977-01-01,4.351138045421976E-7
1977-01-02,3.0032779250177555E-6
1977-01-03,-2.091837814077735E-11
1977-01-04,2.5717676099424027E-6
1977-01-05,1.0107035468089345E-6
1977-01-06,3.5889610340015587E-6
1977-01-07,7.722448375127533E-6
1977-01-08,4.270700513456904E-6
1977-01-09,0.0
1977-01-10,1.7225741544280027E-6
1977-01-11,0.0
1977-01-12,1.2934207802572928E-6
1977-01-13,5.985114562477881E-5
1977-01-14,0.0
1977-01-15,8.583068797918258E-7
1977-01-16,0.008748241068637594
1977-01-17,1.2087926738903308E-4
1977-01-18,2.5906000558468886E-6
1977-01-19,3.9561680415806756E-4
1977-01-20,0.0012513343815003203
1977-01-21,2.8821640621030947E-4
1977-01-22,8.52346317969932E-7
1977-01-23,1.2821703307963617E-6
1977-01-24,1.7173788933178002E-6
1977-01-25,2.5957821776501078E-6
1977-01-26,8.479338475808618E-7
1977-01-27,0.0013644770171222264
1977-01-28,0.004865200050357147
1977-01-29,3.288789384171024E-5
1977-01-30,4.271659071543655E-7
1977-01-31,8.583068833445395E-7
1977-02-01,1.0095552912426198E-6
1977-02-02,4.3346182494101704E-7
1977-02-03,8.667843758303206E-7
1977-02-04,1.3019591467582362E-5
1977-02-05,4.825990442675725E-4
1977-02-06,5.278229143337909E-5
1977-02-07,5.371855587981968E-6
1977-02-08,8.52346317969932E-7
1977-02-09,1.28759882045415E-6
1977-02-10,1.71757301359321E-6
1977-02-11,1.2874602361989673E-6
1977-02-12,1.677457307804527E-9
1977-02-13,2.626824930224116E-8
1977-02-14,2.0779583150940827E-7
1977-02-15,1.7525551818787769E-6
1977-02-16,0.0
1977-02-17,4.2319288695580326E-7
1977-02-18,1.2874601225121296E-6
1977-02-19,5.776795381585004E-4
1977-02-20,0.0016091806536292755
1977-02-21,0.002466291756815994
1977-02-22,0.006438844598396669
1977-02-23,0.020094848070083687
1977-02-24,0.04497849062481824
1977-02-25,0.007377856681667393
1977-02-26,5.802290817683708E-4
1977-02-27,7.602054172916433E-5
1977-02-28,6.158957024147747E-5
1977-03-01,5.140883329112369E-7
1977-03-02,8.583068797918258E-7
1977-03-03,1.7216176537715455E-6
1977-03-04,1.2874602361989673E-6
1977-03-05,8.612771011939913E-7
1977-03-06,2.1745513977372605E-6
1977-03-07,8.583068620282575E-7
1977-03-08,4.3440974631390937E-7
1977-03-09,3.0022894275187183E-4
1977-03-10,0.001899198232525885
1977-03-11,0.008348676549578687
1977-03-12,5.959512890946061E-4
1977-03-13,0.009474738049207189
1977-03-14,0.002707348026534389
1977-03-15,0.0021236853863740037
1977-03-16,0.01035203970266351
1977-03-17,0.003248116155133435
1977-03-18,0.0012734534681876962
1977-03-19,1.6147621505071085E-4
1977-03-20,1.8883607842984918E-4
1977-03-21,0.007109093249086365
1977-03-22,2.3081888220593036E-4
1977-03-23,5.443527691626138E-7
1977-03-24,1.619101604285268E-8
1977-03-25,3.545605213896198E-5
1977-03-26,8.429111363526223E-5
1977-03-27,0.0018933267952721937
1977-03-28,0.01061170968171937
1977-03-29,0.003083077270343814
1977-03-30,2.1240657265995182E-4
1977-03-31,0.026047166330002296
1977-04-01,0.08074367821250557
1977-04-02,0.1071393694068625
1977-04-03,0.04805384346643314
1977-04-04,0.03924156614018696
1977-04-05,0.06784238154995063
1977-04-06,0.045575089570065314
1977-04-07,0.07156277953457525
1977-04-08,0.05217705847116378
1977-04-09,0.04584350076449652
1977-04-10,0.02220756599486324
1977-04-11,0.015163535167761288
1977-04-12,0.028016614382925055
1977-04-13,0.02725391807493034
1977-04-14,0.043578362054046194
1977-04-15,0.019739276367431485
1977-04-16,6.437337368332457E-4
1977-04-17,0.002021869277059353
1977-04-18,2.4532467545307194E-4
1977-04-19,1.8550257031628168E-4
1977-04-20,0.00399453997462335
1977-04-21,0.03222353561971729
1977-04-22,0.028356191018382704
1977-04-23,0.006404968181011304
1977-04-24,0.012277153270403435
1977-04-25,0.023929606360850265
1977-04-26,0.03530280225584146
1977-04-27,0.013119204092474699
1977-04-28,0.029110634395841925
1977-04-29,0.07449755568288484
1977-04-30,0.04009271587177526
1977-05-01,0.08719686022413424
1977-05-02,0.028476875398442594
1977-05-03,0.0040608200011235124
1977-05-04,0.011811526410921416
1977-05-05,0.016052844041988347
1977-05-06,0.013400384179935146
1977-05-07,3.645627967145278E-4
1977-05-08,5.096453290454226E-5
1977-05-09,8.881002712323713E-5
1977-05-10,1.0263803781689776E-6
1977-05-11,2.3944648617456546E-4
1977-05-12,0.007622192729743587
1977-05-13,0.03931103920240742
1977-05-14,0.012115613472927519
1977-05-15,0.01014432763754735
1977-05-16,0.01827052569921756
1977-05-17,0.03469575669758098
1977-05-18,0.08771578733276877
1977-05-19,0.017223333297351207
1977-05-20,0.020011098863761543
1977-05-21,0.029789442594857583
1977-05-22,0.005297398726978054
1977-05-23,0.0027904084276439934
1977-05-24,0.004036299716346873
1977-05-25,0.0031409827469007006
1977-05-26,0.009402282107842122
1977-05-27,0.013841021992821237
1977-05-28,0.02749281974265227
1977-05-29,0.04249843550351027
1977-05-30,0.07182299946799771
1977-05-31,0.07230926184162362
1977-06-01,0.04785776150730548
1977-06-02,0.032209307384988034
1977-06-03,0.029953455941002488
1977-06-04,0.03567682558921763
1977-06-05,0.030116893999434333
1977-06-06,0.020993046834158077
1977-06-07,0.03082214201334019
1977-06-08,0.035008736767003994
1977-06-09,0.01788743528445412
1977-06-10,0.014883299494921664
1977-06-11,0.011071374171300434
1977-06-12,0.019408560925820523
1977-06-13,0.01575277535755955
1977-06-14,0.00877725720012928
1977-06-15,0.0357996947094599
1977-06-16,0.025973200901896924
1977-06-17,0.020807949303853098
1977-06-18,0.018183133908335574
1977-06-19,0.014676033512940992
1977-06-20,0.009389295305603727
1977-06-21,0.011463477952098925
1977-06-22,0.00956027529229319
1977-06-23,0.019033553133896326
1977-06-24,0.01660727127987527
1977-06-25,0.026100451428922297
1977-06-26,0.05966463108622099
1977-06-27,0.025553953865948373
1977-06-28,0.02588721305078614
1977-06-29,0.012207265488003037
1977-06-30,0.0029340020732839247
1977-07-01,0.011197866329547616
1977-07-02,0.007573721920904935
1977-07-03,0.008500510659607162
1977-07-04,0.0038180100193723155
1977-07-05,0.013333011696340035
1977-07-06,0.011821516707838512
1977-07-07,0.013791484406701724
1977-07-08,0.014294422227796541
1977-07-09,0.024015632041766464
1977-07-10,0.02307685731065515
1977-07-11,0.012868940924548494
1977-07-12,0.014119945601667828
1977-07-13,0.02094538315041459
1977-07-14,0.013800896114179855
1977-07-15,0.020544304960981925
1977-07-16,0.017790297632988693
1977-07-17,0.012740618221273186
1977-07-18,0.006675489891653886
1977-07-19,0.007858377944894608
1977-07-20,0.011911525493280742
1977-07-21,0.0036535815142067847
1977-07-22,0.008056279555177142
1977-07-23,0.10274292271476111
1977-07-24,0.013653485828283216
1977-07-25,0.02138668767112804
1977-07-26,0.012006168942552775
1977-07-27,0.02751015026237213
1977-07-28,0.02025654680038402
1977-07-29,0.022346881958479548
1977-07-30,0.015056267157094688
1977-07-31,0.02329053795664986
1977-08-01,0.0045944015948758635
1977-08-02,0.010494524104400818
1977-08-03,0.0027815605984257835
1977-08-04,0.009489835702993126
1977-08-05,0.004297398802312753
1977-08-06,0.012570582609198348
1977-08-07,0.012959607454156061
1977-08-08,0.004073730697118111
1977-08-09,0.0108745783554219
1977-08-10,0.007877916373646179
1977-08-11,0.012508846888572647
1977-08-12,0.011437612817711142
1977-08-13,0.007656364187477282
1977-08-14,0.01296125924127641
1977-08-15,0.018292478585619016
1977-08-16,0.02591138437238314
1977-08-17,0.007621570028736083
1977-08-18,0.0011886753057357097
1977-08-19,0.005870982970535759
1977-08-20,0.01648524624504987
1977-08-21,0.020408627790526268
1977-08-22,0.010858767618707504
1977-08-23,0.017995072659144518
1977-08-24,0.02109737514975788
1977-08-25,0.025186991638181385
1977-08-26,0.020863527679474615
1977-08-27,0.028712162396552936
1977-08-28,0.012782608049697896
1977-08-29,0.0068461072005633
1977-08-30,0.006028462965187103
1977-08-31,0.013660869677195157
1977-09-01,0.00394845796621266
1977-09-02,0.011019872235769484
1977-09-03,0.0063036637662807656
1977-09-04,0.0056680046521514855
1977-09-05,0.0025350713513500518
1977-09-06,0.0033363081506221975
1977-09-07,0.009645684470657946
1977-09-08,0.015677320340793607
1977-09-09,0.012472762215253097
1977-09-10,0.010746900270439988
1977-09-11,0.019196205362246907
1977-09-12,0.009608579988166088
1977-09-13,0.0036499110083876326
1977-09-14,0.011332226724989505
1977-09-15,0.026072274384236878
1977-09-16,0.010086841606417152
1977-09-17,0.006018229181953604
1977-09-18,0.005017267420744972
1977-09-19,0.010192718392162658
1977-09-20,0.016708973876572074
1977-09-21,0.016769047664494545
1977-09-22,0.0014476423830148892
1977-09-23,6.13302498883595E-4
1977-09-24,0.0015747225303800664
1977-09-25,0.010316816323149125
1977-09-26,0.006548980684526275
1977-09-27,0.006273256063986795
1977-09-28,0.003546588718029807
1977-09-29,0.0012083353244115832
1977-09-30,0.007240829290727726
1977-10-01,0.01554321916331983
1977-10-02,0.012870353805708752
1977-10-03,0.016880122419726647
1977-10-04,0.020133761636955894
1977-10-05,0.015006882214992679
1977-10-06,0.007308632925136597
1977-10-07,0.0019501724252476945
1977-10-08,8.658922011402867E-4
1977-10-09,4.947255059942426E-4
1977-10-10,9.564044774326428E-5
1977-10-11,2.046238569780691E-4
1977-10-12,0.0020274906053270965
1977-10-13,0.0023508437086668587
1977-10-14,0.0027533919040870847
1977-10-15,0.0034457125162804265
1977-10-16,0.0023623305668203053
1977-10-17,4.542085506612877E-4
1977-10-18,1.4797551347225893E-5
1977-10-19,5.011844497195558E-6
1977-10-20,6.870511755343323E-6
1977-10-21,9.509460738328899E-5
1977-10-22,2.970317789447893E-5
1977-10-23,1.2287262714675036E-5
1977-10-24,7.562778061629232E-5
1977-10-25,9.193885713194645E-5
1977-10-26,0.013089325942228298
1977-10-27,0.001059926756887724
1977-10-28,9.916024347709988E-5
1977-10-29,5.967441321797456E-8
1977-10-30,6.041616330601577E-4
1977-10-31,1.3549508629171084E-5
1977-11-01,6.317208009648185E-5
1977-11-02,9.303707952444264E-5
1977-11-03,2.2347337980835433E-4
1977-11-04,0.018604103439961224
1977-11-05,0.011869668535931263
1977-11-06,0.0065310373151932916
1977-11-07,0.0012616266491096147
1977-11-08,3.910311470831063E-5
1977-11-09,4.195233221350407E-6
1977-11-10,7.1907198043267445E-6
1977-11-11,7.369709066572906E-6
1977-11-12,9.797488415180237E-6
1977-11-13,1.994898726314994E-4
1977-11-14,0.0
1977-11-15,3.2109968950510597E-6
1977-11-16,2.248072315286154E-5
1977-11-17,3.6800911133793256E-4
1977-11-18,1.6038287188449156E-4
1977-11-19,3.562220387912341E-5
1977-11-20,3.158416663635672E-5
1977-11-21,1.4149867899190783E-4
1977-11-22,9.770969770410259E-5
1977-11-23,1.2002766993693531E-4
1977-11-24,1.868682719848138E-4
1977-11-25,0.005182464959120821
1977-11-26,8.100705895052193E-5
1977-11-27,3.457180083598697E-4
1977-11-28,4.0779454757376847E-5
1977-11-29,4.176978947657224E-5
1977-11-30,9.925160513081485E-6
1977-12-01,2.2020545925259E-6
1977-12-02,1.643847643502977E-5
1977-12-03,3.3327099096449814E-6
1977-12-04,1.3045445628928077E-6
1977-12-05,2.062161585284077E-6
1977-12-06,4.06295182354191E-6
1977-12-07,1.943897186864851E-6
1977-12-08,1.7076520472951706E-6
1977-12-09,3.815736040214584E-6
1977-12-10,7.805507145264997E-7
1977-12-11,3.7352770911475824E-6
1977-12-12,1.83071034304067E-6
1977-12-13,2.2894356184723728E-6
1977-12-14,8.604873184563365E-7
1977-12-15,1.03862404686532E-6
1977-12-16,2.808106692205555E-6
1977-12-17,1.8652725950201174E-6
1977-12-18,9.738691834945452E-8
1977-12-19,5.813959311762832E-7
1977-12-20,0.0
1977-12-21,1.2993812106287805E-6
1977-12-22,9.198475733441325E-7
1977-12-23,3.954443068402458E-6
1977-12-24,8.534487049961944E-7
1977-12-25,4.410743663640915E-7
1977-12-26,9.202129244893338E-7
1977-12-27,4.91876582259741E-4
1977-12-28,0.0035560628496103764
1977-12-29,0.011643830779373272
1977-12-30,6.571069364968209E-5
1977-12-31,1.796578076543925E-4
1978-01-01,2.54574955381499E-5
1978-01-02,1.7136334804490616E-6
1978-01-03,5.755121294044203E-7
1978-01-04,1.2975370395906793E-6
1978-01-05,1.2814997489840607E-6
1978-01-06,1.2874602361989673E-6
1978-01-07,2.150662282929261E-6
1978-01-08,1.728208417262067E-6
1978-01-09,6.28937219792959E-6
1978-01-10,1.3072033623420845E-6
1978-01-11,8.702458108859771E-7
1978-01-12,4.351138045421976E-7
1978-01-13,8.52346317969932E-7
1978-01-14,2.151263799987646E-6
1978-01-15,1.7433664464005305E-6
1978-01-16,1.3816851949286508E-5
1978-01-17,2.728455027059324E-5
1978-01-18,9.031853708573163E-5
1978-01-19,8.570957514671058E-7
1978-01-20,1.7404556160727225E-6
1978-01-21,1.7178158486785833E-6
1978-01-22,5.066842542461238E-6
1978-01-23,4.2070576000696747E-7
1978-01-24,8.642672923997452E-7
1978-01-25,2.5693914835756004E-6
1978-01-26,8.603481660429679E-7
1978-01-27,2.5543854462739546E-6
1978-01-28,8.661061769998923E-7
1978-01-29,4.351138045421976E-7
1978-01-30,8.789742351532128E-7
1978-01-31,1.4794630356646253E-6
1978-02-01,4.17972557148733E-7
1978-02-02,2.5719404561641568E-6
1978-02-03,2.49884084640857E-4
1978-02-04,3.4643069596442395E-4
1978-02-05,2.58277515285954E-6
1978-02-06,4.351138045421976E-7
1978-02-07,2.995646354975179E-6
1978-02-08,1.7731075144120622E-5
1978-02-09,4.218921774356541E-5
1978-02-10,1.7280515514010855E-6
1978-02-11,8.579804671171587E-7
1978-02-12,2.1457664729496173E-6
1978-02-13,8.491272337936074E-6
1978-02-14,2.7701765628598296E-5
1978-02-15,1.894942286146369E-5
1978-02-16,8.659769970382133E-7
1978-02-17,1.1760719938774331E-8
1978-02-18,9.015085742658691E-6
1978-02-19,0.002013330648227924
1978-02-20,3.4138674932709023E-4
1978-02-21,2.827451177226504E-6
1978-02-22,1.7463262139702149E-6
1978-02-23,1.7134701693066745E-6
1978-02-24,4.261732051702438E-7
1978-02-25,4.261732087229575E-7
1978-02-26,8.707927610222831E-7
1978-02-27,1.7166137808999338E-6
1978-02-28,8.639059565496154E-7
1978-03-01,0.0
1978-03-02,2.9999690415587325E-6
1978-03-03,1.0078549028133565E-5
1978-03-04,8.067528797368393E-5
1978-03-05,3.1984569790743326E-5
1978-03-06,1.9304334477964E-4
1978-03-07,2.21869994984077E-6
1978-03-08,4.351138613856165E-7
1978-03-09,8.583068051848386E-7
1978-03-10,1.7106532936850272E-6
1978-03-11,2.1914432762849627E-4
1978-03-12,8.42503429388056E-5
1978-03-13,8.63538185983399E-6
1978-03-14,1.8925619273605444E-6
1978-03-15,0.0
1978-03-16,8.711954596474032E-7
1978-03-17,4.351138045421976E-7
1978-03-18,1.837873317676658E-6
1978-03-19,1.9003472748519367E-4
1978-03-20,0.0
1978-03-21,0.0
1978-03-22,0.0038865055005969204
1978-03-23,1.638424137090072E-4
1978-03-24,4.4407871608918615E-7
1978-03-25,1.0943038000882317E-4
1978-03-26,0.0017021175964209443
1978-03-27,5.583468114020508E-6
1978-03-28,1.716613667213096E-6
1978-03-29,0.01024715564582872
1978-03-30,0.06598980443924428
1978-03-31,0.001398117099272112
1978-04-01,0.0066708317002012
1978-04-02,8.995637698152856E-4
1978-04-03,5.879598130377157E-4
1978-04-04,0.004534975161890771
1978-04-05,0.003491687641003081
1978-04-06,2.3557670579251632E-4
1978-04-07,3.9145401454444625E-6
1978-04-08,2.4279315777788406E-4
1978-04-09,1.3193126358737837E-8
1978-04-10,1.2076033515826194E-6
1978-04-11,1.030934477078307E-4
1978-04-12,4.0085773021948336E-4
1978-04-13,0.005736893535936163
1978-04-14,0.00969156837403085
1978-04-15,0.008114972965991415
1978-04-16,0.028995389592163176
1978-04-17,0.0010684595878545204
1978-04-18,0.021433293169314117
1978-04-19,0.02567679039185344
1978-04-20,0.01381532819026468
1978-04-21,0.012073025027874792
1978-04-22,0.0013847233114927418
1978-04-23,0.004484516029396853
1978-04-24,2.8406036581839537E-4
1978-04-25,0.004365896345735283
1978-04-26,0.0066427561385507625
1978-04-27,0.008032777511299358
1978-04-28,0.006211703368005036
1978-04-29,0.0016095151829654524
1978-04-30,0.004371014317393535
1978-05-01,0.0018828599265900054
1978-05-02,0.005151804594072907
1978-05-03,0.01766870389166093
1978-05-04,0.0029330542168173658
1978-05-05,0.007406616715149051
1978-05-06,0.004385302873333075
1978-05-07,0.004440695172272669
1978-05-08,0.053371591157086395
1978-05-09,0.03166409179216571
1978-05-10,0.016712589942649573
1978-05-11,0.02196117423259454
1978-05-12,0.021919096025251095
1978-05-13,0.031825252707207825
1978-05-14,0.010371525201460187
1978-05-15,0.0018722224252711714
1978-05-16,4.095970020940413E-4
1978-05-17,0.0013587484711167443
1978-05-18,0.01685688971310337
1978-05-19,0.02838251402818608
1978-05-20,0.01955340115366506
1978-05-21,0.026087064223609235
1978-05-22,0.03195110219603684
1978-05-23,0.06623152317070649
1978-05-24,0.10269221426252415
1978-05-25,0.04710641828790911
1978-05-26,0.025683011741991692
1978-05-27,0.03650276022261041
1978-05-28,0.030716738406625383
1978-05-29,0.0304595998450683
1978-05-30,0.038656127695271734
1978-05-31,0.023800096349477048
1978-06-01,0.013661022923681623
1978-06-02,0.018628999429150247
1978-06-03,0.0102970766414841
1978-06-04,0.04858764513405601
1978-06-05,0.042627364747670586
1978-06-06,0.00781972825265111
1978-06-07,0.004894647917777823
1978-06-08,0.0321765050154725
1978-06-09,0.05033655983353468
1978-06-10,0.017581190718262734
1978-06-11,0.012904579528940198
1978-06-12,0.02548414414052077
1978-06-13,0.010941093432596607
1978-06-14,0.004228129940461075
1978-06-15,0.004482090204777066
1978-06-16,0.006991687892817702
1978-06-17,0.005346871383619993
1978-06-18,0.012769839120968938
1978-06-19,0.0059618695375051635
1978-06-20,0.013198987163727537
1978-06-21,0.015555300982988997
1978-06-22,0.02209081237059558
1978-06-23,0.030901227028349583
1978-06-24,0.03805331228114393
1978-06-25,0.09816489839137511
1978-06-26,0.04408122928587001
1978-06-27,0.005279133690437145
1978-06-28,0.014102571134520066
1978-06-29,0.01892961275716703
1978-06-30,0.013844345046042917
1978-07-01,0.0033676803985804257
1978-07-02,0.005295897441147355
1978-07-03,0.007073367876352858
1978-07-04,0.019193135605463253
1978-07-05,0.006627947337515094
1978-07-06,0.011171615158645369
1978-07-07,0.016264550514858662
1978-07-08,0.00958945288908516
1978-07-09,0.012511568202273608
1978-07-10,0.0112041214019129
1978-07-11,0.014885214219302728
1978-07-12,0.0026075453237991114
1978-07-13,0.011109739138855422
1978-07-14,0.017425295157582742
1978-07-15,0.03997337581186602
1978-07-16,0.03973649140701407
1978-07-17,0.055064329685813776
1978-07-18,0.020629116196381192
1978-07-19,0.01781094724300031
1978-07-20,0.023083642948463642
1978-07-21,0.01927429508568579
1978-07-22,0.013293148460898446
1978-07-23,0.012712786168264188
1978-07-24,0.020859172841959275
1978-07-25,0.012173905394870222
1978-07-26,0.019293573513934074
1978-07-27,0.019881050071839948
1978-07-28,0.020612795646652315
1978-07-29,0.007290393992598699
1978-07-30,0.010429333606030058
1978-07-31,0.006254666453396253
1978-08-01,0.010494595790645714
1978-08-02,0.029340587877573314
1978-08-03,0.015424969060658726
1978-08-04,0.015604028271010515
1978-08-05,0.02270254853321811
1978-08-06,0.011926904572136838
1978-08-07,0.0038363057261843305
1978-08-08,0.020215351002379988
1978-08-09,0.019972219788873133
1978-08-10,0.008540440496386002
1978-08-11,0.006634294530974313
1978-08-12,0.002601238227443152
1978-08-13,0.012935881309668808
1978-08-14,0.014959131509873517
1978-08-15,0.002519546639857274
1978-08-16,0.009111214175040173
1978-08-17,0.007986426054494074
1978-08-18,0.010700764780530355
1978-08-19,0.016701191230885207
1978-08-20,0.011894952769391651
1978-08-21,0.01416432877918062
1978-08-22,0.021136685235894164
1978-08-23,0.015006102225339478
1978-08-24,0.0059994439332766245
1978-08-25,0.014520277068277312
1978-08-26,0.009482967026659479
1978-08-27,0.0038193788752113726
1978-08-28,1.7632423076878508E-4
1978-08-29,0.007372218276318646
1978-08-30,0.04247710441664466
1978-08-31,0.011455130174739868
1978-09-01,0.016259204084863667
1978-09-02,0.012079874201766486
1978-09-03,0.013829216278357318
1978-09-04,0.03120272893212641
1978-09-05,0.02199625949250226
1978-09-06,0.01713023084779591
1978-09-07,0.03599603228270511
1978-09-08,0.020520473189769815
1978-09-09,0.023648190096968183
1978-09-10,0.018263174910847023
1978-09-11,0.015197657160130586
1978-09-12,0.007175032058846749
1978-09-13,0.00438521041893424
1978-09-14,0.008216487846427825
1978-09-15,0.014300748634172609
1978-09-16,0.01160276725275084
1978-09-17,0.005879937006363981
1978-09-18,0.008498322781767478
1978-09-19,0.001686195409384772
1978-09-20,0.006836001871724349
1978-09-21,0.011987223057991511
1978-09-22,0.0012095396487699088
1978-09-23,0.00901077275159042
1978-09-24,0.020761060709553657
1978-09-25,0.021765131077840796
1978-09-26,0.017733509169751516
1978-09-27,0.004291749037586885
1978-09-28,0.0022098757070088374
1978-09-29,0.004089128427934492
1978-09-30,0.0034443125992572533
1978-10-01,0.016925462552539267
1978-10-02,4.936931515275757E-4
1978-10-03,0.002723911250758388
1978-10-04,0.011657265179246838
1978-10-05,0.004596636657237932
1978-10-06,0.0017672846311212152
1978-10-07,0.0015371487311200607
1978-10-08,0.0037062172773856083
1978-10-09,0.008535794042093904
1978-10-10,0.012083567385889475
1978-10-11,0.0027572769616057693
1978-10-12,1.8957592331107762E-4
1978-10-13,0.0012320817149478677
1978-10-14,0.0011534482275130434
1978-10-15,0.00117290150945346
1978-10-16,0.00111226685087205
1978-10-17,2.895003948659606E-4
1978-10-18,0.0016835145940501596
1978-10-19,0.003662267584847748
1978-10-20,0.0019268537165408957
1978-10-21,4.2261824087704735E-4
1978-10-22,8.83419346602666E-6
1978-10-23,2.8437853042189845E-6
1978-10-24,3.742825228098316E-5
1978-10-25,6.411184902487494E-6
1978-10-26,4.147634857651815E-6
1978-10-27,1.2971979059051269E-6
1978-10-28,4.5421905116394416E-6
1978-10-29,0.0019056584317893458
1978-10-30,3.364772072944427E-4
1978-10-31,0.0011034870624724933
1978-11-01,0.0019005706867544203
1978-11-02,0.0038174050000635926
1978-11-03,1.8169655706841133E-4
1978-11-04,1.4542162659639178E-6
1978-11-05,1.5227857931540457E-6
1978-11-06,3.286465641744502E-6
1978-11-07,2.2344098914014318E-4
1978-11-08,2.3879415295908346E-4
1978-11-09,6.894598375855156E-5
1978-11-10,3.258044018068885E-5
1978-11-11,8.95083333838068E-5
1978-11-12,9.717432911789685E-5
1978-11-13,1.5693393745863367E-4
1978-11-14,7.13352379639718E-4
1978-11-15,2.1085967388165632E-4
1978-11-16,1.0108841405217443E-4
1978-11-17,4.2510022929238915E-4
1978-11-18,1.345241907916201E-4
1978-11-19,4.857687814132278E-5
1978-11-20,6.139945844922236E-4
1978-11-21,3.595232230741914E-4
1978-11-22,5.265075168713233E-4
1978-11-23,3.4423174951696983E-4
1978-11-24,0.001963713808641958
1978-11-25,0.0017005468361305466
1978-11-26,7.500807862858258E-4
1978-11-27,3.5045076225868557E-4
1978-11-28,4.420552628050241E-5
1978-11-29,2.1394264409126786E-9
1978-11-30,8.52346317969932E-7
1978-12-01,1.4366548712631937E-6
1978-12-02,4.351138045421976E-7
1978-12-03,4.427560898649469E-7
1978-12-04,2.575002299583682E-6
1978-12-05,1.736650119710248E-6
1978-12-06,8.313909347634763E-7
1978-12-07,2.1383139028330334E-6
1978-12-08,8.553265615773853E-7
1978-12-09,2.3894763893822215E-6
1978-12-10,6.873483602711233E-10
1978-12-11,1.120901946926309E-6
1978-12-12,2.1150728822522587E-6
1978-12-13,1.2934206097270362E-6
1978-12-14,1.277327612569934E-6
1978-12-15,1.711862580577872E-6
1978-12-16,9.270485773970647E-7
1978-12-17,1.5551279812100181E-6
1978-12-18,9.685697765797614E-7
1978-12-19,1.1965687970934145E-6
1978-12-20,4.646173446853726E-7
1978-12-21,1.675334107669103E-7
1978-12-22,8.854988176098513E-7
1978-12-23,4.351138045421976E-7
1978-12-24,4.410743663640915E-7
1978-12-25,2.1487467165570706E-6
1978-12-26,2.1427869114631903E-6
1978-12-27,1.2874602930423862E-6
1978-12-28,0.0
1978-12-29,4.351138045421976E-7
1978-12-30,2.0589852797745987E-6
1978-12-31,8.611137900516042E-7
1979-01-01,8.577301161226574E-7
1979-01-02,1.5626006106659676E-6
1979-01-03,2.173303364595817E-6
1979-01-04,1.2934207802572928E-6
1979-01-05,4.3696998965044855E-7
1979-01-06,4.354127440819866E-7
1979-01-07,8.566374845031532E-7
1979-01-08,8.593796856359859E-7
1979-01-09,0.0
1979-01-10,4.261732087229575E-7
1979-01-11,1.7447471570496445E-6
1979-01-12,0.0
1979-01-13,8.553265615773853E-7
1979-01-14,2.4424765477285187E-6
1979-01-15,4.351138045421976E-7
1979-01-16,1.2874602361989673E-6
1979-01-17,4.398119770122463E-7
1979-01-18,8.640062612694187E-7
1979-01-19,2.4166866082745757E-6
1979-01-20,3.112758981303628E-6
1979-01-21,3.1303703795367647E-6
1979-01-22,2.276117816490182E-6
1979-01-23,3.6392450343066627E-6
1979-01-24,1.7020609857748723E-6
1979-01-25,8.612870487922919E-7
1979-01-26,4.351138045421976E-7
1979-01-27,4.3532310986994933E-7
1979-01-28,5.684341886080802E-14
1979-01-29,5.621779171717651E-6
1979-01-30,0.0014749673947728312
1979-01-31,8.595837244443419E-5
1979-02-01,0.0015661311416157455
1979-02-02,0.012526783814837471
1979-02-03,2.2451269402527245E-4
1979-02-04,1.3780842637140009E-6
1979-02-05,8.553266184208042E-7
1979-02-06,8.70227722771233E-7
1979-02-07,0.002031057036785038
1979-02-08,7.755806511375351E-4
1979-02-09,5.3796386501702514E-5
1979-02-10,1.4433489795104887E-6
1979-02-11,1.7531026650026358E-6
1979-02-12,4.817657818684E-6
1979-02-13,8.553265615773853E-7
1979-02-14,1.2681919656643004E-6
1979-02-15,1.2904405366498395E-6
1979-02-16,4.261732087229575E-7
1979-02-17,1.293420666570455E-6
1979-02-18,-5.960430371487746E-9
1979-02-19,2.164145133057291E-6
1979-02-20,7.328257175470763E-5
1979-02-21,1.6931778077378112E-6
1979-02-22,8.541145462004351E-7
1979-02-23,1.707606429590669E-6
1979-02-24,4.351138045421976E-7
1979-02-25,4.351138045421976E-7
1979-02-26,4.351138045421976E-7
1979-02-27,1.2814998058274796E-6
1979-02-28,4.3213191247559735E-7
1979-03-01,8.593478355578554E-7
1979-03-02,-2.0706352188426536E-9
1979-03-03,4.351138045421976E-7
1979-03-04,3.4219749522890197E-6
1979-03-05,1.2904404798064206E-6
1979-03-06,8.642444413453632E-7
1979-03-07,1.4423548830726937E-8
1979-03-08,7.17882700049119E-5
1979-03-09,0.005937222184531965
1979-03-10,5.197439234572469E-5
1979-03-11,2.562999668498378E-6
1979-03-12,2.139358230124344E-6
1979-03-13,0.0
1979-03-14,8.642672355563263E-7
1979-03-15,0.004084604867879367
1979-03-16,9.373227877251675E-4
1979-03-17,0.004585685168376206
1979-03-18,0.038383796009106436
1979-03-19,0.009326849201683364
1979-03-20,0.005977671202685459
1979-03-21,0.014806355833144503
1979-03-22,9.193995877780982E-4
1979-03-23,0.0019359851466933947
1979-03-24,0.0011460205783389214
1979-03-25,6.015222343061698E-4
1979-03-26,3.548285912054813E-4
1979-03-27,2.7805833975014666E-4
1979-03-28,0.003916290069833321
1979-03-29,0.014774207928768789
1979-03-30,0.005282243816564203
1979-03-31,0.006643693761750471
1979-04-01,0.005513912379800251
1979-04-02,0.0014065756530261902
1979-04-03,5.220722813163053E-6
1979-04-04,1.54267953141606E-5
1979-04-05,0.0016844836282020378
1979-04-06,7.421051075437792E-4
1979-04-07,0.001207739090541548
1979-04-08,4.156975904143744E-5
1979-04-09,3.314740881294427E-5
1979-04-10,2.513908513019542E-4
1979-04-11,0.011147364758509587
1979-04-12,0.009845971552422988
1979-04-13,9.437782485361042E-5
1979-04-14,0.0023272878547402343
1979-04-15,0.001688555850184386
1979-04-16,0.004812739623145229
1979-04-17,0.011099552636960696
1979-04-18,0.015021326757235335
1979-04-19,0.0031754665985395335
1979-04-20,4.2107335447920543E-4
1979-04-21,0.00421878638122812
1979-04-22,0.004375158986345881
1979-04-23,0.006039928664295658
1979-04-24,1.3037120417363392E-4
1979-04-25,1.7333404004755391E-6
1979-04-26,3.595880483101618E-5
1979-04-27,4.0720426278307263E-4
1979-04-28,1.8152506398087502E-4
1979-04-29,0.0045541802442432625
1979-04-30,0.01997353136402857
1979-05-01,0.06973030791314855
1979-05-02,0.03509284662123107
1979-05-03,0.00660052791783302
1979-05-04,0.005797856128619602
1979-05-05,0.004121720195247257
1979-05-06,0.0027672184366366774
1979-05-07,0.0018474160298446705
1979-05-08,0.0023579309647148833
1979-05-09,9.474372146505346E-4
1979-05-10,0.0015256201492175974
1979-05-11,0.008040007824732116
1979-05-12,0.007443572710875104
1979-05-13,0.007579503682991524
1979-05-14,0.015518171095606919
1979-05-15,0.007567794258625105
1979-05-16,0.008473336388174515
1979-05-17,0.02546138391491882
1979-05-18,0.0016130207919936522
1979-05-19,3.974268210746911E-4
1979-05-20,0.0018677005735952734
1979-05-21,0.006574243866160705
1979-05-22,0.01601428557632701
1979-05-23,0.01089528650647835
1979-05-24,2.4647683110300025E-4
1979-05-25,1.2948409886736327E-5
1979-05-26,0.0026397879455141338
1979-05-27,0.011288576992933811
1979-05-28,0.0040940657128783215
1979-05-29,0.0016058706633851755
1979-05-30,2.6712819457881226E-4
1979-05-31,4.911063947777048E-6
1979-06-01,1.177316147321645E-6
1979-06-02,1.757500818382136E-4
1979-06-03,2.482724961806801E-4
1979-06-04,6.293639695699077E-4
1979-06-05,0.0014099420353116527
1979-06-06,0.008239074941999503
1979-06-07,0.011621516684473948
1979-06-08,0.0310033531176565
1979-06-09,0.02545118137854327
1979-06-10,0.04643236076255249
1979-06-11,0.06638081279838878
1979-06-12,0.035878505705438275
1979-06-13,0.023141923338244778
1979-06-14,0.03154404208106651
1979-06-15,0.037276637011479805
1979-06-16,0.014610445220772095
1979-06-17,0.018666975965010987
1979-06-18,0.006162314833588682
1979-06-19,0.003665598527544497
1979-06-20,0.0024672657357068537
1979-06-21,0.003177769151290725
1979-06-22,0.004301385485147413
1979-06-23,0.023771562648476956
1979-06-24,0.041438090772832864
1979-06-25,0.016760144961534905
1979-06-26,0.011370332802323175
1979-06-27,0.012685788599295087
1979-06-28,0.017050132452568915
1979-06-29,0.020784138068896504
1979-06-30,0.07435797209760463
1979-07-01,0.08774833381959153
1979-07-02,0.09303068744998448
1979-07-03,0.009013221357340758
1979-07-04,0.00689256657754755
1979-07-05,0.021627273774042253
1979-07-06,0.0037488395182383536
1979-07-07,0.014402089662462305
1979-07-08,0.018193077462807145
1979-07-09,0.02251347022211212
1979-07-10,0.02163366902167398
1979-07-11,0.015099034364507921
1979-07-12,0.012844583421170744
1979-07-13,0.02197574802877013
1979-07-14,0.03672886390452859
1979-07-15,0.026337745501005948
1979-07-16,0.05348136598868671
1979-07-17,0.04293379626811138
1979-07-18,0.032833164878999586
1979-07-19,0.03245713026675701
1979-07-20,0.023324478565717035
1979-07-21,0.009433322168403546
1979-07-22,0.012887015521308665
1979-07-23,0.02030475811643429
1979-07-24,0.0214690421771666
1979-07-25,0.01738970369530103
1979-07-26,0.021753167884102476
1979-07-27,0.009748714091111482
1979-07-28,0.009595334459178723
1979-07-29,0.005933806826350325
1979-07-30,0.010971453235432598
1979-07-31,0.009319958955566318
1979-08-01,0.004502608511906175
1979-08-02,0.008444270469205229
1979-08-03,0.005144214092549227
1979-08-04,0.006771072210217877
1979-08-05,0.02205929942074299
1979-08-06,3.281037483551474E-4
1979-08-07,0.0035313771681439727
1979-08-08,0.01028732614753219
1979-08-09,0.018097963950709808
1979-08-10,0.005738140430748659
1979-08-11,0.005728811668075932
1979-08-12,0.002194219664857524
1979-08-13,0.001994342229442101
1979-08-14,0.03959857217579906
1979-08-15,0.05516687641383252
1979-08-16,0.00957177627886066
1979-08-17,0.012654654193144866
1979-08-18,0.013088612623539633
1979-08-19,0.02498000010417377
1979-08-20,0.0354180957863279
1979-08-21,0.012300258516530778
1979-08-22,0.018029688535386525
1979-08-23,0.013814796120650117
1979-08-24,0.02487977898545194
1979-08-25,0.052405757976442945
1979-08-26,0.026054134332295937
1979-08-27,0.019274209954830118
1979-08-28,0.015795270888447076
1979-08-29,0.015955260699620676
1979-08-30,0.010484205901909524
1979-08-31,0.008636940792961971
1979-09-01,0.011838230050109718
1979-09-02,0.01783692285050204
1979-09-03,0.02204780545021068
1979-09-04,0.026985147336516427
1979-09-05,0.023123753149156292
1979-09-06,0.008520033619216265
1979-09-07,0.005508229265237131
1979-09-08,0.012468417330693453
1979-09-09,0.032870016436502794
1979-09-10,0.05307157030720657
1979-09-11,0.03533188000578895
1979-09-12,0.01673683529820847
1979-09-13,0.009535169764062627
1979-09-14,0.002746710737661131
1979-09-15,9.597194714880492E-4
1979-09-16,7.754053252060366E-4
1979-09-17,0.0012523177291506333
1979-09-18,0.0010395388641863239
1979-09-19,9.363328079114248E-4
1979-09-20,0.0012068595138588396
1979-09-21,0.003624346821622707
1979-09-22,0.008147831991516447
1979-09-23,0.004861264636143105
1979-09-24,0.0012590377827845617
1979-09-25,3.296952720886554E-4
1979-09-26,0.003727398164242847
1979-09-27,0.01535999150496463
1979-09-28,0.01151434034751086
1979-09-29,0.023341959652635424
1979-09-30,0.010740587066385652
1979-10-01,0.010378613152428173
1979-10-02,0.012952868919065923
1979-10-03,0.01723076510687846
1979-10-04,0.01705919088226159
1979-10-05,0.025492241614867902
1979-10-06,0.04387651260635137
1979-10-07,0.012053135451680673
1979-10-08,0.0042970286197745065
1979-10-09,0.00160004080116596
1979-10-10,0.004037627593731404
1979-10-11,0.0044304892743770785
1979-10-12,0.002460661012353929
1979-10-13,9.723571946338425E-4
1979-10-14,3.9339948251615226E-4
1979-10-15,6.626251708669667E-5
1979-10-16,8.285119171880776E-5
1979-10-17,7.041258245287328E-5
1979-10-18,9.210944172307807E-5
1979-10-19,1.7731489039040838E-4
1979-10-20,2.0837768315016555E-5
1979-10-21,2.7729892592810354E-6
1979-10-22,1.432521545524588E-6
1979-10-23,1.0163633926775202E-6
1979-10-24,2.0222692427224066E-5
1979-10-25,1.9463870651755273E-4
1979-10-26,2.7464095134749084E-4
1979-10-27,9.468193728110299E-4
1979-10-28,1.8865475443007962E-4
1979-10-29,1.8410608559877038E-4
1979-10-30,2.8167708988314577E-5
1979-10-31,2.909821129867463E-5
1979-11-01,2.8461366578584735E-5
1979-11-02,5.39067356993888E-5
1979-11-03,1.7503544606216497E-4
1979-11-04,2.282453531440975E-5
1979-11-05,1.4224269436838158E-6
1979-11-06,1.8427562407123302E-5
1979-11-07,2.1837618025602687E-5
1979-11-08,1.4786804687081048E-5
1979-11-09,8.240264569968005E-7
1979-11-10,4.4973029326352703E-7
1979-11-11,2.5824568205532573E-6
1979-11-12,4.386195557654938E-8
1979-11-13,1.2894106475869194E-6
1979-11-14,8.595316289546455E-7
1979-11-15,4.351138045421976E-7
1979-11-16,3.0766935706827684E-7
1979-11-17,1.7231754027517326E-6
1979-11-18,3.2814981758447667E-7
1979-11-19,4.187706664068727E-4
1979-11-20,0.002104077991964854
1979-11-21,0.001398329613681827
1979-11-22,7.144814870901961E-4
1979-11-23,2.5943363539263797E-4
1979-11-24,2.072923573474732E-4
1979-11-25,2.4409909979884343E-4
1979-11-26,0.002277117315911842
1979-11-27,7.651420742393968E-4
1979-11-28,0.009977750462025564
1979-11-29,0.009670437761183433
1979-11-30,0.024754341262694744
1979-12-01,0.019677155431261303
1979-12-02,9.509207734605354E-4
1979-12-03,1.3033273264194466E-4
1979-12-04,3.611298946046618E-5
1979-12-05,1.0677642047090362E-6
1979-12-06,1.703474805198591E-6
1979-12-07,2.825614512319148E-6
1979-12-08,0.002226065944097919
1979-12-09,4.195004921836957E-5
1979-12-10,1.9070023405099216E-6
1979-12-11,4.424849066196127E-6
1979-12-12,7.133628105881233E-4
1979-12-13,0.003357641363489501
1979-12-14,5.186161636590909E-4
1979-12-15,4.3284230666353545E-5
1979-12-16,4.260553168695369E-5
1979-12-17,1.9486386426371155E-4
1979-12-18,1.582429243422677E-4
1979-12-19,6.445998482629387E-6
1979-12-20,3.307243739057103E-5
1979-12-21,5.6232384420390214E-5
1979-12-22,9.261458943374604E-7
1979-12-23,1.77611887283213E-6
1979-12-24,3.611195173914242E-6
1979-12-25,5.359228376038366E-6
1979-12-26,1.0350959815732917E-5
1979-12-27,8.405545284546014E-5
1979-12-28,8.037194448675925E-5
1979-12-29,2.1223720635757647E-5
1979-12-30,4.8605118487819314E-4
1979-12-31,0.0026281358312765903
1980-01-01,1.0944911460531085E-6
1980-01-02,0.00227990771839744
1980-01-03,3.353157668963748E-6
1980-01-04,3.03207721930911E-6
1980-01-05,1.6959755271273025E-6
1980-01-06,8.858817509173678E-7
1980-01-07,1.2953207842814126E-6
1980-01-08,8.642672355563263E-7
1980-01-09,1.2953673262927623E-6
1980-01-10,8.392591840317386E-6
1980-01-11,5.458929840299637E-5
1980-01-12,7.647756922337477E-6
1980-01-13,1.7166130419354886E-6
1980-01-14,3.8564185160794295E-6
1980-01-15,4.351138045421976E-7
1980-01-16,1.2829981983486505E-6
1980-01-17,8.503396884407266E-7
1980-01-18,4.5001496573604527E-7
1980-01-19,2.1606257763715476E-6
1980-01-20,2.371754636655264E-5
1980-01-21,2.9731141315377762E-5
1980-01-22,8.523114068659743E-6
1980-01-23,1.66444805982487E-4
1980-01-24,1.2723408335688682E-4
1980-01-25,1.2962817663719761E-6
1980-01-26,2.570689212427558E-6
1980-01-27,6.589848170736234E-5
1980-01-28,0.0025700581177121634
1980-01-29,5.601364124372518E-4
1980-01-30,4.734035453030085E-5
1980-01-31,1.7291545528373484E-6
1980-02-01,5.327646453345504E-7
1980-02-02,8.523463748133508E-7
1980-02-03,2.687716415162721E-6
1980-02-04,0.0037341691427675372
1980-02-05,0.005379353493587478
1980-02-06,0.001357920700345179
1980-02-07,1.9202465869017625E-5
1980-02-08,4.410743663640915E-7
1980-02-09,1.4417019086835294E-6
1980-02-10,2.142786968306609E-6
1980-02-11,2.571940342477319E-6
1980-02-12,8.553265615773853E-7
1980-02-13,8.607399877291755E-7
1980-02-14,1.2909874840261182E-6
1980-02-15,9.117253033491054E-7
1980-02-16,0.005470581712950548
1980-02-17,0.015651614634687994
1980-02-18,0.002763085855294869
1980-02-19,1.7487093450228522E-4
1980-02-20,8.2971811938152E-5
1980-02-21,1.1897076228114852E-5
1980-02-22,3.24473051845984E-6
1980-02-23,3.3807037794314585E-4
1980-02-24,0.00731959709388
1980-02-25,0.0018620663195514353
1980-02-26,4.783549782617445E-5
1980-02-27,4.821909799467136E-5
1980-02-28,0.0013025795758122023
1980-02-29,0.028839681747998124
1980-03-01,0.011505637164416969
1980-03-02,0.024096166092229792
1980-03-03,0.0016105676756773383
1980-03-04,0.00995149317196064
1980-03-05,0.0012402349397695033
1980-03-06,0.010902341691354811
1980-03-07,0.011077808099324573
1980-03-08,2.4708925246263037E-4
1980-03-09,1.8261178298585015E-4
1980-03-10,1.3921756529670633E-4
1980-03-11,1.595183948560947E-6
1980-03-12,3.712800885900598E-8
1980-03-13,8.70227722771233E-7
1980-03-14,5.684341886080802E-14
1980-03-15,9.422475716357671E-7
1980-03-16,1.6941261510478205E-5
1980-03-17,0.001883063415296858
1980-03-18,0.003407195093744021
1980-03-19,0.008145547681461184
1980-03-20,0.002045996753294343
1980-03-21,1.3901953963117508E-4
1980-03-22,3.7135080505154324E-5
1980-03-23,1.0601487806958402E-4
1980-03-24,5.01635395823234E-4
1980-03-25,0.01302056501146618
1980-03-26,0.009560210024932167
1980-03-27,0.0016034294303097483
1980-03-28,5.363921127739668E-4
1980-03-29,4.4048930006411853E-4
1980-03-30,0.004696515641589152
1980-03-31,8.084342004197057E-4
1980-04-01,3.222899802158334E-6
1980-04-02,3.2328478243663075E-5
1980-04-03,0.022330993435866576
1980-04-04,0.010086840891596895
1980-04-05,0.001821018778990582
1980-04-06,3.3355896149415026E-5
1980-04-07,5.535651746341063E-5
1980-04-08,9.75830284452038E-5
1980-04-09,3.440445531548174E-4
1980-04-10,0.022186322557089116
1980-04-11,0.02130031930265196
1980-04-12,0.006675272199982025
1980-04-13,0.002295993340842297
1980-04-14,0.003335232755782976
1980-04-15,0.0016660230309582735
1980-04-16,5.311025398075035E-4
1980-04-17,0.040098628714638186
1980-04-18,0.02901361173588953
1980-04-19,0.0049860783445707735
1980-04-20,0.02381590073670371
1980-04-21,0.0444060992435579
1980-04-22,0.046280888032189695
1980-04-23,0.027505899565614368
1980-04-24,0.018924359756209614
1980-04-25,0.012332237038567579
1980-04-26,0.008894153515452948
1980-04-27,0.010053404339233426
1980-04-28,0.019313294168580217
1980-04-29,0.023860210815848316
1980-04-30,0.011427304381609316
1980-05-01,0.0077664231354505845
1980-05-02,0.017892570472775027
1980-05-03,0.050556728068834156
1980-05-04,0.03861865946842821
1980-05-05,0.08923921356267864
1980-05-06,0.07494703820071663
1980-05-07,0.06998267383416813
1980-05-08,0.07374016951700443
1980-05-09,0.027097980324071264
1980-05-10,0.042130962005108775
1980-05-11,0.027398948778721323
1980-05-12,0.017963576127338968
1980-05-13,0.034775423839941734
1980-05-14,0.013924609240939812
1980-05-15,0.02432378349616625
1980-05-16,0.03507071936683534
1980-05-17,0.04387730566228969
1980-05-18,0.027171896220361834
1980-05-19,0.022680148691628033
1980-05-20,0.019565774877636426
1980-05-21,0.0020010192313290745
1980-05-22,0.0013791893844659622
1980-05-23,8.631313750520008E-4
1980-05-24,0.006343649676925541
1980-05-25,0.010629730685921822
1980-05-26,0.015371645831077444
1980-05-27,0.03395168637931584
1980-05-28,0.03297633932586629
1980-05-29,0.04164258140688929
1980-05-30,0.06488387914726808
1980-05-31,0.014432537231740247
1980-06-01,0.011209263832491958
1980-06-02,0.04057651647015327
1980-06-03,0.023811308872447538
1980-06-04,0.03356801795175654
1980-06-05,0.010551814860727747
1980-06-06,0.013401478934665591
1980-06-07,0.02931798545307647
1980-06-08,0.026327216210061566
1980-06-09,0.011850774837711651
1980-06-10,0.023472718533478383
1980-06-11,0.01748865889072966
1980-06-12,0.01188359589244831
1980-06-13,0.014194439085382265
1980-06-14,0.013094936424651076
1980-06-15,0.01648756783558731
1980-06-16,0.03200044294088769
1980-06-17,0.0356570930696926
1980-06-18,0.009859704231808653
1980-06-19,0.008679626524597927
1980-06-20,0.011657053925899082
1980-06-21,0.023207638960525485
1980-06-22,0.026188699014064433
1980-06-23,0.007658107066641395
1980-06-24,0.010272691337273305
1980-06-25,0.016913967778572462
1980-06-26,0.013519996872785467
1980-06-27,0.006788633668940544
1980-06-28,0.00378558128199482
1980-06-29,0.006484015617584217
1980-06-30,0.0452171568003583
1980-07-01,0.028480648321936853
1980-07-02,0.006638056994595658
1980-07-03,0.008930110563599844
1980-07-04,0.016595146462230172
1980-07-05,0.008376579006293686
1980-07-06,0.012900224439584456
1980-07-07,0.021001751456673122
1980-07-08,0.019837215891963834
1980-07-09,0.01588846496151116
1980-07-10,0.0076569889351873815
1980-07-11,0.006713523316401631
1980-07-12,0.010401298466825413
1980-07-13,0.014558615958834314
1980-07-14,0.018548092176615516
1980-07-15,0.0251231780596324
1980-07-16,0.018274231940634683
1980-07-17,0.01479136979580134
1980-07-18,0.02208749966030039
1980-07-19,0.01897419358259957
1980-07-20,0.04045965695053857
1980-07-21,0.026525228252611076
1980-07-22,0.02732229363462255
1980-07-23,0.01334852444727194
1980-07-24,0.010973380880675964
1980-07-25,0.041370379582774515
1980-07-26,0.019509644152897538
1980-07-27,0.015706166840357593
1980-07-28,0.016698036116939517
1980-07-29,0.008470567970434368
1980-07-30,0.014752374946434044
1980-07-31,0.012578692067134594
1980-08-01,0.004782005481287772
1980-08-02,0.013324468793794267
1980-08-03,0.017780934044649845
1980-08-04,0.009560886657396754
1980-08-05,0.018795471149121067
1980-08-06,0.019226972196678203
1980-08-07,0.016140542400082475
1980-08-08,0.00918994744227734
1980-08-09,0.015508551492229503
1980-08-10,0.01603473583126563
1980-08-11,0.019440778960726865
1980-08-12,0.011411583705669923
1980-08-13,0.01315729230293236
1980-08-14,0.018552068639755948
1980-08-15,0.011549125858981341
1980-08-16,0.009554647035853715
1980-08-17,0.013839243726534946
1980-08-18,0.009464271354058655
1980-08-19,0.010569087048127819
1980-08-20,0.011115411836150443
1980-08-21,0.015663082715410382
1980-08-22,0.00990785196226742
1980-08-23,0.008529479424728138
1980-08-24,0.0160307513310675
1980-08-25,0.01043619677840097
1980-08-26,0.01044124828420899
1980-08-27,0.014110877688429307
1980-08-28,0.004793849109828126
1980-08-29,0.010395406891196533
1980-08-30,0.014253375176139761
1980-08-31,0.004540133691569286
1980-09-01,0.009774405261598574
1980-09-02,0.025207046454674257
1980-09-03,0.021677977780771403
1980-09-04,0.011452864611952293
1980-09-05,0.011342927636094175
1980-09-06,0.011060804143284635
1980-09-07,0.005200841995230656
1980-09-08,0.009477720195158372
1980-09-09,0.013865876674021619
1980-09-10,0.014866873004617804
1980-09-11,0.01506547033732339
1980-09-12,0.016535702162998267
1980-09-13,0.008158885262191821
1980-09-14,0.0029147895489645536
1980-09-15,0.008111454368580137
1980-09-16,0.01043210940667745
1980-09-17,0.005778954301261339
1980-09-18,0.007354578790546002
1980-09-19,0.010063887498093832
1980-09-20,0.009987490520086092
1980-09-21,0.014105303240596894
1980-09-22,0.026680318853484087
1980-09-23,0.020031625061503425
1980-09-24,0.01119117152620596
1980-09-25,0.005353756385801509
1980-09-26,0.012795932775286538
1980-09-27,0.009431613387400015
1980-09-28,0.0027597136055044894
1980-09-29,0.0031523527814020505
1980-09-30,0.004024700033182356
1980-10-01,0.012236581489065148
1980-10-02,0.007429049412982269
1980-10-03,0.023865101182756043
1980-10-04,0.01615144475519313
1980-10-05,0.004840947751795627
1980-10-06,0.003092184774792953
1980-10-07,0.004290477609480305
1980-10-08,0.0030410132625037626
1980-10-09,7.368564928601255E-4
1980-10-10,4.405032696874029E-4
1980-10-11,6.809745968779728E-4
1980-10-12,4.8614616424553803E-4
1980-10-13,6.069201437674381E-4
1980-10-14,6.71734152673986E-4
1980-10-15,6.551641681329721E-4
1980-10-16,4.2516751136084137E-4
1980-10-17,3.5743669915268967E-4
1980-10-18,0.004856759609423629
1980-10-19,0.06328965138052346
1980-10-20,0.04975145463654072
1980-10-21,0.03771384240309699
1980-10-22,8.532880160505378E-4
1980-10-23,9.443809074818054E-4
1980-10-24,0.0011380511943325919
1980-10-25,7.027504298801861E-4
1980-10-26,3.7483625276000024E-4
1980-10-27,4.543179936836221E-5
1980-10-28,5.801287830152467E-5
1980-10-29,6.1207940798534E-6
1980-10-30,1.8213194007693536E-6
1980-10-31,4.570878552227979E-6
1980-11-01,3.1894031886922203E-6
1980-11-02,7.420160675271969E-6
1980-11-03,1.0262736490314394E-6
1980-11-04,6.766973730545576E-7
1980-11-05,1.0819707302688865E-7
1980-11-06,2.134208637959209E-5
1980-11-07,4.009008724575339E-6
1980-11-08,8.612870487922919E-7
1980-11-09,2.142941411875654E-6
1980-11-10,8.636005759399268E-7
1980-11-11,3.649311603149238E-7
1980-11-12,1.348310223115496E-6
1980-11-13,5.555875692610145E-6
1980-11-14,1.8077683476393878E-6
1980-11-15,1.458750090023387E-5
1980-11-16,8.511836995239719E-7
1980-11-17,0.0
1980-11-18,4.351138045421976E-7
1980-11-19,6.035914131612408E-7
1980-11-20,1.6765485523064024E-5
1980-11-21,4.851921263473538E-6
1980-11-22,5.643268997352814E-6
1980-11-23,4.622889124452133E-5
1980-11-24,4.024332441791673E-6
1980-11-25,7.37591235279569E-6
1980-11-26,1.7876711942566842E-6
1980-11-27,6.749304388299845E-6
1980-11-28,1.0730214087959212E-6
1980-11-29,8.543791343750549E-7
1980-11-30,4.274517746335928E-6
1980-12-01,8.069520406729288E-7
1980-12-02,4.797242635336289E-7
1980-12-03,1.7270350621654377E-6
1980-12-04,3.332193401216355E-6
1980-12-05,1.461430169117346E-5
1980-12-06,1.5357730517162003E-5
1980-12-07,8.064000248219926E-7
1980-12-08,2.586215264890771E-6
1980-12-09,1.293420723413874E-6
1980-12-10,1.5395944696981813E-5
1980-12-11,1.4661424652699344E-6
1980-12-12,2.1705737692772313E-10
1980-12-13,1.1805768819213604E-5
1980-12-14,5.407519423203661E-7
1980-12-15,1.4886775812750669E-6
1980-12-16,3.420663791826103E-5
1980-12-17,2.3133865842929463E-4
1980-12-18,4.86340298093611E-5
1980-12-19,3.0488436347151703E-5
1980-12-20,1.618930117415061E-5
1980-12-21,3.629384354394593E-5
1980-12-22,6.07199062501764E-6
1980-12-23,8.52346317969932E-7
1980-12-24,0.0
1980-12-25,1.5802721067186973E-6
1980-12-26,4.106992586499695E-8
1980-12-27,1.8756116411678426E-6
1980-12-28,4.261732051702438E-7
1980-12-29,8.55596226756461E-7
1980-12-30,8.58461021380208E-7
1980-12-31,2.633212571588096E-6
1981-01-01,1.4375120688130888E-5
1981-01-02,4.145944494311905E-6
1981-01-03,1.2632876582966874E-6
1981-01-04,6.809690852582198E-6
1981-01-05,0.0011782169963208287
1981-01-06,0.004746326009473715
1981-01-07,0.011991784464933968
1981-01-08,2.597361544084736E-4
1981-01-09,2.965907738926699E-6
1981-01-10,3.427719093451742E-6
1981-01-11,8.9173329991538E-4
1981-01-12,7.226294174714676E-4
1981-01-13,0.004716471938361325
1981-01-14,0.0014521382549949559
1981-01-15,5.787964983830084E-6
1981-01-16,1.3033832823897828E-6
1981-01-17,1.04121432675232E-6
1981-01-18,1.3432510818978376E-6
1981-01-19,2.4444308486402206E-5
1981-01-20,1.9832413343299708E-5
1981-01-21,1.0957056204886806E-6
1981-01-22,7.17215455336378E-6
1981-01-23,8.705727344342997E-7
1981-01-24,1.302830373630596E-6
1981-01-25,8.176284829723062E-5
1981-01-26,4.6722297412808913E-7
1981-01-27,4.4201323062698286E-8
1981-01-28,1.6929436691303756E-6
1981-01-29,2.011804004629043E-6
1981-01-30,1.2682990950867542E-4
1981-01-31,0.009782749136313433
1981-02-01,0.006657213345516734
1981-02-02,7.861400561974427E-5
1981-02-03,1.716823867985697E-6
1981-02-04,2.5955561922946706E-6
1981-02-05,4.09631866205018E-7
1981-02-06,8.884778260525272E-7
1981-02-07,1.1892318680111206E-5
1981-02-08,1.4002900410265554E-4
1981-02-09,0.003256748777753353
1981-02-10,0.013122914726844754
1981-02-11,2.5208529998167924E-4
1981-02-12,3.836590643701033E-5
1981-02-13,2.244264143533299E-5
1981-02-14,3.342806816552267E-5
1981-02-15,1.1754289512099723E-4
1981-02-16,6.280176783775066E-4
1981-02-17,1.392833853787114E-4
1981-02-18,3.0070025098926748E-6
1981-02-19,2.1578884457085223E-6
1981-02-20,2.9904958864790387E-6
1981-02-21,3.0083210731390864E-6
1981-02-22,2.571940399320738E-6
1981-02-23,2.125290848198347E-6
1981-02-24,1.7189817640428373E-6
1981-02-25,0.0
1981-02-26,3.0006494853296317E-6
1981-02-27,1.8369330233232127E-5
1981-02-28,1.6977322454741922E-4
1981-03-01,0.03020930552241075
1981-03-02,0.015605656703314392
1981-03-03,2.2941638797940202E-4
1981-03-04,4.261732051702438E-7
1981-03-05,8.583068797918258E-7
1981-03-06,2.1597975254777565E-6
1981-03-07,3.719556017005083E-5
1981-03-08,0.002700495358147373
1981-03-09,0.0022766534518988838
1981-03-10,0.0016065246956319355
1981-03-11,0.010862266715308126
1981-03-12,0.006541441851694311
1981-03-13,0.0026858065419004184
1981-03-14,0.0013290593932453517
1981-03-15,1.0372281484259178E-4
1981-03-16,3.1489809418875985E-4
1981-03-17,4.227785713989651E-4
1981-03-18,2.231943856095392E-4
1981-03-19,7.163502400170777E-6
1981-03-20,8.244021828753134E-5
1981-03-21,0.0023606994105508645
1981-03-22,0.0012170805156585887
1981-03-23,0.010357343903769651
1981-03-24,4.746962098888381E-4
1981-03-25,1.367179506889648E-4
1981-03-26,0.0068173980584171
1981-03-27,0.007090276900893005
1981-03-28,0.0015182209686736843
1981-03-29,8.29262307958107E-5
1981-03-30,0.004499628211941397
1981-03-31,0.028237014907692447
1981-04-01,0.03272831981786863
1981-04-02,0.0019518966433581684
1981-04-03,0.00953284976239494
1981-04-04,0.05062853370522367
1981-04-05,0.03372142477762578
1981-04-06,0.0034669603450449902
1981-04-07,0.0011658684095328825
1981-04-08,1.5763107665701415E-5
1981-04-09,0.008150594246203544
1981-04-10,0.019980104976147488
1981-04-11,0.01873925576675976
1981-04-12,0.032044563895918046
1981-04-13,9.279324216546448E-4
1981-04-14,0.0027548892201715823
1981-04-15,0.01924729509715707
1981-04-16,0.01719927802379957
1981-04-17,0.04134503558949597
1981-04-18,0.04466883995845488
1981-04-19,0.025376436764861583
1981-04-20,0.003234945914319879
1981-04-21,2.594311365287651E-5
1981-04-22,1.5397473061835166E-5
1981-04-23,7.640638792445893E-5
1981-04-24,2.7730023007001053E-4
1981-04-25,8.746297058859314E-4
1981-04-26,8.3613519713473E-4
1981-04-27,0.0018301721364666313
1981-04-28,0.00423384887763318
1981-04-29,0.011035961115521221
1981-04-30,0.005688259034401419
1981-05-01,0.004701576173248068
1981-05-02,0.008696622298454979
1981-05-03,0.002893919727705809
1981-05-04,4.3619164454110105E-4
1981-05-05,0.0010072330139737624
1981-05-06,4.861497741164377E-4
1981-05-07,8.567390686104407E-4
1981-05-08,0.0022289761788648844
1981-05-09,0.0039038558204314215
1981-05-10,0.0030082651460384903
1981-05-11,0.006963541394360136
1981-05-12,0.015002928632700559
1981-05-13,0.005875682795826745
1981-05-14,0.007322271260550739
1981-05-15,0.013449949114074851
1981-05-16,0.05294465222571522
1981-05-17,0.03116967739482388
1981-05-18,0.012990534262656943
1981-05-19,0.001261269587304746
1981-05-20,0.006293756907988836
1981-05-21,0.018597721477665998
1981-05-22,0.024362433109911555
1981-05-23,0.00622233316127758
1981-05-24,0.013287343176114082
1981-05-25,0.00938025846388299
1981-05-26,0.009882314059449778
1981-05-27,0.03385254658428523
1981-05-28,0.03244943804952117
1981-05-29,0.054780222496585824
1981-05-30,0.0681582945162854
1981-05-31,0.02600940722251318
1981-06-01,0.013257592408724454
1981-06-02,0.00802944049628557
1981-06-03,0.007241061677668929
1981-06-04,0.030743972909324974
1981-06-05,0.01584674649931104
1981-06-06,0.007415003826938612
1981-06-07,0.0030575469957793465
1981-06-08,0.00512844184059869
1981-06-09,0.002148211689467134
1981-06-10,0.0018408175894060973
1981-06-11,0.0033930515290292104
1981-06-12,0.007934564652540445
1981-06-13,0.0028740516608028147
1981-06-14,0.013241431440025746
1981-06-15,0.017341728573072847
1981-06-16,0.012110115112252321
1981-06-17,0.005283263349706394
1981-06-18,0.011028233217452305
1981-06-19,0.015236207908705677
1981-06-20,0.019913406023975757
1981-06-21,0.011430314323145879
1981-06-22,0.02001134151065282
1981-06-23,0.01710337785165129
1981-06-24,0.016453532628626494
1981-06-25,0.015235293575186113
1981-06-26,0.020643518376724426
1981-06-27,0.01826684052594399
1981-06-28,0.01868661683590972
1981-06-29,0.02078807819440875
1981-06-30,0.03578289641541658
1981-07-01,0.03246513601496764
1981-07-02,0.03911674218121106
1981-07-03,0.02648980131631748
1981-07-04,0.01326602495578937
1981-07-05,0.0216459035227409
1981-07-06,0.004519115955149357
1981-07-07,0.008747543895864766
1981-07-08,0.004419955613812961
1981-07-09,0.010159691652236997
1981-07-10,0.006342697772229695
1981-07-11,0.0030046195557475877
1981-07-12,0.003297784090186829
1981-07-13,0.012287885821836533
1981-07-14,0.01879344774892358
1981-07-15,0.018285098962788238
1981-07-16,0.028366287907356142
1981-07-17,0.027914646165810915
1981-07-18,0.01972353985237371
1981-07-19,0.009917334467603294
1981-07-20,0.012970667321917586
1981-07-21,0.012020730567300514
1981-07-22,0.009590298831697045
1981-07-23,0.008823627877296463
1981-07-24,0.007947082897605751
1981-07-25,0.016406076540035362
1981-07-26,0.02490597232626854
1981-07-27,0.030078937703435896
1981-07-28,0.018027235838547505
1981-07-29,0.027893495713816132
1981-07-30,0.03848916111759863
1981-07-31,0.017187354938105723
1981-08-01,0.0106353677558427
1981-08-02,0.020242592086321023
1981-08-03,0.01357156567093025
1981-08-04,0.01172668004095746
1981-08-05,0.006729832696434456
1981-08-06,0.0168255327089883
1981-08-07,0.02099404614042445
1981-08-08,0.009832176865726041
1981-08-09,0.019127864160577348
1981-08-10,0.013393110076868131
1981-08-11,0.01264120203512305
1981-08-12,0.025068710616415302
1981-08-13,0.012484071777993551
1981-08-14,0.015530356226515997
1981-08-15,0.008000975825710797
1981-08-16,0.008968371219121316
1981-08-17,0.015866458819090247
1981-08-18,0.009212443335851495
1981-08-19,0.014066711433791705
1981-08-20,0.014958892203133931
1981-08-21,0.01572331116122524
1981-08-22,0.031868137913564056
1981-08-23,0.03351297068160014
1981-08-24,0.021044005699063163
1981-08-25,0.020525843469647167
1981-08-26,0.010462714543919992
1981-08-27,0.014054497258087465
1981-08-28,0.018551118852775234
1981-08-29,0.006500196275597364
1981-08-30,0.010033567065017766
1981-08-31,0.009307563353895118
1981-09-01,0.017313423353184552
1981-09-02,0.01657408225180924
1981-09-03,0.01473434682516109
1981-09-04,0.018110722698218035
1981-09-05,0.013219237259375174
1981-09-06,0.015732954636788483
1981-09-07,0.013959041830547018
1981-09-08,0.016890464067155234
1981-09-09,0.01630927339734237
1981-09-10,0.012040920333191317
1981-09-11,0.011791315547410567
1981-09-12,0.0102218183050541
1981-09-13,0.00848147024382956
1981-09-14,0.006994807243154871
1981-09-15,0.007666438115490298
1981-09-16,0.0020541640564771774
1981-09-17,0.0015031064616117871
1981-09-18,0.0024977809207522165
1981-09-19,0.005569733398292216
1981-09-20,7.397973726484859E-4
1981-09-21,7.893905447408046E-4
1981-09-22,3.127309163181769E-4
1981-09-23,2.6204670402158614E-4
1981-09-24,5.421620154263735E-4
1981-09-25,0.0019002051178537288
1981-09-26,0.002332008907403121
1981-09-27,0.014216165690752807
1981-09-28,0.004310389983597529
1981-09-29,0.004899371564388276
1981-09-30,0.00888389594161237
1981-10-01,0.005233493756880758
1981-10-02,0.0017178930428054188
1981-10-03,9.506822250301867E-4
1981-10-04,2.09807130566976E-4
1981-10-05,1.833981965524416E-4
1981-10-06,2.907472926412704E-4
1981-10-07,9.396399170335528E-6
1981-10-08,4.390205040018526E-7
1981-10-09,7.80640649933742E-6
1981-10-10,3.115720874656833E-4
1981-10-11,5.280432040670534E-4
1981-10-12,1.0719967059077064E-4
1981-10-13,1.1779009735997705E-4
1981-10-14,8.962706247172005E-4
1981-10-15,7.848372369271655E-4
1981-10-16,2.8956838601949933E-4
1981-10-17,5.641841320955877E-5
1981-10-18,1.7469252292820483E-5
1981-10-19,3.4968313749001044E-6
1981-10-20,2.2007142888863684E-6
1981-10-21,1.3241214117316552E-6
1981-10-22,1.7444100111225917E-6
1981-10-23,9.382902196030782E-6
1981-10-24,9.495167465354965E-7
1981-10-25,1.2939466752363925E-6
1981-10-26,5.493841774290758E-7
1981-10-27,9.821091952410777E-7
1981-10-28,1.736329780496134E-6
1981-10-29,4.4135764948405897E-7
1981-10-30,8.642672923997452E-7
1981-10-31,4.351138045421976E-7
1981-11-01,8.655674797788548E-7
1981-11-02,1.5697519569127616E-6
1981-11-03,3.3909150296641986E-6
1981-11-04,0.0013351140993299567
1981-11-05,6.600635746089491E-4
1981-11-06,1.0590894395054792E-5
1981-11-07,1.3171125178525546E-6
1981-11-08,1.7263134626552738E-6
1981-11-09,1.536390469100563E-5
1981-11-10,1.0980918262253713E-4
1981-11-11,6.789674314549267E-7
1981-11-12,4.3523439197382415E-7
1981-11-13,4.634011669191762E-6
1981-11-14,1.6844431412088898E-6
1981-11-15,1.2256901743184006E-6
1981-11-16,1.28249325825891E-6
1981-11-17,8.692342703398026E-7
1981-11-18,1.2779741496160568E-6
1981-11-19,8.660897492518416E-7
1981-11-20,2.6022404845838223E-6
1981-11-21,2.2180274621639204E-6
1981-11-22,1.918622179030124E-5
1981-11-23,2.0432960131957863E-5
1981-11-24,2.289644517024679E-6
1981-11-25,0.0
1981-11-26,4.261732051702438E-7
1981-11-27,0.0
1981-11-28,8.642317652629572E-7
1981-11-29,1.2806772247131448E-6
1981-11-30,3.4401603434188387E-6
1981-12-01,2.5270941820590087E-6
1981-12-02,3.4270904052391415E-6
1981-12-03,2.001924853322498E-6
1981-12-04,1.2953351131601517E-8
1981-12-05,2.8998521022024874E-7
1981-12-06,2.5705378448037663E-6
1981-12-07,1.0544811235881184E-5
1981-12-08,8.273282667955572E-5
1981-12-09,0.0019483915446746349
1981-12-10,0.011214554717451964
1981-12-11,0.04303019350696611
1981-12-12,2.4064109881938054E-4
1981-12-13,1.653116212243095E-5
1981-12-14,2.018439690511587E-6
1981-12-15,2.972898926802867E-6
1981-12-16,1.669308127187402E-5
1981-12-17,0.0
1981-12-18,1.1519169292419302E-6
1981-12-19,5.422328538978331E-5
1981-12-20,1.5024707639884985E-5
1981-12-21,2.657156847506044E-5
1981-12-22,1.1063375682051581E-5
1981-12-23,1.610703551011279E-10
1981-12-24,8.532662278054831E-7
1981-12-25,8.774996132617974E-7
1981-12-26,4.428374295378757E-7
1981-12-27,1.791606231920981E-6
1981-12-28,2.2598846971644146E-6
1981-12-29,4.514027618956342E-6
1981-12-30,1.5442070250917753E-5
1981-12-31,4.1650178642720225E-6
1982-01-01,2.0148277796153523E-5
1982-01-02,7.09974394869877E-5
1982-01-03,3.0592925057745134E-5
1982-01-04,2.2328751521402313E-6
1982-01-05,5.323806039233978E-6
1982-01-06,1.2272647016399235E-6
1982-01-07,4.521605768644742E-6
1982-01-08,8.963381614314991E-6
1982-01-09,1.1874025241497108E-5
1982-01-10,6.2256778131617285E-6
1982-01-11,3.672963558385605E-5
1982-01-12,1.1935800313949587E-4
1982-01-13,4.9923653554119516E-6
1982-01-14,9.870846846978164E-7
1982-01-15,1.3176122394010133E-6
1982-01-16,3.540334054853813E-6
1982-01-17,2.4576149234881985E-6
1982-01-18,3.6589650527465396E-6
1982-01-19,1.0491501744171853E-6
1982-01-20,1.1116705091358907E-5
1982-01-21,3.1743382684167027E-6
1982-01-22,2.58719740596814E-6
1982-01-23,8.523463748133508E-7
1982-01-24,1.717611382900941E-6
1982-01-25,4.3517377434909577E-7
1982-01-26,3.0029941626708023E-6
1982-01-27,1.721766238915734E-6
1982-01-28,8.553265615773853E-7
1982-01-29,1.722391914427135E-6
1982-01-30,1.2777371125594073E-6
1982-01-31,1.2818497907574056E-6
1982-02-01,3.837065638055604E-4
1982-02-02,2.0926958343817718E-4
1982-02-03,1.9543725528822414E-5
1982-02-04,3.931695147516779E-4
1982-02-05,6.356318867337533E-4
1982-02-06,1.3339311958875477E-4
1982-02-07,3.4450881391837038E-6
1982-02-08,5.935653043379876E-5
1982-02-09,1.8573109159263895E-4
1982-02-10,1.292375012639177E-6
1982-02-11,1.1943650958864916E-6
1982-02-12,1.0949567907807459E-5
1982-02-13,0.0016249962413863522
1982-02-14,0.001498800318542091
1982-02-15,9.889492209472892E-5
1982-02-16,8.695899533536596E-5
1982-02-17,0.0022502458460972887
1982-02-18,0.008540426933928058
1982-02-19,0.003809118537763247
1982-02-20,4.2957877525464175E-4
1982-02-21,3.2106958210901794E-6
1982-02-22,1.7228032580359697E-6
1982-02-23,7.310190972135794E-7
1982-02-24,2.5766730819380266E-6
1982-02-25,1.2832804259232944E-6
1982-02-26,2.3893018123999354E-6
1982-02-27,4.351138045421976E-7
1982-02-28,0.0
1982-03-01,2.66262629543629E-6
1982-03-02,0.0019491970727559256
1982-03-03,6.005944965313128E-6
1982-03-04,4.300643851999244E-6
1982-03-05,2.9724243216658407E-4
1982-03-06,0.005777101391402284
1982-03-07,6.372900969954625E-4
1982-03-08,1.8775854152062036E-5
1982-03-09,4.231929437992221E-7
1982-03-10,2.143789970432408E-6
1982-03-11,1.290536435664311E-4
1982-03-12,2.979801224835346E-4
1982-03-13,2.7363741677134577E-6
1982-03-14,4.570673912910334E-7
1982-03-15,4.351138045421976E-7
1982-03-16,1.2874602361989673E-6
1982-03-17,0.006046366658578956
1982-03-18,0.00900157154658503
1982-03-19,0.014918929274916422
1982-03-20,4.013242261440857E-4
1982-03-21,1.7334357052030398E-6
1982-03-22,1.2835009783884743E-6
1982-03-23,1.3116561164463755E-6
1982-03-24,1.3642223239634078E-5
1982-03-25,1.9162979429167823E-7
1982-03-26,9.35835417423911E-5
1982-03-27,1.3183828391568524E-4
1982-03-28,1.0996939657140395E-6
1982-03-29,8.874287445296286E-7
1982-03-30,4.180121439706614E-5
1982-03-31,0.03505340725644869
1982-04-01,0.008008419768728627
1982-04-02,0.02712487229309991
1982-04-03,0.012696818696351074
1982-04-04,0.004358273678599763
1982-04-05,0.01249635380902234
1982-04-06,0.007131195478684998
1982-04-07,0.014909613278371415
1982-04-08,0.034366810124028285
1982-04-09,0.0013327340012106877
1982-04-10,9.653498046494695E-4
1982-04-11,0.005413763073482956
1982-04-12,0.020226685136465514
1982-04-13,0.017793895572385574
1982-04-14,0.023883243488172425
1982-04-15,0.06215764015524909
1982-04-16,0.025352998930080257
1982-04-17,0.03952118759591106
1982-04-18,0.0017127983146315144
1982-04-19,0.024399717632269592
1982-04-20,0.019074422413427026
1982-04-21,0.007753932319710714
1982-04-22,0.014408813719782454
1982-04-23,0.018794402988763337
1982-04-24,0.02614913469961889
1982-04-25,0.030195613878998412
1982-04-26,0.02884200181002395
1982-04-27,0.024211905781605272
1982-04-28,0.021895200460253773
1982-04-29,0.028720938550463572
1982-04-30,0.02316375869629734
1982-05-01,0.019886545367572905
1982-05-02,0.025371814991532213
1982-05-03,0.007075658292008964
1982-05-04,0.013410903716702534
1982-05-05,0.0015644254848837644
1982-05-06,7.077676273150253E-4
1982-05-07,0.004733070998937076
1982-05-08,0.009148307928008088
1982-05-09,0.010906135991129311
1982-05-10,0.027246531344651354
1982-05-11,0.04609431913123073
1982-05-12,0.03732315244293729
1982-05-13,0.0140926835008908
1982-05-14,0.005834000240586063
1982-05-15,0.004422909530423819
1982-05-16,0.007921525112461343
1982-05-17,0.004087935387657557
1982-05-18,1.586020125927925E-4
1982-05-19,6.581746657289749E-6
1982-05-20,4.144029724115584E-6
1982-05-21,1.1194663921843379E-4
1982-05-22,6.727340461673972E-5
1982-05-23,1.3928808019118998E-4
1982-05-24,1.4271062094111867E-4
1982-05-25,5.713197446749955E-4
1982-05-26,0.007546990428098362
1982-05-27,0.014238897125752782
1982-05-28,0.010227451535381514
1982-05-29,0.012600076301853114
1982-05-30,0.00923794955445355
1982-05-31,0.0025219306736788357
1982-06-01,0.0012586188650408137
1982-06-02,0.013516277174660933
1982-06-03,0.026272588078509032
1982-06-04,0.015398062684533689
1982-06-05,0.0025283981248083714
1982-06-06,0.005847585971015793
1982-06-07,0.008344515693153302
1982-06-08,0.01204028005496618
1982-06-09,0.027561804340554528
1982-06-10,0.052152085504056755
1982-06-11,0.04097181431291767
1982-06-12,0.018633405905911365
1982-06-13,0.02282528299942237
1982-06-14,0.03489793787180761
1982-06-15,0.017188263352034414
1982-06-16,0.017344660674555992
1982-06-17,0.032878540230624254
1982-06-18,0.051420517884996964
1982-06-19,0.03742020894423386
1982-06-20,0.02581253879848933
1982-06-21,0.022297089467670738
1982-06-22,0.010197641053640774
1982-06-23,0.019549474537401898
1982-06-24,0.03356659900688662
1982-06-25,0.025131228804755622
1982-06-26,0.012403587907035371
1982-06-27,0.019173964528128255
1982-06-28,0.030489170106070558
1982-06-29,0.017214242845997162
1982-06-30,0.011551900315383464
1982-07-01,0.012109831345001406
1982-07-02,0.038833209673604874
1982-07-03,0.016435929773154653
1982-07-04,0.00939810049671658
1982-07-05,0.02614645310267341
1982-07-06,0.031616122024231856
1982-07-07,0.010226422279987036
1982-07-08,0.010677154434736746
1982-07-09,0.011203189451307084
1982-07-10,0.014431616913097276
1982-07-11,0.01741233090462285
1982-07-12,0.017410885443212964
1982-07-13,0.018618709187028726
1982-07-14,0.007411674474892082
1982-07-15,0.007737240606118659
1982-07-16,0.008851946003089261
1982-07-17,0.010527518051369002
1982-07-18,0.015318541476575036
1982-07-19,0.021411210406590754
1982-07-20,0.012997963208230677
1982-07-21,0.02121334364648002
1982-07-22,0.022069191240156865
1982-07-23,0.017962572621988117
1982-07-24,0.015440821728588152
1982-07-25,0.015076479958377608
1982-07-26,0.017144642485187236
1982-07-27,0.016333032969939244
1982-07-28,0.01152599070630322
1982-07-29,0.021235031966082292
1982-07-30,0.07312106872865491
1982-07-31,0.02332015974576868
1982-08-01,0.017852669197183126
1982-08-02,0.07348517440431723
1982-08-03,0.03892820233505759
1982-08-04,0.014705405500150783
1982-08-05,0.014010404663192744
1982-08-06,0.009085077013056025
1982-08-07,0.009480618004595614
1982-08-08,0.009297307068971897
1982-08-09,0.010978793687041785
1982-08-10,0.005931820020160773
1982-08-11,0.030320569180294275
1982-08-12,0.01979250612856359
1982-08-13,0.010166621746402616
1982-08-14,0.007757287236819389
1982-08-15,0.00425827901262976
1982-08-16,0.004546833545828701
1982-08-17,0.019307467042964172
1982-08-18,0.004982304544199261
1982-08-19,0.0069529833485167175
1982-08-20,0.009784581466561795
1982-08-21,0.013569538632214183
1982-08-22,0.020893829387127912
1982-08-23,0.022997845982057685
1982-08-24,0.007183264801083248
1982-08-25,0.00458338256205645
1982-08-26,0.012331159511497358
1982-08-27,0.024535046985533028
1982-08-28,0.01984654525836502
1982-08-29,0.009543854623402487
1982-08-30,0.01665472813549001
1982-08-31,0.007118611052271611
1982-09-01,0.003129881938671791
1982-09-02,0.007433485679883339
1982-09-03,0.020900411921080005
1982-09-04,0.012201116199179877
1982-09-05,0.010610129209176512
1982-09-06,0.017335648927299274
1982-09-07,0.0012630001877146696
1982-09-08,1.5818705958507565E-4
1982-09-09,0.028347929506811306
1982-09-10,0.020173657218919873
1982-09-11,0.02266765247018254
1982-09-12,0.020502732433072414
1982-09-13,0.02312420192721678
1982-09-14,0.028555289999581304
1982-09-15,0.02508619113195943
1982-09-16,0.012619093902860076
1982-09-17,0.004215434740102394
1982-09-18,0.0034716854975311642
1982-09-19,0.006429076054841091
1982-09-20,0.009882213251026388
1982-09-21,0.005961492448701075
1982-09-22,0.004711363959840957
1982-09-23,0.0023489107570551725
1982-09-24,7.660747684589838E-4
1982-09-25,0.0019121035209515237
1982-09-26,0.002388009691640825
1982-09-27,0.005429927542898368
1982-09-28,0.022322210753871884
1982-09-29,0.01528728309730885
1982-09-30,0.00258185296771327
1982-10-01,9.569777027203167E-4
1982-10-02,5.007681504667149E-4
1982-10-03,0.005595574502390961
1982-10-04,0.004439651658582194
1982-10-05,0.005668449339839079
1982-10-06,0.0011955875756458844
1982-10-07,8.756856348026899E-4
1982-10-08,9.730373279896777E-4
1982-10-09,5.571110743950302E-4
1982-10-10,4.224353253143581E-4
1982-10-11,2.1379494978115136E-4
1982-10-12,3.39897587115373E-4
1982-10-13,3.023407577626407E-5
1982-10-14,5.191968856183719E-6
1982-10-15,1.3758335968052549E-6
1982-10-16,5.959306402552252E-6
1982-10-17,2.3397305969060638E-4
1982-10-18,1.5181138242221983E-4
1982-10-19,3.1383794411897465E-4
1982-10-20,2.4842182627062774E-4
1982-10-21,0.0018953658748104337
1982-10-22,0.0019499907445338905
1982-10-23,0.015336629618202676
1982-10-24,0.002513969425504962
1982-10-25,6.93416818545733E-4
1982-10-26,5.591857875885391E-4
1982-10-27,8.107709227752336E-5
1982-10-28,2.5432728112177417E-6
1982-10-29,1.8825230350463202E-6
1982-10-30,5.528424189964889E-6
1982-10-31,1.544311884864155E-6
1982-11-01,4.889356011262546E-6
1982-11-02,2.7877251701071048E-5
1982-11-03,8.172779828735636E-5
1982-11-04,1.4804689157097174E-5
1982-11-05,1.4812677771658736E-4
1982-11-06,3.0432997567469598E-5
1982-11-07,9.959540596012477E-5
1982-11-08,1.942410696618269E-5
1982-11-09,0.0018548158960028979
1982-11-10,0.014790236599685815
1982-11-11,0.013658367092322253
1982-11-12,0.0018132532554909766
1982-11-13,7.794175701055294E-4
1982-11-14,5.81755663917248E-4
1982-11-15,3.155611195284819E-4
1982-11-16,9.494971679934074E-5
1982-11-17,2.4369842320325828E-5
1982-11-18,1.5025606400104684E-6
1982-11-19,1.7607599382592083E-6
1982-11-20,3.5063137563755813E-6
1982-11-21,1.932293865722039E-6
1982-11-22,1.6501688026968455E-6
1982-11-23,1.804814991124143E-4
1982-11-24,3.6449757361692553E-4
1982-11-25,2.124565629768021E-5
1982-11-26,6.129328925574506E-7
1982-11-27,3.230982945152429E-6
1982-11-28,6.366633964141375E-6
1982-11-29,5.842480878143792E-6
1982-11-30,1.2653565968610497E-6
1982-12-01,4.184823477209197E-6
1982-12-02,1.9101614028672913E-6
1982-12-03,8.780301660007579E-5
1982-12-04,8.238061745731817E-5
1982-12-05,1.2802154024910316E-5
1982-12-06,4.667000007075172E-6
1982-12-07,3.2287520535893854E-6
1982-12-08,3.435415971285967E-6
1982-12-09,9.964625313447394E-5
1982-12-10,4.497225123368297E-4
1982-12-11,4.730228970437582E-5
1982-12-12,1.4387776668430196E-5
1982-12-13,1.0829103485786225E-6
1982-12-14,4.50243300733588E-5
1982-12-15,1.1792487267332376E-4
1982-12-16,2.299622460261183E-6
1982-12-17,2.2061230957671405E-5
1982-12-18,1.0883696161942676E-6
1982-12-19,2.573139297929613E-5
1982-12-20,4.060433089419198E-5
1982-12-21,1.284183864749339E-5
1982-12-22,3.1468217766499194E-5
1982-12-23,1.9165077983510903E-4
1982-12-24,8.360190397778929E-4
1982-12-25,1.692319891998854E-4
1982-12-26,1.4217028910803033E-6
1982-12-27,4.261732051702438E-7
1982-12-28,1.275539318612573E-6
1982-12-29,2.1661729751638303E-5
1982-12-30,0.0018077732389038788
1982-12-31,1.9291398013707042E-4
1983-01-01,1.4728939473962455E-5
1983-01-02,4.437951326267966E-5
1983-01-03,6.207800397151853E-5
1983-01-04,4.35311560115245E-7
1983-01-05,1.7180323084176052E-6
1983-01-06,6.085573937851571E-7
1983-01-07,0.0
1983-01-08,7.112671188336057E-5
1983-01-09,0.0019345633213189936
1983-01-10,0.0018400473293116069
1983-01-11,4.4864267110824605E-5
1983-01-12,1.356712857338182E-6
1983-01-13,9.501091719137171E-7
1983-01-14,1.1179384276809586E-5
1983-01-15,9.115824626718619E-7
1983-01-16,1.0645974750463674E-4
1983-01-17,2.535916560259599E-5
1983-01-18,3.935293836410225E-5
1983-01-19,1.4604234051913446E-5
1983-01-20,1.4559283508041687E-4
1983-01-21,5.027590469906847E-7
1983-01-22,2.149098577319819E-6
1983-01-23,1.2755690477206372E-6
1983-01-24,2.139846230875264E-6
1983-01-25,9.038035704300408E-7
1983-01-26,8.886060803575739E-6
1983-01-27,2.449102221204694E-6
1983-01-28,2.9962551436014214E-6
1983-01-29,0.0059029196178119235
1983-01-30,0.005260785688037819
1983-01-31,0.0024611560977790504
1983-02-01,9.819236449423555E-6
1983-02-02,1.8163137353224567E-7
1983-02-03,4.2782171405519875E-7
1983-02-04,0.0
1983-02-05,1.7046928064701206E-6
1983-02-06,2.301449801888407E-6
1983-02-07,8.43621648982662E-7
1983-02-08,1.3315442764280438E-4
1983-02-09,4.2628570484292136E-5
1983-02-10,8.52346317969932E-7
1983-02-11,2.045834905765191E-6
1983-02-12,8.533347253737943E-7
1983-02-13,8.702277796146518E-7
1983-02-14,1.2703954439530207E-6
1983-02-15,2.0432429291122753E-4
1983-02-16,3.398944125321073E-4
1983-02-17,1.2614121570922148E-4
1983-02-18,7.579714730148206E-4
1983-02-19,0.0014936267812362335
1983-02-20,2.0831921152882597E-4
1983-02-21,5.827204257796023E-4
1983-02-22,0.005978510688977783
1983-02-23,0.004089225854487779
1983-02-24,5.804393699289738E-4
1983-02-25,0.01905015464896837
1983-02-26,0.02080589790263273
1983-02-27,0.015679382229837016
1983-02-28,5.15950032444422E-4
1983-03-01,1.7106635613324108E-4
1983-03-02,0.0052634764834078454
1983-03-03,0.025456079895961905
1983-03-04,0.0046521037791161166
1983-03-05,0.003086485779654168
1983-03-06,0.004925330081833872
1983-03-07,5.632883720673067E-4
1983-03-08,0.0015721446340167694
1983-03-09,0.0011224617387001223
1983-03-10,0.0026437032441366005
1983-03-11,0.0034549841030656952
1983-03-12,0.0028678935438897143
1983-03-13,0.0036304296467950113
1983-03-14,2.3760402944747566E-4
1983-03-15,0.016436522847665218
1983-03-16,0.0024265501963376063
1983-03-17,6.983848985914925E-4
1983-03-18,0.04503400767057201
1983-03-19,0.03315135001405755
1983-03-20,0.05670495897387443
1983-03-21,0.08196101943463295
1983-03-22,0.004461370526586077
1983-03-23,7.079518752960082E-5
1983-03-24,2.273944059923168E-6
1983-03-25,1.7046928064701206E-6
1983-03-26,0.002443132228979527
1983-03-27,0.01078543007157883
1983-03-28,0.014498132739720443
1983-03-29,0.0219848470613814
1983-03-30,0.003059346732678318
1983-03-31,4.081057674814639E-5
1983-04-01,8.584464694649796E-7
1983-04-02,6.799127795792332E-4
1983-04-03,0.02035352295830692
1983-04-04,0.008580455631822182
1983-04-05,3.936104395109006E-4
1983-04-06,0.00864087879952017
1983-04-07,0.019819471125365386
1983-04-08,0.012655257979306033
1983-04-09,0.02248823302722907
1983-04-10,0.04473240968048996
1983-04-11,0.038743808415452614
1983-04-12,0.01966567765329719
1983-04-13,0.07556671268931735
1983-04-14,0.00796607733763367
1983-04-15,0.0026321188605202355
1983-04-16,6.808974213323393E-5
1983-04-17,2.442353620358911E-6
1983-04-18,1.0796209298176612E-6
1983-04-19,3.833739743756422E-6
1983-04-20,3.381206610562803E-5
1983-04-21,6.487730951702274E-5
1983-04-22,0.008300487471581524
1983-04-23,0.06332254742578658
1983-04-24,0.0411152537813526
1983-04-25,0.051749198912910695
1983-04-26,0.04181153472368257
1983-04-27,0.0799585538236454
1983-04-28,0.11116081142175271
1983-04-29,0.12989016129049025
1983-04-30,0.06752690698808707
1983-05-01,0.11570167941035411
1983-05-02,0.09012225313979694
1983-05-03,0.07022222102980397
1983-05-04,0.025978573354706963
1983-05-05,0.018795871164401488
1983-05-06,0.04024452160150779
1983-05-07,0.05554359649129879
1983-05-08,0.039099363222971674
1983-05-09,0.046977055984511525
1983-05-10,0.014233364245749633
1983-05-11,0.007851731550160182
1983-05-12,0.013284271158206037
1983-05-13,0.018763181408455554
1983-05-14,0.00258345939993066
1983-05-15,0.007478962144797388
1983-05-16,0.011627599285070274
1983-05-17,0.017505064642842797
1983-05-18,0.009882040620711501
1983-05-19,0.029211709209714276
1983-05-20,0.029495057469843343
1983-05-21,0.017404807885515784
1983-05-22,0.016036137396299385
1983-05-23,0.008833143469083484
1983-05-24,0.00785981272686424
1983-05-25,5.910969206880285E-4
1983-05-26,1.988947898081474E-5
1983-05-27,2.426087899359666E-4
1983-05-28,7.885727065674234E-4
1983-05-29,0.0046184514716019615
1983-05-30,0.0032286247657396295
1983-05-31,0.0029227620789548446
1983-06-01,0.003062709008336714
1983-06-02,0.014243987969685262
1983-06-03,0.022594176872903205
1983-06-04,0.01137187968102651
1983-06-05,0.023966196602261836
1983-06-06,0.012130762228068187
1983-06-07,0.00915294055937781
1983-06-08,0.006813831166915133
1983-06-09,0.014737438748981545
1983-06-10,0.005749277779297195
1983-06-11,8.242494068902969E-4
1983-06-12,0.0015696933665042237
1983-06-13,0.01129850459545627
1983-06-14,0.00934115556912168
1983-06-15,0.024076147568306675
1983-06-16,0.038392065592872546
1983-06-17,0.0405401005875403
1983-06-18,0.05308607958117768
1983-06-19,0.03332519663202557
1983-06-20,0.03923940359811136
1983-06-21,0.02630784363018055
1983-06-22,0.01450476721866387
1983-06-23,0.026925205724057044
1983-06-24,0.02730114523515193
1983-06-25,0.01732136388906356
1983-06-26,0.013809966517698268
1983-06-27,0.016416191046903904
1983-06-28,0.01742306615358282
1983-06-29,0.012848467307880671
1983-06-30,0.02175626657776908
1983-07-01,0.024283043770162025
1983-07-02,0.02376642301975579
1983-07-03,0.03994110113469645
1983-07-04,0.03969755034130984
1983-07-05,0.030497408293489073
1983-07-06,0.012430253997775049
1983-07-07,0.005509309550393917
1983-07-08,0.004784886467740043
1983-07-09,0.009135222668508644
1983-07-10,0.008508514979644438
1983-07-11,0.005373142176454771
1983-07-12,0.008690571859004794
1983-07-13,0.007705441000030919
1983-07-14,0.010069295369085062
1983-07-15,0.010367823086275197
1983-07-16,0.009829329629475159
1983-07-17,0.008015662260756638
1983-07-18,0.010456644917371475
1983-07-19,0.015123553378561331
1983-07-20,0.010302102069416482
1983-07-21,0.019557943014244326
1983-07-22,0.022632048184294783
1983-07-23,0.024419982821628706
1983-07-24,0.026206255382023792
1983-07-25,0.02385964911366474
1983-07-26,0.020584433960465543
1983-07-27,0.02380318426794813
1983-07-28,0.019417697841617565
1983-07-29,0.017756688859088224
1983-07-30,0.01732871958541078
1983-07-31,0.010629224178668796
1983-08-01,0.01359880745669321
1983-08-02,0.05023400950709517
1983-08-03,0.07723228597432652
1983-08-04,0.06701093079419666
1983-08-05,0.009621082971443923
1983-08-06,0.006036555878976528
1983-08-07,0.009509263813743864
1983-08-08,0.01554493612253934
1983-08-09,0.0121442282400685
1983-08-10,0.014103314378891122
1983-08-11,0.010806957704043132
1983-08-12,0.012573528685897084
1983-08-13,0.01308271968520187
1983-08-14,0.012223149856720591
1983-08-15,0.017381021051388112
1983-08-16,0.012892622626854927
1983-08-17,0.014244154761464612
1983-08-18,0.01680095603440194
1983-08-19,0.010356228057343507
1983-08-20,0.020392588473789636
1983-08-21,0.03219488833031593
1983-08-22,0.06218148845295239
1983-08-23,0.05978978099212815
1983-08-24,0.08355496132423613
1983-08-25,0.02855266697741038
1983-08-26,0.01016347735497168
1983-08-27,0.017035194965283995
1983-08-28,0.013640735479276305
1983-08-29,0.01357879506327169
1983-08-30,0.012447646750272365
1983-08-31,0.016941825841725832
1983-09-01,0.02757059535615122
1983-09-02,0.009734065726870753
1983-09-03,0.014685101852763442
1983-09-04,0.01208084654289623
1983-09-05,0.012714820488023845
1983-09-06,0.016757023947300262
1983-09-07,0.021202727945514227
1983-09-08,0.016707643011921097
1983-09-09,0.01639487627314017
1983-09-10,0.02290282137648411
1983-09-11,0.014176055127882203
1983-09-12,0.016133462407400406
1983-09-13,0.014600486758714134
1983-09-14,0.027566312132218156
1983-09-15,0.025860224493344578
1983-09-16,0.015571238224520332
1983-09-17,0.0221078828632725
1983-09-18,0.01684186114176233
1983-09-19,0.009286034536791617
1983-09-20,0.014195189710255688
1983-09-21,0.013534265455689538
1983-09-22,0.0043888207322767435
1983-09-23,0.017564279456731464
1983-09-24,0.004857875018283083
1983-09-25,0.007375132359262839
1983-09-26,0.005098830519109461
1983-09-27,0.003683747426071956
1983-09-28,4.446598448111017E-4
1983-09-29,0.014802318735613836
1983-09-30,0.00734594099987316
1983-10-01,0.005885614908573261
1983-10-02,0.009224071638941851
1983-10-03,0.00115850330357255
1983-10-04,0.007302246458366058
1983-10-05,0.019381897729428516
1983-10-06,0.039767923651173036
1983-10-07,0.003419373617005127
1983-10-08,0.01426278675618567
1983-10-09,0.016405596313283602
1983-10-10,0.019376971599746995
1983-10-11,0.00950667460228322
1983-10-12,0.0015536242426303084
1983-10-13,0.007231166720161212
1983-10-14,0.010811330441261657
1983-10-15,0.034293955870704836
1983-10-16,0.012127312717566265
1983-10-17,4.0881921874738397E-4
1983-10-18,1.1340440697163866E-5
1983-10-19,1.1132390726864243E-6
1983-10-20,0.009078180026466032
1983-10-21,3.1770736787120244E-4
1983-10-22,2.0062230735785647E-6
1983-10-23,1.754522676707569E-4
1983-10-24,0.009188005943990175
1983-10-25,8.747965477138123E-4
1983-10-26,2.7976730992726695E-5
1983-10-27,8.557326828203276E-7
1983-10-28,2.8482544628870973E-6
1983-10-29,1.9625610469743122E-5
1983-10-30,6.584762837845469E-8
1983-10-31,3.988592955418405E-7
1983-11-01,3.299190619098205E-6
1983-11-02,7.101924294574481E-4
1983-11-03,2.7973668889815146E-4
1983-11-04,2.0883814909343084E-6
1983-11-05,1.783338569156634E-6
1983-11-06,1.7113933698429179E-6
1983-11-07,1.8066952760371964E-4
1983-11-08,0.0010802813133284621
1983-11-09,0.01316035797198138
1983-11-10,7.541864546160273E-4
1983-11-11,9.600143244949584E-5
1983-11-12,1.698935492025005E-4
1983-11-13,3.894100926872382E-6
1983-11-14,4.603936942499421E-5
1983-11-15,1.2458256984997746E-4
1983-11-16,1.8970838592335872E-4
1983-11-17,2.1818361452187148E-4
1983-11-18,8.21489921173305E-4
1983-11-19,0.0011295994893152517
1983-11-20,1.235402534807349E-4
1983-11-21,5.402922242037306E-6
1983-11-22,2.3894365916368327E-5
1983-11-23,3.4161128322478376E-4
1983-11-24,7.55365313477599E-6
1983-11-25,2.545119262156658E-6
1983-11-26,2.4772698102332333E-5
1983-11-27,1.6834260865645696E-5
1983-11-28,9.260151669822619E-6
1983-11-29,1.0488007839708482E-5
1983-11-30,6.414144962613496E-5
1983-12-01,1.937334955062797E-4
1983-12-02,1.7621833948044437E-6
1983-12-03,5.629945095447485E-6
1983-12-04,2.9180857036224265E-6
1983-12-05,5.210669054461353E-9
1983-12-06,8.62039638716699E-7
1983-12-07,9.105595153929674E-7
1983-12-08,2.338966474844132E-6
1983-12-09,2.4798826506401787E-6
1983-12-10,1.6728659363715487E-6
1983-12-11,2.624237354790093E-6
1983-12-12,4.175280795623024E-6
1983-12-13,1.8795328891444426E-6
1983-12-14,3.2578129044266143E-6
1983-12-15,4.747240697036226E-6
1983-12-16,1.950847435474143E-6
1983-12-17,2.32319783115792E-6
1983-12-18,1.2411125428289884E-6
1983-12-19,8.090690553532863E-6
1983-12-20,2.2783216491475116E-6
1983-12-21,1.5077571992929273E-6
1983-12-22,1.4617504987669803E-5
1983-12-23,1.8017681347841477E-4
1983-12-24,1.0385516449053294E-4
1983-12-25,8.326289732973091E-4
1983-12-26,0.01561628713643965
1983-12-27,0.017922970301380063
1983-12-28,4.5808513634329695E-4
1983-12-29,2.4392450490310006E-5
1983-12-30,1.7073291385390372E-5
1983-12-31,4.303082721435205E-6
1984-01-01,8.488917368242909E-7
1984-01-02,8.091685572015465E-4
1984-01-03,6.171263702252208E-4
1984-01-04,3.6104444375715816E-6
1984-01-05,1.7690485440237678E-5
1984-01-06,1.6893011177072407E-6
1984-01-07,1.296793271055159E-6
1984-01-08,1.2976109360351984E-6
1984-01-09,9.75420434704343E-7
1984-01-10,2.70300428337052E-6
1984-01-11,5.6075829140112655E-6
1984-01-12,3.295879213460547E-6
1984-01-13,1.5567392065349846E-5
1984-01-14,4.1793931852194256E-5
1984-01-15,3.1893750846356433E-6
1984-01-16,0.006682705504192498
1984-01-17,0.006088746983261821
1984-01-18,7.60382567768251E-6
1984-01-19,2.0720847435169195E-6
1984-01-20,1.1644518515302246E-4
1984-01-21,1.5449933481333526E-5
1984-01-22,9.03950183574467E-5
1984-01-23,0.0015788115844670002
1984-01-24,4.510109518501702E-6
1984-01-25,4.3932747393874697E-7
1984-01-26,2.139806667855737E-6
1984-01-27,2.1409991644775206E-6
1984-01-28,5.175661286584255E-4
1984-01-29,1.1564377408618293E-4
1984-01-30,4.338506051954553E-7
1984-01-31,1.2904404798064206E-6
1984-02-01,5.416162051221356E-6
1984-02-02,2.52829276739296E-6
1984-02-03,1.7018486733711199E-6
1984-02-04,1.427627225352466E-5
1984-02-05,3.378483174350224E-5
1984-02-06,1.298477930430704E-6
1984-02-07,4.4918030914897133E-5
1984-02-08,1.0923384445807069E-4
1984-02-09,2.506550346479976E-6
1984-02-10,8.642672355563263E-7
1984-02-11,2.3621355178039203E-8
1984-02-12,1.7230625790008254E-6
1984-02-13,8.571402645429771E-7
1984-02-14,0.0
1984-02-15,8.592800508388745E-7
1984-02-16,1.2900705996798933E-6
1984-02-17,2.1457663024193607E-6
1984-02-18,8.612871056357108E-7
1984-02-19,4.1202625110116275E-6
1984-02-20,1.2054306166659855E-5
1984-02-21,1.0145961990211603E-4
1984-02-22,1.7211033585915384E-6
1984-02-23,1.7195939676639682E-6
1984-02-24,8.583068797918258E-7
1984-02-25,1.7106531799981894E-6
1984-02-26,3.0085757316555828E-6
1984-02-27,1.2755393754559918E-6
1984-02-28,4.351138045421976E-7
1984-02-29,3.0026130843907595E-6
1984-03-01,8.50964340770588E-7
1984-03-02,1.7106531231547706E-6
1984-03-03,1.2844800494349329E-6
1984-03-04,8.553266184208042E-7
1984-03-05,0.0
1984-03-06,1.2904405366498395E-6
1984-03-07,4.410743663640915E-7
1984-03-08,1.2814997489840607E-6
1984-03-09,8.642672355563263E-7
1984-03-10,6.744219162852996E-6
1984-03-11,6.496189591102506E-7
1984-03-12,1.9169616249704164E-4
1984-03-13,8.348720786726637E-4
1984-03-14,6.287642666545428E-4
1984-03-15,1.9827979593941505E-5
1984-03-16,8.833943784838207E-7
1984-03-17,8.441035318702695E-7
1984-03-18,1.7194996396969767E-6
1984-03-19,1.7126260445365915E-6
1984-03-20,2.2710563315099357E-6
1984-03-21,2.5630435476091276E-6
1984-03-22,8.535651123681573E-7
1984-03-23,2.145082078186533E-6
1984-03-24,1.8564419116342062E-4
1984-03-25,0.002819780151297026
1984-03-26,0.009299779374028577
1984-03-27,0.02183454288350503
1984-03-28,0.0037896698376047415
1984-03-29,5.073137903387352E-4
1984-03-30,0.0018721306431622752
1984-03-31,0.012366128260229868
1984-04-01,0.008367839285738912
1984-04-02,0.0033725016980743236
1984-04-03,0.00611429282552249
1984-04-04,0.005470181368506714
1984-04-05,0.022676599428832874
1984-04-06,0.006321611038678311
1984-04-07,0.02660531418338505
1984-04-08,0.031595709806658476
1984-04-09,0.0023759043294225815
1984-04-10,0.01213924216602339
1984-04-11,8.637871514425661E-7
1984-04-12,1.0325009829775705E-6
1984-04-13,9.528250022460289E-7
1984-04-14,1.5935034424613001E-6
1984-04-15,3.286864327454251E-5
1984-04-16,7.175453219963729E-4
1984-04-17,0.005861655917614901
1984-04-18,0.011670815212396548
1984-04-19,0.0067246438110887844
1984-04-20,0.009288983346504978
1984-04-21,0.0012217719008762585
1984-04-22,1.1822456956830314E-4
1984-04-23,8.273277052168955E-4
1984-04-24,0.00792852690702333
1984-04-25,0.003876180199082541
1984-04-26,0.006765315108803322
1984-04-27,0.03335342377976153
1984-04-28,0.03174226190261278
1984-04-29,0.036712335435622044
1984-04-30,0.043351356649313735
1984-05-01,0.041194684562702706
1984-05-02,0.030241810314658755
1984-05-03,0.01015441903704508
1984-05-04,0.03883566440821142
1984-05-05,0.03439624070695596
1984-05-06,0.09810001862958716
1984-05-07,0.0729378995251178
1984-05-08,0.07691883948592335
1984-05-09,0.06773554226695805
1984-05-10,0.06841646816859147
1984-05-11,0.08450680772743528
1984-05-12,0.04974843218828526
1984-05-13,0.04064762037096189
1984-05-14,0.05710631831049593
1984-05-15,0.10327990870005478
1984-05-16,0.0633967297442387
1984-05-17,0.037331297002259026
1984-05-18,0.0223698775576901
1984-05-19,0.024569024832090194
1984-05-20,0.008335130037153051
1984-05-21,0.014691537356733253
1984-05-22,0.01945165733736205
1984-05-23,0.02570894216907059
1984-05-24,0.038424167216302416
1984-05-25,0.015205678123351066
1984-05-26,0.0070325805491700515
1984-05-27,0.006041401322295132
1984-05-28,0.006542366165968409
1984-05-29,0.014479111633518378
1984-05-30,0.0075827681246358625
1984-05-31,0.0028430730543679474
1984-06-01,0.001388445896118027
1984-06-02,6.95484157323845E-4
1984-06-03,0.0031877639957601026
1984-06-04,0.01806586185018556
1984-06-05,0.016453585511422893
1984-06-06,0.026646159891972988
1984-06-07,0.03205923529105485
1984-06-08,0.016836098715060022
1984-06-09,0.014711732088519437
1984-06-10,0.012196688382843211
1984-06-11,0.007677951469328364
1984-06-12,0.018049273476489047
1984-06-13,0.020033786444031098
1984-06-14,0.01739197338185603
1984-06-15,0.02684822648148025
1984-06-16,0.03998584377268509
1984-06-17,0.08335301908271953
1984-06-18,0.02964048285704818
1984-06-19,0.026355064397591058
1984-06-20,0.008349063175044311
1984-06-21,0.006923018581671263
1984-06-22,0.012061133802626979
1984-06-23,0.019505416436904427
1984-06-24,0.018129030149779783
1984-06-25,0.028794482802982968
1984-06-26,0.013744440080458036
1984-06-27,0.011793618650082915
1984-06-28,0.006342374112650841
1984-06-29,0.006324549211312932
1984-06-30,0.0032682959438410397
1984-07-01,0.012522621960136935
1984-07-02,0.014070703707587518
1984-07-03,0.01072184346477034
1984-07-04,0.008289468509373748
1984-07-05,0.019578152852763184
1984-07-06,0.022206900509004313
1984-07-07,0.021946562507769444
1984-07-08,0.022451452081595054
1984-07-09,0.02491870950106413
1984-07-10,0.03108666591988778
1984-07-11,0.027302369375272327
1984-07-12,0.02031980619173346
1984-07-13,0.01591031146263217
1984-07-14,0.034219934487217114
1984-07-15,0.015516859257669127
1984-07-16,0.016652761874592387
1984-07-17,0.018208369486076983
1984-07-18,0.009221231215605117
1984-07-19,0.01476865910481376
1984-07-20,0.02206285707522231
1984-07-21,0.018218781805786798
1984-07-22,0.025679893906866577
1984-07-23,0.026834540384273596
1984-07-24,0.023180174547484413
1984-07-25,0.020613837885876625
1984-07-26,0.013975821822192636
1984-07-27,0.011847593726087619
1984-07-28,0.006720526769235496
1984-07-29,0.013209637716344716
1984-07-30,0.02148673389558695
1984-07-31,0.021850792489172145
1984-08-01,0.022180760968101162
1984-08-02,0.01390251101605965
1984-08-03,0.016020166117200276
1984-08-04,0.0398224660017512
1984-08-05,0.06252292047410697
1984-08-06,0.015350061821180627
1984-08-07,0.023398307878847068
1984-08-08,0.02194633047963154
1984-08-09,0.016488957286225587
1984-08-10,0.0058098485880627
1984-08-11,0.009841636749826526
1984-08-12,0.0149317787794364
1984-08-13,0.007366598559425056
1984-08-14,0.0036940873180693373
1984-08-15,0.02879486250259009
1984-08-16,0.024839126956509573
1984-08-17,0.017153349098340286
1984-08-18,0.01611196880556601
1984-08-19,0.020263758781068543
1984-08-20,0.018600041325812396
1984-08-21,0.014313069088712237
1984-08-22,0.013598865420426896
1984-08-23,0.02037634414012377
1984-08-24,0.028115223393780305
1984-08-25,0.018431012574475634
1984-08-26,0.017805335615583937
1984-08-27,0.010193357302274325
1984-08-28,0.021641410273945418
1984-08-29,0.013984973002548166
1984-08-30,0.010245958027893258
1984-08-31,0.0170485263890159
1984-09-01,0.03511706632168501
1984-09-02,0.028240359995751023
1984-09-03,0.022424730161964404
1984-09-04,0.018899613409299923
1984-09-05,0.03490040507014569
1984-09-06,0.0226578046638852
1984-09-07,0.012202118190624478
1984-09-08,0.01009651385955845
1984-09-09,0.014521430611100008
1984-09-10,0.011940663086848014
1984-09-11,0.02334521472152106
1984-09-12,0.020176908291276954
1984-09-13,0.011474241266235814
1984-09-14,0.05861298440632276
1984-09-15,0.06600870162733591
1984-09-16,0.052083281647580214
1984-09-17,0.023215885568440658
1984-09-18,0.013471880181660213
1984-09-19,0.018492900130543947
1984-09-20,0.006329427015697899
1984-09-21,0.0010788293879397445
1984-09-22,0.001178216962956633
1984-09-23,0.001548223033726223
1984-09-24,4.7113069859268245E-4
1984-09-25,3.777894192293221E-4
1984-09-26,6.568759817542018E-5
1984-09-27,4.540632420895431E-5
1984-09-28,2.144315292460075E-5
1984-09-29,1.707973566368373E-6
1984-09-30,2.0617959748119715E-5
1984-10-01,1.8065940175221183E-4
1984-10-02,0.017276866360281806
1984-10-03,0.03176242387318518
1984-10-04,0.013456343318433527
1984-10-05,0.01069090699311764
1984-10-06,0.0031011121074021783
1984-10-07,0.003489495896105955
1984-10-08,0.003021361694474259
1984-10-09,7.314634142757668E-4
1984-10-10,8.868957960088919E-5
1984-10-11,1.2954707303492143E-5
1984-10-12,0.0132373617341826
1984-10-13,0.018063749387366778
1984-10-14,0.003337994414518793
1984-10-15,0.00702885771564685
1984-10-16,0.0049287003884344325
1984-10-17,0.0037279732939587114
1984-10-18,0.0013410652814650613
1984-10-19,0.0017487591108039011
1984-10-20,0.013902026606137178
1984-10-21,0.03904107470643349
1984-10-22,0.0025846523011990243
1984-10-23,6.474214270118432E-4
1984-10-24,1.8264097705846094E-4
1984-10-25,2.014881098383965E-4
1984-10-26,1.4985072148281358E-4
1984-10-27,9.314584551174519E-5
1984-10-28,3.06482935216042E-4
1984-10-29,6.023861769306868E-4
1984-10-30,1.3840187318943966E-4
1984-10-31,5.7738939322375356E-5
1984-11-01,3.2429108747563435E-5
1984-11-02,4.746070194454072E-6
1984-11-03,2.250962896602893E-5
1984-11-04,2.199035842811937E-5
1984-11-05,1.742312587754575E-5
1984-11-06,1.8082850236273833E-5
1984-11-07,3.3461181917202135E-6
1984-11-08,1.2120126415199742E-5
1984-11-09,3.574167488287759E-6
1984-11-10,3.3230248944669206E-5
1984-11-11,3.0018640730961133E-5
1984-11-12,3.848252783711486E-6
1984-11-13,1.7505971769723586E-6
1984-11-14,2.2718774796969675E-6
1984-11-15,2.4423829480801527E-6
1984-11-16,1.1607211115132242E-6
1984-11-17,6.415845636562649E-7
1984-11-18,2.3573501631621003E-6
1984-11-19,5.215531829332836E-6
1984-11-20,9.542475533761466E-6
1984-11-21,1.8260683972022437E-7
1984-11-22,5.159966296418399E-7
1984-11-23,5.141856697942482E-7
1984-11-24,9.675046940423789E-6
1984-11-25,5.074834729700706E-4
1984-11-26,1.3063201747208058E-4
1984-11-27,6.971844589028053E-5
1984-11-28,1.721116157968306E-6
1984-11-29,1.402578605503902E-6
1984-11-30,1.2782930763533567E-6
1984-12-01,4.3526712284812276E-7
1984-12-02,8.564678923272696E-7
1984-12-03,1.0663873546415003E-6
1984-12-04,4.705610028245484E-6
1984-12-05,4.007254638317151E-6
1984-12-06,4.782881585864311E-6
1984-12-07,1.5858670664883745E-6
1984-12-08,1.0610256306362229E-5
1984-12-09,1.869987472120078E-4
1984-12-10,2.4884509514369173E-4
1984-12-11,1.1411265572371515E-4
1984-12-12,6.625124699469995E-4
1984-12-13,0.0020176765623358024
1984-12-14,0.02564249953099524
1984-12-15,2.8308977195293234E-4
1984-12-16,3.15598272158585E-4
1984-12-17,1.4925592343019827E-4
1984-12-18,2.116468342053408E-6
1984-12-19,1.1437165669287504E-5
1984-12-20,2.3882955346632535E-5
1984-12-21,3.034728719038253E-6
1984-12-22,3.0191478665169063E-6
1984-12-23,1.6771989011915285E-6
1984-12-24,1.1482300444864146E-6
1984-12-25,1.728075687879027E-6
1984-12-26,1.7803665196364395E-6
1984-12-27,8.65907746245316E-7
1984-12-28,2.5702278207972995E-6
1984-12-29,4.4827045774508496E-7
1984-12-30,1.2539123593137057E-6
1984-12-31,8.607650556768931E-7
1985-01-01,9.968800179531122E-6
1985-01-02,3.1134607980228506E-4
1985-01-03,3.797260650640318E-4
1985-01-04,2.0201846087779725E-5
1985-01-05,1.840559028141008E-6
1985-01-06,5.28209798910666E-4
1985-01-07,3.571925672285864E-4
1985-01-08,1.1183293913141158E-5
1985-01-09,7.939888584102633E-5
1985-01-10,1.3350307200734826E-6
1985-01-11,0.0
1985-01-12,0.0
1985-01-13,9.694470668232949E-7
1985-01-14,2.9658829698956846E-6
1985-01-15,1.2946774745614675E-6
1985-01-16,3.4569899384686017E-5
1985-01-17,1.7096806489152153E-6
1985-01-18,8.585265618421545E-7
1985-01-19,1.6793034851984547E-6
1985-01-20,6.878844640916763E-7
1985-01-21,7.294678274606695E-8
1985-01-22,8.553266184208042E-7
1985-01-23,2.57521473653038E-6
1985-01-24,3.390011041887129E-6
1985-01-25,1.7003377081634217E-6
1985-01-26,1.3064110272232076E-6
1985-01-27,2.1531936909013893E-6
1985-01-28,1.7722163030641063E-6
1985-01-29,2.469949377296935E-4
1985-01-30,4.1891568055042646E-4
1985-01-31,3.73656922752122E-4
1985-02-01,7.431486885337561E-4
1985-02-02,2.5837962156638364E-4
1985-02-03,5.012766016021866E-6
1985-02-04,2.612441038937279E-6
1985-02-05,0.00618508512399583
1985-02-06,0.013892639548369208
1985-02-07,5.21430964065275E-4
1985-02-08,3.629814956897262E-6
1985-02-09,2.820314496713207E-6
1985-02-10,3.4274752351848292E-6
1985-02-11,2.2237706807283833E-6
1985-02-12,1.716613724056515E-6
1985-02-13,1.7503130621962084E-6
1985-02-14,9.146989966640009E-6
1985-02-15,0.0020066758417483276
1985-02-16,8.685327315847408E-4
1985-02-17,1.2486995591353325E-4
1985-02-18,3.164235420579624E-6
1985-02-19,8.835142930207978E-7
1985-02-20,0.0
1985-02-21,8.463858875984442E-7
1985-02-22,0.0
1985-02-23,1.2867021723650396E-6
1985-02-24,1.293420723413874E-6
1985-02-25,3.787608942206912E-6
1985-02-26,0.003085032660567348
1985-02-27,7.517056708745965E-4
1985-02-28,0.0015879246647371823
1985-03-01,0.0041519561626079705
1985-03-02,0.004130114209216116
1985-03-03,0.002151624584258922
1985-03-04,7.925761422867342E-4
1985-03-05,8.313669013505126E-4
1985-03-06,0.007124399915816705
1985-03-07,0.004239908114491589
1985-03-08,0.003741140223411473
1985-03-09,0.0013415796916271287
1985-03-10,4.911979058925879E-4
1985-03-11,3.2142372155554093E-6
1985-03-12,4.276632239452738E-7
1985-03-13,1.5699025732119491E-6
1985-03-14,1.0098800191512622E-4
1985-03-15,0.001801049647993407
1985-03-16,0.0035586331714794915
1985-03-17,0.006928349154453408
1985-03-18,0.0470391939912708
1985-03-19,0.0399427543081431
1985-03-20,0.009763779432116221
1985-03-21,8.388344603294586E-4
1985-03-22,8.647655596622843E-4
1985-03-23,0.02670092354497556
1985-03-24,0.06966274165786124
1985-03-25,0.03981462118225396
1985-03-26,0.0027057651095319132
1985-03-27,0.016579699162240672
1985-03-28,0.04574065833988703
1985-03-29,0.05963096258999835
1985-03-30,0.01517160081155496
1985-03-31,0.0029335521720358594
1985-04-01,0.003715942615718511
1985-04-02,0.010682493536143768
1985-04-03,0.01389877264655476
1985-04-04,6.862653368711574E-4
1985-04-05,8.144330520149646E-6
1985-04-06,1.5191682156799852E-4
1985-04-07,0.023804754120416577
1985-04-08,0.037409595167768275
1985-04-09,0.06722177440106185
1985-04-10,0.056448041688042586
1985-04-11,0.007687318895214905
1985-04-12,0.002561094762198745
1985-04-13,0.0016265431721613675
1985-04-14,0.0062215213826707465
1985-04-15,0.020302199838047773
1985-04-16,0.028622257392530513
1985-04-17,0.022044835735932296
1985-04-18,0.008372426990937735
1985-04-19,0.017808466921945057
1985-04-20,0.0039060658774048742
1985-04-21,0.007966401702141154
1985-04-22,0.004570598935237347
1985-04-23,0.007164121970873887
1985-04-24,0.00589489112002134
1985-04-25,0.010979401236906198
1985-04-26,0.008630207661382906
1985-04-27,0.01822760036268522
1985-04-28,0.005603897101638482
1985-04-29,0.019337706114953578
1985-04-30,0.00497324537367939
1985-05-01,0.0011763414761186406
1985-05-02,0.016165801482968947
1985-05-03,0.021113591780723143
1985-05-04,0.032416310332735836
1985-05-05,0.020281320388330765
1985-05-06,0.012172751846066449
1985-05-07,0.0012317590992120004
1985-05-08,1.1737614686434967E-4
1985-05-09,3.875875727117407E-4
1985-05-10,0.005471038092374617
1985-05-11,0.010934935176321542
1985-05-12,0.010445299480514732
1985-05-13,0.00847968148845406
1985-05-14,0.018118599164563015
1985-05-15,0.0034747477676258668
1985-05-16,0.002413938926651299
1985-05-17,9.855177550596875E-4
1985-05-18,0.004916661356697199
1985-05-19,0.006073491565151023
1985-05-20,0.0027791944500435393
1985-05-21,0.005085714732214208
1985-05-22,0.0024639409422250918
1985-05-23,0.00941594145584589
1985-05-24,0.01854411158689186
1985-05-25,0.11066159617384641
1985-05-26,0.019404181388326447
1985-05-27,0.02631537912122278
1985-05-28,0.017685083404097256
1985-05-29,0.013626352826777573
1985-05-30,0.010654788547324663
1985-05-31,0.011810894329418878
1985-06-01,0.0647123035400024
1985-06-02,0.03064883628036865
1985-06-03,0.023538863017663742
1985-06-04,0.01020172347600509
1985-06-05,0.005544630667873298
1985-06-06,0.004252418468326116
1985-06-07,0.013400658114017104
1985-06-08,0.02130712538354517
1985-06-09,0.03492285223451512
1985-06-10,0.011952509368856362
1985-06-11,8.804741686996011E-4
1985-06-12,0.009466629617542924
1985-06-13,0.024234942459250414
1985-06-14,0.023670883100557656
1985-06-15,0.0288269769604453
1985-06-16,0.06897574623444282
1985-06-17,0.06871910509174269
1985-06-18,0.029616457064929727
1985-06-19,0.010754090389403663
1985-06-20,0.00820072030531292
1985-06-21,0.003147201810525327
1985-06-22,0.00927658834984537
1985-06-23,0.025595305341796486
1985-06-24,0.021092217040563868
1985-06-25,0.018021426620261294
1985-06-26,0.028340275372354236
1985-06-27,0.020838471768460983
1985-06-28,0.01877664109500999
1985-06-29,0.016220836113862585
1985-06-30,0.01575399174812414
1985-07-01,0.01231637365692065
1985-07-02,0.005941931051304939
1985-07-03,0.005243391597610789
1985-07-04,0.010269338947828607
1985-07-05,0.02324707727632187
1985-07-06,0.024498322506075126
1985-07-07,0.029337414502190722
1985-07-08,0.04091230321992858
1985-07-09,0.01913690233536781
1985-07-10,0.021642840231595392
1985-07-11,0.016729866336032614
1985-07-12,0.014135387210105021
1985-07-13,0.01388369913668024
1985-07-14,0.01470388995515321
1985-07-15,0.014273375661543002
1985-07-16,0.015356146997551444
1985-07-17,0.01111028804243114
1985-07-18,0.0100684723798256
1985-07-19,0.013975895817460471
1985-07-20,0.014290464309743388
1985-07-21,0.014056300887019058
1985-07-22,0.022591616030287195
1985-07-23,0.013398238560323832
1985-07-24,0.015104320121202702
1985-07-25,0.01804797437779915
1985-07-26,0.019751926792031943
1985-07-27,0.025469257377647953
1985-07-28,0.012428658716165265
1985-07-29,0.005687281142124232
1985-07-30,0.01513523225441353
1985-07-31,0.03316331706752163
1985-08-01,0.020253778814993153
1985-08-02,0.016851618202441507
1985-08-03,0.026921476675217215
1985-08-04,0.015387045425740296
1985-08-05,0.016622702837678013
1985-08-06,0.020550986143865906
1985-08-07,0.011278902711192817
1985-08-08,0.007958360726037705
1985-08-09,0.01005062015579237
1985-08-10,0.012619932045816667
1985-08-11,0.009874594361695122
1985-08-12,0.00834535557527541
1985-08-13,0.012233050848768384
1985-08-14,0.009277919369718602
1985-08-15,0.004820617304148838
1985-08-16,0.006599607997805397
1985-08-17,0.010696013997050923
1985-08-18,0.014925641163147183
1985-08-19,0.012474364753668374
1985-08-20,0.012296407052231851
1985-08-21,0.019349057443959854
1985-08-22,0.020769792949378744
1985-08-23,0.021068708259676917
1985-08-24,0.023846549715557507
1985-08-25,0.014130323188148337
1985-08-26,0.007399212690447108
1985-08-27,0.0036067257054968388
1985-08-28,0.006759361774488348
1985-08-29,0.004414391500041267
1985-08-30,0.0029612621282336816
1985-08-31,0.008632348662831243
1985-09-01,0.00674054372878876
1985-09-02,0.017097935182302543
1985-09-03,0.016091771339199125
1985-09-04,0.014194384552220747
1985-09-05,0.009774632775956851
1985-09-06,0.01266441323504559
1985-09-07,0.016915393052993492
1985-09-08,0.010126806195560924
1985-09-09,0.008728370657774154
1985-09-10,0.028170108143880202
1985-09-11,0.008470598577247192
1985-09-12,0.020513232798739994
1985-09-13,0.013261786556944625
1985-09-14,0.01273077836805049
1985-09-15,0.009539169927983619
1985-09-16,0.0013325915911983216
1985-09-17,0.006066654308481762
1985-09-18,0.004141436277763695
1985-09-19,0.010429296986941007
1985-09-20,0.016769730457618225
1985-09-21,0.010755533928605123
1985-09-22,0.013576430674758829
1985-09-23,0.01694580567586071
1985-09-24,0.01520320135147601
1985-09-25,0.013305188953246288
1985-09-26,0.028747183648663403
1985-09-27,0.015975097901948853
1985-09-28,0.004021791087706838
1985-09-29,0.006754252361510531
1985-09-30,0.016330423414104258
1985-10-01,0.007733385298896391
1985-10-02,0.002717653958822109
1985-10-03,7.79865247479703E-4
1985-10-04,2.4291857428637377E-5
1985-10-05,1.9925525676584368E-4
1985-10-06,3.5320576129621177E-4
1985-10-07,3.070668444819593E-4
1985-10-08,3.750435911610838E-5
1985-10-09,9.396544700146776E-6
1985-10-10,1.0008090168170481E-5
1985-10-11,7.400666306052253E-4
1985-10-12,4.776395960952132E-4
1985-10-13,8.053621486646599E-5
1985-10-14,0.002088812407041561
1985-10-15,0.028848897158485626
1985-10-16,0.014423806031884746
1985-10-17,0.011502855010013023
1985-10-18,0.005509053955404541
1985-10-19,0.0011358548100779025
1985-10-20,4.1936370485262886E-4
1985-10-21,5.231258160368252E-4
1985-10-22,2.8634201057488735E-4
1985-10-23,0.001167478384298789
1985-10-24,4.5491638856788753E-4
1985-10-25,7.842771967224838E-5
1985-10-26,6.499651289689513E-5
1985-10-27,3.483456037292592E-5
1985-10-28,3.1089363218035488E-6
1985-10-29,1.2276148831121312E-5
1985-10-30,4.1081027498913025E-6
1985-10-31,5.437453346790904E-5
1985-11-01,1.8109591409969618E-4
1985-11-02,1.3463089204257865E-5
1985-11-03,6.471534873601167E-5
1985-11-04,3.029563191305745E-4
1985-11-05,1.583095091970759E-4
1985-11-06,3.8371976631235074E-5
1985-11-07,5.9238718509834804E-5
1985-11-08,1.3643645133175874E-5
1985-11-09,1.0211159956454423E-5
1985-11-10,1.8327101102115492E-5
1985-11-11,4.2650351164768894E-6
1985-11-12,1.5631383426528965E-6
1985-11-13,4.2569774615411625E-7
1985-11-14,8.52346317969932E-7
1985-11-15,2.152414708689321E-6
1985-11-16,0.0
1985-11-17,1.7097465598884804E-5
1985-11-18,7.07623882587772E-5
1985-11-19,6.95735681258724E-4
1985-11-20,3.712465096113341E-4
1985-11-21,1.6622656165369595E-5
1985-11-22,3.63437210740511E-6
1985-11-23,4.2896523843451005E-7
1985-11-24,1.7106532368416083E-6
1985-11-25,1.7049740328645856E-6
1985-11-26,1.7327875474294726E-6
1985-11-27,4.351138613856165E-7
1985-11-28,8.587679758420563E-7
1985-11-29,0.0
1985-11-30,4.270369409198338E-7
1985-12-01,0.0
1985-12-02,9.465638623161185E-7
1985-12-03,2.9829104057244785E-6
1985-12-04,2.151785780945783E-6
1985-12-05,1.138604549320176E-6
1985-12-06,8.859514170417981E-7
1985-12-07,4.351138045421976E-7
1985-12-08,2.0330825637530731E-7
1985-12-09,4.351138045421976E-7
1985-12-10,1.6459740600164703E-6
1985-12-11,2.994498478242324E-6
1985-12-12,1.3339291196213147E-6
1985-12-13,1.7344800847193233E-5
1985-12-14,8.760315750724113E-6
1985-12-15,0.0
1985-12-16,2.4569441612752566E-6
1985-12-17,1.6549289915603024E-6
1985-12-18,2.8185345397456187E-4
1985-12-19,6.938172113526851E-4
1985-12-20,4.037650535219603E-6
1985-12-21,2.146285697810234E-6
1985-12-22,4.4107436991680515E-7
1985-12-23,1.967213468776204E-6
1985-12-24,5.750534256842235E-5
1985-12-25,6.180622029861386E-5
1985-12-26,1.8327708822637465E-6
1985-12-27,1.2135352073523077E-6
1985-12-28,0.004003075352966795
1985-12-29,1.6986049835220721E-4
1985-12-30,3.0287518725239706E-5
1985-12-31,4.693000381014252E-5
1986-01-01,2.5205054734572577E-6
1986-01-02,4.184937360450459E-5
1986-01-03,2.902997531694282E-5
1986-01-04,9.948958378995776E-7
1986-01-05,9.610115968452738E-7
1986-01-06,8.768970690789767E-7
1986-01-07,4.7007001835008684E-6
1986-01-08,0.0
1986-01-09,8.642728630547936E-7
1986-01-10,2.139524553967931E-6
1986-01-11,2.6676045663565143E-7
1986-01-12,4.275603520023664E-6
1986-01-13,1.3847398627070377E-6
1986-01-14,6.167882450143099E-7
1986-01-15,0.0010618060455856383
1986-01-16,0.0016255177942581067
1986-01-17,2.763789596135889E-5
1986-01-18,4.3540832752577153E-7
1986-01-19,8.583068620282575E-7
1986-01-20,8.591484750297695E-7
1986-01-21,1.2904404798064206E-6
1986-01-22,4.933404045862116E-7
1986-01-23,1.291045240711718E-6
1986-01-24,3.1660156188898767E-6
1986-01-25,2.5730905099670988E-6
1986-01-26,1.2959797989508372E-6
1986-01-27,4.2915701214951696E-7
1986-01-28,8.52346317969932E-7
1986-01-29,0.0
1986-01-30,2.9113783657206297E-5
1986-01-31,5.065983153642104E-4
1986-02-01,3.2728540402360355E-4
1986-02-02,3.895385932413922E-5
1986-02-03,8.48943208783215E-7
1986-02-04,8.70227722771233E-7
1986-02-05,3.0070541470195167E-6
1986-02-06,2.1348414520616643E-6
1986-02-07,4.36667659732585E-7
1986-02-08,1.2904404798064206E-6
1986-02-09,0.0
1986-02-10,3.010849468410015E-6
1986-02-11,4.105014805309493E-7
1986-02-12,2.2331719834405478E-4
1986-02-13,6.844647865626954E-5
1986-02-14,1.9188773758495092E-4
1986-02-15,0.006335399518705877
1986-02-16,3.043059624698901E-4
1986-02-17,3.878595751176607E-6
1986-02-18,2.141719050996471E-6
1986-02-19,4.4531725938203126E-7
1986-02-20,-4.435894806261007E-11
1986-02-21,8.612871056357108E-7
1986-02-22,-5.960544058325468E-9
1986-02-23,2.742897620438361E-6
1986-02-24,-3.4093867110368084E-9
1986-02-25,2.1433615415844542E-6
1986-02-26,1.7084870478356606E-6
1986-02-27,1.3045968216829351E-6
1986-02-28,1.7283886677432747E-6
1986-03-01,1.2168667219966823E-6
1986-03-02,7.0565279360895575E-6
1986-03-03,2.741301504517331E-5
1986-03-04,1.8371588232889343E-5
1986-03-05,3.66316158647482E-5
1986-03-06,0.002561325880857762
1986-03-07,0.001873151146193391
1986-03-08,2.1514559326144317E-4
1986-03-09,0.0012821849159257326
1986-03-10,2.0856085265022874E-4
1986-03-11,2.668502938959295E-5
1986-03-12,7.098608026047527E-5
1986-03-13,0.005125102937799314
1986-03-14,7.454991714813877E-4
1986-03-15,1.2936426292698046E-4
1986-03-16,0.004741678662509593
1986-03-17,2.4564732075436503E-6
1986-03-18,2.5813014872255735E-6
1986-03-19,4.263856326661813E-5
1986-03-20,2.4362023872638784E-4
1986-03-21,1.693144347611735E-6
1986-03-22,0.0
1986-03-23,3.673030461863365E-6
1986-03-24,4.093658528929438E-6
1986-03-25,1.9085728536451487E-5
1986-03-26,2.3214814980174143E-6
1986-03-27,2.5802810740722924E-6
1986-03-28,4.4107436991680515E-7
1986-03-29,1.3500567299182077E-6
1986-03-30,4.0660042585424804E-4
1986-03-31,0.00428385722947466
1986-04-01,0.0037154508652494215
1986-04-02,0.009250515493677494
1986-04-03,0.005176638993372458
1986-04-04,3.511926982971375E-4
1986-04-05,0.007329670434524563
1986-04-06,7.361716130058978E-4
1986-04-07,0.0056960890391051285
1986-04-08,0.028582739387288957
1986-04-09,0.04297799741505903
1986-04-10,0.034659528645632945
1986-04-11,0.03842432761071254
1986-04-12,0.029450634783833706
1986-04-13,0.05453861478306856
1986-04-14,0.04499652625116242
1986-04-15,0.021924178369030444
1986-04-16,0.013206454689775939
1986-04-17,0.07456436382875394
1986-04-18,0.11228191127648
1986-04-19,0.052196486702847815
1986-04-20,0.016510460191981505
1986-04-21,0.004916253881509246
1986-04-22,0.0013588714283308415
1986-04-23,0.006814883540281216
1986-04-24,0.019454499440246582
1986-04-25,0.050128156315364686
1986-04-26,0.040353985143590856
1986-04-27,0.02925723079840618
1986-04-28,0.01817667325614609
1986-04-29,0.014392962429854704
1986-04-30,0.011299272262303562
1986-05-01,0.017128621589581252
1986-05-02,0.00204172958060099
1986-05-03,0.011320213324217844
1986-05-04,0.0331555361878555
1986-05-05,0.037884305567841295
1986-05-06,0.01848622867266912
1986-05-07,0.008711192955855542
1986-05-08,2.553469761964851E-4
1986-05-09,1.9034925080802949E-4
1986-05-10,5.502900377863403E-4
1986-05-11,0.0036785285537026913
1986-05-12,0.007411878501020785
1986-05-13,0.015334168696677712
1986-05-14,0.05275290274378882
1986-05-15,0.03243759027912632
1986-05-16,0.018023353531452735
1986-05-17,0.022631312659766208
1986-05-18,0.005710865116052475
1986-05-19,0.0060003856982971185
1986-05-20,0.004000869631406554
1986-05-21,0.0021288323479846287
1986-05-22,0.0013016643754097642
1986-05-23,7.794406104571355E-4
1986-05-24,0.0
1986-05-25,5.186669468458352E-4
1986-05-26,0.001506431600062154
1986-05-27,0.00869055836186535
1986-05-28,7.154275322734799E-4
1986-05-29,0.0023475370004859275
1986-05-30,0.003940730926527305
1986-05-31,0.0017529659308115962
1986-06-01,0.002626997304630445
1986-06-02,0.009555495790491213
1986-06-03,0.005554756321460544
1986-06-04,0.0017777222971585497
1986-06-05,0.0010483863306827738
1986-06-06,0.0024989464615872885
1986-06-07,0.0015738198251565767
1986-06-08,0.014872208969362815
1986-06-09,0.011450779518553982
1986-06-10,0.016769931506731596
1986-06-11,0.014585415978047847
1986-06-12,0.013610055591227363
1986-06-13,0.012833972916906359
1986-06-14,0.02185707365322734
1986-06-15,0.014512851480061326
1986-06-16,0.02688213410738233
1986-06-17,0.033792464467766056
1986-06-18,0.020060640433964716
1986-06-19,0.013569525307038975
1986-06-20,0.017281452325508023
1986-06-21,0.031216757272106373
1986-06-22,0.016121892398481087
1986-06-23,0.007214784536965228
1986-06-24,0.018104803901928358
1986-06-25,0.015608204307244734
1986-06-26,0.025312040919771777
1986-06-27,0.0349430262684767
1986-06-28,0.020568066237634307
1986-06-29,0.03870979527324759
1986-06-30,0.018306096206941375
1986-07-01,0.0152187753380799
1986-07-02,0.009899158248303282
1986-07-03,0.02139906654286799
1986-07-04,0.018677137723258762
1986-07-05,0.007511608749525747
1986-07-06,0.03864602454824944
1986-07-07,0.01884198310613564
1986-07-08,0.022849689048391894
1986-07-09,0.014160879477892659
1986-07-10,0.01810546163361886
1986-07-11,0.016047247804401876
1986-07-12,0.01377277209700843
1986-07-13,0.010488289306958139
1986-07-14,0.014471002495443898
1986-07-15,0.010059994230031127
1986-07-16,0.007967120686648576
1986-07-17,0.00901216689120932
1986-07-18,0.01483826990067851
1986-07-19,0.008015884375434738
1986-07-20,0.008632295924976387
1986-07-21,0.018526100694611435
1986-07-22,0.02826354892052323
1986-07-23,0.026883511203118066
1986-07-24,0.02831126059777994
1986-07-25,0.03277388388323302
1986-07-26,0.03318241572147505
1986-07-27,0.02418629849808433
1986-07-28,0.012228790328659075
1986-07-29,0.0074998690811946935
1986-07-30,0.005449283601059391
1986-07-31,0.007118036954901128
1986-08-01,0.014789761621295042
1986-08-02,0.023693958785880254
1986-08-03,0.015565385092760339
1986-08-04,0.026661990018267172
1986-08-05,0.009220762736783713
1986-08-06,0.0179097544790891
1986-08-07,0.010003435059584237
1986-08-08,0.009787092024501697
1986-08-09,0.001991849306926564
1986-08-10,0.013151414850457553
1986-08-11,0.01536338074224017
1986-08-12,0.017261827190573512
1986-08-13,0.03427707316002762
1986-08-14,0.013790826220022685
1986-08-15,0.0072994359552174684
1986-08-16,0.010867926438764339
1986-08-17,0.01515846281640792
1986-08-18,0.017211086255945272
1986-08-19,0.013369458547303441
1986-08-20,0.015376531956737098
1986-08-21,0.019887829658005295
1986-08-22,0.025587292377277703
1986-08-23,0.026036120056450632
1986-08-24,0.019763563790330584
1986-08-25,0.019872647843065756
1986-08-26,0.018301401983191763
1986-08-27,0.009395795572215196
1986-08-28,0.009580291084239948
1986-08-29,0.011396158650259064
1986-08-30,0.018760927330374856
1986-08-31,0.017864944951210413
1986-09-01,0.01638972857783487
1986-09-02,0.023548130784861395
1986-09-03,0.029198352721541268
1986-09-04,0.017023542158976876
1986-09-05,0.01866966673609598
1986-09-06,0.015343890864450479
1986-09-07,0.012030938517065404
1986-09-08,0.025211570422954986
1986-09-09,0.055144752104419534
1986-09-10,0.024045933853679168
1986-09-11,0.014352507489110699
1986-09-12,0.016165718453519804
1986-09-13,0.01807807987422246
1986-09-14,0.019567367746736963
1986-09-15,0.006508667120590379
1986-09-16,0.012247597503265893
1986-09-17,0.015411152105754524
1986-09-18,0.004026474758033766
1986-09-19,0.004018236203290176
1986-09-20,0.010580878798105207
1986-09-21,0.00978390369790931
1986-09-22,0.006471356442509766
1986-09-23,0.005274215951386184
1986-09-24,0.005187052017715631
1986-09-25,0.018956049973157106
1986-09-26,0.02479785654813365
1986-09-27,0.021224151858790757
1986-09-28,0.0051528268613222706
1986-09-29,0.01658351532080807
1986-09-30,0.03396195589074857
1986-10-01,0.03202606505913542
1986-10-02,0.02028780659150115
1986-10-03,0.005313773400183472
1986-10-04,0.004973110985512007
1986-10-05,0.04645545263760081
1986-10-06,0.042277012994489604
1986-10-07,0.035698878812123615
1986-10-08,0.046584206806500536
1986-10-09,0.014154948315260577
1986-10-10,0.003995187007316356
1986-10-11,0.0023580004701094144
1986-10-12,0.0033541946733273535
1986-10-13,0.005754805518621503
1986-10-14,0.005003096795461305
1986-10-15,0.009285603615056325
1986-10-16,0.0050588207178956564
1986-10-17,0.0017871123357839037
1986-10-18,0.001048773591377411
1986-10-19,2.1441740138104093E-4
1986-10-20,4.959163025039671E-5
1986-10-21,5.4362761981235323E-5
1986-10-22,6.904902555703363E-6
1986-10-23,2.6794156881990297E-6
1986-10-24,5.524239443630154E-8
1986-10-25,2.0402015289130245E-7
1986-10-26,2.422917521765794E-6
1986-10-27,9.079154665545968E-7
1986-10-28,8.942763929422192E-8
1986-10-29,4.261732051702438E-7
1986-10-30,1.0587647012902372E-5
1986-10-31,2.819028426726871E-4
1986-11-01,1.5189640396247715E-4
1986-11-02,2.3513981200367042E-4
1986-11-03,5.553600996246802E-6
1986-11-04,2.158882254341188E-6
1986-11-05,0.00452388073269363
1986-11-06,6.973662409781107E-4
1986-11-07,3.215992078090978E-5
1986-11-08,0.01006650083488916
1986-11-09,0.1521636534710496
1986-11-10,0.0014976045691639224
1986-11-11,2.6510659841635453E-4
1986-11-12,8.340036898741183E-4
1986-11-13,2.3369732360811033E-4
1986-11-14,6.333417405042544E-5
1986-11-15,3.213324729417791E-6
1986-11-16,6.1391346974869E-5
1986-11-17,2.451560775496368E-4
1986-11-18,1.7692146916300187E-4
1986-11-19,1.3173562656947188E-5
1986-11-20,5.324255310142691E-5
1986-11-21,1.2077859576486642E-4
1986-11-22,1.3394512408386081E-4
1986-11-23,7.204154004831396E-4
1986-11-24,3.278631221199442E-5
1986-11-25,1.9503505415999137E-6
1986-11-26,5.608757685829897E-6
1986-11-27,3.114828854071507E-6
1986-11-28,4.833822686767318E-6
1986-11-29,2.662060829578157E-6
1986-11-30,2.4844762045524033E-6
1986-12-01,4.3543600209581884E-7
1986-12-02,2.6687363613567394E-6
1986-12-03,4.814082832005672E-7
1986-12-04,3.249786390398906E-6
1986-12-05,1.0838298003647285E-5
1986-12-06,2.458856831695402E-6
1986-12-07,8.583068797918258E-7
1986-12-08,1.2911233966406144E-6
1986-12-09,2.576261067588348E-6
1986-12-10,4.383358730367845E-5
1986-12-11,4.68939988898408E-4
1986-12-12,1.3372102569293427E-4
1986-12-13,2.727095092067341E-5
1986-12-14,0.0010533076902814074
1986-12-15,4.340574451092351E-4
1986-12-16,2.1663501195452534E-5
1986-12-17,1.2874602930423862E-6
1986-12-18,4.356340531757863E-7
1986-12-19,2.1524970297096614E-6
1986-12-20,8.954257819203049E-7
1986-12-21,2.6644647757201735E-4
1986-12-22,8.553266184208042E-7
1986-12-23,8.716008311355081E-7
1986-12-24,1.620911662293127E-6
1986-12-25,5.3797608322155215E-5
1986-12-26,3.95362078661965E-6
1986-12-27,8.695725173337364E-7
1986-12-28,2.8255457779920173E-4
1986-12-29,4.847917875100667E-5
1986-12-30,1.0369786932164382E-6
1986-12-31,2.0014862932342807E-4
1987-01-01,5.5379196570787825E-5
1987-01-02,1.912353429947424E-6
1987-01-03,2.2759266447519096E-6
1987-01-04,2.5815305227528684E-6
1987-01-05,3.588727790279572E-6
1987-01-06,4.867145608615324E-7
1987-01-07,9.246271220640431E-7
1987-01-08,7.731861335073021E-4
1987-01-09,1.6285321132055797E-4
1987-01-10,3.0457034279875E-6
1987-01-11,1.4505784583968048E-6
1987-01-12,0.0015591879358723517
1987-01-13,1.9224524952328396E-6
1987-01-14,1.1357155848878724E-6
1987-01-15,3.260549910392474E-5
1987-01-16,4.4075600433412236E-7
1987-01-17,1.923615089298559E-6
1987-01-18,2.671106357794966E-7
1987-01-19,7.539641839679662E-6
1987-01-20,1.4231393609964216E-6
1987-01-21,4.5738812815936326E-8
1987-01-22,2.5808803911786526E-6
1987-01-23,1.2993811537853617E-6
1987-01-24,2.143266556231538E-6
1987-01-25,4.4107436991680515E-7
1987-01-26,0.0
1987-01-27,5.684916866396955E-7
1987-01-28,2.307813463872568E-6
1987-01-29,5.020007404977877E-7
1987-01-30,5.180185356241549E-6
1987-01-31,7.848917880516365E-6
1987-02-01,4.916680179668362E-7
1987-02-02,8.681230300512682E-7
1987-02-03,0.0019194977435879174
1987-02-04,0.0033868718770725284
1987-02-05,9.639488224187425E-4
1987-02-06,3.2664979194294466E-5
1987-02-07,0.0
1987-02-08,2.5904790850343322E-6
1987-02-09,1.7061285206907716E-6
1987-02-10,2.5820445641639753E-6
1987-02-11,1.4676628359277184E-7
1987-02-12,2.0659211054013647E-9
1987-02-13,2.9985541630468357E-6
1987-02-14,2.1487475692083535E-6
1987-02-15,4.351138045421976E-7
1987-02-16,2.1442843376462406E-6
1987-02-17,1.5512865871442358E-6
1987-02-18,3.122157001356849E-6
1987-02-19,3.070104339143907E-5
1987-02-20,1.2839226428695838E-6
1987-02-21,1.2801285720343003E-6
1987-02-22,8.672276805533471E-7
1987-02-23,8.648615706951696E-7
1987-02-24,1.7106531231547706E-6
1987-02-25,2.6156991238051735E-6
1987-02-26,8.524023049917588E-7
1987-02-27,4.7250355685235284E-4
1987-02-28,0.0017966652880180177
1987-03-01,9.595468115701469E-6
1987-03-02,7.678700955603924E-6
1987-03-03,2.6854415170808115E-6
1987-03-04,1.517311286931014E-5
1987-03-05,4.7460858153817494E-5
1987-03-06,1.7252030059121956E-6
1987-03-07,0.0027992217095150784
1987-03-08,0.009930122635435518
1987-03-09,0.009072689343892115
1987-03-10,0.009689690704743001
1987-03-11,0.02350446164168237
1987-03-12,0.02231354099381282
1987-03-13,0.008422104618760405
1987-03-14,3.10682659728049E-5
1987-03-15,8.970998557392733E-4
1987-03-16,0.0027203734342203406
1987-03-17,0.025084734934931213
1987-03-18,0.010710952110374272
1987-03-19,0.001213976872088946
1987-03-20,0.008204049527969534
1987-03-21,0.0019493808067148172
1987-03-22,0.0013045183790544126
1987-03-23,0.00111276956910954
1987-03-24,2.758737863498707E-4
1987-03-25,8.531029494414424E-5
1987-03-26,1.4181779530016907E-6
1987-03-27,1.6528293833851878E-4
1987-03-28,0.0024249243749037874
1987-03-29,1.5682843545786028E-4
1987-03-30,0.012754188848799369
1987-03-31,0.004265440216110287
1987-04-01,0.005984436491006032
1987-04-02,0.007471720717179003
1987-04-03,0.010462982197482507
1987-04-04,0.0071465299803914395
1987-04-05,0.00553599793872584
1987-04-06,0.00287634208966129
1987-04-07,0.003524370662237329
1987-04-08,8.227865603628278E-4
1987-04-09,0.08432533804472306
1987-04-10,0.08016346082771275
1987-04-11,0.010698726129793003
1987-04-12,0.011458313589117086
1987-04-13,0.02394665589739132
1987-04-14,0.013564071428639017
1987-04-15,0.005211653315779794
1987-04-16,1.383797392472685E-4
1987-04-17,3.3819438638146843E-4
1987-04-18,3.4619517807581435E-5
1987-04-19,1.0606291939044677E-5
1987-04-20,4.71425845443858E-4
1987-04-21,1.9430334116731575E-6
1987-04-22,0.003293769926094974
1987-04-23,0.017721927444525897
1987-04-24,0.09818221894257895
1987-04-25,0.10695683189985242
1987-04-26,0.01805229885815388
1987-04-27,0.0028326480753491
1987-04-28,0.0033131690353272306
1987-04-29,0.005369227242040509
1987-04-30,0.038918927887217486
1987-05-01,0.035657500983332265
1987-05-02,0.0013092322762091797
1987-05-03,0.014630424864703189
1987-05-04,0.012991200258707722
1987-05-05,0.003164589766925572
1987-05-06,0.007403648018843527
1987-05-07,0.009951877156429055
1987-05-08,0.013105016310592337
1987-05-09,0.007212103458489616
1987-05-10,0.0019299196240874382
1987-05-11,5.297570107063885E-4
1987-05-12,3.152488883514146E-6
1987-05-13,1.979229893991533E-6
1987-05-14,6.006586655948501E-6
1987-05-15,1.4960308311004692E-6
1987-05-16,2.1037009883325357E-4
1987-05-17,0.0012190143725209035
1987-05-18,0.010786953736348968
1987-05-19,0.024075435814063944
1987-05-20,0.014587159216426152
1987-05-21,0.007462894177845459
1987-05-22,0.0023882529383977107
1987-05-23,0.006874139196324513
1987-05-24,0.010056679453694765
1987-05-25,0.00641776862344301
1987-05-26,0.00121653683651321
1987-05-27,9.573196835495801E-4
1987-05-28,5.172293203279463E-4
1987-05-29,0.0013558426407107205
1987-05-30,0.002971622358110949
1987-05-31,0.01861590017789109
1987-06-01,0.022263945473179073
1987-06-02,0.007569922938933778
1987-06-03,0.016346260448721263
1987-06-04,0.09535175141559157
1987-06-05,0.077437780911674
1987-06-06,0.02979669677253988
1987-06-07,0.009213487285907596
1987-06-08,0.00684615392431703
1987-06-09,0.013205535934905506
1987-06-10,0.018278674311030075
1987-06-11,0.014911815217827107
1987-06-12,0.021551622117550795
1987-06-13,0.021761234224210686
1987-06-14,0.01600846515225537
1987-06-15,0.009036595771422963
1987-06-16,0.0028316894199007544
1987-06-17,0.011348804657671024
1987-06-18,0.017975672659302888
1987-06-19,0.07250259994919765
1987-06-20,0.037668850129907845
1987-06-21,0.03454002679545758
1987-06-22,0.029347221207923845
1987-06-23,0.02043786945801251
1987-06-24,0.0394797556705213
1987-06-25,0.024475186377511896
1987-06-26,0.024888752709574104
1987-06-27,0.01107279351617377
1987-06-28,0.006224577484684344
1987-06-29,0.013737341446354035
1987-06-30,0.012759987317739292
1987-07-01,0.027312194638686397
1987-07-02,0.023221929027195266
1987-07-03,0.00679946095050553
1987-07-04,0.017555428495291885
1987-07-05,0.02012928562615649
1987-07-06,0.01646830901313097
1987-07-07,0.03223395605347441
1987-07-08,0.015590828464119433
1987-07-09,0.01853099805771271
1987-07-10,0.011611189716601866
1987-07-11,0.011923592628387715
1987-07-12,0.015430898778299045
1987-07-13,0.016904968413361587
1987-07-14,0.017106091966192165
1987-07-15,0.018251359856317265
1987-07-16,0.009183916850454549
1987-07-17,0.008447836413548862
1987-07-18,0.008599400477587369
1987-07-19,0.006247364935480102
1987-07-20,0.01724759815357669
1987-07-21,0.01568849753437704
1987-07-22,0.01601435076031658
1987-07-23,0.02389582190131246
1987-07-24,0.018802893792913136
1987-07-25,0.03720721864964444
1987-07-26,0.029697269327489537
1987-07-27,0.02033740771213019
1987-07-28,0.01889031038154014
1987-07-29,0.02915885548451222
1987-07-30,0.04922895434023718
1987-07-31,0.0893123280453349
1987-08-01,0.048133870176751505
1987-08-02,0.007559384694156471
1987-08-03,0.002614667189086793
1987-08-04,0.00892481038375776
1987-08-05,0.010955193967331611
1987-08-06,0.009692751683820538
1987-08-07,0.005106787598891068
1987-08-08,0.007084077506687753
1987-08-09,0.011173171074530988
1987-08-10,0.012017921301929257
1987-08-11,0.011908950896965984
1987-08-12,0.006454390706871289
1987-08-13,0.005437811256618651
1987-08-14,0.00902944588399356
1987-08-15,0.014213156096089434
1987-08-16,0.006821588700631805
1987-08-17,0.0032013878096056204
1987-08-18,0.01756394523416641
1987-08-19,0.018628897986827573
1987-08-20,0.0507471622719471
1987-08-21,0.013955115802543015
1987-08-22,0.002702854625405562
1987-08-23,0.010116272456723679
1987-08-24,0.014934089732475215
1987-08-25,0.03396066486731386
1987-08-26,0.06891563142058964
1987-08-27,0.023294454241935922
1987-08-28,0.016215813245645843
1987-08-29,0.011537281889359341
1987-08-30,0.011471930682112443
1987-08-31,0.01005587364724606
1987-09-01,0.010210682875073023
1987-09-02,0.010579917428293674
1987-09-03,0.016148158318689116
1987-09-04,0.006498627483862679
1987-09-05,0.011275912699356596
1987-09-06,0.008796250690628258
1987-09-07,0.01142937582395325
1987-09-08,0.010262087822435295
1987-09-09,0.010931940338871043
1987-09-10,0.020081555421297262
1987-09-11,0.036625774322303725
1987-09-12,0.012134803924855279
1987-09-13,0.010274812049860856
1987-09-14,0.004611340833446857
1987-09-15,0.0019011879776943633
1987-09-16,0.00420477131620171
1987-09-17,0.0038326436935821736
1987-09-18,0.003662737831427876
1987-09-19,0.004533607619518492
1987-09-20,0.003897115468824539
1987-09-21,0.005237266845016689
1987-09-22,0.012519640698167632
1987-09-23,0.02899607693089089
1987-09-24,0.03080734638577136
1987-09-25,0.03196896225715764
1987-09-26,0.04842899083566427
1987-09-27,0.027694581539349467
1987-09-28,0.01617333323527279
1987-09-29,0.011824645951338328
1987-09-30,0.002885180119904146
1987-10-01,0.0010504558461081482
1987-10-02,0.00154066380837877
1987-10-03,7.993808298269449E-4
1987-10-04,3.910174116416564E-4
1987-10-05,0.0013658223403509734
1987-10-06,5.797378093390597E-4
1987-10-07,7.91754644208411E-4
1987-10-08,0.011652170678408598
1987-10-09,0.02056482351404492
1987-10-10,0.004025803760246373
1987-10-11,6.579958573252571E-4
1987-10-12,2.50532912537206E-4
1987-10-13,6.162133778450807E-5
1987-10-14,1.779289776190168E-5
1987-10-15,5.6908228733861826E-5
1987-10-16,7.885699327231706E-4
1987-10-17,0.002121564655031773
1987-10-18,0.002431496433847903
1987-10-19,0.006697788776501997
1987-10-20,0.025279504003409357
1987-10-21,6.64924372396717E-4
1987-10-22,1.878893018722085E-5
1987-10-23,5.5987021826595245E-11
1987-10-24,1.2244166149569389E-5
1987-10-25,1.3669695209905595E-5
1987-10-26,2.9810293055083094E-6
1987-10-27,1.4872544844034426E-5
1987-10-28,1.289231998736396E-6
1987-10-29,1.8957704143806057E-6
1987-10-30,2.9513618799867503E-6
1987-10-31,4.920721278372735E-6
1987-11-01,9.023701779653621E-5
1987-11-02,7.349569165217486E-6
1987-11-03,2.2071134933188975E-6
1987-11-04,1.681921238691262E-5
1987-11-05,5.271393439673275E-10
1987-11-06,1.1609942582301323E-7
1987-11-07,2.1457671550706436E-6
1987-11-08,1.7996425115314073E-6
1987-11-09,8.52346317969932E-7
1987-11-10,8.942978240939986E-7
1987-11-11,4.351138045421976E-7
1987-11-12,1.8036284543186256E-5
1987-11-13,0.0011208938354023026
1987-11-14,0.0019824942563138256
1987-11-15,0.015586083821117884
1987-11-16,6.299778676963268E-4
1987-11-17,3.0775899121730176E-5
1987-11-18,8.958258932262008E-6
1987-11-19,6.3075815509327685E-6
1987-11-20,1.6511226330967377E-6
1987-11-21,8.610514385251704E-7
1987-11-22,2.136137766228785E-6
1987-11-23,4.516919923744511E-7
1987-11-24,2.155907396703528E-6
1987-11-25,4.4366259210572006E-7
1987-11-26,4.351138045421976E-7
1987-11-27,5.407932865826381E-7
1987-11-28,1.593046105665968E-8
1987-11-29,2.0834940322525835E-6
1987-11-30,2.363405561860587E-6
1987-12-01,2.1485729775716386E-6
1987-12-02,1.3365811867520994E-6
1987-12-03,2.744278720356465E-6
1987-12-04,3.9917961452048636E-5
1987-12-05,1.8145301605774406E-5
1987-12-06,1.6903915030892264E-6
1987-12-07,4.659609308910571E-7
1987-12-08,2.5775080678881573E-6
1987-12-09,9.07619787474456E-7
1987-12-10,2.1986598706229293E-5
1987-12-11,2.2414196491940414E-5
1987-12-12,7.337243735858763E-4
1987-12-13,0.012716408037680432
1987-12-14,3.6831311967676085E-4
1987-12-15,1.971215952346418E-6
1987-12-16,4.696896665447083E-7
1987-12-17,1.4052954967346104E-4
1987-12-18,2.4840289156216415E-4
1987-12-19,1.896041827051237E-6
1987-12-20,2.586326366226945E-6
1987-12-21,4.3534378200108535E-7
1987-12-22,1.041961777735123E-6
1987-12-23,3.4391405730627676E-6
1987-12-24,6.154373183912314E-6
1987-12-25,4.766325976264318E-6
1987-12-26,2.036022538680883E-6
1987-12-27,4.721311441394156E-6
1987-12-28,4.726950853203673E-6
1987-12-29,0.0
1987-12-30,2.423983950146361E-7
1987-12-31,1.7149831983444817E-6
1988-01-01,1.6877734103654922E-6
1988-01-02,1.7946952309465678E-6
1988-01-03,1.3012348310671167E-6
1988-01-04,1.7250660562240228E-6
1988-01-05,8.52346317969932E-7
1988-01-06,2.4672032446619463E-6
1988-01-07,1.3960716586621078E-6
1988-01-08,6.081822319876371E-6
1988-01-09,1.2175885239088468E-7
1988-01-10,8.626152559551457E-7
1988-01-11,1.5029405877644462E-6
1988-01-12,0.0
1988-01-13,2.4502427247218316E-6
1988-01-14,6.845151667477768E-4
1988-01-15,1.8028390990875096E-4
1988-01-16,1.2091929523330956E-6
1988-01-17,9.095835887477492E-6
1988-01-18,1.7206918414558459E-6
1988-01-19,3.0071802288505812E-6
1988-01-20,1.5849148892528196E-6
1988-01-21,3.154854352088201E-6
1988-01-22,3.050401944501522E-6
1988-01-23,3.873871206895674E-6
1988-01-24,9.083714967793036E-7
1988-01-25,4.454403953834138E-7
1988-01-26,1.289724423259031E-6
1988-01-27,8.609256383351749E-7
1988-01-28,1.7196749695358449E-6
1988-01-29,3.0036613907213905E-6
1988-01-30,2.150575312498404E-6
1988-01-31,8.583068797918258E-7
1988-02-01,1.707857620658615E-6
1988-02-02,-6.934897101018578E-11
1988-02-03,1.72407521858986E-6
1988-02-04,4.351138045421976E-7
1988-02-05,8.52346317969932E-7
1988-02-06,8.656446652821614E-7
1988-02-07,1.2882486544185667E-6
1988-02-08,2.5689600988698658E-6
1988-02-09,4.410743663640915E-7
1988-02-10,8.580288977100281E-7
1988-02-11,5.5987021826595245E-11
1988-02-12,8.702277796146518E-7
1988-02-13,1.2937914561916841E-6
1988-02-14,4.4798119315233083E-7
1988-02-15,1.0936419491485394E-5
1988-02-16,2.1191950599548458E-4
1988-02-17,0.0013703484039671947
1988-02-18,2.5333912800855656E-5
1988-02-19,0.0
1988-02-20,1.2904404798064206E-6
1988-02-21,8.590225549880543E-7
1988-02-22,8.237423722890244E-4
1988-02-23,0.005249890812390437
1988-02-24,0.03687863649426182
1988-02-25,0.003767593412024791
1988-02-26,1.0083603624767856E-4
1988-02-27,8.52346317969932E-7
1988-02-28,4.906783774064458E-5
1988-02-29,0.0024401296372713478
1988-03-01,0.013228129287589494
1988-03-02,0.002276414006501618
1988-03-03,9.029792386535375E-5
1988-03-04,1.7132338784299703E-6
1988-03-05,8.267571814877226E-9
1988-03-06,0.00197752258293546
1988-03-07,0.0017996749406777367
1988-03-08,3.993567309352609E-5
1988-03-09,0.004785882335270424
1988-03-10,8.078029562809229E-4
1988-03-11,4.3412116344693906E-5
1988-03-12,0.0017165720335101814
1988-03-13,0.03381841088943624
1988-03-14,0.030841312946420438
1988-03-15,5.759644738351984E-4
1988-03-16,1.2922566467666467E-6
1988-03-17,4.871801657844832E-5
1988-03-18,0.01614720758931279
1988-03-19,0.005977682953160285
1988-03-20,0.0045635940595033205
1988-03-21,7.776492841086149E-5
1988-03-22,2.2009370399235604E-6
1988-03-23,-1.6484823574785098E-8
1988-03-24,9.690471036585773E-6
1988-03-25,2.508336581246701E-6
1988-03-26,1.881172794931398E-5
1988-03-27,0.00187756522012361
1988-03-28,0.0038817682671764085
1988-03-29,3.008865495131285E-4
1988-03-30,1.032972509125691E-6
1988-03-31,8.642672355563263E-7
1988-04-01,2.203455764444667E-4
1988-04-02,2.69864913011562E-5
1988-04-03,4.446380733411047E-6
1988-04-04,1.2601491982417627E-5
1988-04-05,5.910575848084416E-7
1988-04-06,5.175034823811351E-5
1988-04-07,3.892897808509064E-6
1988-04-08,5.469305057126571E-5
1988-04-09,2.7945036302551204E-4
1988-04-10,0.0025591903761237908
1988-04-11,4.995931832735879E-4
1988-04-12,0.0010315487073115968
1988-04-13,0.025332750088373716
1988-04-14,0.07981597381561849
1988-04-15,0.08261759454348816
1988-04-16,0.024948916764681063
1988-04-17,0.0069521130440097405
1988-04-18,0.007285728541482745
1988-04-19,0.01963286133170818
1988-04-20,0.016228363837707607
1988-04-21,0.030111158155120183
1988-04-22,0.004404718260786792
1988-04-23,4.901888981304167E-4
1988-04-24,4.4242593043569657E-4
1988-04-25,0.001297432257633773
1988-04-26,0.009522899802607275
1988-04-27,0.005393953812604698
1988-04-28,0.024438763764186647
1988-04-29,0.003246905212335745
1988-04-30,8.220785747330488E-4
1988-05-01,5.000368104170601E-4
1988-05-02,0.002421444184604408
1988-05-03,0.00828493644863333
1988-05-04,0.008256389302325381
1988-05-05,0.0020259782705358787
1988-05-06,0.008698699715418515
1988-05-07,0.01955780650623617
1988-05-08,0.03483853598436802
1988-05-09,0.0481250070299711
1988-05-10,0.02554921819166297
1988-05-11,0.01472081239244257
1988-05-12,0.06312112723806106
1988-05-13,0.04127639611394551
1988-05-14,0.01709513278640256
1988-05-15,0.01309309089459294
1988-05-16,0.01953231088806888
1988-05-17,0.02013649753526905
1988-05-18,0.04006341025447397
1988-05-19,0.025274505288344937
1988-05-20,0.04762482904913401
1988-05-21,0.044653223300727136
1988-05-22,0.037538424370238556
1988-05-23,0.03064886359242814
1988-05-24,0.03390505019080089
1988-05-25,0.03256797529476415
1988-05-26,0.012810200084151568
1988-05-27,0.01868061192788801
1988-05-28,0.01986539204777467
1988-05-29,0.03859294761812068
1988-05-30,0.1375231381393754
1988-05-31,0.005156257085189196
1988-06-01,0.002465062485092638
1988-06-02,0.014753061629772817
1988-06-03,0.02658479998334131
1988-06-04,0.005968232491122658
1988-06-05,0.0013109288960372846
1988-06-06,0.02568832541433221
1988-06-07,0.011223102523756853
1988-06-08,0.020399686699313236
1988-06-09,0.00885334949961479
1988-06-10,0.010831488560389927
1988-06-11,0.012395444871545529
1988-06-12,0.01870868863655844
1988-06-13,0.03743307144824517
1988-06-14,0.014347287972882993
1988-06-15,0.017346120481884733
1988-06-16,0.022124746684453335
1988-06-17,0.023492464031095374
1988-06-18,0.01194067063997107
1988-06-19,0.013477695847390711
1988-06-20,0.011573226683585288
1988-06-21,0.014457844542308692
1988-06-22,0.029981834654933124
1988-06-23,0.058601481961463246
1988-06-24,0.12055987253114739
1988-06-25,0.1741853526096359
1988-06-26,0.08429327456840996
1988-06-27,0.006147906689446451
1988-06-28,0.01301898414894095
1988-06-29,0.005424810069575474
1988-06-30,0.009444710780155803
1988-07-01,0.00916403412749535
1988-07-02,0.027766851889589005
1988-07-03,0.03745873303624085
1988-07-04,0.06625584650332028
1988-07-05,0.04717723502737885
1988-07-06,0.0436423520024629
1988-07-07,0.04808569354338627
1988-07-08,0.029680305519758563
1988-07-09,0.029630630888794886
1988-07-10,0.03327829201097435
1988-07-11,0.022787675458934918
1988-07-12,0.013547518198885486
1988-07-13,0.010827879485008197
1988-07-14,0.017888542219302292
1988-07-15,0.020191336458550507
1988-07-16,0.018472589938015843
1988-07-17,0.031130370824989553
1988-07-18,0.01698730052369732
1988-07-19,0.012450452739724543
1988-07-20,0.008272063049105553
1988-07-21,0.014505996571455383
1988-07-22,0.030979729944226375
1988-07-23,0.022257996885315892
1988-07-24,0.02190821233313365
1988-07-25,0.017416388153358706
1988-07-26,0.013547158238682985
1988-07-27,0.008043652409808241
1988-07-28,0.008971298972593914
1988-07-29,0.010214313210090463
1988-07-30,0.005501335677963116
1988-07-31,0.0037262464361618075
1988-08-01,0.016826129331697276
1988-08-02,0.006448445175424477
1988-08-03,0.017349841415289922
1988-08-04,0.01881045821864626
1988-08-05,0.022476764814963846
1988-08-06,0.019052624062072396
1988-08-07,0.005302597272066991
1988-08-08,0.028901898657871884
1988-08-09,0.014142548817385144
1988-08-10,0.017118478518920833
1988-08-11,0.02118390308031734
1988-08-12,0.029580054392429812
1988-08-13,0.05158065322668671
1988-08-14,0.048721097814079864
1988-08-15,0.010769817452722052
1988-08-16,0.01467898176965235
1988-08-17,0.0114199593957771
1988-08-18,0.01456822041294452
1988-08-19,0.008881771179419727
1988-08-20,0.012790360711696182
1988-08-21,0.02444670454440341
1988-08-22,0.02202896400158427
1988-08-23,0.03853336853966236
1988-08-24,0.03665612896273924
1988-08-25,0.025135260019990606
1988-08-26,0.014861427272391403
1988-08-27,0.024895513361740243
1988-08-28,0.030911941306910783
1988-08-29,0.018904096031017746
1988-08-30,0.015291285655655467
1988-08-31,0.012749701009993276
1988-09-01,0.00877730110434094
1988-09-02,0.021953539020145418
1988-09-03,0.026932546138935694
1988-09-04,0.018030290935048175
1988-09-05,0.030920148897550032
1988-09-06,0.012417526487912415
1988-09-07,0.013604259032794674
1988-09-08,0.02427469282134214
1988-09-09,0.01492914597972957
1988-09-10,0.011726868840397442
1988-09-11,0.027484541768364682
1988-09-12,0.01209058036585889
1988-09-13,0.013330135796672082
1988-09-14,0.0038319571957939635
1988-09-15,0.016122064758840867
1988-09-16,0.0117179972424328
1988-09-17,1.02266850294983E-4
1988-09-18,1.0461292514769168E-4
1988-09-19,0.0067127756492534225
1988-09-20,0.0195885669582152
1988-09-21,0.011552550507556845
1988-09-22,0.010914072914952024
1988-09-23,0.004069753871442273
1988-09-24,0.0017601873336418401
1988-09-25,0.006388847818360606
1988-09-26,0.01376160253017695
1988-09-27,0.017571850077523665
1988-09-28,0.01331921404486551
1988-09-29,0.00274281389227622
1988-09-30,0.008488593158349825
1988-10-01,0.013399822204611056
1988-10-02,0.011980343973000284
1988-10-03,0.015436562185431511
1988-10-04,0.02906127087235418
1988-10-05,0.030596157858477014
1988-10-06,0.02666471034019774
1988-10-07,2.815037362787642E-4
1988-10-08,8.554858978862081E-7
1988-10-09,1.3551994451104106E-4
1988-10-10,6.44873368556793E-4
1988-10-11,0.004125284276084404
1988-10-12,0.009098763660067769
1988-10-13,0.01694829123508896
1988-10-14,0.001716583399150952
1988-10-15,3.4183040385921956E-4
1988-10-16,1.175389976181136E-4
1988-10-17,0.0014152729422638752
1988-10-18,0.013429172666469145
1988-10-19,0.10657354098717402
1988-10-20,0.03079433454770764
1988-10-21,0.0015550336797536275
1988-10-22,3.859861227471359E-4
1988-10-23,2.221264844800611E-5
1988-10-24,1.777998016163995E-5
1988-10-25,1.3199969519804274E-4
1988-10-26,4.332740882673116E-5
1988-10-27,1.5470819663932758E-4
1988-10-28,2.1056804815488535E-6
1988-10-29,2.78239520629277E-5
1988-10-30,1.4055824246374111E-5
1988-10-31,1.5254998584313366E-5
1988-11-01,1.3034673656796532E-5
1988-11-02,1.322826317877736E-5
1988-11-03,1.6542829698944664E-4
1988-11-04,5.470456639416523E-4
1988-11-05,4.540363160861023E-4
1988-11-06,2.5409464330878695E-4
1988-11-07,7.348461130450915E-6
1988-11-08,1.9956358595390553E-6
1988-11-09,1.1504247698480684E-6
1988-11-10,1.5711457054049988E-6
1988-11-11,2.5250352541924274E-6
1988-11-12,4.672717721134462E-6
1988-11-13,7.668395951993205E-7
1988-11-14,1.161704001399134E-6
1988-11-15,1.8467613649406928E-6
1988-11-16,1.1198084822968943E-6
1988-11-17,3.87812022434267E-6
1988-11-18,4.1773881177946845E-8
1988-11-19,3.542607230258127E-5
1988-11-20,6.775222305273048E-4
1988-11-21,3.914226582010562E-5
1988-11-22,4.9146276802075925E-6
1988-11-23,1.5685046683846187E-5
1988-11-24,5.8899046799351036E-5
1988-11-25,2.8760549770663734E-6
1988-11-26,3.982341322928159E-6
1988-11-27,2.9818018689816285E-4
1988-11-28,0.05465197980928278
1988-11-29,0.029198070002199955
1988-11-30,0.05678876290775112
1988-12-01,0.001403802810651999
1988-12-02,1.3107869200936192E-4
1988-12-03,1.0850059869488106E-4
1988-12-04,3.3941684608987345E-5
1988-12-05,1.049804509663294E-4
1988-12-06,2.6676539220989615E-4
1988-12-07,1.0637322731445293E-4
1988-12-08,6.19067836974454E-5
1988-12-09,2.1547762548407577E-4
1988-12-10,2.2306417036642642E-5
1988-12-11,2.0258943681981408E-6
1988-12-12,1.579678252184719E-5
1988-12-13,5.556528083822631E-5
1988-12-14,2.7465083185707263E-6
1988-12-15,1.598024872623551E-5
1988-12-16,4.289920484572282E-5
1988-12-17,7.193483431149622E-6
1988-12-18,1.209656530826279E-5
1988-12-19,1.2827673716030846E-6
1988-12-20,6.004246328607461E-7
1988-12-21,4.662133031586753E-7
1988-12-22,6.217316921105249E-6
1988-12-23,1.337179721535299E-6
1988-12-24,8.452179349266292E-7
1988-12-25,1.8416554121095926E-6
1988-12-26,1.7445546933031758E-6
1988-12-27,4.886625371799356E-6
1988-12-28,2.105940095615462E-6
1988-12-29,4.403046628043204E-7
1988-12-30,2.2672676626657477E-6
1988-12-31,8.791175891298151E-7
1989-01-01,5.220143781232008E-9
1989-01-02,1.238345836636286E-6
1989-01-03,1.8144610817032744E-5
1989-01-04,9.859820198773714E-5
1989-01-05,1.002491536857076E-4
1989-01-06,1.2235329542236134E-4
1989-01-07,2.355746672976049E-6
1989-01-08,1.2904405366498395E-6
1989-01-09,2.4973984044963335E-4
1989-01-10,1.4259777823728836E-4
1989-01-11,4.351138045421976E-7
1989-01-12,1.2785196190634451E-6
1989-01-13,4.351138045421976E-7
1989-01-14,8.523463748133508E-7
1989-01-15,0.0
1989-01-16,1.7160828633677738E-6
1989-01-17,4.351138045421976E-7
1989-01-18,5.022668941861632E-7
1989-01-19,2.865074456866556E-6
1989-01-20,2.6122842773790413E-6
1989-01-21,4.346441029876507E-6
1989-01-22,1.2818219465376823E-6
1989-01-23,7.651861590121463E-6
1989-01-24,6.59719919746481E-6
1989-01-25,5.067556285106906E-6
1989-01-26,2.244174340134218E-6
1989-01-27,8.70227722771233E-7
1989-01-28,1.7007710084726568E-6
1989-01-29,4.351138045421976E-7
1989-01-30,8.23184933965606E-7
1989-01-31,8.029958448274934E-6
1989-02-01,2.154069570447669E-5
1989-02-02,1.7954434962630964E-7
1989-02-03,4.592422369595535E-6
1989-02-04,7.957426238955792E-5
1989-02-05,1.7148788264721116E-4
1989-02-06,0.0038254517088549245
1989-02-07,8.620133474899856E-4
1989-02-08,3.189514137963868E-5
1989-02-09,8.702277796146518E-7
1989-02-10,1.7195939108205494E-6
1989-02-11,1.7425118528469966E-6
1989-02-12,3.891548475440303E-6
1989-02-13,0.0
1989-02-14,0.0014330176924184518
1989-02-15,2.5954959613154585E-4
1989-02-16,1.535261852914618E-4
1989-02-17,7.174519746634316E-5
1989-02-18,1.463412634451364E-5
1989-02-19,0.03104295267152534
1989-02-20,2.5662974266002607E-5
1989-02-21,1.9556847285515314E-6
1989-02-22,0.0011294992905021446
1989-02-23,5.1929523059398444E-5
1989-02-24,1.7225742112714215E-6
1989-02-25,3.0039618650334887E-6
1989-02-26,0.0
1989-02-27,1.7225742112714215E-6
1989-02-28,8.52346317969932E-7
1989-03-01,4.3539632366772263E-7
1989-03-02,1.7237561564797943E-6
1989-03-03,1.287157374463277E-6
1989-03-04,2.1375647634158668E-6
1989-03-05,1.7195939676639682E-6
1989-03-06,1.7225741544280027E-6
1989-03-07,2.140881463219557E-6
1989-03-08,1.7039458839462895E-6
1989-03-09,2.4713400116649885E-4
1989-03-10,1.9486067612047143E-8
1989-03-11,1.4699421416426738E-4
1989-03-12,6.984838240788579E-5
1989-03-13,2.5920518166632173E-6
1989-03-14,5.171818318269692E-7
1989-03-15,6.260907040254979E-7
1989-03-16,3.245497111640225E-5
1989-03-17,1.6823363785990528E-4
1989-03-18,2.1746488796137045E-6
1989-03-19,0.0012643316444117206
1989-03-20,0.0036384025134275416
1989-03-21,0.0017060778884241722
1989-03-22,0.0044713475826162205
1989-03-23,0.0024953832967266505
1989-03-24,6.635338482974972E-4
1989-03-25,4.4916074949641663E-4
1989-03-26,4.351138045421976E-7
1989-03-27,4.351138613856165E-7
1989-03-28,0.0
1989-03-29,1.7070124335475948E-4
1989-03-30,0.004502250597374979
1989-03-31,1.6690934325457534E-4
1989-04-01,0.007987572119616714
1989-04-02,0.020513172239467064
1989-04-03,0.005039831372694484
1989-04-04,0.002838940286403351
1989-04-05,0.001051636198692089
1989-04-06,2.102998204321858E-6
1989-04-07,3.0005135158717167E-6
1989-04-08,4.44538573662607E-7
1989-04-09,3.969677213954234E-6
1989-04-10,0.0016756526959211785
1989-04-11,0.017401578133898612
1989-04-12,0.006021354244866841
1989-04-13,0.003374022425426915
1989-04-14,2.831384723768846E-4
1989-04-15,7.529174807788323E-4
1989-04-16,0.005557695031166079
1989-04-17,0.005057692706455964
1989-04-18,0.001886332095514697
1989-04-19,0.0019566244684673453
1989-04-20,0.002427257569826757
1989-04-21,0.0013104650740076408
1989-04-22,0.0012396975398935419
1989-04-23,0.0032610881647278113
1989-04-24,0.020266668453725056
1989-04-25,0.044655939052591534
1989-04-26,0.10241706527829457
1989-04-27,0.13563496262746882
1989-04-28,0.05861886493364133
1989-04-29,0.12342522935386631
1989-04-30,0.019524236431487017
1989-05-01,0.005143429056741264
1989-05-02,0.0354124168460607
1989-05-03,0.04995389162196419
1989-05-04,0.024026633141013245
1989-05-05,0.004571919267232709
1989-05-06,0.0010546640371311609
1989-05-07,9.34147678773192E-4
1989-05-08,0.0020364155624593484
1989-05-09,0.0013859299490780947
1989-05-10,0.0016764148367794957
1989-05-11,3.1466452749927135E-4
1989-05-12,0.0018826408189185357
1989-05-13,0.006375444625321693
1989-05-14,0.020037045637737814
1989-05-15,0.0452883756853318
1989-05-16,0.026157955342457195
1989-05-17,0.0031568751316194583
1989-05-18,8.572771990002945E-4
1989-05-19,0.0012089533568050265
1989-05-20,0.036099666258847786
1989-05-21,0.03671093378366763
1989-05-22,0.012815604438947812
1989-05-23,0.005887976851248288
1989-05-24,0.016071797141585423
1989-05-25,0.009198356158439147
1989-05-26,0.013564584148797692
1989-05-27,0.019786956930149334
1989-05-28,0.03271200849227823
1989-05-29,0.008318366760868194
1989-05-30,0.01000308803567997
1989-05-31,0.007702494751993979
1989-06-01,0.009625135954227763
1989-06-02,0.015949692243683217
1989-06-03,0.03184573061466183
1989-06-04,0.034307431267262205
1989-06-05,0.02704442602576395
1989-06-06,0.017402138214649844
1989-06-07,0.027258567430638855
1989-06-08,0.008507826600614584
1989-06-09,0.0015737818065234006
1989-06-10,0.0037517059017295796
1989-06-11,0.010637633036494109
1989-06-12,0.03118364691066059
1989-06-13,0.041885166903365564
1989-06-14,0.026261894587457882
1989-06-15,0.04822157692226507
1989-06-16,0.03505369409693221
1989-06-17,0.021974030908719317
1989-06-18,0.015932772523015917
1989-06-19,0.012260772585823362
1989-06-20,0.006127224329449282
1989-06-21,0.012047754755910935
1989-06-22,0.019146165770199577
1989-06-23,0.01910021174892869
1989-06-24,0.01346974546499024
1989-06-25,0.009406604420204077
1989-06-26,0.00836815608762248
1989-06-27,0.006734448025901034
1989-06-28,0.005871210953462343
1989-06-29,0.02311996768832483
1989-06-30,0.028310840159866457
1989-07-01,0.03287125074834137
1989-07-02,0.03018085959067317
1989-07-03,0.023239872350516458
1989-07-04,0.023722277854759635
1989-07-05,0.020518069238814662
1989-07-06,0.020229421646368317
1989-07-07,0.02091134221604967
1989-07-08,0.01846585475028458
1989-07-09,0.013780525744739052
1989-07-10,0.02204674992546174
1989-07-11,0.020103422846726515
1989-07-12,0.035587606490256475
1989-07-13,0.04994874893374336
1989-07-14,0.01881180101048056
1989-07-15,0.010599478752051533
1989-07-16,0.020124772386565695
1989-07-17,0.024004390682893343
1989-07-18,0.023937918039830097
1989-07-19,0.006598487569589836
1989-07-20,0.025153628607102897
1989-07-21,0.04200401000903762
1989-07-22,0.007026517639412353
1989-07-23,0.00543747287687655
1989-07-24,0.006234888642519873
1989-07-25,0.006616544718974141
1989-07-26,0.00627651177768281
1989-07-27,0.011715371293697164
1989-07-28,0.03847087884127406
1989-07-29,0.15739405711556723
1989-07-30,0.029724069173103676
1989-07-31,0.012202749039230588
1989-08-01,0.005314882410571754
1989-08-02,0.013068751791395208
1989-08-03,0.009726860566188501
1989-08-04,0.012314221029801956
1989-08-05,0.01672753631116777
1989-08-06,0.030755315273467188
1989-08-07,0.012796140003366917
1989-08-08,0.008800395591927405
1989-08-09,0.01213133088594952
1989-08-10,0.01844891044402743
1989-08-11,0.026340183313678222
1989-08-12,0.010887212001347126
1989-08-13,0.009856968199035686
1989-08-14,0.009975761538095679
1989-08-15,0.012624213448219575
1989-08-16,0.010975633848334682
1989-08-17,0.010679423348665921
1989-08-18,0.009866231221371983
1989-08-19,0.009507483756272271
1989-08-20,0.01262722989468408
1989-08-21,0.011693210210375215
1989-08-22,0.028119945981985136
1989-08-23,0.025104497435981827
1989-08-24,0.0067670428873486625
1989-08-25,0.0045912442852955255
1989-08-26,0.006703714450685876
1989-08-27,0.007759104501452369
1989-08-28,0.010385715574612863
1989-08-29,0.01672596172919508
1989-08-30,0.019283221074611483
1989-08-31,0.02029264573155146
1989-09-01,0.008339565079755527
1989-09-02,0.007444789230365295
1989-09-03,0.023828742448948722
1989-09-04,0.03179498297367759
1989-09-05,0.02910197072930972
1989-09-06,0.010511658641817759
1989-09-07,0.005641100891148383
1989-09-08,0.005775724143823451
1989-09-09,0.01217134747331198
1989-09-10,0.01947981941131499
1989-09-11,0.02785839927367152
1989-09-12,0.021461453308502045
1989-09-13,0.013912599097097546
1989-09-14,0.008970157815023612
1989-09-15,0.003687959311523787
1989-09-16,0.01287359875928787
1989-09-17,0.0182079884913738
1989-09-18,0.013159724869307759
1989-09-19,0.007848745211480223
1989-09-20,0.00612675773432846
1989-09-21,0.010591353824183556
1989-09-22,0.011413123342237862
1989-09-23,0.010500675457295721
1989-09-24,0.012225233742926616
1989-09-25,0.011103849230493342
1989-09-26,0.007455706132504251
1989-09-27,0.023181359923782036
1989-09-28,0.02093034579327232
1989-09-29,0.006386386466164121
1989-09-30,0.010387432984415511
1989-10-01,0.003933246388078965
1989-10-02,0.001965399189400385
1989-10-03,0.001835196947603557
1989-10-04,0.005283995803621884
1989-10-05,0.01192741511399243
1989-10-06,0.015252609008637823
1989-10-07,0.027424542982655804
1989-10-08,0.05692515502087404
1989-10-09,0.041324143835184894
1989-10-10,0.048705763467039004
1989-10-11,0.018276618309038043
1989-10-12,0.0030294030171608747
1989-10-13,1.4847581820199362E-4
1989-10-14,2.486370715736633E-4
1989-10-15,0.006802787084163323
1989-10-16,0.013022437983124652
1989-10-17,0.045297849055901805
1989-10-18,0.0947402221301988
1989-10-19,0.004524936867174392
1989-10-20,0.0010393165500305636
1989-10-21,0.0020200380501550876
1989-10-22,0.003147931037389197
1989-10-23,0.002351188580434185
1989-10-24,0.003345197513166545
1989-10-25,0.0068110981971197734
1989-10-26,0.0027618876339738163
1989-10-27,9.040024772779147E-4
1989-10-28,1.8084116939507243E-5
1989-10-29,1.4827532930270162E-6
1989-10-30,6.65555661371334E-4
1989-10-31,0.00491704709397231
1989-11-01,0.002702560857955785
1989-11-02,0.0013340860762047272
1989-11-03,4.8113693581884284E-4
1989-11-04,6.97758125861213E-4
1989-11-05,4.727291666581895E-4
1989-11-06,3.9007585223538825E-4
1989-11-07,5.7625419599310855E-6
1989-11-08,3.819843030443229E-6
1989-11-09,2.1674745187743424E-6
1989-11-10,3.0897409523555655E-6
1989-11-11,1.571090579721969E-7
1989-11-12,6.536701855631923E-6
1989-11-13,1.013934997602892E-5
1989-11-14,3.7786901463201674E-6
1989-11-15,1.318541100960508E-5
1989-11-16,3.623113500666321E-4
1989-11-17,3.806560011795579E-4
1989-11-18,1.5670754489182048E-6
1989-11-19,1.5802736978349914E-6
1989-11-20,2.1522668744787316E-6
1989-11-21,3.3528939045586964E-5
1989-11-22,9.053445219606306E-6
1989-11-23,3.183868148423342E-5
1989-11-24,2.424010650227994E-6
1989-11-25,6.745592346434586E-6
1989-11-26,6.086598874176973E-6
1989-11-27,6.407148953566867E-5
1989-11-28,5.95650748710412E-6
1989-11-29,2.501485446977986E-6
1989-11-30,1.3910304600242706E-5
1989-12-01,0.0
1989-12-02,8.583068051848386E-7
1989-12-03,4.410743663640915E-7
1989-12-04,1.8138718398320197E-7
1989-12-05,8.925024656891135E-7
1989-12-06,2.3567468799696564E-6
1989-12-07,2.573563879813437E-6
1989-12-08,7.491527620167464E-7
1989-12-09,8.52346317969932E-7
1989-12-10,1.5756809825241978E-6
1989-12-11,1.8734118841976105E-9
1989-12-12,1.3026379974689917E-6
1989-12-13,1.4681175265009006E-7
1989-12-14,1.0328496949868605E-5
1989-12-15,8.633821266812447E-7
1989-12-16,3.532228432053975E-5
1989-12-17,1.2850012048820544E-7
1989-12-18,1.2931145629461574E-6
1989-12-19,1.7183253930852516E-6
1989-12-20,3.517761051310281E-6
1989-12-21,1.3719898772377506E-5
1989-12-22,5.4956670264137893E-5
1989-12-23,6.113709871135004E-5
1989-12-24,8.683126129615718E-5
1989-12-25,5.134115264767168E-5
1989-12-26,0.003427636857666722
1989-12-27,2.2775172731529363E-4
1989-12-28,3.0349284534588552E-6
1989-12-29,8.61499358961737E-7
1989-12-30,-3.0136675377434585E-9
1989-12-31,4.351138045421976E-7
1990-01-01,5.244468784676535E-7
1990-01-02,8.52346317969932E-7
1990-01-03,4.351138045421976E-7
1990-01-04,1.261728641566151E-6
1990-01-05,0.0
1990-01-06,1.6760791657287955E-8
1990-01-07,1.286793616813251E-6
1990-01-08,9.687715953493037E-6
1990-01-09,8.081817614257263E-5
1990-01-10,7.331705934085206E-5
1990-01-11,2.4686563232130464E-6
1990-01-12,4.4107436991680515E-7
1990-01-13,4.351138045421976E-7
1990-01-14,1.2290442958073144E-6
1990-01-15,2.2370097770512756E-5
1990-01-16,1.738891586120647E-6
1990-01-17,7.853316343175592E-5
1990-01-18,1.974944162341573E-4
1990-01-19,1.6128882766009162E-5
1990-01-20,4.505855327396725E-6
1990-01-21,4.952580760084339E-5
1990-01-22,8.760072164980064E-4
1990-01-23,0.0013876145057082215
1990-01-24,5.70071092300686E-4
1990-01-25,1.1782975210619803E-5
1990-01-26,3.406694251264847E-5
1990-01-27,1.1115807017598741E-4
1990-01-28,2.375936964470667E-4
1990-01-29,0.001444110130788284
1990-01-30,0.0017357495539105704
1990-01-31,4.4429192438869095E-4
1990-02-01,1.9751765583645194E-6
1990-02-02,9.626470807517727E-5
1990-02-03,4.214482411966357E-5
1990-02-04,4.351138045421976E-7
1990-02-05,5.278184936287815E-4
1990-02-06,1.2210986382947103E-4
1990-02-07,0.0
1990-02-08,1.2934207802572928E-6
1990-02-09,1.0921072935871378E-6
1990-02-10,5.581526063859182E-7
1990-02-11,4.614513871247934E-4
1990-02-12,9.699239260151899E-5
1990-02-13,4.817303215926154E-7
1990-02-14,6.242436949066433E-4
1990-02-15,0.0028171235847345775
1990-02-16,0.003560740391183498
1990-02-17,9.27210736516685E-5
1990-02-18,3.59268637188601E-4
1990-02-19,0.009035555783718218
1990-02-20,0.013098412248978371
1990-02-21,0.0099419478165088
1990-02-22,0.005655468207337553
1990-02-23,1.8937400804859583E-4
1990-02-24,2.4990020804322525E-5
1990-02-25,0.0021767916274594546
1990-02-26,0.005499058465737137
1990-02-27,0.0011216923921783535
1990-02-28,7.415809863187742E-5
1990-03-01,0.01714851912889108
1990-03-02,0.003029560479769154
1990-03-03,9.247995885776868E-4
1990-03-04,2.277257900706606E-6
1990-03-05,1.8534683433660256E-6
1990-03-06,1.1285201493602985E-4
1990-03-07,2.8999092939617622E-5
1990-03-08,1.728620139884418E-5
1990-03-09,1.2038049813135348E-4
1990-03-10,4.472405579737848E-5
1990-03-11,3.6378797369197234E-4
1990-03-12,0.0032899086911190845
1990-03-13,9.503525037996432E-4
1990-03-14,6.0167520544440406E-5
1990-03-15,2.003820231738051E-5
1990-03-16,1.592387295172847E-7
1990-03-17,2.177173892996928E-6
1990-03-18,3.1279949094518765E-8
1990-03-19,8.625019439142767E-5
1990-03-20,0.00937764916375194
1990-03-21,0.05047306301964743
1990-03-22,0.06550549760542443
1990-03-23,0.056515685960203586
1990-03-24,0.048777821564229065
1990-03-25,0.011952976033936705
1990-03-26,3.9146951681651447E-4
1990-03-27,3.5362410574757837E-4
1990-03-28,0.003044271455633781
1990-03-29,0.0036840642586533343
1990-03-30,0.0028254618831624894
1990-03-31,0.009987837614455673
1990-04-01,0.019884202960840893
1990-04-02,0.0075046499886447385
1990-04-03,0.011854453253091415
1990-04-04,0.025002557032267832
1990-04-05,7.288921511993285E-4
1990-04-06,4.085829935838724E-4
1990-04-07,0.015922227740890735
1990-04-08,0.047381152740960206
1990-04-09,0.030768680067334565
1990-04-10,0.00606580909229359
1990-04-11,0.002836757263828953
1990-04-12,0.00863113547637628
1990-04-13,0.018523897714697566
1990-04-14,0.027007838449295555
1990-04-15,0.014684540238667443
1990-04-16,0.008949805099590799
1990-04-17,0.006812615481409313
1990-04-18,0.048846858840629566
1990-04-19,0.049660105662194295
1990-04-20,0.06082871046541743
1990-04-21,0.022073551264830793
1990-04-22,0.01361068269698508
1990-04-23,0.02628212810079487
1990-04-24,0.010757372840073765
1990-04-25,0.008514080889135432
1990-04-26,0.031161691684152004
1990-04-27,0.02123527346997697
1990-04-28,0.06631325821550373
1990-04-29,0.031811078535248116
1990-04-30,0.0019260800569510753
1990-05-01,0.004429932780398516
1990-05-02,0.00241442815459735
1990-05-03,0.016102255947036737
1990-05-04,0.0019337667718615842
1990-05-05,0.003383763200586592
1990-05-06,0.003921483547075637
1990-05-07,0.002788736477679616
1990-05-08,0.00695819221368743
1990-05-09,0.015520606294969956
1990-05-10,0.007595190124482102
1990-05-11,0.005871269208400591
1990-05-12,0.018080994648309805
1990-05-13,0.02783882468034422
1990-05-14,0.0611054540438118
1990-05-15,0.08640906153254757
1990-05-16,1.0096115956899257E-4
1990-05-17,9.621040555792975E-6
1990-05-18,4.6190962884325366E-4
1990-05-19,0.013259870868956778
1990-05-20,0.019912985437517756
1990-05-21,0.013639711288772918
1990-05-22,0.0045589588228343615
1990-05-23,0.00681123119203446
1990-05-24,0.008252020049171568
1990-05-25,0.020823389500139088
1990-05-26,0.020816251688852143
1990-05-27,0.033746415669964114
1990-05-28,0.05589123703883908
1990-05-29,0.030888388050941233
1990-05-30,0.010904940905507442
1990-05-31,0.028012709540955603
1990-06-01,0.022152572637693057
1990-06-02,0.03497858776598413
1990-06-03,0.02598842709213875
1990-06-04,0.02258684185026699
1990-06-05,0.03733363089835369
1990-06-06,0.031293814376898606
1990-06-07,0.023585937025746854
1990-06-08,0.015494267681324345
1990-06-09,0.027162200972179456
1990-06-10,0.014413309545514567
1990-06-11,0.006140670213050192
1990-06-12,0.0069119741542673615
1990-06-13,0.016051541707246972
1990-06-14,0.008910509784603051
1990-06-15,0.012167017445208969
1990-06-16,0.016601064159652464
1990-06-17,0.019901572219548736
1990-06-18,0.01601261230389699
1990-06-19,0.013617514789354569
1990-06-20,0.02170629107930948
1990-06-21,0.017395509080603055
1990-06-22,0.017206127007917172
1990-06-23,0.020705243318516132
1990-06-24,0.007631605455291606
1990-06-25,0.00925193604017127
1990-06-26,0.004549031131868956
1990-06-27,0.016838948660220843
1990-06-28,0.01089657142403602
1990-06-29,0.021094708685585536
1990-06-30,0.017339751099403198
1990-07-01,0.01243741104546089
1990-07-02,0.020850960192394394
1990-07-03,0.029391100838505827
1990-07-04,0.0227761344344516
1990-07-05,0.010888671790888304
1990-07-06,0.009834432653157513
1990-07-07,0.01939686881665413
1990-07-08,0.032839705270874285
1990-07-09,0.08357918229485592
1990-07-10,0.025222177234930466
1990-07-11,0.016308293842401313
1990-07-12,0.020676835151040806
1990-07-13,0.013979044111414301
1990-07-14,0.009732218181409048
1990-07-15,0.012214273544561324
1990-07-16,0.01472415017712093
1990-07-17,0.01674157217176685
1990-07-18,0.014199362503133606
1990-07-19,0.012767362793528284
1990-07-20,0.014783246562832345
1990-07-21,0.029827135793993934
1990-07-22,0.020159498392415872
1990-07-23,0.017711309505451286
1990-07-24,0.01613492341658284
1990-07-25,0.026247716751487966
1990-07-26,0.03531693859639539
1990-07-27,0.01783451452076091
1990-07-28,0.015119879236793015
1990-07-29,0.016112726680319035
1990-07-30,0.014069385143546014
1990-07-31,0.02181498545487902
1990-08-01,0.019369409464601146
1990-08-02,0.022654407510173655
1990-08-03,0.01915601983578964
1990-08-04,0.02251573845744133
1990-08-05,0.0150487131613126
1990-08-06,0.013681098176035023
1990-08-07,0.017826138077083022
1990-08-08,0.013579724698381283
1990-08-09,0.014737155400080412
1990-08-10,0.018278773033389126
1990-08-11,0.021592620611621472
1990-08-12,0.00760196759911414
1990-08-13,0.012530479369625478
1990-08-14,0.015831431152929468
1990-08-15,0.013673630225819666
1990-08-16,0.012267482534787303
1990-08-17,0.004017115478774749
1990-08-18,0.002179960260410537
1990-08-19,0.01921453071317129
1990-08-20,0.007226394870361487
1990-08-21,0.004728833713454275
1990-08-22,0.006080137832747028
1990-08-23,0.01702786679212615
1990-08-24,0.016706252144595795
1990-08-25,0.0330888935243119
1990-08-26,0.00819361099488818
1990-08-27,0.01552983472715913
1990-08-28,0.01419690484106584
1990-08-29,0.0015078636873901994
1990-08-30,0.0013669302623878327
1990-08-31,0.007483286086241983
1990-09-01,0.01390377784783096
1990-09-02,0.007766399570881138
1990-09-03,0.008179362065157127
1990-09-04,0.012964977397217768
1990-09-05,0.014570570084625247
1990-09-06,0.011082751153165553
1990-09-07,0.009644997335566617
1990-09-08,0.014253570025178401
1990-09-09,0.013529791900378434
1990-09-10,0.021153137198071912
1990-09-11,0.017829480215042187
1990-09-12,0.005912287583671555
1990-09-13,0.0054313227904215075
1990-09-14,0.006272612983319176
1990-09-15,0.00863013593464584
1990-09-16,0.018733991434555092
1990-09-17,0.020823376037769313
1990-09-18,0.01398074364404514
1990-09-19,0.006176990832105202
1990-09-20,0.005059813289579025
1990-09-21,0.01642393279185193
1990-09-22,0.010428022251525552
1990-09-23,0.010918685061738678
1990-09-24,0.012665229704982288
1990-09-25,0.016565576738688647
1990-09-26,0.025918201818769727
1990-09-27,0.046575899209315735
1990-09-28,0.0355560009744753
1990-09-29,0.017587224643009946
1990-09-30,0.019426238307673125
1990-10-01,0.012524746841503379
1990-10-02,0.01993638465940884
1990-10-03,0.009049316437080958
1990-10-04,0.009347741486606926
1990-10-05,0.0012879010130709481
1990-10-06,6.512484228439614E-5
1990-10-07,0.023324791579879663
1990-10-08,0.03769082796761536
1990-10-09,0.14219816177349764
1990-10-10,0.017604756778639905
1990-10-11,0.0023617715047691886
1990-10-12,4.207670766463893E-4
1990-10-13,0.00168588651566871
1990-10-14,8.157480761274518E-4
1990-10-15,0.010610347932823002
1990-10-16,0.002762497825985107
1990-10-17,3.135380248004684E-4
1990-10-18,4.4819916265899774E-5
1990-10-19,5.9086165908984274E-5
1990-10-20,4.839868829066887E-5
1990-10-21,7.663442324357647E-6
1990-10-22,1.6826761561669576E-5
1990-10-23,1.27993904672616E-4
1990-10-24,6.0310477794603764E-5
1990-10-25,2.0245041184295063E-5
1990-10-26,6.246568302896061E-5
1990-10-27,2.570356505440936E-4
1990-10-28,9.595277543772327E-5
1990-10-29,6.102257611429076E-6
1990-10-30,5.477368136141328E-5
1990-10-31,8.579443438552232E-6
1990-11-01,8.760635586246395E-7
1990-11-02,2.5411771866975017E-5
1990-11-03,5.091165646834959E-4
1990-11-04,0.034129088630348275
1990-11-05,0.010858556616927513
1990-11-06,0.009296603144191949
1990-11-07,0.01022870686387041
1990-11-08,0.001421194262151623
1990-11-09,3.168820214188936E-4
1990-11-10,0.005995787531085894
1990-11-11,0.0029509127136632205
1990-11-12,1.896930172714395E-4
1990-11-13,1.6481132176570125E-6
1990-11-14,1.4706885204927835E-6
1990-11-15,1.66568959483722E-6
1990-11-16,7.217828663451763E-6
1990-11-17,7.944268139937583E-6
1990-11-18,2.7732551001952366E-5
1990-11-19,4.6000314793247325E-6
1990-11-20,1.602637441525507E-6
1990-11-21,1.7636622025137954E-6
1990-11-22,3.855780961542072E-6
1990-11-23,1.880065193419449E-6
1990-11-24,8.851110772022601E-7
1990-11-25,8.843915665858806E-7
1990-11-26,2.491779421549674E-6
1990-11-27,4.7531430623564265E-7
1990-11-28,6.27449644198508E-6
1990-11-29,3.0172400908663098E-5
1990-11-30,1.1448263960166538E-6
1990-12-01,2.876697908294579E-6
1990-12-02,1.0072160306084842E-4
1990-12-03,5.9822543509175374E-5
1990-12-04,1.716613724056515E-6
1990-12-05,2.1751047166496445E-6
1990-12-06,1.0909232227792452E-5
1990-12-07,7.344834860008094E-6
1990-12-08,1.4983753947942304E-6
1990-12-09,1.2998655567881578E-6
1990-12-10,2.0657086840291067E-6
1990-12-11,4.6010464058066527E-7
1990-12-12,0.0
1990-12-13,0.0
1990-12-14,1.5443253379336674E-6
1990-12-15,1.33787963225171E-6
1990-12-16,1.0264665727009677E-5
1990-12-17,9.952711365878789E-6
1990-12-18,0.0027357874683699565
1990-12-19,2.2436753561386488E-5
1990-12-20,2.8841811620280844E-5
1990-12-21,1.190957992097843E-5
1990-12-22,9.952515708228755E-7
1990-12-23,2.466321336051633E-6
1990-12-24,2.2799863631175353E-5
1990-12-25,9.626801257881632E-6
1990-12-26,9.734454338614591E-6
1990-12-27,6.196886801659655E-6
1990-12-28,4.719238198908979E-6
1990-12-29,2.6697256131580886E-6
1990-12-30,1.9787019387835028E-6
1990-12-31,4.92069401846393E-7
1991-01-01,5.538480995766011E-4
1991-01-02,0.002013775136084914
1991-01-03,0.0020500502604811305
1991-01-04,1.5460103528540866E-4
1991-01-05,9.75356829775923E-6
1991-01-06,-2.459581929211562E-9
1991-01-07,7.519141107617425E-6
1991-01-08,7.073976215159921E-7
1991-01-09,2.3981532518582178E-5
1991-01-10,1.757829024507715E-4
1991-01-11,5.933101877396332E-6
1991-01-12,2.903989499998796E-4
1991-01-13,4.125421844602833E-6
1991-01-14,6.337018464004403E-6
1991-01-15,0.0
1991-01-16,0.0
1991-01-17,1.720580052794025E-6
1991-01-18,1.9875491575029325E-6
1991-01-19,4.6426161176207446E-10
1991-01-20,1.2925233932037372E-6
1991-01-21,1.5329538408131337E-6
1991-01-22,4.5622521846481073E-7
1991-01-23,2.5817817267140835E-6
1991-01-24,1.2871853982687753E-6
1991-01-25,4.3539266297783395E-7
1991-01-26,8.52346317969932E-7
1991-01-27,1.7368156477459706E-6
1991-01-28,1.261713521216734E-6
1991-01-29,4.261732087229575E-7
1991-01-30,4.69102645501799E-6
1991-01-31,3.445176976058032E-5
1991-02-01,0.007743223671709871
1991-02-02,0.01208398421112789
1991-02-03,0.010927919805894307
1991-02-04,0.0060123931917785926
1991-02-05,3.463221244790559E-6
1991-02-06,8.702277796146518E-7
1991-02-07,2.1336443865038746E-6
1991-02-08,3.765088500296843E-5
1991-02-09,7.32786607890549E-5
1991-02-10,8.399177310887992E-5
1991-02-11,2.6809937950503622E-5
1991-02-12,0.0020382328654949904
1991-02-13,0.0010972554175560944
1991-02-14,8.349340549542923E-5
1991-02-15,2.142262360393943E-6
1991-02-16,8.52346317969932E-7
1991-02-17,1.7157014440272178E-6
1991-02-18,1.7285346416429093E-6
1991-02-19,1.2768805390805937E-6
1991-02-20,4.2859098317435524E-7
1991-02-21,0.0
1991-02-22,8.693683284262584E-7
1991-02-23,4.7144642386528613E-7
1991-02-24,4.977615065657335E-5
1991-02-25,1.2648510450572646E-5
1991-02-26,0.004641993939015217
1991-02-27,0.0021716194445674793
1991-02-28,0.004286105940279934
1991-03-01,0.03329344511883922
1991-03-02,8.614954137044147E-4
1991-03-03,8.99171253997017E-5
1991-03-04,8.829749471407786E-7
1991-03-05,1.741006337321563E-4
1991-03-06,0.005433212645308821
1991-03-07,2.8628786855213324E-4
1991-03-08,8.583068797918258E-7
1991-03-09,8.52346317969932E-7
1991-03-10,1.5058934860835883E-4
1991-03-11,0.005543324276271937
1991-03-12,0.00478570113073574
1991-03-13,0.0015040746899648775
1991-03-14,0.00218999221436999
1991-03-15,9.855759190861922E-4
1991-03-16,0.001326880680574168
1991-03-17,1.284057279884114E-4
1991-03-18,7.2020325712474864E-6
1991-03-19,4.351138045421976E-7
1991-03-20,1.5876676130334997E-5
1991-03-21,1.6063369025144485E-4
1991-03-22,0.0011117379948755216
1991-03-23,8.298078288550322E-5
1991-03-24,0.008475867581066
1991-03-25,3.369266371851022E-5
1991-03-26,4.364624365876872E-6
1991-03-27,4.956670558754987E-5
1991-03-28,4.020304435250387E-5
1991-03-29,0.021160949946984062
1991-03-30,0.012879239133844487
1991-03-31,0.04731648268372442
1991-04-01,0.0909817610628922
1991-04-02,0.09887522232580773
1991-04-03,0.08137994097653947
1991-04-04,0.034151106126639255
1991-04-05,0.01816262132073071
1991-04-06,0.02059484670619827
1991-04-07,0.013637770521158431
1991-04-08,0.004883228616649017
1991-04-09,0.01737972450394162
1991-04-10,0.005073303075539588
1991-04-11,3.1922851587410815E-4
1991-04-12,3.2759440435272465E-4
1991-04-13,5.169501197517589E-5
1991-04-14,6.864038585307876E-5
1991-04-15,0.006339009417102519
1991-04-16,0.005799171984782466
1991-04-17,6.057426837310626E-4
1991-04-18,2.1442987875891077E-4
1991-04-19,2.3645619091960064E-6
1991-04-20,2.7141366974501056E-4
1991-04-21,9.314816879633578E-4
1991-04-22,0.007571557514080276
1991-04-23,0.008702321168616677
1991-04-24,0.01287032066721512
1991-04-25,0.004625635398990851
1991-04-26,0.002289304871540249
1991-04-27,0.004024624225287531
1991-04-28,0.0014165762936793312
1991-04-29,0.011279265003736851
1991-04-30,0.03907059233598924
1991-05-01,0.04091646812269796
1991-05-02,0.08574113373294734
1991-05-03,0.046903075133961754
1991-05-04,0.07247600439173159
1991-05-05,0.04629827678117448
1991-05-06,0.03899406308976317
1991-05-07,0.14636055536772
1991-05-08,0.1460421426838717
1991-05-09,0.11109065728154938
1991-05-10,0.08967503536556687
1991-05-11,0.06099760451896892
1991-05-12,0.039262659984258576
1991-05-13,0.015398612841884195
1991-05-14,0.025836053869582327
1991-05-15,0.021541708919266708
1991-05-16,0.03546455659088787
1991-05-17,0.0656510521903894
1991-05-18,0.044394521035462785
1991-05-19,0.021030881709234926
1991-05-20,0.022893642835498697
1991-05-21,0.027868487200549436
1991-05-22,0.044947251176111626
1991-05-23,0.0458836071662648
1991-05-24,0.04250166264198642
1991-05-25,0.01803166007031089
1991-05-26,0.020060714719165627
1991-05-27,0.016312220972490115
1991-05-28,0.02652715841771205
1991-05-29,0.026870958237153075
1991-05-30,0.011162640707295758
1991-05-31,0.010509285801924726
1991-06-01,0.035018749367984034
1991-06-02,0.076421322277774
1991-06-03,0.011262359366332715
1991-06-04,0.010951581439522256
1991-06-05,0.013942338540030356
1991-06-06,0.01114681120111867
1991-06-07,0.020611013206787876
1991-06-08,0.004034942232632224
1991-06-09,0.019784241498024886
1991-06-10,0.0231242049782607
1991-06-11,0.03282011639649812
1991-06-12,0.03171412354898742
1991-06-13,0.024844620405665038
1991-06-14,0.02204681376501316
1991-06-15,0.033754049518808796
1991-06-16,0.020934075338837742
1991-06-17,0.024641396287836455
1991-06-18,0.02285065906445864
1991-06-19,0.019215238795888878
1991-06-20,0.015941727834974415
1991-06-21,0.012027856418057845
1991-06-22,0.01408473898752223
1991-06-23,0.03817147595727997
1991-06-24,0.019855898986489783
1991-06-25,0.021852715545134738
1991-06-26,0.012019408122997064
1991-06-27,0.01918045773584911
1991-06-28,0.023371648774923447
1991-06-29,0.0137838374619894
1991-06-30,0.016767155001257552
1991-07-01,0.015193004924186057
1991-07-02,0.01836121855045779
1991-07-03,0.03023116517621946
1991-07-04,0.029689318365795282
1991-07-05,0.04380890389751545
1991-07-06,0.016781997255645907
1991-07-07,0.015871993562126284
1991-07-08,0.022187522202158274
1991-07-09,0.02325698230219508
1991-07-10,0.017129332343962005
1991-07-11,0.010175002293090596
1991-07-12,0.00831199555297118
1991-07-13,0.008424951249763465
1991-07-14,0.008021912296550663
1991-07-15,0.019748059603347953
1991-07-16,0.029317049596006478
1991-07-17,0.018361559411300306
1991-07-18,0.013243438898377457
1991-07-19,0.007365186183008158
1991-07-20,0.006874909636352919
1991-07-21,0.021564425661556984
1991-07-22,0.01375062681817286
1991-07-23,0.008227651449235755
1991-07-24,0.010714603687745832
1991-07-25,0.016484914962580616
1991-07-26,0.012834494959756823
1991-07-27,0.009148091583410442
1991-07-28,0.0170176400172462
1991-07-29,0.017458145862799698
1991-07-30,0.02341224509114591
1991-07-31,0.027954877195501732
1991-08-01,0.025186593053657887
1991-08-02,0.0454915901023197
1991-08-03,0.019440547126034338
1991-08-04,0.010798564879277548
1991-08-05,0.01025790128190924
1991-08-06,0.009821517216768582
1991-08-07,0.012280714446737945
1991-08-08,0.00934436711021281
1991-08-09,0.011533533555393882
1991-08-10,0.010106993958180216
1991-08-11,0.006810977119979943
1991-08-12,0.00818735813991183
1991-08-13,0.004289546394451508
1991-08-14,0.014930101744082293
1991-08-15,0.023725239668865094
1991-08-16,0.007785168458960654
1991-08-17,0.009890920086167435
1991-08-18,0.006523272896757689
1991-08-19,4.751605450073418E-4
1991-08-20,0.001679878380545906
1991-08-21,0.028864204036013096
1991-08-22,0.008115146009817144
1991-08-23,0.014167334033300092
1991-08-24,0.015851819711998727
1991-08-25,0.015753736592005994
1991-08-26,0.016687125967158746
1991-08-27,0.02646706640451734
1991-08-28,0.020732784884944132
1991-08-29,0.022289595542282253
1991-08-30,0.04429535323610577
1991-08-31,0.011496349374608155
1991-09-01,0.01582010246290811
1991-09-02,0.025226678336503716
1991-09-03,0.03145985084517608
1991-09-04,0.02431918347306344
1991-09-05,0.01317515080714778
1991-09-06,0.024778774386713276
1991-09-07,0.02377867369809784
1991-09-08,0.013674609242060973
1991-09-09,0.015606076939171454
1991-09-10,0.02254877553854375
1991-09-11,0.011694924084076408
1991-09-12,0.011915364000908564
1991-09-13,0.01911700729900634
1991-09-14,0.0130004856051328
1991-09-15,0.011313113394930872
1991-09-16,0.003543864757925251
1991-09-17,0.0037152867780438146
1991-09-18,0.01367655223289322
1991-09-19,0.008982098435805379
1991-09-20,0.011785596605239581
1991-09-21,0.01726951761300958
1991-09-22,0.013662594174389645
1991-09-23,0.022309660365448528
1991-09-24,0.026964209236834447
1991-09-25,0.04159898569602844
1991-09-26,0.02884360426068411
1991-09-27,0.006703990168566607
1991-09-28,0.0017114037837726004
1991-09-29,0.0017741384773647423
1991-09-30,0.001958580599250633
1991-10-01,0.001434790988619617
1991-10-02,0.0023497590659498475
1991-10-03,0.007228114841140917
1991-10-04,0.012636527955593247
1991-10-05,0.012979358755956497
1991-10-06,0.02331172775452091
1991-10-07,0.010527306417305784
1991-10-08,0.0034470376386913967
1991-10-09,0.0031735113994245004
1991-10-10,0.008553995129603873
1991-10-11,0.010874533086498349
1991-10-12,0.017695396873408747
1991-10-13,0.03954468571317277
1991-10-14,0.024027869193537832
1991-10-15,0.01086370840797879
1991-10-16,0.0027601731663322183
1991-10-17,0.001505432586498638
1991-10-18,5.3785114531862056E-5
1991-10-19,5.170737689143502E-5
1991-10-20,1.2688235346167603E-6
1991-10-21,4.79813603231041E-6
1991-10-22,5.230755128359886E-5
1991-10-23,9.384684556951242E-4
1991-10-24,0.0018320340662171474
1991-10-25,8.727819274443425E-4
1991-10-26,8.969390348327035E-4
1991-10-27,0.0012201808961485167
1991-10-28,0.002358250577498034
1991-10-29,0.0026276668884678382
1991-10-30,0.0036918844674536265
1991-10-31,0.007513472764301014
1991-11-01,6.061275436871315E-4
1991-11-02,3.226587473484821E-4
1991-11-03,1.7329058905646357E-6
1991-11-04,1.729932682687279E-6
1991-11-05,1.9584209123548804E-5
1991-11-06,3.998760796243679E-5
1991-11-07,1.8293444943440983E-6
1991-11-08,1.7575182598614425E-5
1991-11-09,1.0661922920993508E-5
1991-11-10,6.413298700774007E-6
1991-11-11,4.089727592521099E-6
1991-11-12,1.9637103370159352E-7
1991-11-13,3.386133546217741E-6
1991-11-14,4.894713161833303E-7
1991-11-15,8.643865650858086E-7
1991-11-16,1.1843020065051566E-6
1991-11-17,2.243048492887625E-6
1991-11-18,3.2622836573275536E-6
1991-11-19,5.474701696048584E-6
1991-11-20,3.5277947414856694E-6
1991-11-21,1.298430700528558E-6
1991-11-22,2.864619625899987E-6
1991-11-23,3.453016695613055E-6
1991-11-24,1.5417736785899898E-6
1991-11-25,7.094135617435471E-6
1991-11-26,7.320949436276573E-6
1991-11-27,2.3792807456232907E-5
1991-11-28,3.2101818591873083E-4
1991-11-29,2.3144117281646498E-4
1991-11-30,5.0400132044202346E-5
1991-12-01,2.582289198471699E-6
1991-12-02,3.2447113822050244E-6
1991-12-03,0.0
1991-12-04,0.0
1991-12-05,1.5209197253869924E-6
1991-12-06,1.0045660431024915E-6
1991-12-07,2.1457671550706436E-6
1991-12-08,1.349430328611635E-6
1991-12-09,2.224504851296659E-5
1991-12-10,3.4419892846519377E-4
1991-12-11,8.129230278490802E-5
1991-12-12,2.12517443287652E-6
1991-12-13,4.634166042958403E-7
1991-12-14,1.3609781320424002E-6
1991-12-15,1.0268881141794901E-8
1991-12-16,8.52346317969932E-7
1991-12-17,7.497278079821197E-7
1991-12-18,0.0
1991-12-19,8.647737596125768E-7
1991-12-20,2.214401588284448E-6
1991-12-21,2.051620775767128E-6
1991-12-22,1.1338372664093478E-4
1991-12-23,0.003453032978950906
1991-12-24,0.024324055294185028
1991-12-25,0.03419991435684256
1991-12-26,0.01364197223119413
1991-12-27,2.98203539464523E-4
1991-12-28,2.7404828379273356E-5
1991-12-29,4.645441234393376E-5
1991-12-30,1.480680938550384E-5
1991-12-31,5.1201052183439805E-6
1992-01-01,1.7608973803098286E-4
1992-01-02,9.337575744217381E-7
1992-01-03,3.24042707165841E-6
1992-01-04,5.684341886080802E-14
1992-01-05,1.8376575288214084E-6
1992-01-06,1.3599231557226123E-4
1992-01-07,2.3278523473886003E-6
1992-01-08,8.416096437943352E-6
1992-01-09,1.2577549484423821E-5
1992-01-10,1.1136275150872382E-6
1992-01-11,4.859628348046339E-6
1992-01-12,0.002396029425845958
1992-01-13,1.516276606590072E-4
1992-01-14,1.1641743002385114E-4
1992-01-15,2.022888449186202E-4
1992-01-16,9.151237997022395E-6
1992-01-17,9.935513277153699E-4
1992-01-18,9.601140200403683E-5
1992-01-19,4.0740226793161255E-6
1992-01-20,5.514118508694283E-5
1992-01-21,9.66090888995774E-7
1992-01-22,9.825322745267564E-5
1992-01-23,4.260009685644606E-4
1992-01-24,4.179162337835165E-4
1992-01-25,3.735832263696912E-5
1992-01-26,2.8497019427360137E-6
1992-01-27,3.207518013915575E-6
1992-01-28,2.394862085408559E-7
1992-01-29,2.880687212129982E-6
1992-01-30,2.608959391978463E-6
1992-01-31,0.01213370135225658
1992-02-01,0.008646033152967183
1992-02-02,0.00820695301054875
1992-02-03,1.4560484763963575E-4
1992-02-04,1.3669860156285283E-6
1992-02-05,6.299883644015805E-7
1992-02-06,6.848865576226526E-6
1992-02-07,0.0051132395432716814
1992-02-08,0.0030644686219918815
1992-02-09,2.582873937601338E-4
1992-02-10,1.9925668504792857E-4
1992-02-11,5.3607523338996545E-5
1992-02-12,1.0642273233116021E-5
1992-02-13,2.0059607605378E-5
1992-02-14,0.0021366589283839817
1992-02-15,5.176074621084877E-4
1992-02-16,6.991644850175214E-4
1992-02-17,0.002622256106549901
1992-02-18,8.24792202848582E-4
1992-02-19,8.52346317969932E-7
1992-02-20,2.6080556682618298E-5
1992-02-21,0.0024109706606634065
1992-02-22,5.019419178576911E-4
1992-02-23,4.055137484404394E-4
1992-02-24,0.0011981263870986393
1992-02-25,3.461501652054064E-4
1992-02-26,2.1247188729220837E-4
1992-02-27,1.3578264912432837E-5
1992-02-28,0.011312087230690365
1992-02-29,0.0026419361412887542
1992-03-01,0.007271400483182165
1992-03-02,0.001276475572032718
1992-03-03,1.0190421790745908E-4
1992-03-04,1.6032034293546088E-4
1992-03-05,6.454211481384406E-6
1992-03-06,5.782635842726813E-4
1992-03-07,6.605867386848127E-4
1992-03-08,2.2990475371049317E-4
1992-03-09,2.6747498843501944E-5
1992-03-10,2.6405771293293538E-5
1992-03-11,7.244159064300691E-5
1992-03-12,2.7660517071299883E-4
1992-03-13,2.6339327229103705E-4
1992-03-14,5.7848434400007216E-5
1992-03-15,0.009837365913064854
1992-03-16,0.0017188942164820108
1992-03-17,2.5925503209685926E-5
1992-03-18,0.009998082219691593
1992-03-19,0.013364592936283925
1992-03-20,0.008933483586231552
1992-03-21,0.00768692378179613
1992-03-22,0.009312289897269932
1992-03-23,0.002303573761230475
1992-03-24,0.01049481185347463
1992-03-25,0.0024270433673686405
1992-03-26,6.168512647859564E-4
1992-03-27,1.7049687725548898E-6
1992-03-28,1.675104555905815E-6
1992-03-29,9.752600696045542E-6
1992-03-30,4.3416737142414785E-6
1992-03-31,0.0013175689131882844
1992-04-01,0.0012105267222685707
1992-04-02,1.0297305322106866E-8
1992-04-03,1.4652899607495005E-5
1992-04-04,2.993460870354253E-4
1992-04-05,0.008600918077734516
1992-04-06,0.0065427071962914736
1992-04-07,0.004875420159964858
1992-04-08,0.002961737425254949
1992-04-09,8.91411090103768E-4
1992-04-10,6.911057443815249E-4
1992-04-11,4.6803433851527856E-4
1992-04-12,0.0016308116460197724
1992-04-13,0.0028253455988658076
1992-04-14,0.0024970514529702296
1992-04-15,0.015246966408357465
1992-04-16,0.02553195624294654
1992-04-17,0.0303838460737398
1992-04-18,0.016199837719773975
1992-04-19,0.034120013188329065
1992-04-20,0.018007784910044077
1992-04-21,0.017586291273458694
1992-04-22,0.028283817621567026
1992-04-23,0.013328189293423184
1992-04-24,0.0010851699147830702
1992-04-25,0.001644145502899165
1992-04-26,0.007498770432837439
1992-04-27,0.01531126892549454
1992-04-28,0.004404214875546494
1992-04-29,8.64088862515263E-4
1992-04-30,0.005456111499167594
1992-05-01,0.025398598113398695
1992-05-02,0.024115813162912312
1992-05-03,0.026346000192552305
1992-05-04,0.00172191630936703
1992-05-05,0.004160525381048292
1992-05-06,0.003933421583499869
1992-05-07,0.01535453294732771
1992-05-08,0.007565362961218493
1992-05-09,8.178976780101384E-4
1992-05-10,4.3111304251709884E-4
1992-05-11,2.342699294237819E-4
1992-05-12,9.564987031876832E-4
1992-05-13,0.010054594976668255
1992-05-14,0.0067088465035133995
1992-05-15,0.030670524155227682
1992-05-16,0.05223400208640686
1992-05-17,0.03345551978520783
1992-05-18,0.01110740551110829
1992-05-19,0.003319218886020221
1992-05-20,0.03729782349813157
1992-05-21,0.01857380939055385
1992-05-22,0.005997993259055431
1992-05-23,0.015409031313106503
1992-05-24,0.0021693718001687557
1992-05-25,0.01374889717385449
1992-05-26,0.0059287982112247095
1992-05-27,0.020624816540531155
1992-05-28,0.003425416518077401
1992-05-29,0.003609693616651523
1992-05-30,0.0078116323741884725
1992-05-31,0.02064576026158768
1992-06-01,0.00949054438598776
1992-06-02,0.003972062875937026
1992-06-03,0.0010178550034566072
1992-06-04,0.0018460509309200287
1992-06-05,0.003425572004682426
1992-06-06,0.0027371155252810405
1992-06-07,0.007709043305504757
1992-06-08,0.030655898918064264
1992-06-09,0.017315249095934675
1992-06-10,0.012472869660767527
1992-06-11,0.013015357834807362
1992-06-12,0.02311178161300939
1992-06-13,0.018066360125205082
1992-06-14,0.006705197766423227
1992-06-15,0.0025625461391616698
1992-06-16,0.011949228899753018
1992-06-17,0.013159722974248715
1992-06-18,0.010931070296131475
1992-06-19,0.01149461117169865
1992-06-20,0.01523902171230117
1992-06-21,0.01836553325026021
1992-06-22,0.019351451413307588
1992-06-23,0.025581797011774224
1992-06-24,0.03377819047837864
1992-06-25,0.0322574254745066
1992-06-26,0.04457803109046544
1992-06-27,0.03390797652002705
1992-06-28,0.012240520174792742
1992-06-29,0.00616801676548079
1992-06-30,0.013680534523511359
1992-07-01,0.017390390360596898
1992-07-02,0.02171247050589135
1992-07-03,0.029284639560073784
1992-07-04,0.04154392327058177
1992-07-05,0.050648753431575814
1992-07-06,0.034733212819662074
1992-07-07,0.020744135142061765
1992-07-08,0.010360116023634906
1992-07-09,0.023390108529112254
1992-07-10,0.03927334153314652
1992-07-11,0.02476659428394014
1992-07-12,0.011525268343645026
1992-07-13,0.011603625077840417
1992-07-14,0.013073205227040117
1992-07-15,0.02487254000222935
1992-07-16,0.017290326990730853
1992-07-17,0.015765371072412913
1992-07-18,0.013957670917568027
1992-07-19,0.016883964276727226
1992-07-20,0.018281222147611204
1992-07-21,0.017804846174450134
1992-07-22,0.01356201897542705
1992-07-23,0.010083702622042282
1992-07-24,0.009476279106126688
1992-07-25,0.022906796645292313
1992-07-26,0.015479717713732244
1992-07-27,0.01925340813446651
1992-07-28,0.01213125021209393
1992-07-29,0.013207199273765976
1992-07-30,0.016923891102079446
1992-07-31,0.020284239304726878
1992-08-01,0.02124351685325694
1992-08-02,0.024273259850223643
1992-08-03,0.008853548532621023
1992-08-04,0.01413578633101105
1992-08-05,0.025110695453800923
1992-08-06,0.04594221156580083
1992-08-07,0.016852817250931896
1992-08-08,0.01308524143613764
1992-08-09,0.0072680373765030394
1992-08-10,5.810847455376926E-4
1992-08-11,0.008593256417984908
1992-08-12,0.005336644599117297
1992-08-13,0.003604988502239221
1992-08-14,0.017909735048140467
1992-08-15,0.012165072168134228
1992-08-16,0.007077251706234646
1992-08-17,0.008090169870779543
1992-08-18,0.011677117472084431
1992-08-19,0.0226180194804951
1992-08-20,0.016616871915972997
1992-08-21,0.004632727122075792
1992-08-22,0.0043104799699881765
1992-08-23,0.006830802665161966
1992-08-24,0.012948811922459247
1992-08-25,0.010043658278929862
1992-08-26,0.022874603537074874
1992-08-27,0.013772072507914674
1992-08-28,0.01164765544407974
1992-08-29,0.0077627916453151926
1992-08-30,0.0075969802880056425
1992-08-31,0.026387687845193266
1992-09-01,0.029927535234991174
1992-09-02,0.0024523356410415063
1992-09-03,0.0060033525457161745
1992-09-04,0.006436275142982517
1992-09-05,0.0102343519591822
1992-09-06,0.00944267164238031
1992-09-07,0.00802146695102381
1992-09-08,0.009718328423299397
1992-09-09,0.01330352020999876
1992-09-10,0.016328882012138824
1992-09-11,0.021445146659115
1992-09-12,0.012698062510975532
1992-09-13,0.020265507937509846
1992-09-14,0.010349127448707645
1992-09-15,0.006748655789747067
1992-09-16,0.008126316406456034
1992-09-17,0.007790248326392381
1992-09-18,0.001589736565845215
1992-09-19,5.240369358626344E-4
1992-09-20,3.6408345650577976E-4
1992-09-21,0.0015530010489370099
1992-09-22,0.004694674266298557
1992-09-23,0.011425330749308443
1992-09-24,0.03064187376614596
1992-09-25,0.019359338907045796
1992-09-26,0.029072147906572886
1992-09-27,0.025362460764823624
1992-09-28,0.015474626570520294
1992-09-29,0.02736816665527492
1992-09-30,0.00941276926359032
1992-10-01,9.038911178449677E-4
1992-10-02,0.0014673112173473214
1992-10-03,0.003483848137065162
1992-10-04,0.005403811212158988
1992-10-05,0.010749797357068328
1992-10-06,0.0024001973217105603
1992-10-07,1.9185908698622203E-4
1992-10-08,8.072933872435217E-4
1992-10-09,8.052991109959053E-4
1992-10-10,0.003150099264301669
1992-10-11,0.008378554154941114
1992-10-12,0.007527593946940299
1992-10-13,0.03243837300235826
1992-10-14,0.04802004823967214
1992-10-15,0.026062074599485525
1992-10-16,0.005704499199625739
1992-10-17,6.001361476706202E-4
1992-10-18,2.981799815086959E-4
1992-10-19,6.391946911122757E-4
1992-10-20,0.003287594965583682
1992-10-21,0.011115926098444555
1992-10-22,0.0030576143056326517
1992-10-23,0.0011278117232704232
1992-10-24,1.828243939873201E-4
1992-10-25,1.5231415182533238E-5
1992-10-26,2.4846130551030254E-6
1992-10-27,2.1137968542987475E-6
1992-10-28,1.294914170557604E-6
1992-10-29,1.7616534982720882E-6
1992-10-30,7.0933829429228E-7
1992-10-31,5.325700126865738E-4
1992-11-01,2.6248423436473554E-5
1992-11-02,7.323102057084383E-5
1992-11-03,1.4581936115474374E-5
1992-11-04,9.955611348497688E-6
1992-11-05,1.1497647689946129E-5
1992-11-06,4.727597526043137E-6
1992-11-07,1.058896526446284E-6
1992-11-08,4.5634580589643727E-7
1992-11-09,2.126325610917428E-4
1992-11-10,0.001449438866357697
1992-11-11,8.04338879296103E-5
1992-11-12,4.294846271503868E-7
1992-11-13,1.2999393809068195E-6
1992-11-14,3.7649557204683925E-6
1992-11-15,8.523463748133508E-7
1992-11-16,3.404483348649959E-6
1992-11-17,5.572363734245301E-6
1992-11-18,3.535203490307503E-6
1992-11-19,5.743236123438984E-6
1992-11-20,2.2980743060911317E-6
1992-11-21,2.4188430495344835E-6
1992-11-22,1.1018785301325416E-5
1992-11-23,2.258317919484273E-5
1992-11-24,0.002870075973036671
1992-11-25,3.8054593615488775E-6
1992-11-26,2.289971392325095E-6
1992-11-27,3.971187841124305E-6
1992-11-28,1.542072141204951E-5
1992-11-29,1.365630021746519E-7
1992-11-30,2.5183921846704616E-5
1992-12-01,0.0014187072262922755
1992-12-02,0.0018146777397928262
1992-12-03,8.568579148005889E-4
1992-12-04,1.939983041472519E-4
1992-12-05,1.1035480084183557E-5
1992-12-06,1.7183430348189777E-6
1992-12-07,9.127132475809616E-7
1992-12-08,1.298043925302504E-6
1992-12-09,1.71038669805057E-6
1992-12-10,4.37058758961939E-7
1992-12-11,2.2852040794632413E-6
1992-12-12,0.0
1992-12-13,1.5695416550443042E-6
1992-12-14,4.351138045421976E-7
1992-12-15,1.4500953041749195E-6
1992-12-16,1.7195939676639682E-6
1992-12-17,4.4157480775805544E-7
1992-12-18,2.5085338050939236E-6
1992-12-19,1.5501484188730316E-6
1992-12-20,3.3646318600750885E-6
1992-12-21,1.4846065514286318E-6
1992-12-22,2.5723472000035372E-6
1992-12-23,1.3343153440962465E-6
1992-12-24,0.0
1992-12-25,2.6218207726795127E-6
1992-12-26,1.9353540211062538E-5
1992-12-27,1.6795471310615543E-5
1992-12-28,6.981649485041842E-5
1992-12-29,2.6317534179015334E-5
1992-12-30,5.871281457674705E-7
1992-12-31,1.2244300356579029E-6
1993-01-01,1.3487272534845261E-6
1993-01-02,2.431965837348604E-5
1993-01-03,1.5669317065463592E-4
1993-01-04,7.744177161038389E-4
1993-01-05,2.2041629456991794E-4
1993-01-06,6.90484408017392E-5
1993-01-07,4.1983924362203135E-5
1993-01-08,6.920038034329054E-4
1993-01-09,0.011599625366825898
1993-01-10,0.0013323150178035641
1993-01-11,2.7648480909805046E-4
1993-01-12,0.0013543735969669037
1993-01-13,8.349868193365338E-4
1993-01-14,9.53638527779221E-6
1993-01-15,2.459155756278472E-6
1993-01-16,8.161560217769161E-6
1993-01-17,1.8655145520435562E-5
1993-01-18,9.979712515863387E-5
1993-01-19,8.085544439413467E-6
1993-01-20,1.2857903470830934E-6
1993-01-21,-1.2376062841212843E-8
1993-01-22,1.2999759244091944E-5
1993-01-23,3.6506764919157167E-6
1993-01-24,4.516038901891533E-6
1993-01-25,4.760640480606662E-5
1993-01-26,2.97149411870654E-5
1993-01-27,3.584375271218361E-7
1993-01-28,1.776884688767806E-6
1993-01-29,7.153411299514962E-6
1993-01-30,4.3805346399477667E-4
1993-01-31,0.002830836982552381
1993-02-01,0.0015229005271816534
1993-02-02,2.3765009613746882E-5
1993-02-03,2.0773178869608986E-6
1993-02-04,1.2754802341567096E-6
1993-02-05,1.7195208670273132E-6
1993-02-06,1.293493824050529E-6
1993-02-07,2.1249234123388305E-6
1993-02-08,1.291351452437084E-6
1993-02-09,8.554487180845172E-7
1993-02-10,9.353596468212076E-7
1993-02-11,1.275539318612573E-6
1993-02-12,1.1852914532589296E-4
1993-02-13,0.0046156217631577075
1993-02-14,0.0080864740399615
1993-02-15,0.005734400259966107
1993-02-16,0.027288283678046213
1993-02-17,0.08643066085477202
1993-02-18,0.06748997141353316
1993-02-19,0.01202467997682233
1993-02-20,0.004264835564080771
1993-02-21,0.0063401447162983095
1993-02-22,0.01111858077562615
1993-02-23,8.072149295000695E-6
1993-02-24,1.3398520481411072E-6
1993-02-25,8.991618042825336E-7
1993-02-26,2.7212913746193866E-4
1993-02-27,5.933056812010613E-4
1993-02-28,9.022267606195851E-5
1993-03-01,7.085983533744116E-6
1993-03-02,2.970675627969712E-6
1993-03-03,8.942204818224574E-6
1993-03-04,1.374244483567596E-6
1993-03-05,2.5260865409319397E-6
1993-03-06,8.612870487922919E-7
1993-03-07,2.3126356677083474E-6
1993-03-08,3.5490603805277393E-7
1993-03-09,7.002684422311068E-10
1993-03-10,1.2814997489840607E-6
1993-03-11,6.542013270460682E-5
1993-03-12,7.201827923789208E-4
1993-03-13,8.531648557885545E-4
1993-03-14,0.0062984227875880865
1993-03-15,0.004556732908025492
1993-03-16,0.0017568527199812104
1993-03-17,9.956346340262132E-5
1993-03-18,0.0
1993-03-19,1.5260220468148533E-4
1993-03-20,0.017013108611451416
1993-03-21,0.015549843638618565
1993-03-22,0.059101852893892734
1993-03-23,0.07573826204269091
1993-03-24,0.028121235486395113
1993-03-25,0.011929268546261886
1993-03-26,0.04692996800850095
1993-03-27,0.006233582878212042
1993-03-28,1.1849320687849317E-5
1993-03-29,1.2782355724993977E-6
1993-03-30,4.351138045421976E-7
1993-03-31,1.2844800494349329E-6
1993-04-01,8.52346317969932E-7
1993-04-02,1.3448632762710105E-6
1993-04-03,4.351138613856165E-7
1993-04-04,2.733154575263654E-6
1993-04-05,1.306705616460579E-6
1993-04-06,8.596376482337042E-7
1993-04-07,1.8884489688241358E-4
1993-04-08,0.022660838659293192
1993-04-09,0.02620354345432788
1993-04-10,0.03683599943094683
1993-04-11,0.02963196772669195
1993-04-12,0.02505064500237925
1993-04-13,0.0029049656651219968
1993-04-14,0.0028109020601524834
1993-04-15,0.003371400376378082
1993-04-16,0.006539498289893863
1993-04-17,0.004214787373394638
1993-04-18,0.002266570978151933
1993-04-19,0.004032182181313213
1993-04-20,5.990621665318916E-4
1993-04-21,1.9768155895905697E-4
1993-04-22,0.001528234217380513
1993-04-23,0.030763229707934273
1993-04-24,0.025440119951963425
1993-04-25,0.03359873393960184
1993-04-26,0.03135447943648268
1993-04-27,0.06902264840966707
1993-04-28,0.047584536394285976
1993-04-29,0.04745384138131867
1993-04-30,0.024707539057886675
1993-05-01,0.020940306950683545
1993-05-02,0.01301031843811939
1993-05-03,0.06731035436563815
1993-05-04,0.06515530351867839
1993-05-05,0.04573996263102242
1993-05-06,0.06921330129678739
1993-05-07,0.055222818716671424
1993-05-08,0.024759798347949995
1993-05-09,0.01281527370290365
1993-05-10,0.029498186269931566
1993-05-11,0.032333939873820716
1993-05-12,0.05943875272709855
1993-05-13,0.03498855965750861
1993-05-14,0.03390713779476166
1993-05-15,0.023381498297514947
1993-05-16,0.05725796448825587
1993-05-17,0.07161637691834757
1993-05-18,0.049397493117566076
1993-05-19,0.01852951935391309
1993-05-20,0.00865651584806919
1993-05-21,0.0030777389896398336
1993-05-22,3.2341413458303233E-4
1993-05-23,8.291098419014471E-4
1993-05-24,0.005870306723196662
1993-05-25,0.004982461874628273
1993-05-26,0.005576778971506343
1993-05-27,0.01520855365840164
1993-05-28,0.00965012722651266
1993-05-29,0.01968150164261065
1993-05-30,0.017813578135364383
1993-05-31,0.01227128408404883
1993-06-01,0.006561559698824788
1993-06-02,0.02137880328504337
1993-06-03,0.026628682499146093
1993-06-04,0.0199210513669051
1993-06-05,0.05204037340002597
1993-06-06,0.06771119242243336
1993-06-07,0.06180084060295662
1993-06-08,0.04003072231146644
1993-06-09,0.0303353545817305
1993-06-10,0.0328128480392011
1993-06-11,0.04044299867966341
1993-06-12,0.07673777242442344
1993-06-13,0.0011014443429169503
1993-06-14,0.004538503926160022
1993-06-15,0.018603920011461127
1993-06-16,0.01586605334299006
1993-06-17,0.022174944656260437
1993-06-18,0.10093716613139732
1993-06-19,0.06374350640557622
1993-06-20,0.012231019249888248
1993-06-21,0.012461450786432095
1993-06-22,0.012794137886493879
1993-06-23,0.0016310750874430609
1993-06-24,0.012878233209381416
1993-06-25,0.028455699286717706
1993-06-26,0.007963058157807835
1993-06-27,0.004185344911035086
1993-06-28,0.01610510415389222
1993-06-29,0.030505025848487917
1993-06-30,0.028010754358246504
1993-07-01,0.028011657818148017
1993-07-02,0.016464977043006125
1993-07-03,0.01738260770287405
1993-07-04,0.018678127894099058
1993-07-05,0.031144275538552993
1993-07-06,0.06539169151652133
1993-07-07,0.009020603730240998
1993-07-08,0.010377289628279544
1993-07-09,0.011555763963570274
1993-07-10,0.007252207940195294
1993-07-11,0.004603353656526938
1993-07-12,0.0042713061901014
1993-07-13,0.015990407932001554
1993-07-14,0.01892663276640514
1993-07-15,0.011312555718111858
1993-07-16,0.015398915056887922
1993-07-17,0.030820557139553097
1993-07-18,0.048565936734991814
1993-07-19,0.07089909271170743
1993-07-20,0.07657328269770519
1993-07-21,0.11803348265459086
1993-07-22,0.08707352216791059
1993-07-23,0.021491527293195787
1993-07-24,0.011455254165278083
1993-07-25,0.011237759166977826
1993-07-26,0.002709660987789586
1993-07-27,0.003282441594588279
1993-07-28,0.001966697179599305
1993-07-29,0.007015648284365335
1993-07-30,0.008885219623852525
1993-07-31,0.01143694333712162
1993-08-01,0.009262873821946089
1993-08-02,0.017193394292124426
1993-08-03,0.027104100202980076
1993-08-04,0.021241074700043057
1993-08-05,0.017506775570914925
1993-08-06,0.02453236024718957
1993-08-07,0.03404118605732766
1993-08-08,0.0461168039607333
1993-08-09,0.03577769803690772
1993-08-10,0.008165403806922066
1993-08-11,0.007417206005710063
1993-08-12,0.01200640355489847
1993-08-13,0.004700413726140999
1993-08-14,0.010873212418443565
1993-08-15,0.01112787803807804
1993-08-16,0.010101250278295117
1993-08-17,0.004489258829760392
1993-08-18,0.015164513121106043
1993-08-19,0.018944364339940466
1993-08-20,0.018862653017216336
1993-08-21,0.033963876134484504
1993-08-22,0.04352021346676214
1993-08-23,0.016714802546205904
1993-08-24,0.02772852899409788
1993-08-25,0.015937697799133427
1993-08-26,0.011704920829554872
1993-08-27,0.026059694041880802
1993-08-28,0.018478718929681465
1993-08-29,0.01890555590904552
1993-08-30,0.010461462479881474
1993-08-31,0.0434420799232095
1993-09-01,0.023967291092777482
1993-09-02,0.044206687955654106
1993-09-03,0.03404262887905635
1993-09-04,0.01676487410884136
1993-09-05,0.0241412775792884
1993-09-06,0.01149938487500194
1993-09-07,0.01286798452323228
1993-09-08,0.008153911415502056
1993-09-09,0.009364154642413126
1993-09-10,0.002402872161110702
1993-09-11,0.004483389320445722
1993-09-12,0.008557744005828014
1993-09-13,0.012412019781122316
1993-09-14,0.012272373242788232
1993-09-15,0.005963288139384961
1993-09-16,0.0073832021570801815
1993-09-17,0.00233334928664858
1993-09-18,0.0027533209060719988
1993-09-19,0.01218844773836598
1993-09-20,0.01838029061775298
1993-09-21,0.02617036495361635
1993-09-22,0.02905748279706868
1993-09-23,0.00964131170079282
1993-09-24,0.01753999031089634
1993-09-25,0.01657198343747855
1993-09-26,0.013955547833650104
1993-09-27,0.021231123523392657
1993-09-28,0.0334992176853174
1993-09-29,0.027947184647928103
1993-09-30,0.004978256341005336
1993-10-01,0.01424407925633704
1993-10-02,0.03247734533520278
1993-10-03,0.016635382284178463
1993-10-04,0.005046968031069664
1993-10-05,0.01228150818594378
1993-10-06,0.008988854007956095
1993-10-07,0.011195076417527802
1993-10-08,0.0025593235260844326
1993-10-09,0.0017219214347066996
1993-10-10,0.002318790591176535
1993-10-11,0.0014941998130965182
1993-10-12,0.006627021299707411
1993-10-13,0.013979121961664663
1993-10-14,0.010988334883645423
1993-10-15,0.005650817594259462
1993-10-16,0.0034705683820519936
1993-10-17,0.0024362184432459018
1993-10-18,0.004000243307064379
1993-10-19,0.004750410589163368
1993-10-20,0.0031547699791044876
1993-10-21,0.004177944195063819
1993-10-22,0.0018275496078374851
1993-10-23,0.0013116356031851427
1993-10-24,5.780164238517687E-4
1993-10-25,2.5427392190273965E-4
1993-10-26,1.7777951930059385E-4
1993-10-27,3.283472427102356E-5
1993-10-28,4.781851851192062E-6
1993-10-29,4.7154304336332236E-6
1993-10-30,7.960457144569823E-4
1993-10-31,2.0849055034576823E-4
1993-11-01,0.0013612916168804893
1993-11-02,0.0050309441701932855
1993-11-03,0.004504376790322952
1993-11-04,0.0032262831960572004
1993-11-05,4.704312165186674E-4
1993-11-06,2.2424481636871491E-4
1993-11-07,8.271961198376785E-5
1993-11-08,1.923710288684492E-4
1993-11-09,2.198445502974495E-4
1993-11-10,3.0223218777467893E-4
1993-11-11,1.298691150663285E-4
1993-11-12,3.73085208264054E-4
1993-11-13,3.1334934196824494E-4
1993-11-14,8.336194544227834E-4
1993-11-15,3.3789540215723807E-4
1993-11-16,3.977820613136183E-4
1993-11-17,3.9391350519148594E-4
1993-11-18,2.2086758574701797E-4
1993-11-19,5.509911687684275E-4
1993-11-20,3.2654164876311714E-4
1993-11-21,1.1728386470012524E-5
1993-11-22,1.638860149604641E-5
1993-11-23,1.8422222733586576E-6
1993-11-24,6.568466205481788E-6
1993-11-25,2.0379214741670148E-6
1993-11-26,4.4716700050740386E-6
1993-11-27,1.654027471308074E-5
1993-11-28,1.3407764964209343E-6
1993-11-29,8.991064017293401E-7
1993-11-30,0.0
1993-12-01,1.2955994748153898E-6
1993-12-02,6.008257950930267E-6
1993-12-03,1.8618366690828246E-6
1993-12-04,4.526911453793567E-7
1993-12-05,2.167473346170183E-6
1993-12-06,7.300134855887793E-7
1993-12-07,1.8927144866458254E-7
1993-12-08,1.3024787792117926E-5
1993-12-09,4.60266866829932E-6
1993-12-10,1.5065392662334995E-6
1993-12-11,1.8905731421962452E-6
1993-12-12,2.325592243657459E-6
1993-12-13,1.8289176718377668E-6
1993-12-14,2.1789002384759512E-5
1993-12-15,1.5121223776865475E-5
1993-12-16,2.594681116565592E-6
1993-12-17,4.020136519607072E-7
1993-12-18,3.3927631970246484E-6
1993-12-19,1.2796281620956117E-6
1993-12-20,5.312077551393144E-7
1993-12-21,3.1405885440076707E-6
1993-12-22,1.287488717222698E-6
1993-12-23,6.292204808637587E-7
1993-12-24,8.583068833445395E-7
1993-12-25,0.0
1993-12-26,0.0
1993-12-27,1.043588509802811E-6
1993-12-28,4.261732051702438E-7
1993-12-29,8.795232797033588E-7
1993-12-30,4.0527157831366446E-6
1993-12-31,0.0
1994-01-01,1.7225742112714215E-6
1994-01-02,1.3033290429120825E-6
1994-01-03,0.0
1994-01-04,1.7136334804490616E-6
1994-01-05,1.7539346194061673E-6
1994-01-06,3.7744348107764523E-6
1994-01-07,1.717085690237099E-5
1994-01-08,1.3891415816332917E-6
1994-01-09,1.8195776763767923E-6
1994-01-10,3.375457545925427E-8
1994-01-11,4.410743663640915E-7
1994-01-12,0.0
1994-01-13,1.2814997489840607E-6
1994-01-14,4.598598530401696E-6
1994-01-15,0.002402199345586971
1994-01-16,0.013144531009650505
1994-01-17,8.394884687802946E-6
1994-01-18,1.2814986121156835E-6
1994-01-19,0.0
1994-01-20,1.2904405366498395E-6
1994-01-21,2.5654308615230548E-6
1994-01-22,2.8253509683285612E-6
1994-01-23,1.2832039162586661E-6
1994-01-24,1.7006876151685775E-7
1994-01-25,1.7390775884592649E-6
1994-01-26,1.3430416242954382E-6
1994-01-27,1.2814998058274796E-6
1994-01-28,5.419440610560379E-5
1994-01-29,1.2150989479861021E-4
1994-01-30,0.003903377807287671
1994-01-31,0.01779988962600768
1994-02-01,0.00419907558023711
1994-02-02,0.005480698080507318
1994-02-03,2.9863387896979882E-5
1994-02-04,8.844231368938132E-5
1994-02-05,1.918592437047764E-6
1994-02-06,8.620989683286989E-7
1994-02-07,2.6320798559084857E-6
1994-02-08,2.212645687965483E-6
1994-02-09,0.012531377798023102
1994-02-10,4.66072241499936E-4
1994-02-11,4.922033862468234E-5
1994-02-12,2.1688457417508415E-6
1994-02-13,7.67433009378834E-6
1994-02-14,1.3222600716547498E-6
1994-02-15,2.6970524758499557E-6
1994-02-16,1.3257450116941073E-6
1994-02-17,1.7046928064701206E-6
1994-02-18,4.47799615122976E-6
1994-02-19,0.0
1994-02-20,8.52346317969932E-7
1994-02-21,0.00314794702075213
1994-02-22,0.020165467356730603
1994-02-23,8.431329196657656E-5
1994-02-24,5.484703943094613E-7
1994-02-25,3.5409785402402327E-6
1994-02-26,5.635368853643088E-6
1994-02-27,2.5175199634811915E-6
1994-02-28,5.382425525996131E-5
1994-03-01,3.3105943756572495E-4
1994-03-02,8.583068051848386E-7
1994-03-03,8.628186621188889E-7
1994-03-04,3.074028148679478E-5
1994-03-05,2.629166393610785E-5
1994-03-06,1.860850888353284E-4
1994-03-07,7.2869630558458E-5
1994-03-08,4.276632239452738E-7
1994-03-09,7.450580596923828E-9
1994-03-10,4.261732051702438E-7
1994-03-11,1.2814997489840607E-6
1994-03-12,4.351138045421976E-7
1994-03-13,0.01592484641195722
1994-03-14,0.01040206971196081
1994-03-15,0.03370444058073553
1994-03-16,0.011930615199880283
1994-03-17,0.014247169833089582
1994-03-18,0.003516103671843948
1994-03-19,0.005317956844420103
1994-03-20,0.006121868931645268
1994-03-21,0.007039172153150082
1994-03-22,0.01040635131940952
1994-03-23,0.02122974474123553
1994-03-24,0.011097061895152784
1994-03-25,0.06080128481276657
1994-03-26,0.11301949383283341
1994-03-27,0.05307117391935749
1994-03-28,0.003178097684087093
1994-03-29,0.03190596398257609
1994-03-30,0.0037176315268341604
1994-03-31,0.022877840858336877
1994-04-01,0.08248906487881756
1994-04-02,0.04846730601192747
1994-04-03,0.011458322687875796
1994-04-04,0.004325850255370713
1994-04-05,2.807528710804763E-4
1994-04-06,0.002592709818986108
1994-04-07,0.0034639769560043006
1994-04-08,2.8169337880534697E-4
1994-04-09,2.361404594259219E-5
1994-04-10,1.2817458346981281E-6
1994-04-11,1.7294187273364514E-6
1994-04-12,1.1444770605802887E-5
1994-04-13,2.533628072352768E-9
1994-04-14,3.2088315555815066E-8
1994-04-15,1.7244835368574894E-4
1994-04-16,0.009873586435189144
1994-04-17,0.035482363193106076
1994-04-18,0.01804548861437899
1994-04-19,0.010373693522397098
1994-04-20,0.04627921133828655
1994-04-21,0.044253906366074715
1994-04-22,0.03376486714388732
1994-04-23,0.0173244955261491
1994-04-24,0.013600597550368725
1994-04-25,0.03037852218256035
1994-04-26,0.0033668164093567468
1994-04-27,0.0015138844254216702
1994-04-28,3.726736782441339E-4
1994-04-29,1.4065064192132933E-4
1994-04-30,2.543115555851985E-4
1994-05-01,0.002904530349204823
1994-05-02,3.3242675472064615E-4
1994-05-03,0.0067953025739721845
1994-05-04,0.01638859634837595
1994-05-05,0.011390420187140832
1994-05-06,0.024131960075542417
1994-05-07,0.01861155876792925
1994-05-08,0.013147782362093132
1994-05-09,0.003610780388502032
1994-05-10,0.009115297627139998
1994-05-11,0.0026164075172360936
1994-05-12,0.0028906692400818878
1994-05-13,0.005847230258187806
1994-05-14,0.014495782375416854
1994-05-15,0.033361517202085154
1994-05-16,0.021895595542197683
1994-05-17,0.009782727813324834
1994-05-18,0.0074462278472372636
1994-05-19,0.0025061737248429933
1994-05-20,0.006915786310164236
1994-05-21,0.015271325244023968
1994-05-22,0.01063826707477619
1994-05-23,0.015650534354594133
1994-05-24,0.018100823345962008
1994-05-25,0.014512212528667141
1994-05-26,0.006446868264773529
1994-05-27,0.010128643160438261
1994-05-28,0.014589759595805175
1994-05-29,0.022209411369755534
1994-05-30,0.013852952130871019
1994-05-31,0.01782154121021659
1994-06-01,0.03070091901609387
1994-06-02,0.06940537635999969
1994-06-03,0.03264315939013946
1994-06-04,0.019338989855509782
1994-06-05,0.018222971066911
1994-06-06,0.0082128035199558
1994-06-07,0.005651360076121175
1994-06-08,0.007313841614075484
1994-06-09,0.008209910548663555
1994-06-10,0.023240538118954015
1994-06-11,0.03016480345903449
1994-06-12,0.024341458545599375
1994-06-13,0.0260040009008839
1994-06-14,0.01864110921255655
1994-06-15,0.025958750729890363
1994-06-16,0.013447680062928388
1994-06-17,0.027801479955152978
1994-06-18,0.027427365053715277
1994-06-19,0.007855453801723573
1994-06-20,0.018683748557900275
1994-06-21,0.014230603826128192
1994-06-22,0.012468574314529347
1994-06-23,0.009331322160328746
1994-06-24,0.02507531195062242
1994-06-25,0.019236087214433227
1994-06-26,0.005281688661745183
1994-06-27,0.033813757591177385
1994-06-28,0.036783300817012865
1994-06-29,0.02251600595366405
1994-06-30,0.01599356882053132
1994-07-01,0.022854491630701038
1994-07-02,0.05146934851314981
1994-07-03,0.005582835952022179
1994-07-04,0.01921490162601913
1994-07-05,0.026720782339217007
1994-07-06,0.03072238901797057
1994-07-07,0.00907354612915502
1994-07-08,0.005329780855103037
1994-07-09,0.013105613454487281
1994-07-10,0.011991533895017786
1994-07-11,0.010722127685135358
1994-07-12,0.016551989656306373
1994-07-13,0.02616856147476731
1994-07-14,0.02936326225368963
1994-07-15,0.019418375363751485
1994-07-16,0.019699705298134022
1994-07-17,0.01629825023815811
1994-07-18,0.012227791437886364
1994-07-19,0.0105734116520115
1994-07-20,0.014332019832386675
1994-07-21,0.017579572099658797
1994-07-22,0.018666130545828396
1994-07-23,0.01258588820616837
1994-07-24,0.011100763843825457
1994-07-25,0.012777793444908423
1994-07-26,0.010475948328814419
1994-07-27,0.008220804305693316
1994-07-28,0.010976629648244987
1994-07-29,0.01204263299789732
1994-07-30,0.010894990356258677
1994-07-31,0.0050248364978167466
1994-08-01,0.006180080553085476
1994-08-02,0.02485471400858882
1994-08-03,0.013477615973241886
1994-08-04,0.02136616802275389
1994-08-05,0.02006614795305413
1994-08-06,0.021593966436650718
1994-08-07,0.011382284978302931
1994-08-08,0.013265535475344675
1994-08-09,0.006545566646333728
1994-08-10,0.015681898720945078
1994-08-11,0.023029531973457605
1994-08-12,0.02048940009119741
1994-08-13,0.034529191578566536
1994-08-14,0.029527865953126745
1994-08-15,0.0043690307266105845
1994-08-16,0.018781795154124686
1994-08-17,0.009729721123284131
1994-08-18,0.008758603393423615
1994-08-19,0.006600423510248999
1994-08-20,0.01047375565857217
1994-08-21,0.017617834519861514
1994-08-22,0.023408711957346867
1994-08-23,0.018695870646404763
1994-08-24,0.00787472484945562
1994-08-25,0.018648326360232923
1994-08-26,0.025318593695455888
1994-08-27,0.015749593724659554
1994-08-28,0.014461588478117344
1994-08-29,0.014914636919645103
1994-08-30,0.012974240371805373
1994-08-31,0.04854951939481807
1994-09-01,0.02015141219077972
1994-09-02,0.015073362025033891
1994-09-03,0.007732303410122394
1994-09-04,0.00654419347083982
1994-09-05,0.0025456612781106654
1994-09-06,0.0035497654276294625
1994-09-07,0.005215733538452668
1994-09-08,0.018952861477600502
1994-09-09,0.014241220954520708
1994-09-10,0.01045675791667725
1994-09-11,0.014052183345109746
1994-09-12,0.015561864954585907
1994-09-13,0.01982233039324216
1994-09-14,0.011743572452030508
1994-09-15,0.007274518380928582
1994-09-16,0.007437835373630415
1994-09-17,0.005281263522141595
1994-09-18,0.008062952280130696
1994-09-19,0.01740513191932081
1994-09-20,0.014862075150874314
1994-09-21,0.016856601421519887
1994-09-22,0.008036718165616779
1994-09-23,0.0027089420605956567
1994-09-24,3.474096062058317E-4
1994-09-25,2.4643177407233176E-4
1994-09-26,5.0659932823134394E-5
1994-09-27,2.0518180461102956E-5
1994-09-28,2.007620036456397E-5
1994-09-29,1.0418818003869473E-4
1994-09-30,0.0058913830349038784
1994-10-01,0.016639618295603766
1994-10-02,0.00592360488197708
1994-10-03,0.01602094375175865
1994-10-04,0.012907687814506456
1994-10-05,0.013102163516544885
1994-10-06,0.009648657286483432
1994-10-07,0.016214654128107117
1994-10-08,0.016360767056591796
1994-10-09,0.020445200061892387
1994-10-10,0.012380651969811187
1994-10-11,0.0014361745471902707
1994-10-12,0.0016821671927595414
1994-10-13,0.001149449366446873
1994-10-14,5.333270502348907E-4
1994-10-15,2.8151114893132156E-4
1994-10-16,1.0426859290613608E-6
1994-10-17,1.1556608348729172E-6
1994-10-18,3.0228168239358395E-6
1994-10-19,2.978117175877946E-6
1994-10-20,2.399655694219979E-6
1994-10-21,4.241895300976803E-4
1994-10-22,0.0010425307954789467
1994-10-23,7.211523230606524E-4
1994-10-24,7.546387031415983E-4
1994-10-25,5.89450343991494E-4
1994-10-26,1.9622068615318043E-4
1994-10-27,8.84624002124533E-5
1994-10-28,4.936450737060149E-5
1994-10-29,8.375311943557982E-4
1994-10-30,3.2646224591275996E-4
1994-10-31,1.7891252399214732E-4
1994-11-01,6.451205366608726E-6
1994-11-02,3.379400582671856E-5
1994-11-03,2.3729163001528155E-4
1994-11-04,9.119996536823647E-6
1994-11-05,6.53493902443761E-6
1994-11-06,2.4620026819862117E-6
1994-11-07,0.0017840446472923838
1994-11-08,0.003135062928160099
1994-11-09,6.148884617696611E-4
1994-11-10,1.3976270957938018E-4
1994-11-11,0.0033222551234598813
1994-11-12,0.0011420966577360193
1994-11-13,2.7042324909448055E-4
1994-11-14,9.556429053180588E-5
1994-11-15,2.627504260471211E-5
1994-11-16,7.113874647658686E-7
1994-11-17,1.5806700366273105E-4
1994-11-18,0.0016227410788700314
1994-11-19,5.2273683011878344E-5
1994-11-20,1.610703551011279E-10
1994-11-21,0.0
1994-11-22,1.045101882069724E-6
1994-11-23,4.2781505496362876E-4
1994-11-24,5.964029188067241E-4
1994-11-25,1.3144592367776267E-4
1994-11-26,7.5970390983488594E-6
1994-11-27,1.057538660458147E-4
1994-11-28,5.428372236583343E-4
1994-11-29,2.4706901224306294E-4
1994-11-30,6.403355493431907E-4
1994-12-01,5.366310106983345E-5
1994-12-02,8.583068797918258E-7
1994-12-03,3.4328975111463933E-6
1994-12-04,1.1390868649406303E-6
1994-12-05,2.1773145043869988E-6
1994-12-06,1.3481497599269662E-6
1994-12-07,2.1244921436199565E-8
1994-12-08,1.507308770130762E-6
1994-12-09,1.7339978333956766E-5
1994-12-10,3.349587472073551E-5
1994-12-11,1.9850496761200125E-6
1994-12-12,1.275539318612573E-6
1994-12-13,0.0
1994-12-14,3.006751921693544E-6
1994-12-15,4.881206964481773E-9
1994-12-16,1.991022041427726E-6
1994-12-17,5.514505292038758E-7
1994-12-18,4.305508575817983E-6
1994-12-19,2.0272459320786597E-6
1994-12-20,2.9438147321001724E-6
1994-12-21,2.8987857647713905E-6
1994-12-22,1.2791281129936892E-5
1994-12-23,1.914191855870467E-6
1994-12-24,9.573830374986923E-7
1994-12-25,4.351138045421976E-7
1994-12-26,8.523463748133508E-7
1994-12-27,1.296182176702132E-6
1994-12-28,2.1430208789752214E-6
1994-12-29,1.5608854376511769E-6
1994-12-30,2.1818926224129742E-6
1994-12-31,5.0603016497811406E-6
1995-01-01,1.026134400864708E-4
1995-01-02,7.530385092814535E-5
1995-01-03,1.0396359283800073E-9
1995-01-04,2.0489527310939196E-8
1995-01-05,2.7988170158006814E-6
1995-01-06,2.5602212758712994E-6
1995-01-07,0.0
1995-01-08,2.346282577239021E-7
1995-01-09,0.0013386762393234662
1995-01-10,5.681982015150921E-5
1995-01-11,1.256932951180274E-5
1995-01-12,9.831188429301218E-4
1995-01-13,2.7881773856782707E-4
1995-01-14,4.672538004258527E-7
1995-01-15,4.261732087229575E-7
1995-01-16,8.52346317969932E-7
1995-01-17,9.931548976486725E-6
1995-01-18,3.0497245366042232E-5
1995-01-19,6.027340368916938E-6
1995-01-20,9.534399413039057E-7
1995-01-21,6.118482764251545E-8
1995-01-22,1.0421338108922706E-8
1995-01-23,9.888590426203208E-7
1995-01-24,1.609562220261395E-6
1995-01-25,1.3469616112681485E-8
1995-01-26,4.410743663640915E-7
1995-01-27,8.583068797918258E-7
1995-01-28,4.40092342790778E-7
1995-01-29,8.534247141441922E-7
1995-01-30,0.0
1995-01-31,8.094862017328342E-9
1995-02-01,8.52346317969932E-7
1995-02-02,1.4987081164238493E-6
1995-02-03,1.2889616065661362E-6
1995-02-04,8.761930025968923E-7
1995-02-05,0.001827245788520794
1995-02-06,1.1189451492728726E-4
1995-02-07,3.5886638770902787E-6
1995-02-08,8.557451608642052E-7
1995-02-09,4.45113697148472E-5
1995-02-10,2.2080932225135733E-6
1995-02-11,9.88579196002446E-4
1995-02-12,9.012941667055144E-4
1995-02-13,0.001764813786446706
1995-02-14,0.0014375473633187175
1995-02-15,0.017891009635254248
1995-02-16,0.006412870582042404
1995-02-17,1.3837186069399048E-4
1995-02-18,0.00597056877302944
1995-02-19,9.656506674215009E-4
1995-02-20,1.6519483991233276E-4
1995-02-21,5.765648534302962E-4
1995-02-22,1.8496702215230537E-4
1995-02-23,0.027533552056177857
1995-02-24,7.295950437556804E-4
1995-02-25,2.3250699560077214E-6
1995-02-26,8.52346317969932E-7
1995-02-27,8.610763299461436E-7
1995-02-28,0.0010080992598191032
1995-03-01,9.588737672355418E-4
1995-03-02,1.9485720320244055E-4
1995-03-03,8.869644424169306E-7
1995-03-04,2.565614579452813E-6
1995-03-05,8.702278364580707E-7
1995-03-06,0.0
1995-03-07,1.5749034939665458E-4
1995-03-08,2.8522858568098564E-6
1995-03-09,1.0348985649946797E-9
1995-03-10,1.7281936379731633E-6
1995-03-11,6.19663137784017E-6
1995-03-12,1.86314941130278E-4
1995-03-13,8.612871056357108E-7
1995-03-14,0.0
1995-03-15,0.0
1995-03-16,0.0
1995-03-17,1.2904405366498395E-6
1995-03-18,4.700515297366562E-7
1995-03-19,4.3649496130371987E-7
1995-03-20,2.580785892681404E-6
1995-03-21,4.3646567578461056E-7
1995-03-22,5.762924988341256E-10
1995-03-23,2.139806611012318E-6
1995-03-24,6.492341184891719E-9
1995-03-25,7.155603142936313E-5
1995-03-26,4.5520772737574737E-4
1995-03-27,0.005303771864369783
1995-03-28,0.010575726995573579
1995-03-29,0.011993104620820528
1995-03-30,0.02069939947235723
1995-03-31,0.00783803701390111
1995-04-01,0.002442257011534165
1995-04-02,3.0780297257756447E-4
1995-04-03,6.882665424873161E-10
1995-04-04,1.1704555198791551E-6
1995-04-05,5.660093238169153E-5
1995-04-06,0.0018788988664315606
1995-04-07,0.05658876522427542
1995-04-08,0.052706767643913494
1995-04-09,0.02738531757984656
1995-04-10,0.0037049997497298156
1995-04-11,0.00612202024977997
1995-04-12,0.008769866450405948
1995-04-13,0.01178481112407399
1995-04-14,0.017801670789942922
1995-04-15,0.0074235836916360315
1995-04-16,0.0031635776143897577
1995-04-17,5.029396289517071E-4
1995-04-18,0.0017787411377843446
1995-04-19,0.002425565752301262
1995-04-20,0.019261961810070664
1995-04-21,0.0024440645766399542
1995-04-22,2.6165111604108983E-4
1995-04-23,8.412111803204557E-4
1995-04-24,0.005099269849802718
1995-04-25,0.010428858022022465
1995-04-26,0.011450754305224176
1995-04-27,0.007574975753273429
1995-04-28,0.01306849227120526
1995-04-29,0.021402219346907447
1995-04-30,0.029380356720244964
1995-05-01,0.030137179375821124
1995-05-02,0.02103894283661264
1995-05-03,0.024951407402393114
1995-05-04,0.024210656238297525
1995-05-05,0.014120764545835518
1995-05-06,0.014688720187916374
1995-05-07,0.009647691475441566
1995-05-08,0.011320898172033588
1995-05-09,0.006425407235172099
1995-05-10,0.005731793279420431
1995-05-11,0.005472176683517551
1995-05-12,0.015290792748934962
1995-05-13,0.004693203450450169
1995-05-14,0.02905856006140966
1995-05-15,0.027734677038785353
1995-05-16,0.08912494926955662
1995-05-17,0.08818933295010575
1995-05-18,0.004882182754074474
1995-05-19,0.0016306297442250045
1995-05-20,0.0035967192639505263
1995-05-21,0.016584069999243493
1995-05-22,0.010370618109924205
1995-05-23,0.005455395980536194
1995-05-24,0.006577238595606464
1995-05-25,0.012857985515407651
1995-05-26,0.008348527815882384
1995-05-27,0.003741283359899688
1995-05-28,0.002177932249929821
1995-05-29,0.0034794969649968
1995-05-30,0.008069985733297518
1995-05-31,0.00717955121534168
1995-06-01,0.006419332401254919
1995-06-02,0.010395084216812098
1995-06-03,0.024571287084165682
1995-06-04,0.02580954328212195
1995-06-05,0.025184237346311516
1995-06-06,0.02663634716904115
1995-06-07,0.014707924154177925
1995-06-08,0.02227786613759141
1995-06-09,0.016253260337662924
1995-06-10,0.017471451299337984
1995-06-11,0.0209739489008247
1995-06-12,0.054474963191686696
1995-06-13,0.07282048922828857
1995-06-14,0.02239849441042865
1995-06-15,0.025042446297377213
1995-06-16,0.058946986602617144
1995-06-17,0.0993713239705287
1995-06-18,0.04078629113671377
1995-06-19,0.03474721633094385
1995-06-20,0.032490432173272084
1995-06-21,0.018116307625696725
1995-06-22,0.02048554954665869
1995-06-23,0.028680749979070514
1995-06-24,0.02088999011720234
1995-06-25,0.007309346560758263
1995-06-26,0.0076562487153131915
1995-06-27,0.01468944880182179
1995-06-28,0.013004344343014385
1995-06-29,0.01435755954738573
1995-06-30,0.01925768968816093
1995-07-01,0.057151160158039026
1995-07-02,0.04288865314201497
1995-07-03,0.05800243464849623
1995-07-04,0.05492899096764628
1995-07-05,0.09195028094952662
1995-07-06,0.021428259856543102
1995-07-07,0.011979832691142285
1995-07-08,0.010600102503279737
1995-07-09,0.016160417999204882
1995-07-10,0.025517171610274288
1995-07-11,0.027167213927152704
1995-07-12,0.0171795897375297
1995-07-13,0.02485825539237694
1995-07-14,0.014095050454235628
1995-07-15,0.016837044726832756
1995-07-16,0.02120139472261331
1995-07-17,0.01332975473104185
1995-07-18,0.013062159485337368
1995-07-19,0.012833853832559097
1995-07-20,0.015022308388342072
1995-07-21,0.011013103631558437
1995-07-22,0.011482766378625752
1995-07-23,0.011066943422560887
1995-07-24,0.01484772945386141
1995-07-25,0.01436636087436208
1995-07-26,0.018874573913920112
1995-07-27,0.01717123148150803
1995-07-28,0.009206326664579746
1995-07-29,0.007618934014331178
1995-07-30,0.020386966994473704
1995-07-31,0.009304573230574589
1995-08-01,0.012373647922380809
1995-08-02,0.023545291633964273
1995-08-03,0.021059887356996897
1995-08-04,0.011507341437195586
1995-08-05,0.011338059019206526
1995-08-06,0.01558162857506628
1995-08-07,0.006800724552529751
1995-08-08,0.012956626531023177
1995-08-09,0.010385443788732412
1995-08-10,0.016580222875122057
1995-08-11,0.027151516891226954
1995-08-12,0.06727373806285376
1995-08-13,0.05310250780381635
1995-08-14,0.03680628858386038
1995-08-15,0.005816973129964247
1995-08-16,0.01563996228791057
1995-08-17,0.010352607457690692
1995-08-18,0.027403918022795914
1995-08-19,0.021589644953948082
1995-08-20,0.01269149890840006
1995-08-21,0.01209512943685381
1995-08-22,0.011258883000920691
1995-08-23,0.010318229255362844
1995-08-24,0.015174150600312776
1995-08-25,0.01680264503926555
1995-08-26,0.013125179564586115
1995-08-27,0.01620923477004823
1995-08-28,0.017830915128909094
1995-08-29,0.013038172050879874
1995-08-30,0.00695328920821092
1995-08-31,0.013121567224815252
1995-09-01,0.01637109154696215
1995-09-02,0.02021438085853562
1995-09-03,0.02535627086469204
1995-09-04,0.012539059934195977
1995-09-05,0.014397762877177669
1995-09-06,0.016597779374575
1995-09-07,0.002728489829793151
1995-09-08,0.014190987046657277
1995-09-09,0.017731076568968034
1995-09-10,0.0063464983289986026
1995-09-11,0.006554903008603638
1995-09-12,0.00996073910228951
1995-09-13,0.0019471427752768195
1995-09-14,0.00188163771889344
1995-09-15,0.00437902138239705
1995-09-16,0.028008818406671472
1995-09-17,0.02864601016647554
1995-09-18,0.008121400696866087
1995-09-19,0.008076336516030114
1995-09-20,0.012027530641740416
1995-09-21,0.018390941482817863
1995-09-22,0.03268857735247387
1995-09-23,0.026032049539588105
1995-09-24,0.03563773733299937
1995-09-25,0.022338413624463756
1995-09-26,0.00829681941012531
1995-09-27,0.007679258114823731
1995-09-28,0.009323165057537828
1995-09-29,0.00907861203118419
1995-09-30,0.007293586371676436
1995-10-01,0.002558118700085695
1995-10-02,0.002802290200647592
1995-10-03,0.007220700618331832
1995-10-04,0.009929196840593582
1995-10-05,0.0049231606080130915
1995-10-06,0.007804619358007284
1995-10-07,0.013236732797615804
1995-10-08,0.015066958842844461
1995-10-09,8.119973763799437E-4
1995-10-10,0.005100212709574879
1995-10-11,0.0065787299128059595
1995-10-12,0.0031106772700141626
1995-10-13,5.465119107672283E-4
1995-10-14,6.708330178708702E-4
1995-10-15,2.1609913062498062E-4
1995-10-16,0.0010786591836310538
1995-10-17,0.01203985863036848
1995-10-18,0.015474677230581385
1995-10-19,0.003217448267415774
1995-10-20,0.0029944626825598765
1995-10-21,0.006327725255753351
1995-10-22,0.004714071460369694
1995-10-23,3.9175924882723436E-4
1995-10-24,9.019130905334999E-5
1995-10-25,0.0010056113236384585
1995-10-26,3.398136673524931E-4
1995-10-27,6.976786877042925E-6
1995-10-28,8.583068833445395E-7
1995-10-29,4.871429846116504E-7
1995-10-30,1.6935498465279333E-4
1995-10-31,0.001441306918428813
1995-11-01,0.006719517471943158
1995-11-02,0.003594493524015296
1995-11-03,0.0011295826982850848
1995-11-04,5.741882082716236E-4
1995-11-05,4.59739184447536E-4
1995-11-06,1.2926803017820554E-4
1995-11-07,8.35162711281308E-8
1995-11-08,1.668387486170683E-5
1995-11-09,0.021952219365030022
1995-11-10,0.041055496961764665
1995-11-11,0.012412016453679599
1995-11-12,0.0029650206428563012
1995-11-13,4.876995275667079E-5
1995-11-14,1.1250771894020215E-6
1995-11-15,3.880691695424983E-6
1995-11-16,2.302385714239995E-4
1995-11-17,5.9234943776944E-4
1995-11-18,0.003955674865165206
1995-11-19,0.0024058495638515226
1995-11-20,6.205895544823596E-4
1995-11-21,2.4636459143864627E-4
1995-11-22,5.105482757094488E-6
1995-11-23,2.0567917883028526E-6
1995-11-24,0.0018060621553600963
1995-11-25,0.023536110510785815
1995-11-26,4.18083877978637E-4
1995-11-27,3.1114287809454145E-4
1995-11-28,2.093156584874255E-5
1995-11-29,3.308828898592491E-5
1995-11-30,2.904020936506842E-6
1995-12-01,8.713080531599896E-5
1995-12-02,5.135585290159105E-6
1995-12-03,1.1955516014484998E-5
1995-12-04,7.906578852615545E-6
1995-12-05,3.318471845779189E-6
1995-12-06,3.299753014751943E-5
1995-12-07,6.36198885604376E-5
1995-12-08,8.277379606164886E-6
1995-12-09,2.3484176207829073E-5
1995-12-10,1.4982390173556551E-5
1995-12-11,9.115588929615785E-6
1995-12-12,9.578805306747292E-6
1995-12-13,2.789064417857461E-5
1995-12-14,5.731785815239581E-6
1995-12-15,1.3251438199509368E-6
1995-12-16,9.373812267421146E-7
1995-12-17,8.187285290641527E-6
1995-12-18,2.843478553453722E-5
1995-12-19,5.681006721870191E-5
1995-12-20,9.254776065376E-6
1995-12-21,2.1064699325956292E-5
1995-12-22,1.006994912754034E-5
1995-12-23,5.738503558108663E-4
1995-12-24,0.001060433131508056
1995-12-25,8.255096873796058E-7
1995-12-26,1.6558132414722636E-5
1995-12-27,4.517523834346192E-7
1995-12-28,2.3545385046376506E-6
1995-12-29,6.780377128570186E-6
1995-12-30,2.390025830153998E-6
1995-12-31,1.418317893626277E-6
1996-01-01,2.7827724728281106E-6
1996-01-02,8.735884993062546E-6
1996-01-03,2.264491964285294E-6
1996-01-04,4.988246621047765E-5
1996-01-05,3.181309629129659E-4
1996-01-06,2.756115137832486E-4
1996-01-07,1.1901933748262404E-5
1996-01-08,1.1249901941834909E-6
1996-01-09,2.132523265145196E-6
1996-01-10,4.933503149561801E-7
1996-01-11,3.653066867014665E-4
1996-01-12,6.653976913711283E-4
1996-01-13,9.648552204492583E-6
1996-01-14,1.808471809301746E-6
1996-01-15,4.351138045421976E-7
1996-01-16,8.53935621214427E-4
1996-01-17,9.559874623327408E-5
1996-01-18,1.8714102620334292E-5
1996-01-19,4.602390686290628E-7
1996-01-20,1.039116965393409E-6
1996-01-21,3.8550940552198824E-8
1996-01-22,4.237127958694635E-7
1996-01-23,4.186950564737892E-6
1996-01-24,3.527669901051786E-5
1996-01-25,1.3580646727886147E-6
1996-01-26,1.2904405366498395E-6
1996-01-27,1.5262050057080643E-5
1996-01-28,5.4582637772394765E-5
1996-01-29,3.1321614538167994E-5
1996-01-30,3.7756422194313065E-6
1996-01-31,2.146072517916764E-6
1996-02-01,3.0099718060228042E-6
1996-02-02,8.553265615773853E-7
1996-02-03,3.0627023657723983E-6
1996-02-04,1.722829389225051E-6
1996-02-05,8.52346317969932E-7
1996-02-06,1.2836971152055255E-6
1996-02-07,8.529415030788888E-7
1996-02-08,8.70227722771233E-7
1996-02-09,0.0
1996-02-10,2.567564138189482E-6
1996-02-11,4.8448585103012936E-5
1996-02-12,1.2053463715693857E-4
1996-02-13,4.5735400295871473E-7
1996-02-14,-8.828722672655405E-11
1996-02-15,0.0
1996-02-16,8.553266184208042E-7
1996-02-17,8.672475573234806E-7
1996-02-18,5.5987021826595245E-11
1996-02-19,1.716613724056515E-6
1996-02-20,0.014370846000150006
1996-02-21,0.026802443170276455
1996-02-22,0.016222666381728458
1996-02-23,0.00251611756358982
1996-02-24,0.0012034626494484154
1996-02-25,0.010261440752458766
1996-02-26,0.015676783809508748
1996-02-27,0.002593256956924592
1996-02-28,5.4570662137057356E-5
1996-02-29,4.410743663640915E-7
1996-03-01,1.0349021177083593E-9
1996-03-02,0.0
1996-03-03,4.351138045421976E-7
1996-03-04,8.52346317969932E-7
1996-03-05,5.107423286972335E-5
1996-03-06,3.2378788936422766E-6
1996-03-07,1.4244857172403935E-5
1996-03-08,6.227284208036662E-4
1996-03-09,3.486309523527333E-5
1996-03-10,2.755557603574213E-4
1996-03-11,9.066732680005145E-4
1996-03-12,0.016155936879714276
1996-03-13,0.009999890828439429
1996-03-14,0.019622747944990068
1996-03-15,0.008894111654550608
1996-03-16,0.004671431333960064
1996-03-17,0.002473285963492174
1996-03-18,4.4186929995029166E-4
1996-03-19,1.480240870073352E-7
1996-03-20,2.2837989648708795E-4
1996-03-21,7.791925363320938E-5
1996-03-22,0.039025715544189356
1996-03-23,0.019096614522505353
1996-03-24,0.0027770317644354838
1996-03-25,0.01936954245961141
1996-03-26,0.059936602396273714
1996-03-27,0.0034043280043870726
1996-03-28,0.030664581907105574
1996-03-29,0.034345643243412084
1996-03-30,0.031120170052082542
1996-03-31,0.04469638695854776
1996-04-01,0.006578981695389826
1996-04-02,0.0011140041679505506
1996-04-03,3.965560707306633E-5
1996-04-04,0.0023667288135596873
1996-04-05,3.9392681910812525E-4
1996-04-06,0.0018226956780429686
1996-04-07,9.346537750547592E-4
1996-04-08,0.0012926217526025169
1996-04-09,0.0029070101590507012
1996-04-10,0.0011541722977271534
1996-04-11,0.001562303371425998
1996-04-12,6.708936102197944E-5
1996-04-13,2.9826702602843722E-5
1996-04-14,1.7527877315516546E-6
1996-04-15,6.968526777677259E-5
1996-04-16,3.880991665890159E-5
1996-04-17,3.3930312293562105E-4
1996-04-18,0.010987817828435791
1996-04-19,0.021063231358880607
1996-04-20,0.0138930493916218
1996-04-21,0.005235620203838878
1996-04-22,0.03175515985643933
1996-04-23,0.06092498669476178
1996-04-24,0.06579545714176459
1996-04-25,0.02476966872854385
1996-04-26,0.009462888261010199
1996-04-27,5.087953323118988E-4
1996-04-28,0.0032450520354888354
1996-04-29,0.002113624929130427
1996-04-30,0.014628220148824204
1996-05-01,0.013771235573326237
1996-05-02,0.02915287900904184
1996-05-03,0.012641625685550927
1996-05-04,0.00815231579017383
1996-05-05,0.008673056459719261
1996-05-06,0.007012055295309579
1996-05-07,0.006859247434690508
1996-05-08,0.010515345152323309
1996-05-09,0.01810710142017205
1996-05-10,0.027846270183829704
1996-05-11,0.04905744940549068
1996-05-12,0.11208449078699549
1996-05-13,0.07497608782998623
1996-05-14,0.07542959422690229
1996-05-15,0.04799716151043755
1996-05-16,0.029767153286653813
1996-05-17,0.0268060069165311
1996-05-18,0.022160823730632013
1996-05-19,0.0033182566522468606
1996-05-20,0.003086218889049023
1996-05-21,0.001918904228792714
1996-05-22,0.0041139467671207006
1996-05-23,0.01096143468514554
1996-05-24,0.007320046815477896
1996-05-25,0.012186196975609133
1996-05-26,0.04182596648081371
1996-05-27,0.025415454112709273
1996-05-28,0.033466764159645584
1996-05-29,0.03902723554756394
1996-05-30,0.048689340980066755
1996-05-31,0.02376333353998448
1996-06-01,0.02445524066729698
1996-06-02,0.0354099611083736
1996-06-03,0.038780618035013356
1996-06-04,0.03297349276192818
1996-06-05,0.028077300676076212
1996-06-06,0.021176876335301114
1996-06-07,0.01242660917987714
1996-06-08,0.0060532358201721625
1996-06-09,0.007462684926011662
1996-06-10,0.005042041828660268
1996-06-11,0.014442211249913796
1996-06-12,0.00806794453304627
1996-06-13,0.004820235375030043
1996-06-14,0.007533228731271866
1996-06-15,0.0029967414927964966
1996-06-16,0.023889524562854994
1996-06-17,0.033100735854379
1996-06-18,0.031254780290674626
1996-06-19,0.012564953465682236
1996-06-20,0.03204274796935452
1996-06-21,0.05370267654462807
1996-06-22,0.01721691623018417
1996-06-23,0.04922307232165836
1996-06-24,0.0353877429887458
1996-06-25,0.03323157163541444
1996-06-26,0.02290395193954529
1996-06-27,0.020801976356742694
1996-06-28,0.02520928555482419
1996-06-29,0.02145607294273617
1996-06-30,0.0430938436603443
1996-07-01,0.0676574029723616
1996-07-02,0.11182334348269075
1996-07-03,0.0637950661524355
1996-07-04,0.026868435600117143
1996-07-05,0.01200359700428406
1996-07-06,0.012786333445522786
1996-07-07,0.01211188606261622
1996-07-08,0.008402314211070046
1996-07-09,0.010279396392609571
1996-07-10,0.014648666808267026
1996-07-11,0.02259264199230556
1996-07-12,0.01644578342988322
1996-07-13,0.009365449367116311
1996-07-14,0.02214611591273134
1996-07-15,0.02611180332827539
1996-07-16,0.026727545291752502
1996-07-17,0.01991126036238657
1996-07-18,0.012103764752862768
1996-07-19,0.017594666691093785
1996-07-20,0.012283282038345602
1996-07-21,0.007512198880128787
1996-07-22,0.008815661352235457
1996-07-23,0.010620675735563218
1996-07-24,0.012338275688048385
1996-07-25,0.02292104880088345
1996-07-26,0.02049576002049309
1996-07-27,0.018833699850736352
1996-07-28,0.015205793163803912
1996-07-29,0.012465827195199031
1996-07-30,0.020105570267340434
1996-07-31,0.04006616516437144
1996-08-01,0.021953804025243474
1996-08-02,0.04377092726133085
1996-08-03,0.020181457181541903
1996-08-04,0.011628415805837332
1996-08-05,0.021549366266396697
1996-08-06,0.01362652028777904
1996-08-07,0.013297290959093972
1996-08-08,0.026276211327611113
1996-08-09,0.009713504595797862
1996-08-10,0.008887599204613537
1996-08-11,0.016529644598506088
1996-08-12,0.012165436389816939
1996-08-13,0.01023751929512963
1996-08-14,0.020298198007831142
1996-08-15,0.022416848227606007
1996-08-16,0.03351608121412198
1996-08-17,0.029782149617681625
1996-08-18,0.02779863513154026
1996-08-19,0.015851163744840326
1996-08-20,0.01616219910228889
1996-08-21,0.020155974427050187
1996-08-22,0.004792105277321934
1996-08-23,0.0012132408499039068
1996-08-24,0.008022173841345601
1996-08-25,0.013289071500644475
1996-08-26,0.008180074892849595
1996-08-27,0.015681364424306385
1996-08-28,0.019077515877913204
1996-08-29,0.025572914717585153
1996-08-30,0.022102254179940564
1996-08-31,0.024237955778062006
1996-09-01,0.0114193689589566
1996-09-02,0.00895885391894976
1996-09-03,0.016074514816930213
1996-09-04,0.01784427845548309
1996-09-05,0.01618912054829465
1996-09-06,0.010244486866728773
1996-09-07,0.011615724970049139
1996-09-08,0.0036119756951451458
1996-09-09,0.002060875321139448
1996-09-10,0.0028370416366812826
1996-09-11,0.00883487008770422
1996-09-12,0.0019444072108737312
1996-09-13,0.002283725856528805
1996-09-14,4.581405142363173E-4
1996-09-15,0.005499874000259906
1996-09-16,0.031118969276792467
1996-09-17,0.010374752302045775
1996-09-18,0.02437083179464919
1996-09-19,0.024365607411789076
1996-09-20,0.016570096094209695
1996-09-21,0.0365409402773215
1996-09-22,0.023314281068526944
1996-09-23,0.005473433199817733
1996-09-24,0.014454596182169944
1996-09-25,0.009965376930556555
1996-09-26,0.01716049895902426
1996-09-27,0.025514420685112654
1996-09-28,0.013663562854614572
1996-09-29,0.0029179900332348286
1996-09-30,0.0017712350795383144
1996-10-01,0.002825005209469386
1996-10-02,0.01576334427589971
1996-10-03,0.009666044893804166
1996-10-04,0.009287850730159232
1996-10-05,0.022568796246899354
1996-10-06,0.023583126887202963
1996-10-07,0.0023075985843893686
1996-10-08,5.967724455680809E-4
1996-10-09,5.9690816288568884E-5
1996-10-10,1.5210593631853287E-5
1996-10-11,1.4515150961268007E-6
1996-10-12,4.463817902727623E-4
1996-10-13,6.242064261257345E-4
1996-10-14,3.4822806878001224E-4
1996-10-15,6.361596683559532E-4
1996-10-16,2.0180722662001572E-4
1996-10-17,9.340136590445568E-5
1996-10-18,2.623662090749706E-5
1996-10-19,1.4341832757685228E-4
1996-10-20,3.377169628910776E-5
1996-10-21,3.0672792961849235E-6
1996-10-22,1.2704945368573852E-6
1996-10-23,5.6730087502357465E-5
1996-10-24,1.6947763675757068E-4
1996-10-25,8.604768628147473E-5
1996-10-26,0.006437858642870293
1996-10-27,0.027533012238827977
1996-10-28,0.041421046378032164
1996-10-29,0.07565573594533051
1996-10-30,0.012645894711204878
1996-10-31,0.001112237286274832
1996-11-01,3.48853353313717E-5
1996-11-02,3.811790716599437E-4
1996-11-03,2.0534103574780375E-4
1996-11-04,4.003492876284385E-4
1996-11-05,0.0015588315180099083
1996-11-06,0.004314494481395783
1996-11-07,0.001773344329871944
1996-11-08,4.1072925908028064E-4
1996-11-09,1.8396726986630375E-4
1996-11-10,5.609057876520275E-5
1996-11-11,4.366663968287451E-5
1996-11-12,5.9606787740843616E-5
1996-11-13,4.922154921362465E-5
1996-11-14,9.300452856763455E-5
1996-11-15,5.890491122455266E-5
1996-11-16,3.1380015888319477E-5
1996-11-17,3.303318913838067E-5
1996-11-18,6.569461913131503E-6
1996-11-19,5.087466076627271E-6
1996-11-20,1.5012452700104691E-6
1996-11-21,1.4103862936097074E-7
1996-11-22,2.6152450279022103E-5
1996-11-23,4.99172329029345E-6
1996-11-24,3.245744481321609E-5
1996-11-25,1.090564896058544E-6
1996-11-26,1.9714816639967115E-6
1996-11-27,4.230207101458071E-8
1996-11-28,4.255788863738838E-8
1996-11-29,0.0
1996-11-30,2.5335577709226316E-6
1996-12-01,6.85004225055824E-6
1996-12-02,2.0177342085618376E-6
1996-12-03,5.279784069249332E-6
1996-12-04,9.608234284241075E-9
1996-12-05,2.31523562028918E-7
1996-12-06,3.910478139888345E-9
1996-12-07,2.8557687825550235E-9
1996-12-08,3.0916299444491527E-6
1996-12-09,4.5775501301229167E-7
1996-12-10,3.2359637276974725E-8
1996-12-11,1.3840036551085185E-6
1996-12-12,4.777527563708903E-7
1996-12-13,8.709074211901944E-7
1996-12-14,1.11873268696205E-5
1996-12-15,3.962359488019302E-6
1996-12-16,8.600464049272965E-7
1996-12-17,4.417831508499412E-7
1996-12-18,1.3640669718406996E-6
1996-12-19,1.0555716393050808E-6
1996-12-20,1.2778536984114908E-6
1996-12-21,4.814060275354199E-7
1996-12-22,2.3583963845360924E-6
1996-12-23,1.9876186287037222E-6
1996-12-24,8.973732719876173E-6
1996-12-25,1.3306218132870555E-6
1996-12-26,5.729625679854025E-8
1996-12-27,8.115593418998587E-7
1996-12-28,2.733390582094123E-6
1996-12-29,1.3164267316020057E-6
1996-12-30,3.0337569802408224E-6
1996-12-31,4.699094557913749E-6
1997-01-01,3.009568601681831E-6
1997-01-02,2.1301313848203595E-6
1997-01-03,9.195755337793077E-7
1997-01-04,3.23543722075461E-6
1997-01-05,7.224935622448714E-7
1997-01-06,4.841865253724805E-7
1997-01-07,8.565042270480378E-7
1997-01-08,1.2880108215540531E-6
1997-01-09,0.0
1997-01-10,8.689272724272392E-7
1997-01-11,2.5749206429281912E-6
1997-01-12,4.489024831855204E-7
1997-01-13,4.351138045421976E-7
1997-01-14,2.5848512450465932E-6
1997-01-15,7.744265533159117E-5
1997-01-16,9.075117024390056E-4
1997-01-17,0.0015368021141994755
1997-01-18,3.1306788184069955E-6
1997-01-19,3.6129293854131686E-6
1997-01-20,0.0019458921330092944
1997-01-21,0.0013239262919560423
1997-01-22,0.001442742377153791
1997-01-23,1.227188235601075E-4
1997-01-24,9.766691620452183E-7
1997-01-25,5.864671169484277E-6
1997-01-26,6.3744627163021896E-6
1997-01-27,1.967254746166957E-7
1997-01-28,4.351138045421976E-7
1997-01-29,1.5046154205549233E-6
1997-01-30,4.6009306033423123E-7
1997-01-31,0.0014799715173677095
1997-02-01,0.003375592708841234
1997-02-02,6.383787173053003E-4
1997-02-03,4.99508533267279E-4
1997-02-04,0.002901412057257707
1997-02-05,0.0011469156404000306
1997-02-06,9.34116727424848E-4
1997-02-07,3.1789779059651396E-4
1997-02-08,2.224888973110035E-6
1997-02-09,7.211409080147567E-7
1997-02-10,7.582768259102669E-5
1997-02-11,5.119743790680063E-5
1997-02-12,2.474571334219537E-5
1997-02-13,2.3726991499233135E-5
1997-02-14,8.573111621118753E-6
1997-02-15,2.15368146870782E-6
1997-02-16,5.795451377523521E-4
1997-02-17,0.0013084949206077028
1997-02-18,5.54579177688312E-5
1997-02-19,0.005115234480497818
1997-02-20,0.010031137892793376
1997-02-21,4.496550284369144E-5
1997-02-22,2.2128914282503075E-5
1997-02-23,2.0763380334556453E-4
1997-02-24,1.5573005455766802E-9
1997-02-25,6.628002045471546E-9
1997-02-26,0.004526883406790695
1997-02-27,0.0032227642988204358
1997-02-28,0.002127838632517132
1997-03-01,4.374885156064426E-7
1997-03-02,4.35340336645896E-7
1997-03-03,3.7041013640475415E-8
1997-03-04,2.444999755462471E-5
1997-03-05,2.951143954876141E-6
1997-03-06,4.351138045421976E-7
1997-03-07,6.261480320749194E-6
1997-03-08,5.767181769121505E-6
1997-03-09,5.101752763538693E-8
1997-03-10,9.214463571784979E-7
1997-03-11,3.423974210334753E-5
1997-03-12,1.3545934013637577E-6
1997-03-13,0.012137681300068181
1997-03-14,0.0262745397545537
1997-03-15,0.013244035316920429
1997-03-16,0.020428229247089702
1997-03-17,0.02116947134826197
1997-03-18,0.003743325236891827
1997-03-19,0.006562528461552937
1997-03-20,0.016443988835449858
1997-03-21,0.01920918875561181
1997-03-22,0.017479807417482656
1997-03-23,0.011528603947362583
1997-03-24,0.004031720774608894
1997-03-25,0.009436974360935954
1997-03-26,3.6131976083318446E-4
1997-03-27,2.7947979124119866E-4
1997-03-28,7.147662995416377E-4
1997-03-29,0.02391931375241005
1997-03-30,0.010450203511302877
1997-03-31,0.006616006544543892
1997-04-01,0.0028645412175531356
1997-04-02,0.007866092305578571
1997-04-03,0.011546216753045587
1997-04-04,0.0033694154209311994
1997-04-05,0.006143064068231971
1997-04-06,0.004663957763527859
1997-04-07,0.007988466977900854
1997-04-08,0.007046040449844941
1997-04-09,0.0013208130289788414
1997-04-10,0.011172118733838601
1997-04-11,0.010229173172157621
1997-04-12,0.008790450023292675
1997-04-13,9.619718406758559E-4
1997-04-14,0.0038838235124180874
1997-04-15,0.013281992025716463
1997-04-16,0.01323360927144572
1997-04-17,0.004956041531377381
1997-04-18,9.859279890866736E-4
1997-04-19,0.0018655776077098965
1997-04-20,0.00814975291447488
1997-04-21,0.0034614081361120123
1997-04-22,0.010519682083676662
1997-04-23,0.006282554617134834
1997-04-24,0.001310667592838321
1997-04-25,0.007012740089268079
1997-04-26,0.0029622512235109844
1997-04-27,0.003904766441581233
1997-04-28,0.02139211099907603
1997-04-29,0.0036225440765574584
1997-04-30,0.0032360502667347917
1997-05-01,0.004058234876256194
1997-05-02,0.003181607506177286
1997-05-03,0.008647039582188425
1997-05-04,0.012469609051598288
1997-05-05,0.010931228598143678
1997-05-06,0.014035458153948821
1997-05-07,0.0030133406490604323
1997-05-08,4.913199074103355E-4
1997-05-09,0.018801651119841317
1997-05-10,0.01602256573650535
1997-05-11,0.00840441787895889
1997-05-12,0.0086405363491691
1997-05-13,0.005963000608383421
1997-05-14,0.002773238187063636
1997-05-15,0.0056097215097588825
1997-05-16,0.0021448128952174348
1997-05-17,7.914068993152328E-4
1997-05-18,0.003538635686347277
1997-05-19,0.029472440971282723
1997-05-20,0.04281819807397695
1997-05-21,0.013242038360474273
1997-05-22,0.015144683760784618
1997-05-23,0.03122906353970456
1997-05-24,0.014906399823682165
1997-05-25,0.016824725745447244
1997-05-26,0.02330285245886429
1997-05-27,0.06600270945212745
1997-05-28,0.01658762448612665
1997-05-29,0.007437965355682882
1997-05-30,0.007530728708527347
1997-05-31,0.011307216088551316
1997-06-01,0.026060225471332434
1997-06-02,0.032907435942859345
1997-06-03,0.017716064686660836
1997-06-04,0.009750251973275212
1997-06-05,0.024095102800007852
1997-06-06,0.03342563968388676
1997-06-07,0.033841122766962474
1997-06-08,0.03131586608556976
1997-06-09,0.02604211894892057
1997-06-10,0.021574248656797967
1997-06-11,0.02319528202596722
1997-06-12,0.01443112789850153
1997-06-13,0.012274893100472375
1997-06-14,0.009640064465580654
1997-06-15,0.021947564189403055
1997-06-16,0.04804654772259357
1997-06-17,0.01708644344409904
1997-06-18,0.008392834571643224
1997-06-19,0.026641164373709315
1997-06-20,0.014872077136423094
1997-06-21,0.013140535813814382
1997-06-22,0.004483096243803588
1997-06-23,0.013998906749757041
1997-06-24,0.018229604699629195
1997-06-25,0.019267503277762433
1997-06-26,0.018529560159395157
1997-06-27,0.03528330081546238
1997-06-28,0.023157448857390683
1997-06-29,0.028087081845452926
1997-06-30,0.018416579066788886
1997-07-01,0.014156490029599313
1997-07-02,0.017629288611277542
1997-07-03,0.0362597877781939
1997-07-04,0.015245993838114891
1997-07-05,0.018865031609801568
1997-07-06,0.0178481802119351
1997-07-07,0.021400880757520675
1997-07-08,0.027616834866921347
1997-07-09,0.05392368581856609
1997-07-10,0.10596721091194652
1997-07-11,0.08676238783995885
1997-07-12,0.05844402262202429
1997-07-13,0.027240694283641145
1997-07-14,0.023733964240644213
1997-07-15,0.016276871327606246
1997-07-16,0.017358952730016558
1997-07-17,0.016993133981271138
1997-07-18,0.011485909948701464
1997-07-19,0.01407429065916856
1997-07-20,0.01800173009147726
1997-07-21,0.01997227974311914
1997-07-22,0.013116735763458807
1997-07-23,0.011466803917219881
1997-07-24,0.008725577559688186
1997-07-25,0.01216750658706252
1997-07-26,0.025583482717123036
1997-07-27,0.022866298297064835
1997-07-28,0.014318790605474767
1997-07-29,0.018474826508623338
1997-07-30,0.014147549430651149
1997-07-31,0.018404275193982734
1997-08-01,0.01793366761986336
1997-08-02,0.015042268608863655
1997-08-03,0.013406383911567617
1997-08-04,0.017656167469100457
1997-08-05,0.02702514468244927
1997-08-06,0.006453685492191013
1997-08-07,0.013845709121752998
1997-08-08,0.012974570148080764
1997-08-09,0.04652580383798982
1997-08-10,0.024483333148191434
1997-08-11,0.039742527062320995
1997-08-12,0.028429125887960417
1997-08-13,0.04250978594844927
1997-08-14,0.0409401636118475
1997-08-15,0.0087628533979939
1997-08-16,0.006613574269121786
1997-08-17,0.015665017532998773
1997-08-18,0.0109787093967668
1997-08-19,0.01600608449658277
1997-08-20,0.01522311430109739
1997-08-21,0.011281341405361921
1997-08-22,0.0016759376987636526
1997-08-23,0.0015254396837351936
1997-08-24,0.0020635654252125434
1997-08-25,0.0068192186984814005
1997-08-26,0.002872673650669924
1997-08-27,0.02382612753959392
1997-08-28,0.024208048430006745
1997-08-29,0.015949451647741947
1997-08-30,0.024523455231077268
1997-08-31,0.01288011389708266
1997-09-01,0.00421638512068746
1997-09-02,0.011724479591821843
1997-09-03,0.014881542445267546
1997-09-04,0.021061519773709295
1997-09-05,0.04124797975232455
1997-09-06,0.033283379132934755
1997-09-07,0.015576548826138263
1997-09-08,0.009662927790483307
1997-09-09,0.006417088633925778
1997-09-10,0.007201281749358065
1997-09-11,0.008937541852343295
1997-09-12,0.0161147973568138
1997-09-13,0.02139697341679597
1997-09-14,0.008320233249504297
1997-09-15,0.01116153186714719
1997-09-16,0.008926642315368815
1997-09-17,0.010435937336409564
1997-09-18,0.014974630122714761
1997-09-19,0.01619799680189094
1997-09-20,0.005443868203749223
1997-09-21,0.022871645425440956
1997-09-22,0.017731328675814922
1997-09-23,0.011753236584666841
1997-09-24,7.600144740424282E-4
1997-09-25,0.016928563770714895
1997-09-26,0.07001394229731121
1997-09-27,0.058999028231276104
1997-09-28,0.01979963037664491
1997-09-29,0.02722867980373961
1997-09-30,0.009430665819975688
1997-10-01,0.002842699474509742
1997-10-02,8.047267345500194E-4
1997-10-03,1.714791000061642E-4
1997-10-04,2.192906259009014E-5
1997-10-05,2.3248405712541757E-5
1997-10-06,1.0632204205737088E-4
1997-10-07,0.004058765987682559
1997-10-08,0.012583178591866027
1997-10-09,0.002657666864218069
1997-10-10,0.0031352930295453683
1997-10-11,1.870873959081772E-4
1997-10-12,8.15382669022014E-5
1997-10-13,2.3420041351649115E-4
1997-10-14,1.511964459305643E-4
1997-10-15,1.259946787643383E-4
1997-10-16,3.5201639689464035E-5
1997-10-17,6.2611762795224155E-6
1997-10-18,2.9619609203195035E-4
1997-10-19,2.3688713650089525E-4
1997-10-20,1.4403482220765485E-5
1997-10-21,3.5676954404342235E-6
1997-10-22,1.8784985533003806E-5
1997-10-23,1.5254934571381938E-6
1997-10-24,1.3971911808418605E-4
1997-10-25,1.5508062315624064E-5
1997-10-26,0.0
1997-10-27,2.5910176191246137E-6
1997-10-28,3.0321650562176708E-6
1997-10-29,7.0884212676522865E-6
1997-10-30,5.1839734915711514E-5
1997-10-31,3.084800434599841E-6
1997-11-01,1.7317742050717782E-6
1997-11-02,0.0
1997-11-03,8.524282019990974E-7
1997-11-04,1.717801239919936E-6
1997-11-05,1.28785633795147E-6
1997-11-06,4.244758468150733E-6
1997-11-07,1.294521780716891E-4
1997-11-08,5.24309319740086E-4
1997-11-09,5.07265107799641E-4
1997-11-10,0.002243675201219868
1997-11-11,0.0030642545928510723
1997-11-12,2.089703331475088E-4
1997-11-13,1.1978525383473737E-5
1997-11-14,4.348640617126086E-5
1997-11-15,4.110379801320204E-6
1997-11-16,3.7325255443595056E-8
1997-11-17,1.3096853839238994E-6
1997-11-18,1.0827536417609264E-6
1997-11-19,1.1101583172445853E-6
1997-11-20,8.328730150319092E-6
1997-11-21,2.1748691366587077E-5
1997-11-22,1.77595249802004E-6
1997-11-23,4.351138045421976E-7
1997-11-24,8.28112428822309E-5
1997-11-25,3.3631826100081574E-4
1997-11-26,3.0763649687947167E-4
1997-11-27,4.441612485157533E-4
1997-11-28,5.366113042220152E-6
1997-11-29,1.2815187552810215E-6
1997-11-30,8.398379789732146E-4
1997-12-01,3.908818676395536E-4
1997-12-02,1.306299427005535E-6
1997-12-03,8.523463748133508E-7
1997-12-04,3.047497088532695E-5
1997-12-05,3.4610569197230314E-6
1997-12-06,0.0
1997-12-07,0.0
1997-12-08,0.0
1997-12-09,9.534815608421503E-4
1997-12-10,0.012217293404425508
1997-12-11,1.4660815217875804E-4
1997-12-12,2.9091303156634012E-5
1997-12-13,4.6741183610320787E-4
1997-12-14,0.004442442900081253
1997-12-15,7.128851189580839E-4
1997-12-16,1.9889780276182383E-6
1997-12-17,9.887670044245275E-7
1997-12-18,1.6150102449979398E-10
1997-12-19,5.245660908996925E-6
1997-12-20,6.103429735806017E-4
1997-12-21,6.134265169253328E-4
1997-12-22,1.6371362137056567E-6
1997-12-23,4.598982634683638E-6
1997-12-24,7.370860804938783E-6
1997-12-25,-3.470785738915446E-9
1997-12-26,3.4469430829631165E-6
1997-12-27,3.054622643004102E-7
1997-12-28,1.7639747604093015E-6
1997-12-29,7.955825947888931E-6
1997-12-30,2.6147314538268075E-7
1997-12-31,3.80217339951179E-7
1998-01-01,1.3084855162418472E-6
1998-01-02,2.8663632497622105E-8
1998-01-03,8.821486403576273E-7
1998-01-04,1.7046927496267017E-6
1998-01-05,3.485860507612284E-6
1998-01-06,2.197954006966828E-6
1998-01-07,3.887162480402571E-6
1998-01-08,3.257518300431313E-6
1998-01-09,7.895124440937374E-6
1998-01-10,1.403597482201257E-5
1998-01-11,9.792263909005054E-7
1998-01-12,1.133147880641761E-4
1998-01-13,0.0014426339334845627
1998-01-14,8.157577769801947E-4
1998-01-15,6.394342880028522E-5
1998-01-16,1.847855642362226E-4
1998-01-17,8.074870161342681E-5
1998-01-18,0.0020027846019516184
1998-01-19,2.570505176503624E-4
1998-01-20,0.0016241089551097456
1998-01-21,0.004061101048035769
1998-01-22,1.0680797595827872E-5
1998-01-23,8.667503971214056E-7
1998-01-24,8.532179928328324E-7
1998-01-25,1.0858627666635648E-5
1998-01-26,3.8364305399780625E-4
1998-01-27,1.293420723413874E-6
1998-01-28,4.7874701322951976E-4
1998-01-29,7.717496734444809E-5
1998-01-30,8.89830529000718E-4
1998-01-31,3.687639964119637E-4
1998-02-01,5.233339491607139E-7
1998-02-02,0.0
1998-02-03,1.5138379382307723E-5
1998-02-04,0.0022259991680958985
1998-02-05,1.0708163186064547E-4
1998-02-06,8.285045574041305E-7
1998-02-07,4.26707240198389E-9
1998-02-08,4.714618733612299E-5
1998-02-09,1.33915099105394E-6
1998-02-10,0.0
1998-02-11,2.145767115990793E-6
1998-02-12,0.0
1998-02-13,3.4350566746417402E-6
1998-02-14,8.56142997096705E-7
1998-02-15,3.4374217714664058E-6
1998-02-16,2.8172949604397037E-4
1998-02-17,0.0067016603271802784
1998-02-18,0.021793241894176633
1998-02-19,0.007727961380013153
1998-02-20,6.828082253772965E-4
1998-02-21,1.489883160670458E-4
1998-02-22,1.1439465952785977E-6
1998-02-23,3.1060692119637808E-6
1998-02-24,3.0329547865542383E-6
1998-02-25,4.442971194421026E-4
1998-02-26,0.007498800042214959
1998-02-27,7.56002585317897E-4
1998-02-28,3.504114687979008E-5
1998-03-01,1.716613724056515E-6
1998-03-02,2.1534060579142533E-6
1998-03-03,1.7086740058402938E-6
1998-03-04,8.750369033805327E-7
1998-03-05,8.69793596648694E-7
1998-03-06,0.001223654459079118
1998-03-07,0.021650839660619665
1998-03-08,1.4564451885361212E-4
1998-03-09,0.0
1998-03-10,0.0
1998-03-11,2.3242480952970424E-4
1998-03-12,1.4569573989225282E-4
1998-03-13,0.0030018963402175486
1998-03-14,0.003995793245106793
1998-03-15,1.652288988146479E-7
1998-03-16,1.2844800494349329E-6
1998-03-17,0.0
1998-03-18,4.359165723013113E-7
1998-03-19,3.9345192656903803E-4
1998-03-20,2.7845004045894382E-5
1998-03-21,3.183671203257596E-4
1998-03-22,0.030340772703543413
1998-03-23,0.1271475817993072
1998-03-24,0.0852068395680246
1998-03-25,0.002424554508052575
1998-03-26,2.832092305204843E-4
1998-03-27,1.305379235488172E-5
1998-03-28,3.335011089917065E-5
1998-03-29,4.5363316301665557E-4
1998-03-30,0.01769104544558381
1998-03-31,0.001512911703028431
1998-04-01,2.61714730132327E-6
1998-04-02,1.0297125940442814E-6
1998-04-03,8.998236544199782E-7
1998-04-04,3.018515518290459E-5
1998-04-05,0.0050180234971074
1998-04-06,0.01089771450125758
1998-04-07,0.005900167564000549
1998-04-08,0.0036475031456396144
1998-04-09,0.01112237976110844
1998-04-10,0.02840784839022578
1998-04-11,0.005915620780123068
1998-04-12,0.008111740283436527
1998-04-13,0.004484780097783999
1998-04-14,0.005102401775862444
1998-04-15,0.0017606428713453563
1998-04-16,0.028940986172445223
1998-04-17,0.011531244413741579
1998-04-18,0.005881233935508525
1998-04-19,0.02661675152320394
1998-04-20,0.05587939920901177
1998-04-21,0.09618888344804984
1998-04-22,0.0508970851614813
1998-04-23,0.04742863545183502
1998-04-24,0.025174457867538313
1998-04-25,0.003276730267121621
1998-04-26,0.0022612441467939185
1998-04-27,0.006199978026684656
1998-04-28,0.0036735051702384996
1998-04-29,0.005713732347565243
1998-04-30,0.024493257215601867
1998-05-01,0.018113670538614207
1998-05-02,0.004137690882979102
1998-05-03,0.007233851473192112
1998-05-04,0.02058172847838761
1998-05-05,0.024543644103598408
1998-05-06,0.030122724452701963
1998-05-07,0.008583729056035508
1998-05-08,0.017103678894645258
1998-05-09,0.017944737479763585
1998-05-10,0.00833172118420995
1998-05-11,6.119308573317669E-4
1998-05-12,3.371532390572432E-4
1998-05-13,3.0243684876860917E-5
1998-05-14,5.693788377184557E-4
1998-05-15,0.01428951021502403
1998-05-16,0.005478748717059981
1998-05-17,0.0011115938278636495
1998-05-18,0.015779254961807276
1998-05-19,9.152913838624953E-4
1998-05-20,0.01720610900152232
1998-05-21,0.03793279963075262
1998-05-22,0.03163931784171591
1998-05-23,0.018760487301380618
1998-05-24,0.02475935694159497
1998-05-25,0.02542405251822222
1998-05-26,0.10811622287147582
1998-05-27,0.041622852535676075
1998-05-28,0.03004803236479921
1998-05-29,0.00954904224433411
1998-05-30,0.022048457911077363
1998-05-31,0.019233435826489547
1998-06-01,0.010036527375736683
1998-06-02,0.025188243528974603
1998-06-03,0.034119649694754575
1998-06-04,0.029009198014102244
1998-06-05,0.024894173456146546
1998-06-06,0.04003755763040198
1998-06-07,0.038689926430313215
1998-06-08,0.07276543226765443
1998-06-09,0.06571389511147473
1998-06-10,0.028557259405102182
1998-06-11,0.023315121460426066
1998-06-12,0.016809018209716507
1998-06-13,0.0049826379830904665
1998-06-14,0.014470951853030423
1998-06-15,0.012269285010313378
1998-06-16,0.013597743220927357
1998-06-17,0.010953004434340986
1998-06-18,0.014037708082097483
1998-06-19,0.01118316865563868
1998-06-20,0.012196155769642844
1998-06-21,0.020878833181621075
1998-06-22,0.018883471437204095
1998-06-23,0.01820233334612876
1998-06-24,0.016282181411489263
1998-06-25,0.017488208262513696
1998-06-26,0.012134660642867168
1998-06-27,0.011687063879726201
1998-06-28,0.017556800671740074
1998-06-29,0.013525925975883289
1998-06-30,0.013004991876105371
1998-07-01,0.013654755467337699
1998-07-02,0.022211109313656684
1998-07-03,0.030026918176764374
1998-07-04,0.02005885991684622
1998-07-05,0.023227892537740637
1998-07-06,0.02813355745177049
1998-07-07,0.02782447281031459
1998-07-08,0.009426651980293552
1998-07-09,0.01318453467246815
1998-07-10,0.022742983525715812
1998-07-11,0.024296265898240098
1998-07-12,0.025073796965407288
1998-07-13,0.052089505327810474
1998-07-14,0.08058027112326666
1998-07-15,0.036785131388823805
1998-07-16,0.031206710943592075
1998-07-17,0.029992267731378534
1998-07-18,0.023100710182176163
1998-07-19,0.028532679163233963
1998-07-20,0.029041925763251295
1998-07-21,0.05615765718368538
1998-07-22,0.06145437038616642
1998-07-23,0.04050196979766053
1998-07-24,0.020018331600579222
1998-07-25,0.018871615330419454
1998-07-26,0.011048268517691626
1998-07-27,0.004985506188371818
1998-07-28,0.018339372890476217
1998-07-29,0.006973757431600138
1998-07-30,0.006907070854490742
1998-07-31,0.006667751038420077
1998-08-01,0.015188026255898053
1998-08-02,0.018137748261618007
1998-08-03,0.023018439656406025
1998-08-04,0.011444656885169721
1998-08-05,0.015720605430332057
1998-08-06,0.03492425622052989
1998-08-07,0.006214070081269222
1998-08-08,0.00835355425070476
1998-08-09,0.010382323905575672
1998-08-10,0.007798940861070088
1998-08-11,0.024352250786530485
1998-08-12,0.01813997844256178
1998-08-13,0.02106898028506642
1998-08-14,0.01749305423413742
1998-08-15,0.01290922348030799
1998-08-16,0.020052191902700894
1998-08-17,0.034459476967509076
1998-08-18,0.020395863057292987
1998-08-19,0.016984908689263247
1998-08-20,0.0068557577673227675
1998-08-21,0.00411943841230318
1998-08-22,0.018260789417543707
1998-08-23,0.020838677794962075
1998-08-24,0.021572061166856324
1998-08-25,0.026431763760444055
1998-08-26,0.02611026937591724
1998-08-27,0.02370841813007419
1998-08-28,0.018805049884262817
1998-08-29,0.019777444140990363
1998-08-30,0.020997550057177267
1998-08-31,0.017414398147606112
1998-09-01,0.018386613123610538
1998-09-02,0.019605714735564213
1998-09-03,0.013960446575135493
1998-09-04,0.01674617286023886
1998-09-05,0.029004208199817107
1998-09-06,0.01421538482339396
1998-09-07,0.0015291705977885667
1998-09-08,0.013921971447830587
1998-09-09,0.026751290510547334
1998-09-10,0.016073262790670985
1998-09-11,0.014292378229178794
1998-09-12,0.006658076746761034
1998-09-13,0.005736276554696663
1998-09-14,0.0043999926542453785
1998-09-15,0.0010350148431483035
1998-09-16,0.038509235789924
1998-09-17,0.02861408377260591
1998-09-18,0.00625119612266765
1998-09-19,0.015897014844286315
1998-09-20,0.004091296940939628
1998-09-21,0.0015067283059138161
1998-09-22,0.0030824038274356656
1998-09-23,0.006533698500753138
1998-09-24,0.005826617677432265
1998-09-25,0.0014418662447116283
1998-09-26,0.001334005879356682
1998-09-27,0.004148274828066567
1998-09-28,0.006519946123909402
1998-09-29,0.0022542106235302947
1998-09-30,0.008565027653051253
1998-10-01,0.0012287904595038761
1998-10-02,0.006036096617973033
1998-10-03,0.00802849284405825
1998-10-04,8.044440268102498E-4
1998-10-05,1.1689378767828389E-4
1998-10-06,1.1291367518408091E-4
1998-10-07,1.0391556195717037E-4
1998-10-08,1.7379803192852706E-4
1998-10-09,2.684993507889654E-4
1998-10-10,3.230809196399127E-4
1998-10-11,4.166676276336517E-4
1998-10-12,0.0012747971420119322
1998-10-13,0.002237796041381155
1998-10-14,0.004875530499069567
1998-10-15,0.009476468564781482
1998-10-16,0.007271313087185684
1998-10-17,0.010817904950367828
1998-10-18,0.020131630037803556
1998-10-19,0.012085983467148918
1998-10-20,0.022760032492808183
1998-10-21,0.009426146496652537
1998-10-22,0.0027466224797199233
1998-10-23,9.245446392232376E-4
1998-10-24,8.732963224247215E-5
1998-10-25,2.1522573212082874E-4
1998-10-26,2.4412062166623985E-4
1998-10-27,1.1407920686668549E-4
1998-10-28,2.82208500914491E-5
1998-10-29,0.0014579966156124387
1998-10-30,0.0011670607147533769
1998-10-31,2.840979767672589E-5
1998-11-01,9.99368846771434E-5
1998-11-02,2.1089385160133934E-5
1998-11-03,3.1211619087726403E-6
1998-11-04,2.032791840039044E-6
1998-11-05,2.4823784139115006E-9
1998-11-06,3.526273560326161E-6
1998-11-07,2.228968830649653E-4
1998-11-08,2.75084120365917E-4
1998-11-09,1.4685047429344E-5
1998-11-10,4.97142765861102E-4
1998-11-11,2.450157873441098E-4
1998-11-12,3.730458331245907E-9
1998-11-13,1.915708254191855E-6
1998-11-14,6.768136537921974E-7
1998-11-15,2.1490546942004585E-6
1998-11-16,2.036305739883143E-4
1998-11-17,1.2824297073166235E-6
1998-11-18,6.462279146119261E-6
1998-11-19,1.1827542488984531E-6
1998-11-20,1.1181968312732064E-5
1998-11-21,0.003213761085267906
1998-11-22,0.022149133323934044
1998-11-23,0.0772140702704302
1998-11-24,0.013864055954652026
1998-11-25,7.000695489065787E-4
1998-11-26,8.485840407410109E-5
1998-11-27,2.869743936329637E-6
1998-11-28,2.309790122725609E-6
1998-11-29,1.0272952048636127E-5
1998-11-30,1.854225208856569E-5
1998-12-01,1.0077726160515254E-4
1998-12-02,3.618894279886448E-6
1998-12-03,1.6429469075506137E-6
1998-12-04,2.026436602793677E-5
1998-12-05,3.9125563599486554E-5
1998-12-06,7.255242648160168E-6
1998-12-07,7.67974447297755E-6
1998-12-08,8.760963631167519E-6
1998-12-09,2.228661245407623E-6
1998-12-10,1.9421959026700507E-5
1998-12-11,1.0265117907114616E-5
1998-12-12,1.6410090240026885E-4
1998-12-13,1.5386219781133327E-6
1998-12-14,4.261732051702438E-7
1998-12-15,0.0
1998-12-16,1.2966588811477105E-6
1998-12-17,1.3384269334766281E-6
1998-12-18,6.421749140574816E-7
1998-12-19,4.396008745098209E-6
1998-12-20,1.7105362433992115E-6
1998-12-21,4.351138045421976E-7
1998-12-22,2.177020691466441E-6
1998-12-23,1.7255595229460993E-6
1998-12-24,2.685269892079126E-6
1998-12-25,4.814060275354199E-7
1998-12-26,6.531944519611513E-7
1998-12-27,1.2814998058274796E-6
1998-12-28,1.2886183071714186E-6
1998-12-29,5.104792266311735E-7
1998-12-30,4.351138045421976E-7
1998-12-31,4.5537981443522914E-7
1999-01-01,2.2025888423572762E-6
1999-01-02,1.5487180634819083E-6
1999-01-03,4.351138045421976E-7
1999-01-04,0.0
1999-01-05,8.612870097124414E-7
1999-01-06,2.147427442445921E-6
1999-01-07,4.351138045421976E-7
1999-01-08,8.553265615773853E-7
1999-01-09,1.8410624806680501E-6
1999-01-10,1.9358697176902082E-4
1999-01-11,8.52346317969932E-7
1999-01-12,0.0
1999-01-13,8.52346317969932E-7
1999-01-14,2.1457671550706436E-6
1999-01-15,0.0
1999-01-16,4.351138045421976E-7
1999-01-17,0.0
1999-01-18,8.886776566535082E-7
1999-01-19,8.52346317969932E-7
1999-01-20,2.5541540367157722E-6
1999-01-21,4.351138045421976E-7
1999-01-22,1.7285900639762986E-6
1999-01-23,0.0
1999-01-24,1.7166343013741425E-6
1999-01-25,1.810915873052523E-5
1999-01-26,8.615542575378938E-6
1999-01-27,1.6516247608632583E-6
1999-01-28,4.351138045421976E-7
1999-01-29,2.1529524092119383E-6
1999-01-30,3.3272407322565523E-6
1999-01-31,1.7848321496622534E-6
1999-02-01,1.7195939108205494E-6
1999-02-02,1.2725590750051197E-6
1999-02-03,8.612870487922919E-7
1999-02-04,1.7279083408539009E-6
1999-02-05,8.642672923997452E-7
1999-02-06,1.2773113553521398E-6
1999-02-07,3.4369361401331844E-6
1999-02-08,4.380942186799075E-7
1999-02-09,1.7285337889916264E-6
1999-02-10,1.534905736846042E-6
1999-02-11,4.3799412148047667E-7
1999-02-12,8.573982199777674E-7
1999-02-13,4.276990668497177E-7
1999-02-14,0.0
1999-02-15,0.0
1999-02-16,8.52346317969932E-7
1999-02-17,1.7153010389847623E-6
1999-02-18,2.156144432774454E-6
1999-02-19,1.7154764577753667E-6
1999-02-20,4.351138613856165E-7
1999-02-21,0.0
1999-02-22,1.7186983995998162E-6
1999-02-23,1.7285345847994904E-6
1999-02-24,1.7225742112714215E-6
1999-02-25,1.2852029840360046E-6
1999-02-26,2.115591497619995E-6
1999-02-27,5.7031383391017836E-5
1999-02-28,2.1406832934978465E-6
1999-03-01,1.4487390580264185E-6
1999-03-02,4.14722578567193E-7
1999-03-03,1.2814998058274796E-6
1999-03-04,8.70227722771233E-7
1999-03-05,2.580881073299679E-6
1999-03-06,4.410743663640915E-7
1999-03-07,4.390002220391796E-7
1999-03-08,4.351138045421976E-7
1999-03-09,4.351138045421976E-7
1999-03-10,4.410743663640915E-7
1999-03-11,4.363095159596346E-6
1999-03-12,0.0014514125364883783
1999-03-13,0.0011129420090851795
1999-03-14,6.669474991262429E-5
1999-03-15,8.52346317969932E-7
1999-03-16,0.0
1999-03-17,5.712640142347861E-4
1999-03-18,0.0024465511557690742
1999-03-19,0.00100584629202269
1999-03-20,2.1284531123713572E-6
1999-03-21,1.2872730508206587E-6
1999-03-22,2.5957815523725003E-6
1999-03-23,4.356844414954302E-7
1999-03-24,6.694893904903104E-5
1999-03-25,0.010340646790413506
1999-03-26,0.06922058370454816
1999-03-27,0.037506400276942076
1999-03-28,9.648304423948938E-4
1999-03-29,5.784085964719084E-4
1999-03-30,1.781697340505956E-4
1999-03-31,2.0971431768353958E-4
1999-04-01,0.0018622812443558196
1999-04-02,8.649308217469312E-4
1999-04-03,2.7292218890089296E-4
1999-04-04,9.580953052357266E-6
1999-04-05,6.522375637744235E-4
1999-04-06,0.022053568866120615
1999-04-07,0.011077587131114718
1999-04-08,9.526977109953938E-4
1999-04-09,0.01571760945839881
1999-04-10,0.006746846308522324
1999-04-11,4.356470853676095E-4
1999-04-12,5.099004448337618E-4
1999-04-13,5.60932347569512E-4
1999-04-14,3.382848280702712E-4
1999-04-15,0.0021062867212178556
1999-04-16,0.0013903992532650173
1999-04-17,0.001806039516464134
1999-04-18,0.001991240667297662
1999-04-19,8.036847180024739E-4
1999-04-20,0.0010848309757575223
1999-04-21,3.2192537503814716E-4
1999-04-22,2.2088083831418986E-4
1999-04-23,0.002263105009074156
1999-04-24,0.002177990426045622
1999-04-25,0.0023408342723817864
1999-04-26,0.0026238710806108104
1999-04-27,0.0030129545559955573
1999-04-28,0.005194115409616792
1999-04-29,0.00899856676854426
1999-04-30,0.0023675856868527593
1999-05-01,0.003407377664406132
1999-05-02,0.00993064342550013
1999-05-03,0.009128563952300049
1999-05-04,0.015848157954287918
1999-05-05,0.06280912116729803
1999-05-06,0.10526139903092767
1999-05-07,0.05657921057184639
1999-05-08,0.02016486422126177
1999-05-09,0.013341080556612837
1999-05-10,0.005625227246661826
1999-05-11,0.014684633171955638
1999-05-12,0.015319249684136388
1999-05-13,0.028683287127078468
1999-05-14,0.029832453304804826
1999-05-15,0.014243052755563248
1999-05-16,0.0036407078131645582
1999-05-17,0.004633875658386207
1999-05-18,0.007948231689330475
1999-05-19,0.023120638706936678
1999-05-20,0.016864096040053917
1999-05-21,0.016390995037389635
1999-05-22,0.027662647769958658
1999-05-23,0.04167186985427589
1999-05-24,0.016614628307462086
1999-05-25,0.01889621435045507
1999-05-26,0.016436986534323312
1999-05-27,0.018909442736143173
1999-05-28,0.02269271508495357
1999-05-29,0.0908604732943925
1999-05-30,0.039046050580665986
1999-05-31,0.02715322334814624
1999-06-01,0.03858040934353206
1999-06-02,0.031231241802760306
1999-06-03,0.00887684982292673
1999-06-04,9.594043011229847E-4
1999-06-05,0.006180656492428976
1999-06-06,0.013207013527679657
1999-06-07,0.010394881194554314
1999-06-08,0.010461836836236601
1999-06-09,0.020941217548713125
1999-06-10,0.013520984496338482
1999-06-11,0.018774258792034842
1999-06-12,0.012050422183263472
1999-06-13,0.010033444266960114
1999-06-14,0.006375912742141685
1999-06-15,0.006474289639357122
1999-06-16,0.008332519675954912
1999-06-17,0.002535868010573997
1999-06-18,0.008176733328111089
1999-06-19,0.0116323706705336
1999-06-20,0.016002491823161265
1999-06-21,0.01809273237169237
1999-06-22,0.042326282724589055
1999-06-23,0.08696305704081873
1999-06-24,0.0584487193585538
1999-06-25,0.03371168262329495
1999-06-26,0.014737609761282553
1999-06-27,0.015507542941416621
1999-06-28,0.016970838426235455
1999-06-29,0.03262849052513675
1999-06-30,0.032376187078259844
1999-07-01,0.025818668318695507
1999-07-02,0.036907442917575535
1999-07-03,0.015207817190943435
1999-07-04,0.008374881901034744
1999-07-05,0.011695449089924707
1999-07-06,0.016401280741747404
1999-07-07,0.02321308412049961
1999-07-08,0.022765707048395478
1999-07-09,0.04570692618706428
1999-07-10,0.060947256719910164
1999-07-11,0.050535808990215994
1999-07-12,0.019161770759807167
1999-07-13,0.01045605321681715
1999-07-14,0.012817673998756229
1999-07-15,0.008188429789547641
1999-07-16,0.014522243998729424
1999-07-17,0.025086375874914562
1999-07-18,0.019959240413574133
1999-07-19,0.0389983102153822
1999-07-20,0.05940236077933302
1999-07-21,0.024587250282993755
1999-07-22,0.017431007305815746
1999-07-23,0.012523847321279832
1999-07-24,0.007650365254954797
1999-07-25,0.013584463789794256
1999-07-26,0.011718447051011851
1999-07-27,0.007341919351001655
1999-07-28,0.02472900510960863
1999-07-29,0.010704214796797739
1999-07-30,0.00792781892658418
1999-07-31,0.020028469611955188
1999-08-01,0.013234610251916272
1999-08-02,0.008839191039817186
1999-08-03,0.00633755431009855
1999-08-04,0.008576084604316407
1999-08-05,0.007995595323672859
1999-08-06,0.0073576236278914365
1999-08-07,0.008627001842399028
1999-08-08,0.024533059270091837
1999-08-09,0.019128347035346698
1999-08-10,0.019098230367790615
1999-08-11,0.01576926485422001
1999-08-12,0.020994236673406105
1999-08-13,0.049378523701670916
1999-08-14,0.042955789607020504
1999-08-15,0.010504469191245246
1999-08-16,0.010660422455966665
1999-08-17,0.010285614357168977
1999-08-18,0.010899273757898582
1999-08-19,0.007356065745896696
1999-08-20,0.008479673267322204
1999-08-21,0.012653895478286497
1999-08-22,0.004106027736757257
1999-08-23,0.008338830106256865
1999-08-24,0.009230398921608244
1999-08-25,0.00591830387797517
1999-08-26,0.0118711631689113
1999-08-27,0.06254025359481746
1999-08-28,0.024200197694355118
1999-08-29,0.01643490951266868
1999-08-30,0.012929196761962436
1999-08-31,0.01392004376424328
1999-09-01,0.010912142106558402
1999-09-02,0.009814413888765673
1999-09-03,0.010376158888112606
1999-09-04,0.01011551644200382
1999-09-05,0.006385337408458569
1999-09-06,0.00349226037277756
1999-09-07,0.007176954875073331
1999-09-08,0.0046363513016494644
1999-09-09,0.009600710777959232
1999-09-10,0.01247179250189555
1999-09-11,0.017364892437521096
1999-09-12,0.015488423950468887
1999-09-13,0.00794794787000906
1999-09-14,0.014828732216502211
1999-09-15,0.008311644029369233
1999-09-16,0.011947906835727473
1999-09-17,0.012725356626902133
1999-09-18,0.01798564000239366
1999-09-19,0.007657869853821517
1999-09-20,0.012996929449752972
1999-09-21,0.03059962452190115
1999-09-22,0.01794889850025682
1999-09-23,0.008331666521674332
1999-09-24,0.005696453982378705
1999-09-25,4.7055509867351196E-4
1999-09-26,9.585914360255738E-4
1999-09-27,0.00643208172139406
1999-09-28,0.0019740664582282553
1999-09-29,0.001557040228217677
1999-09-30,0.011738532402699004
1999-10-01,0.007014622739414368
1999-10-02,6.225996706870706E-4
1999-10-03,0.0031842967214029587
1999-10-04,0.011257404552759472
1999-10-05,0.0076057742007013315
1999-10-06,0.014853143461956646
1999-10-07,0.024631907086753384
1999-10-08,0.013586670296793406
1999-10-09,0.005654362492326762
1999-10-10,5.675893255396385E-4
1999-10-11,1.4951596020812867E-5
1999-10-12,1.4851613973175613E-4
1999-10-13,0.005662040723301091
1999-10-14,0.005890958708967297
1999-10-15,1.1816938697353775E-4
1999-10-16,0.003242744492485343
1999-10-17,0.022477507003281518
1999-10-18,0.022264845169262394
1999-10-19,0.019752410465719246
1999-10-20,0.014030171658099982
1999-10-21,0.009447135876684174
1999-10-22,0.0030615466660797136
1999-10-23,0.0015863157179434916
1999-10-24,3.074203068920967E-4
1999-10-25,2.2690091660463312E-5
1999-10-26,2.1867707123735106E-6
1999-10-27,3.0933066377625155E-6
1999-10-28,0.00696553465637376
1999-10-29,0.004938312585436889
1999-10-30,0.003241980750837719
1999-10-31,0.0022692930530433713
1999-11-01,0.00938643432674209
1999-11-02,0.007632985311431548
1999-11-03,0.00390858024333662
1999-11-04,4.151593436233662E-4
1999-11-05,6.326168163526368E-5
1999-11-06,5.854644046767506E-5
1999-11-07,1.3924241529483526E-4
1999-11-08,1.3536347421367256E-4
1999-11-09,2.176552903270574E-5
1999-11-10,2.0849902054547164E-6
1999-11-11,6.085315486474383E-7
1999-11-12,8.683870303926504E-7
1999-11-13,6.829555324047288E-9
1999-11-14,9.981237050425799E-7
1999-11-15,2.678420841888113E-6
1999-11-16,4.956001378669848E-6
1999-11-17,1.1900473569173135E-5
1999-11-18,1.0114278417880198E-6
1999-11-19,1.0494320632523675E-5
1999-11-20,4.435460884277972E-5
1999-11-21,8.202761497800749E-6
1999-11-22,4.3806259791486455E-7
1999-11-23,1.2928065787649549E-6
1999-11-24,9.126202229908504E-7
1999-11-25,5.447346706010764E-7
1999-11-26,1.0472393966134576E-6
1999-11-27,1.7382143897846968E-6
1999-11-28,8.607034738563512E-7
1999-11-29,1.956974667620797E-7
1999-11-30,1.043607028586953E-6
1999-12-01,4.328358708442917E-6
1999-12-02,2.2897804351198E-6
1999-12-03,4.224439016138736E-7
1999-12-04,3.589510561759373E-6
1999-12-05,2.6575565284290582E-6
1999-12-06,2.1542466871492236E-6
1999-12-07,1.302472269370721E-6
1999-12-08,1.4787125277381416E-4
1999-12-09,3.3162081487464587E-4
1999-12-10,5.775668071275292E-4
1999-12-11,0.0015048939061266594
1999-12-12,1.1281194439866581E-5
1999-12-13,1.171392246212598E-5
1999-12-14,1.4353081680535653E-6
1999-12-15,0.0
1999-12-16,4.3549193227422645E-7
1999-12-17,2.133844645868521E-6
1999-12-18,8.530337231736218E-7
1999-12-19,1.1395287317436619E-6
1999-12-20,1.411532633230803E-6
1999-12-21,1.7135016615070189E-6
1999-12-22,1.887738484257733E-6
1999-12-23,6.166133130570307E-6
1999-12-24,1.177600244862575E-4
1999-12-25,7.824825648047655E-5
1999-12-26,5.6996823891403304E-5
1999-12-27,1.1388853493797988E-4
1999-12-28,1.1959459121181037E-5
1999-12-29,6.923613520715968E-8
1999-12-30,4.351138045421976E-7
1999-12-31,4.763465234398905E-7
2000-01-01,1.1444522466273668E-6
2000-01-02,2.7216351564396643E-6
2000-01-03,4.467402529729429E-7
2000-01-04,1.750617781614256E-6
2000-01-05,3.0074222149121364E-6
2000-01-06,4.358011529024688E-7
2000-01-07,8.70227722771233E-7
2000-01-08,1.291964792926592E-6
2000-01-09,2.181029472801176E-6
2000-01-10,3.940711131674707E-8
2000-01-11,2.3290084276585224E-7
2000-01-12,5.862077030232249E-7
2000-01-13,3.0113605440798156E-6
2000-01-14,5.907735147265963E-5
2000-01-15,3.3648591003755E-6
2000-01-16,2.5347794998252257E-5
2000-01-17,8.52346317969932E-7
2000-01-18,8.944021029318945E-7
2000-01-19,8.566693773937428E-7
2000-01-20,8.64739134649321E-5
2000-01-21,0.005070089783310987
2000-01-22,0.001039188341754374
2000-01-23,0.0079799479852639
2000-01-24,5.266695840850189E-4
2000-01-25,9.129968935362507E-6
2000-01-26,1.8021366732903324E-6
2000-01-27,4.351138045421976E-7
2000-01-28,7.887040551412421E-4
2000-01-29,0.013582274416693045
2000-01-30,6.706637666824244E-5
2000-01-31,8.523463748133508E-7
2000-02-01,2.711366126308969E-6
2000-02-02,0.0021119512427752447
2000-02-03,0.00247177975818903
2000-02-04,4.8172316464360553E-4
2000-02-05,0.003463637634922215
2000-02-06,0.006750412254001958
2000-02-07,0.0010699862478598956
2000-02-08,8.991493469153349E-5
2000-02-09,1.8225142540555055E-4
2000-02-10,1.3143103537966276E-5
2000-02-11,3.327396660838559E-6
2000-02-12,1.3300412966059069E-6
2000-02-13,1.2668347665046663E-6
2000-02-14,4.760017284768166E-5
2000-02-15,1.7225336263846542E-6
2000-02-16,2.1576666426881275E-6
2000-02-17,1.2629510592887527E-6
2000-02-18,3.708646343398616E-6
2000-02-19,1.7190595826832578E-6
2000-02-20,0.0
2000-02-21,4.261732051702438E-7
2000-02-22,2.58128420682624E-6
2000-02-23,1.5119443726247894E-6
2000-02-24,9.13530502016145E-6
2000-02-25,2.2325395918659335E-5
2000-02-26,4.261732051702438E-7
2000-02-27,8.612870487922919E-7
2000-02-28,3.755021095623383E-6
2000-02-29,1.4184484247527373E-7
2000-03-01,0.0031457476476207044
2000-03-02,0.014568199585870184
2000-03-03,0.006820989076681566
2000-03-04,0.00855547093406889
2000-03-05,0.008551915407232812
2000-03-06,0.007590214481714838
2000-03-07,0.0014220290538143065
2000-03-08,0.014478536610297738
2000-03-09,0.005514158286972544
2000-03-10,7.715798918170786E-4
2000-03-11,7.272145590348563E-5
2000-03-12,0.028381035234636587
2000-03-13,0.055606632172802956
2000-03-14,0.03882963406934665
2000-03-15,0.0019717562064449283
2000-03-16,0.0013528352148960098
2000-03-17,1.4666189881088715E-4
2000-03-18,2.53300101770831E-6
2000-03-19,2.1475191319608973E-5
2000-03-20,5.239975869149231E-4
2000-03-21,2.8992146773864104E-6
2000-03-22,8.651102296483791E-7
2000-03-23,8.680471898772559E-7
2000-03-24,2.1502423872707743E-6
2000-03-25,4.3370518228351546E-7
2000-03-26,4.351138045421976E-7
2000-03-27,8.668422078909512E-7
2000-03-28,2.7493558578193885E-6
2000-03-29,3.4010883690409105E-4
2000-03-30,1.0644565202356966E-4
2000-03-31,2.9939732110427156E-4
2000-04-01,9.901074845494564E-4
2000-04-02,0.0027566149852351657
2000-04-03,0.0046394190965712515
2000-04-04,0.0047192803609819225
2000-04-05,0.0050547385764180604
2000-04-06,0.00486256596137788
2000-04-07,0.006591095607291077
2000-04-08,0.005722522893220705
2000-04-09,0.007089018378024508
2000-04-10,0.014242641422687592
2000-04-11,0.010514082603183456
2000-04-12,0.0065409528329548215
2000-04-13,0.00266135340769265
2000-04-14,0.003613232974570108
2000-04-15,0.003618606655283639
2000-04-16,0.002152229849830531
2000-04-17,0.007989953622711196
2000-04-18,0.009066967569437324
2000-04-19,0.0067999006324658585
2000-04-20,0.02041602227724633
2000-04-21,0.02919547156661768
2000-04-22,0.01540087454531635
2000-04-23,0.03639458381398182
2000-04-24,0.06645251965746142
2000-04-25,0.040988515433928015
2000-04-26,0.051005220999987166
2000-04-27,0.055038603911165586
2000-04-28,0.056985469304063445
2000-04-29,0.04953596049822327
2000-04-30,0.0828406295363039
2000-05-01,0.07919083908993226
2000-05-02,0.05753526410529238
2000-05-03,0.018947328451825663
2000-05-04,2.1084860957771372E-4
2000-05-05,1.1268358957063388E-4
2000-05-06,0.0011732730966661747
2000-05-07,0.003133558373398024
2000-05-08,0.0030494354937651517
2000-05-09,0.0014715879770762462
2000-05-10,0.009474582715186081
2000-05-11,0.0051398937399849045
2000-05-12,6.9277553367753E-4
2000-05-13,7.383862818202411E-4
2000-05-14,0.009916056047894044
2000-05-15,0.012070345205459835
2000-05-16,0.016396963529590237
2000-05-17,0.013523499922079171
2000-05-18,0.033628694577429626
2000-05-19,0.02191712339828297
2000-05-20,0.022049543815893552
2000-05-21,0.009658551434676272
2000-05-22,0.019095601349420635
2000-05-23,0.04910956359279983
2000-05-24,0.01855460081174644
2000-05-25,0.05866194334104891
2000-05-26,0.10602427120746322
2000-05-27,0.06081589444300829
2000-05-28,0.059423024025161614
2000-05-29,0.045596042559376326
2000-05-30,0.0462858843751676
2000-05-31,0.014384709738754817
2000-06-01,0.007780750361895641
2000-06-02,7.046808870274034E-4
2000-06-03,2.4333996398463525E-4
2000-06-04,0.02807011635574545
2000-06-05,0.027757499423847035
2000-06-06,0.01844609446090081
2000-06-07,0.01886548861586015
2000-06-08,0.02416467233760022
2000-06-09,0.01835965032091223
2000-06-10,0.0228740957452555
2000-06-11,0.014726440941654735
2000-06-12,0.02664190267053552
2000-06-13,0.05042815319973618
2000-06-14,0.01765357992743066
2000-06-15,0.008726175915810956
2000-06-16,0.017132341993935388
2000-06-17,0.012063939172150085
2000-06-18,0.01848269949524012
2000-06-19,0.017016675705636874
2000-06-20,0.026621465628029892
2000-06-21,0.01859113439073531
2000-06-22,0.023922335423412495
2000-06-23,0.03264475087899002
2000-06-24,0.03450646200573445
2000-06-25,0.04555073231191059
2000-06-26,0.021016621890199677
2000-06-27,0.006083845353988563
2000-06-28,0.008043219874790638
2000-06-29,0.010338189267698743
2000-06-30,0.006372193796523055
2000-07-01,0.0031497483208349423
2000-07-02,0.0017269468387010193
2000-07-03,6.287068154198605E-4
2000-07-04,9.00802337514874E-4
2000-07-05,0.0031277313410130866
2000-07-06,0.003829794282341281
2000-07-07,0.023804024469026616
2000-07-08,0.022185513452023808
2000-07-09,0.0235915531497987
2000-07-10,0.012300369328220465
2000-07-11,0.026407070264893136
2000-07-12,0.021968345406062885
2000-07-13,0.016910644152117797
2000-07-14,0.011782155853433533
2000-07-15,0.009111847720693306
2000-07-16,0.011109307378151868
2000-07-17,0.020158117684842537
2000-07-18,0.023102899980052372
2000-07-19,0.02515523572274716
2000-07-20,0.014602590027526625
2000-07-21,0.008143371637734901
2000-07-22,0.013430917910712313
2000-07-23,0.017392913792174683
2000-07-24,0.017397514453726014
2000-07-25,0.019709696983406206
2000-07-26,0.012441305310208931
2000-07-27,0.010575825642892422
2000-07-28,0.0049180719010919515
2000-07-29,0.004826385200109788
2000-07-30,0.013804899199058224
2000-07-31,0.023358291086173866
2000-08-01,0.03690960947610017
2000-08-02,0.05574527272898475
2000-08-03,0.03226208305341661
2000-08-04,0.00968567122312295
2000-08-05,0.0047094071134218705
2000-08-06,0.013897064268647605
2000-08-07,0.016866338326071647
2000-08-08,0.030079575987799808
2000-08-09,0.04264648468670418
2000-08-10,0.008622672506508612
2000-08-11,0.030918477360282134
2000-08-12,0.024664174202027888
2000-08-13,0.021473152889152494
2000-08-14,0.02228609356374598
2000-08-15,0.01621405366037256
2000-08-16,0.016626836573135656
2000-08-17,0.008192210734867296
2000-08-18,0.008271871669497543
2000-08-19,0.005677277403473867
2000-08-20,0.006948792300472371
2000-08-21,0.009062651631803139
2000-08-22,0.01791084439035632
2000-08-23,0.010221775711725799
2000-08-24,0.007579608938166861
2000-08-25,0.008996382146379704
2000-08-26,0.007919212934961218
2000-08-27,0.008831472978478904
2000-08-28,0.013790854574690398
2000-08-29,0.025868570737411514
2000-08-30,0.022812157659172327
2000-08-31,0.042675308187613614
2000-09-01,0.024849520908254093
2000-09-02,0.01760826211401149
2000-09-03,0.02342955213998888
2000-09-04,0.024617215869956625
2000-09-05,0.008661772109508869
2000-09-06,0.018492628214843713
2000-09-07,0.01596493969935214
2000-09-08,0.014468978421622616
2000-09-09,0.020607148764071326
2000-09-10,0.01313885374783591
2000-09-11,0.004375937129859066
2000-09-12,0.003273994151114215
2000-09-13,0.012315529672965297
2000-09-14,0.025877511871827855
2000-09-15,0.0193241326223485
2000-09-16,0.014964151848430573
2000-09-17,0.03630071839668435
2000-09-18,0.02979225241121531
2000-09-19,0.009935754985478577
2000-09-20,0.004082898193528887
2000-09-21,0.0042358662506748485
2000-09-22,0.002568577754520615
2000-09-23,0.019995605069933954
2000-09-24,0.01444117610628654
2000-09-25,0.01335241107924619
2000-09-26,0.006381577530410692
2000-09-27,0.0032489742289719737
2000-09-28,4.6548808843605905E-4
2000-09-29,6.639819010833788E-5
2000-09-30,0.019285643616258452
2000-10-01,0.04224850868462999
2000-10-02,0.049732327072537934
2000-10-03,0.013524597807122363
2000-10-04,0.004536022804317213
2000-10-05,0.003347448518419392
2000-10-06,0.0022745954524240834
2000-10-07,0.003037697252396914
2000-10-08,0.004450921326233952
2000-10-09,0.006208756991971608
2000-10-10,0.0035729329012150037
2000-10-11,8.058280794496523E-4
2000-10-12,2.0961808694921092E-4
2000-10-13,4.1049966826671355E-4
2000-10-14,3.356879066697436E-4
2000-10-15,2.1233719241172107E-4
2000-10-16,0.0018893029667962553
2000-10-17,0.014216509317308095
2000-10-18,0.0020919107748883334
2000-10-19,9.654476519437197E-4
2000-10-20,0.0016125910715226583
2000-10-21,0.001994569852422343
2000-10-22,0.001304160308286634
2000-10-23,0.0013579966635557878
2000-10-24,3.0136227607727064E-4
2000-10-25,7.0423671051995424E-6
2000-10-26,0.004294439908012648
2000-10-27,0.017583100921544442
2000-10-28,0.06873798300241529
2000-10-29,0.0015682268313823992
2000-10-30,1.0647096847345779E-4
2000-10-31,4.113436262042537E-6
2000-11-01,4.148572879995493E-6
2000-11-02,8.954042695816662E-5
2000-11-03,5.80391162454777E-5
2000-11-04,5.816585957319868E-6
2000-11-05,8.630591880723923E-5
2000-11-06,4.268295887240356E-4
2000-11-07,7.424262742464938E-5
2000-11-08,6.443785691890351E-6
2000-11-09,1.740870265706627E-5
2000-11-10,2.1875422723132684E-4
2000-11-11,8.006447269392843E-5
2000-11-12,2.633346377839147E-5
2000-11-13,4.971296927836409E-6
2000-11-14,3.7732328093422883E-5
2000-11-15,1.2830312662091368E-6
2000-11-16,2.858357105641008E-7
2000-11-17,3.6353964723711926E-6
2000-11-18,6.326154251767922E-5
2000-11-19,6.723009219886447E-5
2000-11-20,4.0606864842420917E-4
2000-11-21,2.610686157411673E-4
2000-11-22,4.843138976095858E-5
2000-11-23,4.1786688945196966E-6
2000-11-24,1.4502529291748313E-6
2000-11-25,1.99682786066497E-5
2000-11-26,1.808127852560532E-6
2000-11-27,2.395737901153522E-6
2000-11-28,9.762024528037064E-4
2000-11-29,3.1597687325312626E-4
2000-11-30,1.3783493137041049E-5
2000-12-01,2.2999338447363516E-5
2000-12-02,8.58325832798081E-7
2000-12-03,0.0
2000-12-04,8.52346317969932E-7
2000-12-05,5.910145312783644E-6
2000-12-06,6.70999450594904E-6
2000-12-07,5.618177052867206E-7
2000-12-08,9.005538300971764E-7
2000-12-09,5.4968703692388695E-6
2000-12-10,2.2316636632261618E-6
2000-12-11,1.709282048714559E-6
2000-12-12,1.5681163200113627E-6
2000-12-13,4.3715517749187506E-7
2000-12-14,2.2149438692694725E-6
2000-12-15,1.5410442732495464E-6
2000-12-16,1.900458704191853E-6
2000-12-17,2.0447015934596867E-6
2000-12-18,1.5764302853481211E-6
2000-12-19,2.354975151827425E-6
2000-12-20,1.208804907547068E-6
2000-12-21,2.5141151895511666E-6
2000-12-22,1.9050165580187238E-6
2000-12-23,4.530830801386243E-6
2000-12-24,2.05240569834647E-6
2000-12-25,8.463858875984442E-7
2000-12-26,1.285048483623541E-6
2000-12-27,3.029889853678469E-6
2000-12-28,1.2814998058274796E-6
2000-12-29,0.0
2000-12-30,1.5070237352009475E-6
2000-12-31,8.52346317969932E-7
2001-01-01,3.4205512137084255E-5
2001-01-02,9.471139552965332E-5
2001-01-03,4.3701133391272055E-7
2001-01-04,1.3676035955462157E-5
2001-01-05,2.3641087881451896E-6
2001-01-06,0.0
2001-01-07,2.722398176362569E-6
2001-01-08,6.775721649214024E-9
2001-01-09,2.1505028864912737E-6
2001-01-10,8.553265615773853E-7
2001-01-11,2.742397120391353E-6
2001-01-12,0.0
2001-01-13,4.351138045421976E-7
2001-01-14,2.152710010552592E-6
2001-01-15,2.557696461735759E-6
2001-01-16,1.2879260680165316E-6
2001-01-17,4.351138613856165E-7
2001-01-18,4.351138045421976E-7
2001-01-19,0.0
2001-01-20,0.0
2001-01-21,8.52346317969932E-7
2001-01-22,9.361314404896681E-7
2001-01-23,7.112045016943433E-4
2001-01-24,4.654447165872323E-5
2001-01-25,1.2806880249627284E-6
2001-01-26,5.129783360938473E-7
2001-01-27,3.0618298436205533E-6
2001-01-28,1.4142897900897465E-6
2001-01-29,8.69553713793637E-7
2001-01-30,4.089628823578221E-6
2001-01-31,2.1214823572286242E-5
2001-02-01,4.713145088256649E-6
2001-02-02,-9.220620456757797E-9
2001-02-03,4.351138045421976E-7
2001-02-04,8.423979807048454E-7
2001-02-05,2.5801179504014726E-6
2001-02-06,1.7275462482757575E-6
2001-02-07,1.7216763126270962E-6
2001-02-08,2.4677794577632587E-5
2001-02-09,4.4797540926138664E-5
2001-02-10,4.130282657464568E-6
2001-02-11,8.525116950190201E-7
2001-02-12,4.410743663640915E-7
2001-02-13,1.2906306778859289E-6
2001-02-14,8.544531056031701E-7
2001-02-15,1.7106532368416083E-6
2001-02-16,5.643363627608506E-6
2001-02-17,3.3614285399312267E-6
2001-02-18,9.588748044135212E-5
2001-02-19,0.0027042676887188365
2001-02-20,8.018016729051667E-5
2001-02-21,7.639548745916041E-4
2001-02-22,0.0029804317643542604
2001-02-23,0.0012928831830372794
2001-02-24,0.0057637276242289235
2001-02-25,0.036637186660335594
2001-02-26,0.059341926181634794
2001-02-27,0.0010425462032637202
2001-02-28,9.347320816413615E-6
2001-03-01,6.056112925061618E-5
2001-03-02,4.6586270674628386E-5
2001-03-03,1.4638662448865597E-5
2001-03-04,4.2319288695580326E-7
2001-03-05,0.001317422466110297
2001-03-06,1.4934341939715787E-4
2001-03-07,4.6852825349465977E-7
2001-03-08,4.812278313014409E-7
2001-03-09,4.62701022283883E-6
2001-03-10,2.1701816479046333E-6
2001-03-11,3.979809445909113E-6
2001-03-12,8.989878252141565E-7
2001-03-13,5.151459602351195E-7
2001-03-14,7.109404299300532E-8
2001-03-15,1.4271461808612582E-5
2001-03-16,4.580199187461212E-7
2001-03-17,2.2294367577837993E-5
2001-03-18,5.5959256115715904E-6
2001-03-19,8.553265615773853E-7
2001-03-20,8.593220286456926E-7
2001-03-21,1.7276862289075962E-6
2001-03-22,6.674075902193065E-4
2001-03-23,0.015022609836691044
2001-03-24,0.005629605780057141
2001-03-25,0.0011068241087170694
2001-03-26,0.004044315824872348
2001-03-27,0.00960248649540768
2001-03-28,0.008299875388169559
2001-03-29,0.03018610440783585
2001-03-30,0.027499374384652994
2001-03-31,0.006257091874400034
2001-04-01,0.004602376268692102
2001-04-02,0.001761321739361812
2001-04-03,2.0511136750954426E-4
2001-04-04,8.467341950720978E-5
2001-04-05,2.183744500827238E-5
2001-04-06,8.534987892807627E-7
2001-04-07,3.671145680322813E-6
2001-04-08,0.018050728227431728
2001-04-09,0.008934304185771532
2001-04-10,0.009050508194013837
2001-04-11,0.009137171027116
2001-04-12,0.019249439377212428
2001-04-13,0.011247584137365393
2001-04-14,0.007497270702481474
2001-04-15,0.0017026406282971065
2001-04-16,0.005834987189344832
2001-04-17,0.013285029037311005
2001-04-18,0.007940334490785711
2001-04-19,0.0033853599465021554
2001-04-20,0.002616466917743572
2001-04-21,3.834288718038903E-4
2001-04-22,2.1060969139803173E-5
2001-04-23,8.524023049917588E-7
2001-04-24,8.56149128760154E-7
2001-04-25,8.398116851217548E-7
2001-04-26,7.81200678776808E-4
2001-04-27,0.008016408147408787
2001-04-28,0.046839523883051994
2001-04-29,0.04831820721767692
2001-04-30,0.018053302451262944
2001-05-01,0.00278972662769848
2001-05-02,0.011829406317580645
2001-05-03,0.012270658227232846
2001-05-04,0.012499170485069258
2001-05-05,0.022696134239924445
2001-05-06,0.02071832344538905
2001-05-07,0.05428371719753054
2001-05-08,0.06425627615511234
2001-05-09,0.031526283203177366
2001-05-10,0.09449464198912502
2001-05-11,0.04814989135444509
2001-05-12,0.010009997496440583
2001-05-13,2.857092319034519E-4
2001-05-14,0.002868639651487341
2001-05-15,0.004313090915579331
2001-05-16,0.007358430743782835
2001-05-17,0.006375401046315908
2001-05-18,0.010195128161869297
2001-05-19,0.006942310544279962
2001-05-20,0.00978283827048265
2001-05-21,0.01559804782993292
2001-05-22,0.021339754331261774
2001-05-23,0.016245754713440214
2001-05-24,0.015582420719582915
2001-05-25,0.007968416757494039
2001-05-26,0.001973923755600281
2001-05-27,0.007490443728993396
2001-05-28,0.008643576613878587
2001-05-29,0.006652929929963097
2001-05-30,0.02293050555953745
2001-05-31,0.020917983134065257
2001-06-01,0.01423861645721479
2001-06-02,0.02896467952542224
2001-06-03,0.03927033315493987
2001-06-04,0.08583521981887081
2001-06-05,0.07400158868623076
2001-06-06,0.02309859735557455
2001-06-07,0.025947844219816916
2001-06-08,0.03957286342128894
2001-06-09,0.015111287914415674
2001-06-10,0.014416747081900962
2001-06-11,0.012730650499702715
2001-06-12,0.012929942446414036
2001-06-13,0.015097410827772826
2001-06-14,0.023350583050419153
2001-06-15,0.024329890396036856
2001-06-16,0.01179851508543775
2001-06-17,0.023575870497984864
2001-06-18,0.04840960091248962
2001-06-19,0.02616452240432964
2001-06-20,0.012156462184835388
2001-06-21,0.009551877232559161
2001-06-22,0.03403538455422213
2001-06-23,0.01776947920668782
2001-06-24,0.010578712862237348
2001-06-25,0.006530720732747823
2001-06-26,0.00888118111903775
2001-06-27,0.009663498215646094
2001-06-28,0.009918954162670012
2001-06-29,0.015756054250660335
2001-06-30,0.04442731724780558
2001-07-01,0.017821153550267994
2001-07-02,0.010584403302714318
2001-07-03,0.004512561433670788
2001-07-04,0.007836459148647728
2001-07-05,0.010013248335586655
2001-07-06,0.005892860649030342
2001-07-07,0.010004214107817993
2001-07-08,0.010459266716667002
2001-07-09,0.01964113434004267
2001-07-10,0.011788219800816463
2001-07-11,0.012458108281555207
2001-07-12,0.012999301540395495
2001-07-13,0.014018080724096379
2001-07-14,0.017556688163318672
2001-07-15,0.010583717245398588
2001-07-16,0.01236042494417271
2001-07-17,0.012662303915165842
2001-07-18,0.009777638017258549
2001-07-19,0.019472450054909808
2001-07-20,0.012626887323758836
2001-07-21,0.008136193467701962
2001-07-22,0.012520551817145313
2001-07-23,0.009240929184275083
2001-07-24,0.011914816980244792
2001-07-25,0.013155062338669088
2001-07-26,0.01522240623367287
2001-07-27,0.023120441405327298
2001-07-28,0.02827995599471184
2001-07-29,0.03353762457946787
2001-07-30,0.05315640131600367
2001-07-31,0.054287973738239244
2001-08-01,0.02844546696526325
2001-08-02,0.021830938074446374
2001-08-03,0.012677197681599956
2001-08-04,0.012053420633680558
2001-08-05,0.01646013788184163
2001-08-06,0.0063325600536407135
2001-08-07,0.009914536286839866
2001-08-08,0.015969823355101394
2001-08-09,0.010504471210902831
2001-08-10,0.0047147212664121725
2001-08-11,0.003847845328508775
2001-08-12,0.005291677702525113
2001-08-13,0.009861635828466084
2001-08-14,0.013144258493288407
2001-08-15,0.009248180242115366
2001-08-16,0.007039263342985767
2001-08-17,0.0052791134348849425
2001-08-18,0.011517118774569792
2001-08-19,0.012659604778524082
2001-08-20,0.012311110677832818
2001-08-21,0.029169489252946296
2001-08-22,0.006494521642954364
2001-08-23,0.006598945588172521
2001-08-24,0.011728414696332998
2001-08-25,0.017196761924826682
2001-08-26,0.014674329775506565
2001-08-27,0.023388372463297984
2001-08-28,0.009777627189923253
2001-08-29,0.02423794805511745
2001-08-30,0.008998082578710338
2001-08-31,0.009878568227661684
2001-09-01,0.014653726618069445
2001-09-02,0.0062544857241170265
2001-09-03,0.0044503213008363135
2001-09-04,0.0033007763188353865
2001-09-05,0.012701032957159027
2001-09-06,0.014407354786216874
2001-09-07,0.017889963019354343
2001-09-08,0.011478517289738782
2001-09-09,0.011714613888064574
2001-09-10,0.012005417556064357
2001-09-11,0.016855630597282695
2001-09-12,0.014323803161868476
2001-09-13,0.006556932435645534
2001-09-14,0.0061117943362245805
2001-09-15,0.0080862895868712
2001-09-16,0.013581377411250437
2001-09-17,0.021028720080979318
2001-09-18,0.04427592841693538
2001-09-19,0.03788536908740254
2001-09-20,0.003649180236493233
2001-09-21,0.004897225574429334
2001-09-22,0.013547868027536868
2001-09-23,0.012865104955658747
2001-09-24,0.008325080033011871
2001-09-25,0.004523296573689218
2001-09-26,0.0071683008598099176
2001-09-27,0.0021277654936744856
2001-09-28,0.003995045466404626
2001-09-29,0.01333996144246696
2001-09-30,0.011861252587040384
2001-10-01,0.011125065779485115
2001-10-02,0.010697986526210184
2001-10-03,0.010446179639223641
2001-10-04,0.0115905918154534
2001-10-05,0.007870754436673713
2001-10-06,0.004566195902794577
2001-10-07,0.0017912523811800397
2001-10-08,0.0027993002060080633
2001-10-09,0.015528624484696085
2001-10-10,0.009767686148273837
2001-10-11,0.0024159513896949776
2001-10-12,0.0018893028701640598
2001-10-13,0.009044303543473109
2001-10-14,0.009141317366520104
2001-10-15,0.008153841148661762
2001-10-16,0.0043055649496097975
2001-10-17,0.016783115626552977
2001-10-18,0.031262123270410926
2001-10-19,0.0065368961120788795
2001-10-20,9.884783539468843E-4
2001-10-21,1.7176016724282812E-4
2001-10-22,2.927350556953145E-6
2001-10-23,1.2934186769850802E-6
2001-10-24,6.943033436074481E-5
2001-10-25,2.778270486586435E-4
2001-10-26,7.112429402743167E-5
2001-10-27,0.015207246355066413
2001-10-28,0.005349371738177843
2001-10-29,0.009529543202908749
2001-10-30,0.027937088227594376
2001-10-31,0.0488221585063249
2001-11-01,0.0021216531229315398
2001-11-02,1.0139675624488014E-4
2001-11-03,3.9176179182771523E-4
2001-11-04,9.131589135227907E-4
2001-11-05,1.5053412387136783E-4
2001-11-06,1.7449893693091033E-4
2001-11-07,0.0015379231672441672
2001-11-08,0.0011432308923302365
2001-11-09,5.794435732696002E-5
2001-11-10,4.5231860626253064E-5
2001-11-11,0.002812723042384589
2001-11-12,3.437081558594079E-4
2001-11-13,1.0480561170379066E-4
2001-11-14,2.7304091739785893E-6
2001-11-15,1.4315844342100543E-4
2001-11-16,2.3407657963072542E-4
2001-11-17,1.2552707181500565E-5
2001-11-18,7.097536383147434E-5
2001-11-19,1.3969010006335346E-5
2001-11-20,8.876539292554768E-5
2001-11-21,3.771187682954633E-4
2001-11-22,4.1609053828917006E-4
2001-11-23,7.156217972494966E-4
2001-11-24,2.2428974462761656E-4
2001-11-25,3.791770557449643E-6
2001-11-26,1.7446477633680224E-6
2001-11-27,5.689424603214864E-6
2001-11-28,4.667162197173339E-6
2001-11-29,4.5325007407740415E-6
2001-11-30,1.6435205591896374E-8
2001-12-01,0.0
2001-12-02,2.1485901475041654E-6
2001-12-03,4.512480699951069E-6
2001-12-04,1.685970910383958E-5
2001-12-05,1.5301183378352298E-4
2001-12-06,4.3080943406452006E-5
2001-12-07,8.82019769997276E-5
2001-12-08,7.600803465806104E-5
2001-12-09,1.3078242109690094E-4
2001-12-10,3.60155552989615E-6
2001-12-11,1.5830050486360676E-6
2001-12-12,7.541770535397395E-7
2001-12-13,1.9370245757987624E-6
2001-12-14,3.3187905424090717E-6
2001-12-15,1.914980094556864E-7
2001-12-16,8.52346317969932E-7
2001-12-17,3.0111274327282445E-6
2001-12-18,9.760357350571823E-7
2001-12-19,2.9102234712924807E-6
2001-12-20,0.0
2001-12-21,4.351138045421976E-7
2001-12-22,8.523463748133508E-7
2001-12-23,1.3595754304422618E-6
2001-12-24,0.0
2001-12-25,1.7129659315124458E-6
2001-12-26,1.29122714734072E-6
2001-12-27,1.2814998058274796E-6
2001-12-28,1.7653463787137084E-6
2001-12-29,2.7430387554318914E-6
2001-12-30,1.2876213633974874E-6
2001-12-31,8.702277796146518E-7
2002-01-01,0.0
2002-01-02,0.0
2002-01-03,1.2704121559181658E-6
2002-01-04,9.710982934627487E-7
2002-01-05,2.5766557882889174E-6
2002-01-06,4.2401861577445743E-7
2002-01-07,6.715487877765476E-5
2002-01-08,1.851651446517408E-6
2002-01-09,1.7536788689413955E-5
2002-01-10,6.848152996591952E-5
2002-01-11,3.890922711765747E-6
2002-01-12,5.146407851908287E-6
2002-01-13,0.0
2002-01-14,2.15659770219645E-6
2002-01-15,3.867719432665356E-6
2002-01-16,2.133206947415454E-6
2002-01-17,7.166651545921505E-5
2002-01-18,7.683900458457929E-4
2002-01-19,2.4476805858379082E-5
2002-01-20,5.131036556559791E-5
2002-01-21,2.8715449218460587E-4
2002-01-22,0.001543131237134891
2002-01-23,0.009438231892418185
2002-01-24,2.6539668904323316E-4
2002-01-25,9.962524237680086E-7
2002-01-26,1.6208535219243066E-6
2002-01-27,1.3015642283358841E-6
2002-01-28,0.0012740662936604917
2002-01-29,0.0010163167609875613
2002-01-30,6.74043645283738E-4
2002-01-31,2.812624650547897E-6
2002-02-01,1.3581847648479174E-6
2002-02-02,1.336367144060962E-8
2002-02-03,7.842851851724805E-6
2002-02-04,6.758024348654299E-6
2002-02-05,4.267868014551368E-7
2002-02-06,2.5736626412253827E-6
2002-02-07,4.387795229376934E-7
2002-02-08,3.89338993960137E-6
2002-02-09,9.018323852236624E-7
2002-02-10,4.3676283766969016E-7
2002-02-11,4.3512290544298854E-7
2002-02-12,4.261736180760741E-7
2002-02-13,4.261732051702438E-7
2002-02-14,8.464048370519856E-7
2002-02-15,4.351138045421976E-7
2002-02-16,3.0070187171014053E-6
2002-02-17,1.9962387966971868E-8
2002-02-18,1.3280074159736963E-6
2002-02-19,9.702163213192353E-7
2002-02-20,5.302661225301314E-6
2002-02-21,1.7381586730037123E-5
2002-02-22,4.202220179684056E-5
2002-02-23,3.3413459016371027E-6
2002-02-24,1.9083133493908257E-6
2002-02-25,0.0019249192552049377
2002-02-26,1.2122641319519134E-4
2002-02-27,5.9996954889167625E-6
2002-02-28,1.3993310101459484E-8
2002-03-01,8.646721784779104E-8
2002-03-02,8.546668215333638E-7
2002-03-03,0.002071277178338844
2002-03-04,4.927289943481489E-4
2002-03-05,5.365157908443382E-6
2002-03-06,1.3039003571234365E-6
2002-03-07,2.8690966993405967E-5
2002-03-08,3.4308976694853354E-6
2002-03-09,6.018527699969215E-6
2002-03-10,3.6515956929025317E-4
2002-03-11,0.002749473654891723
2002-03-12,7.141059025405472E-4
2002-03-13,2.1410315484689623E-6
2002-03-14,4.4633533008127124E-7
2002-03-15,2.0775491791653497E-9
2002-03-16,4.124354116493386E-6
2002-03-17,2.092723339283217E-6
2002-03-18,5.381811743615741E-7
2002-03-19,9.088923600446796E-7
2002-03-20,4.5316067592097133E-7
2002-03-21,4.762875217322733E-7
2002-03-22,2.7233158050349207E-4
2002-03-23,0.004441203060580826
2002-03-24,0.04284735330911178
2002-03-25,0.027398672009710103
2002-03-26,0.03161637296092649
2002-03-27,0.028209668344926133
2002-03-28,0.01865835634992061
2002-03-29,0.008867996796199906
2002-03-30,2.963462498227315E-4
2002-03-31,0.001884802930342333
2002-04-01,0.022698422557426684
2002-04-02,0.026495496791206007
2002-04-03,0.028364860613566602
2002-04-04,0.0017027862126134244
2002-04-05,9.567534114555047E-5
2002-04-06,2.984000027524254E-4
2002-04-07,5.473317072348663E-4
2002-04-08,0.013098127282190543
2002-04-09,0.027634631937005428
2002-04-10,0.03158128759850656
2002-04-11,0.016186867035882322
2002-04-12,6.813941964868868E-5
2002-04-13,1.599278985978907E-6
2002-04-14,3.309855211669445E-5
2002-04-15,0.00976917487173902
2002-04-16,0.03711139743641126
2002-04-17,0.028447534519366116
2002-04-18,0.006585902857211974
2002-04-19,0.00941996702214159
2002-04-20,0.004968934351779967
2002-04-21,0.014644414823955858
2002-04-22,0.006661873461691627
2002-04-23,0.0036013565522504966
2002-04-24,0.002380864021917996
2002-04-25,0.008368159446843791
2002-04-26,0.027211924589249793
2002-04-27,0.029981611149312182
2002-04-28,0.004913625286924359
2002-04-29,0.0020952265605595818
2002-04-30,0.016862546795168888
2002-05-01,0.013578047146063152
2002-05-02,0.004558028937075181
2002-05-03,0.007683548990116651
2002-05-04,0.020888085402659733
2002-05-05,0.04851592805688783
2002-05-06,0.08907921941380283
2002-05-07,0.007557390496646746
2002-05-08,0.0016240291319987417
2002-05-09,0.005752504224320136
2002-05-10,0.008952643205061814
2002-05-11,0.024937585538005562
2002-05-12,0.02249656788099901
2002-05-13,0.004209616984418361
2002-05-14,0.020499213632373822
2002-05-15,0.011887904849178378
2002-05-16,0.004043975815258124
2002-05-17,0.007989578665159428
2002-05-18,0.008616623489856106
2002-05-19,0.076304644847967
2002-05-20,0.01678358408186927
2002-05-21,0.06899751404365466
2002-05-22,0.06335273079347407
2002-05-23,0.04007878449083857
2002-05-24,0.035482228196225436
2002-05-25,0.04643940659132284
2002-05-26,0.05923749632997392
2002-05-27,0.061815321755875396
2002-05-28,0.026046550718776755
2002-05-29,0.0153824986465408
2002-05-30,0.005992446577531754
2002-05-31,0.010550689477624237
2002-06-01,0.009708059000211999
2002-06-02,0.005949178374475841
2002-06-03,0.0083245357780829
2002-06-04,0.00933463622982792
2002-06-05,0.010129783066797302
2002-06-06,0.013155901640778452
2002-06-07,0.03066332588597288
2002-06-08,0.03881923429958051
2002-06-09,0.014771019712504977
2002-06-10,0.013146021006936135
2002-06-11,0.02659744253522055
2002-06-12,0.03151051025419288
2002-06-13,0.07072379026325112
2002-06-14,0.043385808321437395
2002-06-15,0.07008057354552141
2002-06-16,0.02144722346415109
2002-06-17,0.009018666169243059
2002-06-18,0.008279122849311446
2002-06-19,0.009532750803078202
2002-06-20,0.01104748126183479
2002-06-21,0.014296247821753427
2002-06-22,0.03757771118810837
2002-06-23,0.034940808069340426
2002-06-24,0.01171974945404282
2002-06-25,0.012272751640736162
2002-06-26,0.014194253857291029
2002-06-27,0.010786637959229892
2002-06-28,0.013100998161188492
2002-06-29,0.029710179215910813
2002-06-30,0.023238980556827406
2002-07-01,0.019904876574431882
2002-07-02,0.037442017773839646
2002-07-03,0.03597643086665733
2002-07-04,0.02221436532149082
2002-07-05,0.021742042670400863
2002-07-06,0.03169577845732804
2002-07-07,0.03966751485503135
2002-07-08,0.028668972055260852
2002-07-09,0.0368427138708527
2002-07-10,0.018335179552069546
2002-07-11,0.04156093533284939
2002-07-12,0.03885545954313342
2002-07-13,0.031677787191089185
2002-07-14,0.02747036230141564
2002-07-15,0.013251167489106904
2002-07-16,0.022806954786892177
2002-07-17,0.023495267288528292
2002-07-18,0.015117329744498711
2002-07-19,0.02255081462766747
2002-07-20,0.028453340808226375
2002-07-21,0.053950364128829455
2002-07-22,0.05850074432704146
2002-07-23,0.022912192365133026
2002-07-24,0.024785246413762257
2002-07-25,0.020704456666772775
2002-07-26,0.012454375199971175
2002-07-27,0.01871200661778727
2002-07-28,0.015625548611617832
2002-07-29,0.024211462932480908
2002-07-30,0.02465449521480718
2002-07-31,0.014952391731428968
2002-08-01,0.010173117178366695
2002-08-02,0.02188595738101195
2002-08-03,0.01683397072243553
2002-08-04,0.016493214619469784
2002-08-05,0.012654063501794068
2002-08-06,0.009601934798981408
2002-08-07,0.013419037806586735
2002-08-08,0.043951675745062514
2002-08-09,0.0331776047558554
2002-08-10,0.013386070372144817
2002-08-11,0.01874924430779467
2002-08-12,0.02634693366771488
2002-08-13,0.018836435903357034
2002-08-14,0.021483533804403574
2002-08-15,0.015459586596828334
2002-08-16,0.04066466253132937
2002-08-17,0.012006609303758324
2002-08-18,0.012093679094848606
2002-08-19,0.019873833359903212
2002-08-20,0.0100476767800914
2002-08-21,0.002194791060687394
2002-08-22,0.022586485947611794
2002-08-23,0.015180101577344327
2002-08-24,0.011017594746587495
2002-08-25,0.019534138334770624
2002-08-26,0.024963762775417685
2002-08-27,0.011474809552720516
2002-08-28,0.014238014703403285
2002-08-29,0.006090769963148715
2002-08-30,0.007760676516701175
2002-08-31,0.007913537118430772
2002-09-01,0.012044130823927886
2002-09-02,0.010046821803048884
2002-09-03,0.007740622750217863
2002-09-04,0.007204778970493748
2002-09-05,0.01385190417053383
2002-09-06,0.005269437067673222
2002-09-07,0.006249553216817611
2002-09-08,0.019530825027926815
2002-09-09,0.013538650560671883
2002-09-10,0.012899574271241719
2002-09-11,0.012277971763654099
2002-09-12,9.273991238519639E-4
2002-09-13,0.007963402627003676
2002-09-14,0.012524360472062433
2002-09-15,0.01721841070766981
2002-09-16,0.011267408658728783
2002-09-17,9.032773419618666E-4
2002-09-18,1.1073109944569782E-4
2002-09-19,0.00171034244400573
2002-09-20,0.01620614915956855
2002-09-21,0.020861585783028443
2002-09-22,0.03490639810874021
2002-09-23,0.01849923977530953
2002-09-24,0.017906997453422235
2002-09-25,0.00423271562699879
2002-09-26,0.005919879075904372
2002-09-27,0.037020680890176336
2002-09-28,0.016749381541859856
2002-09-29,0.007476814652797229
2002-09-30,0.007861097650548628
2002-10-01,0.00403962975842175
2002-10-02,0.0036582463578289036
2002-10-03,0.003908658851846563
2002-10-04,0.00403744763112999
2002-10-05,0.0013164240801048525
2002-10-06,0.0018866651672851868
2002-10-07,0.005468311863943184
2002-10-08,0.005285137068254962
2002-10-09,0.002552353459923654
2002-10-10,0.0011086424448300842
2002-10-11,0.0011455248041093043
2002-10-12,0.001163010223820864
2002-10-13,0.003319417311403796
2002-10-14,0.004371047661464828
2002-10-15,0.006327711625423047
2002-10-16,0.0020914668706111133
2002-10-17,9.721752630837395E-4
2002-10-18,0.005719319539677555
2002-10-19,0.020895558750222195
2002-10-20,0.022735376033738163
2002-10-21,3.4563766264846565E-4
2002-10-22,2.8466051057343737E-4
2002-10-23,8.510862770801164E-6
2002-10-24,8.281718701253518E-6
2002-10-25,1.2362284077389212E-5
2002-10-26,5.259532237742584E-5
2002-10-27,1.1428713788291136E-4
2002-10-28,9.56069556457548E-5
2002-10-29,3.003154617513537E-6
2002-10-30,1.0995103378715716E-5
2002-10-31,2.5193861256099628E-6
2002-11-01,5.971531819745984E-6
2002-11-02,3.4019031287017654E-6
2002-11-03,0.001593873608486351
2002-11-04,0.001888636060104803
2002-11-05,8.371656684065566E-4
2002-11-06,9.569987309653079E-5
2002-11-07,1.2863858245840825E-6
2002-11-08,4.3557246745177707E-7
2002-11-09,2.4293614663324377E-6
2002-11-10,9.024488845380999E-7
2002-11-11,0.008783750226559672
2002-11-12,0.08618185165893241
2002-11-13,0.027016418103457465
2002-11-14,7.095094562737491E-4
2002-11-15,3.616381357297369E-5
2002-11-16,2.2687233252332394E-8
2002-11-17,3.3300524441694597E-5
2002-11-18,4.0220606189242674E-5
2002-11-19,1.2603448908453046E-4
2002-11-20,2.2721375032416172E-4
2002-11-21,2.4014370923806264E-6
2002-11-22,2.2405458161685576E-6
2002-11-23,4.524912448287701E-6
2002-11-24,7.522759824483319E-6
2002-11-25,4.521066479608142E-6
2002-11-26,8.752606843111246E-5
2002-11-27,5.298609433428526E-5
2002-11-28,9.771945650317948E-6
2002-11-29,1.713517408148682E-5
2002-11-30,8.474377154398574E-5
2002-12-01,4.194494077304984E-5
2002-12-02,9.284926459968436E-6
2002-12-03,1.7953094719462314E-5
2002-12-04,3.440923433729585E-5
2002-12-05,3.319219590977778E-5
2002-12-06,3.3808888969192616E-5
2002-12-07,1.4388001276242882E-5
2002-12-08,1.2573431918252023E-6
2002-12-09,4.1139564083579715E-6
2002-12-10,3.08578198397599E-5
2002-12-11,5.366291441669355E-7
2002-12-12,3.3734854300509946E-6
2002-12-13,1.404069234870073E-6
2002-12-14,2.0685505443376487E-6
2002-12-15,4.548109163438655E-6
2002-12-16,1.658875894653217E-4
2002-12-17,3.242114219717297E-4
2002-12-18,6.717955424547879E-4
2002-12-19,5.804858532833954E-4
2002-12-20,0.001509226715633636
2002-12-21,9.070134262223597E-4
2002-12-22,1.704247904127321E-5
2002-12-23,4.048048781560337E-6
2002-12-24,4.564912276959873E-6
2002-12-25,1.0548220124899338E-5
2002-12-26,4.8112317963465754E-5
2002-12-27,5.70215555058773E-5
2002-12-28,9.345503907678974E-5
2002-12-29,4.536373560313223E-6
2002-12-30,5.061104472962588E-6
2002-12-31,4.351138045421976E-7
2003-01-01,1.7740454234588555E-4
2003-01-02,8.52346317969932E-7
2003-01-03,1.345543794168355E-6
2003-01-04,3.464535421420479E-6
2003-01-05,8.614665597160432E-5
2003-01-06,0.0
2003-01-07,1.2844800494349329E-6
2003-01-08,4.547029641265268E-6
2003-01-09,9.256703784779143E-7
2003-01-10,2.0740102663983564E-6
2003-01-11,1.4667022672760973E-6
2003-01-12,2.583081084139849E-6
2003-01-13,1.3107010664955747E-7
2003-01-14,8.518842097051634E-7
2003-01-15,8.583068797918258E-7
2003-01-16,7.282782162633998E-7
2003-01-17,2.7919633834912448E-6
2003-01-18,8.52346317969932E-7
2003-01-19,1.966729895135317E-6
2003-01-20,4.351138045421976E-7
2003-01-21,1.152305945150126E-6
2003-01-22,1.8710447887583348E-6
2003-01-23,8.702277796146518E-7
2003-01-24,8.879339019706957E-7
2003-01-25,4.844221026786337E-7
2003-01-26,5.617693308814352E-6
2003-01-27,1.2723476226127233E-5
2003-01-28,2.6983510195802508E-6
2003-01-29,5.632736647893545E-4
2003-01-30,6.866523549229514E-4
2003-01-31,4.170788938879114E-4
2003-02-01,9.131756405910087E-7
2003-02-02,2.150374825760082E-6
2003-02-03,3.7104669747423902E-6
2003-02-04,8.52346317969932E-7
2003-02-05,8.1231250583781E-4
2003-02-06,2.822813783253579E-4
2003-02-07,8.068109403396877E-5
2003-02-08,1.110663303750099E-5
2003-02-09,2.836963787740914E-4
2003-02-10,7.630083821929261E-4
2003-02-11,5.688111200851451E-6
2003-02-12,0.002037557798825944
2003-02-13,0.002889671529858163
2003-02-14,8.482469626919642E-4
2003-02-15,7.094142334724137E-6
2003-02-16,4.740466205557455E-6
2003-02-17,2.5609722713410934E-6
2003-02-18,2.5703711798996665E-6
2003-02-19,1.8430889816879815E-4
2003-02-20,6.750167067261279E-5
2003-02-21,3.748890453336856E-5
2003-02-22,8.52346317969932E-7
2003-02-23,2.5689600988698658E-6
2003-02-24,2.215974403942201E-6
2003-02-25,2.419466095542929E-5
2003-02-26,5.84482357646918E-5
2003-02-27,2.1065407965569136E-4
2003-02-28,8.61835526869183E-6
2003-03-01,1.1847065093750883E-4
2003-03-02,3.791071030962674E-4
2003-03-03,0.001114909615793337
2003-03-04,0.001515710174701142
2003-03-05,1.971647347251111E-6
2003-03-06,4.351138045421976E-7
2003-03-07,8.553265615773853E-7
2003-03-08,1.2814998058274796E-6
2003-03-09,4.410743663640915E-7
2003-03-10,1.7054508187178247E-10
2003-03-11,0.0010375002573508063
2003-03-12,0.006994883782833123
2003-03-13,0.0051787882172632796
2003-03-14,0.0021235284067130495
2003-03-15,0.002375838855512923
2003-03-16,0.006898824535003985
2003-03-17,0.006115876745884819
2003-03-18,0.003387996380130191
2003-03-19,0.006728811977657282
2003-03-20,0.008532980141698282
2003-03-21,8.12300117519107E-5
2003-03-22,2.1497956934691856E-6
2003-03-23,0.0
2003-03-24,2.213003313460017E-6
2003-03-25,1.699262118173349E-4
2003-03-26,0.004611758662116137
2003-03-27,0.0018618034344538006
2003-03-28,4.5980727334988516E-4
2003-03-29,0.0027040333560737952
2003-03-30,0.009181800298551266
2003-03-31,0.04061728195385026
2003-04-01,0.01428902376806943
2003-04-02,0.009833443054999768
2003-04-03,0.013373474195763149
2003-04-04,0.0014858499034818588
2003-04-05,3.1670869033668193E-4
2003-04-06,1.2465070593917239E-5
2003-04-07,5.7666674865765084E-5
2003-04-08,3.412945726539471E-4
2003-04-09,6.250937812762456E-4
2003-04-10,3.924945683454985E-4
2003-04-11,0.004009991767867349
2003-04-12,0.04986642519865644
2003-04-13,0.025564180856322977
2003-04-14,0.011658683692897924
2003-04-15,0.008648093156301216
2003-04-16,0.028654956510559694
2003-04-17,0.04270392248685203
2003-04-18,0.008919580489925987
2003-04-19,0.00508924716857472
2003-04-20,0.023657488022896488
2003-04-21,0.021757598279770748
2003-04-22,0.022404738430301704
2003-04-23,0.0063926573269632555
2003-04-24,6.324097531915934E-4
2003-04-25,4.7867173699010226E-4
2003-04-26,0.0010418351760155297
2003-04-27,0.008136331277086557
2003-04-28,9.831793280168817E-4
2003-04-29,0.0019708892840870546
2003-04-30,0.006906500263193442
2003-05-01,0.014229991411796206
2003-05-02,0.03329144933575186
2003-05-03,0.03241183419361972
2003-05-04,0.10183700244702137
2003-05-05,0.016019472247587128
2003-05-06,0.02507158635313905
2003-05-07,0.007092772104188199
2003-05-08,0.0021505075589769843
2003-05-09,2.78224335190753E-5
2003-05-10,7.01124732608061E-4
2003-05-11,2.788016308613231E-5
2003-05-12,2.293333487118801E-5
2003-05-13,4.8194959949901775E-5
2003-05-14,0.0026467904070155476
2003-05-15,0.005537894528289758
2003-05-16,0.010434798315334724
2003-05-17,0.008761223687155066
2003-05-18,0.0014106866945579133
2003-05-19,0.0011625301476158858
2003-05-20,0.029993385989967647
2003-05-21,0.026655705328903323
2003-05-22,0.02401823216539861
2003-05-23,0.013287346740102351
2003-05-24,0.012908699210276159
2003-05-25,0.025475020369673772
2003-05-26,0.026545778264591372
2003-05-27,0.024108775579252707
2003-05-28,0.006020990644542128
2003-05-29,0.0014510180828481393
2003-05-30,1.3654325006669664E-4
2003-05-31,1.6603960636068932E-4
2003-06-01,0.0019889375390812025
2003-06-02,0.0013427734335216574
2003-06-03,0.002893840012522792
2003-06-04,0.012389638743476372
2003-06-05,0.01765891465062352
2003-06-06,0.054477013421454876
2003-06-07,0.0678878557402102
2003-06-08,0.08345815817539357
2003-06-09,0.10955696021320266
2003-06-10,0.06617021695415168
2003-06-11,0.05486787114270851
2003-06-12,0.04308516118621835
2003-06-13,0.06327152406290776
2003-06-14,0.03403139481654745
2003-06-15,0.013345718887626788
2003-06-16,0.01307514096645158
2003-06-17,0.018952783656688788
2003-06-18,0.019271852146678425
2003-06-19,0.011796221545752078
2003-06-20,0.021661742384911878
2003-06-21,0.046076092582896966
2003-06-22,0.0405729081940948
2003-06-23,0.017429878372332952
2003-06-24,0.024098895328232856
2003-06-25,0.0209874974763979
2003-06-26,0.02985235454371245
2003-06-27,0.04260295729350476
2003-06-28,0.03752285207163201
2003-06-29,0.06773932013112104
2003-06-30,0.02267401022780412
2003-07-01,0.017073011634322264
2003-07-02,0.015851119330766578
2003-07-03,0.013935443567116422
2003-07-04,0.010598890813657318
2003-07-05,0.013306771073959127
2003-07-06,0.020514606047350954
2003-07-07,0.016348323301693276
2003-07-08,0.018206586740325836
2003-07-09,0.010066240771413184
2003-07-10,0.024497343636833868
2003-07-11,0.03772291684204167
2003-07-12,0.021660042722588677
2003-07-13,0.020222321666045002
2003-07-14,0.012098684388432162
2003-07-15,0.012464876508919078
2003-07-16,0.014519939643105184
2003-07-17,0.012405520203514896
2003-07-18,0.013136952740259271
2003-07-19,0.01511937430989352
2003-07-20,0.017505691618065096
2003-07-21,0.011765653474225818
2003-07-22,0.010776272137856903
2003-07-23,0.007766530636072114
2003-07-24,0.017632614272090695
2003-07-25,0.014999934250564251
2003-07-26,0.016513935000117434
2003-07-27,0.003961595472527382
2003-07-28,0.013817588353793007
2003-07-29,0.03050686726418612
2003-07-30,0.020281025103234155
2003-07-31,0.019443166556455855
2003-08-01,0.011604903214961458
2003-08-02,0.00983154902299241
2003-08-03,4.5511969403340196E-4
2003-08-04,0.006943151921006308
2003-08-05,0.009534947492311456
2003-08-06,0.008491977783555243
2003-08-07,0.01035188720049198
2003-08-08,0.009641900731390615
2003-08-09,0.016208832087780005
2003-08-10,0.02021257773235991
2003-08-11,0.02139734474141245
2003-08-12,0.013348323257023897
2003-08-13,0.006520780667318086
2003-08-14,0.008653180958821595
2003-08-15,0.010932189182222232
2003-08-16,0.013282214166284303
2003-08-17,0.010636480081988052
2003-08-18,0.0028661710211071367
2003-08-19,0.017924725899015212
2003-08-20,0.007342441775940997
2003-08-21,0.00973810369142643
2003-08-22,0.02357526712715695
2003-08-23,0.0023618990122582883
2003-08-24,0.015562089636118822
2003-08-25,0.012900880879415098
2003-08-26,0.007744547448659759
2003-08-27,0.005845700317185051
2003-08-28,0.008320696881844825
2003-08-29,0.009710744688603178
2003-08-30,0.013897972990115536
2003-08-31,0.013339377636838175
2003-09-01,0.018706300928655648
2003-09-02,0.016067085064654454
2003-09-03,0.008046110526457002
2003-09-04,0.0064684626747600685
2003-09-05,0.016542104090175293
2003-09-06,0.010533341427275387
2003-09-07,0.01849489554106253
2003-09-08,0.011814507568583862
2003-09-09,0.014137443862973033
2003-09-10,0.020687004923820498
2003-09-11,0.04794451198116405
2003-09-12,0.020704772854668225
2003-09-13,0.019584449497709034
2003-09-14,0.03691875513357406
2003-09-15,0.014604628277733003
2003-09-16,0.016764094423007414
2003-09-17,0.016263276653781796
2003-09-18,0.011239938989851398
2003-09-19,0.010834651945557208
2003-09-20,0.014842426731464815
2003-09-21,0.012601564249643898
2003-09-22,0.009937219521456037
2003-09-23,0.007410157084287786
2003-09-24,0.008631990744056536
2003-09-25,0.006386026546607972
2003-09-26,0.016075876526905983
2003-09-27,0.010604656957087491
2003-09-28,0.004166076150152575
2003-09-29,0.006256844526630222
2003-09-30,0.005068137715525809
2003-10-01,0.010510165833824983
2003-10-02,0.003925871520028639
2003-10-03,0.00960201092213782
2003-10-04,0.00803245674281815
2003-10-05,0.0017044900580648146
2003-10-06,9.00446924169586E-4
2003-10-07,0.006320879697110613
2003-10-08,0.025659218625197832
2003-10-09,0.03623976464860151
2003-10-10,0.03226556454955649
2003-10-11,0.001420325191115907
2003-10-12,5.233706641576193E-4
2003-10-13,1.0282255967075557E-4
2003-10-14,4.0406935003107E-4
2003-10-15,0.0033439614164359954
2003-10-16,0.0035464707034057984
2003-10-17,4.334240767718121E-4
2003-10-18,0.002590246915903396
2003-10-19,5.015000669780584E-4
2003-10-20,0.00574386400854312
2003-10-21,0.004013074484482679
2003-10-22,0.001996528884735075
2003-10-23,0.0033750732079406687
2003-10-24,0.0014224249976115522
2003-10-25,0.004107197866586806
2003-10-26,0.0062833000462233215
2003-10-27,0.005225058662191298
2003-10-28,8.963107381376998E-4
2003-10-29,5.919134960477833E-4
2003-10-30,3.737713313698859E-4
2003-10-31,8.348646669546308E-4
2003-11-01,4.918726758427054E-4
2003-11-02,5.673587839038387E-5
2003-11-03,3.431920931012229E-5
2003-11-04,1.4707276048972953E-5
2003-11-05,5.4292729175852736E-5
2003-11-06,3.102726268640922E-4
2003-11-07,1.9939709817433244E-4
2003-11-08,7.86586681302084E-6
2003-11-09,7.420280499148622E-6
2003-11-10,1.3077501705209884E-6
2003-11-11,4.200303038774137E-6
2003-11-12,5.6692025081539044E-5
2003-11-13,2.966766384994601E-6
2003-11-14,2.205721560241171E-6
2003-11-15,1.0858189402483074E-6
2003-11-16,8.797154591522325E-7
2003-11-17,1.823694161191265E-6
2003-11-18,3.263817481830286E-6
2003-11-19,2.1651063189430108E-6
2003-11-20,1.440932670597397E-4
2003-11-21,0.0
2003-11-22,0.0
2003-11-23,2.8684304628758077E-8
2003-11-24,6.856967431272387E-7
2003-11-25,2.7408640286701113E-6
2003-11-26,4.125812839221403E-9
2003-11-27,2.815073287483809E-6
2003-11-28,7.232849048636907E-7
2003-11-29,1.7057444329295613E-6
2003-11-30,1.933313305663418E-6
2003-12-01,2.3454827104788595E-6
2003-12-02,1.390328716336947E-6
2003-12-03,2.1032139583219056E-6
2003-12-04,3.2412627061771652E-6
2003-12-05,8.92114863230314E-7
2003-12-06,1.929887658948273E-6
2003-12-07,6.8365627572016694E-6
2003-12-08,2.863432872855533E-6
2003-12-09,1.2062811505745229E-4
2003-12-10,2.928133830977395E-5
2003-12-11,1.4743191658416928E-6
2003-12-12,1.7172232560369594E-6
2003-12-13,8.583068797918258E-7
2003-12-14,0.0
2003-12-15,2.5818868647221845E-6
2003-12-16,3.6137796096069547E-6
2003-12-17,0.001369312405914594
2003-12-18,0.012103623182243018
2003-12-19,0.015614844991677767
2003-12-20,0.004165300531751853
2003-12-21,4.419022832942023E-4
2003-12-22,2.1670741666293854E-4
2003-12-23,2.7681172669278413E-5
2003-12-24,2.333955989963289E-6
2003-12-25,6.859486847254584E-6
2003-12-26,2.5828991559957773E-6
2003-12-27,3.704830656196639E-5
2003-12-28,0.004794756015601185
2003-12-29,4.5691296097524544E-5
2003-12-30,5.684341886080802E-14
2003-12-31,1.306597600756042E-6
2004-01-01,4.281317826697851E-7
2004-01-02,9.982701326381267E-8
2004-01-03,4.386401255784758E-7
2004-01-04,0.0
2004-01-05,1.2835996585636167E-6
2004-01-06,4.322641904890341E-7
2004-01-07,1.3219600900075198E-6
2004-01-08,2.5810803598125406E-5
2004-01-09,7.963536442694918E-5
2004-01-10,8.51263614510251E-7
2004-01-11,2.807095952869012E-6
2004-01-12,1.5183290097450805E-5
2004-01-13,1.019561340802867E-5
2004-01-14,3.6275564917229804E-4
2004-01-15,2.141535889265175E-4
2004-01-16,1.7946058771178158E-5
2004-01-17,1.0477985239256962E-5
2004-01-18,2.3374227602357815E-5
2004-01-19,0.0014514772047024935
2004-01-20,2.765868357678458E-4
2004-01-21,2.0223503249078734E-5
2004-01-22,2.5855420723134725E-5
2004-01-23,0.0015308716000687268
2004-01-24,0.0013298526724969295
2004-01-25,1.1950994804070869E-4
2004-01-26,6.123134758087551E-6
2004-01-27,1.7148048527815263E-6
2004-01-28,0.0
2004-01-29,2.568960042026447E-6
2004-01-30,1.3006959420636122E-6
2004-01-31,4.261732051702438E-7
2004-02-01,8.811241347016192E-7
2004-02-02,7.949694888793603E-6
2004-02-03,1.2812568672936558E-6
2004-02-04,5.773381532254079E-7
2004-02-05,8.52346317969932E-7
2004-02-06,5.760940170527239E-7
2004-02-07,1.816919154178828E-6
2004-02-08,8.523464316567697E-7
2004-02-09,1.7136334804490616E-6
2004-02-10,8.506853532708192E-7
2004-02-11,8.527804895672062E-7
2004-02-12,0.0
2004-02-13,8.553266184208042E-7
2004-02-14,2.1377161758572446E-6
2004-02-15,5.830642470823609E-7
2004-02-16,2.6128027119741916E-5
2004-02-17,8.52346317969932E-7
2004-02-18,1.2820221968468104E-6
2004-02-19,2.4215563655747705E-5
2004-02-20,9.284758749193532E-4
2004-02-21,1.2849380611710151E-4
2004-02-22,4.4658988196868144E-5
2004-02-23,1.7337437840342845E-6
2004-02-24,4.470649826733363E-8
2004-02-25,4.351138045421976E-7
2004-02-26,3.437107031927055E-6
2004-02-27,8.938133372047735E-6
2004-02-28,3.5384979448919985E-5
2004-02-29,0.0020479758138784196
2004-03-01,9.846063342181198E-4
2004-03-02,1.7464606556280438E-4
2004-03-03,8.572994524674765E-7
2004-03-04,8.606966730440035E-7
2004-03-05,4.351138045421976E-7
2004-03-06,8.702277796146518E-7
2004-03-07,4.36599974687389E-6
2004-03-08,5.527840777043863E-5
2004-03-09,4.4294484443836215E-6
2004-03-10,0.003946038610725394
2004-03-11,2.6774141469107138E-5
2004-03-12,2.0693537122218603E-5
2004-03-13,6.376787064255043E-6
2004-03-14,2.1695844079816585E-6
2004-03-15,8.542248978869138E-7
2004-03-16,2.3510821077520462E-4
2004-03-17,5.699915941155227E-5
2004-03-18,3.977110664323595E-5
2004-03-19,0.005107017580827514
2004-03-20,0.015013304317003389
2004-03-21,0.0035329945022869983
2004-03-22,0.010775399364379108
2004-03-23,0.0078045071131749
2004-03-24,0.005683041407780507
2004-03-25,0.003686491985611498
2004-03-26,0.0026491487378335205
2004-03-27,0.001970920747975723
2004-03-28,0.010429616584254137
2004-03-29,0.01221005799095521
2004-03-30,0.035853472984065334
2004-03-31,0.012530178922663882
2004-04-01,0.0019514496477324819
2004-04-02,0.008212522456826172
2004-04-03,0.007023866762509797
2004-04-04,0.008689752777934573
2004-04-05,0.02061303315178164
2004-04-06,0.028666114638204194
2004-04-07,0.01694183423038011
2004-04-08,0.017743099435602566
2004-04-09,0.025315188839307726
2004-04-10,0.08167946788660022
2004-04-11,0.10513180620107004
2004-04-12,0.09033766539541147
2004-04-13,0.08538242579905479
2004-04-14,0.10945748223885857
2004-04-15,0.12263769366099361
2004-04-16,0.07983167791659705
2004-04-17,0.12785946626352093
2004-04-18,0.0883437078515057
2004-04-19,0.03295080146257866
2004-04-20,0.005256655270401805
2004-04-21,0.0038302111082978204
2004-04-22,0.013723219131372573
2004-04-23,0.007811344530799488
2004-04-24,0.00342369983468546
2004-04-25,0.002998063415197977
2004-04-26,0.002102783398132104
2004-04-27,0.0038499412074082177
2004-04-28,0.0037515106846852313
2004-04-29,0.009523106918037979
2004-04-30,0.0021960292538652526
2004-05-01,0.003063749212750121
2004-05-02,0.0051010517866403255
2004-05-03,7.166236750947134E-4
2004-05-04,0.0
2004-05-05,3.0338316067125543E-6
2004-05-06,0.003743561102212516
2004-05-07,1.2741762842059043E-5
2004-05-08,0.0016352419891109361
2004-05-09,0.0013250200923142735
2004-05-10,0.0026082524480438435
2004-05-11,0.020514940380344855
2004-05-12,0.028515337153494018
2004-05-13,0.04810343678244199
2004-05-14,0.077032359732806
2004-05-15,0.019187948998517515
2004-05-16,3.4964972492779065E-4
2004-05-17,0.018253838571464412
2004-05-18,0.01594777115144895
2004-05-19,0.002492150119097096
2004-05-20,0.0333404772482177
2004-05-21,0.021299973049317137
2004-05-22,0.05289036131792188
2004-05-23,0.049688777464921084
2004-05-24,0.015726099974776073
2004-05-25,0.013194826829677894
2004-05-26,0.008500000914897887
2004-05-27,0.008367432086367374
2004-05-28,0.011703234093308215
2004-05-29,0.011910825877790162
2004-05-30,0.008650062932566267
2004-05-31,0.010896941752730434
2004-06-01,0.012265984213525167
2004-06-02,0.0172270422321243
2004-06-03,0.029062014434895773
2004-06-04,0.01760347758069396
2004-06-05,0.013246578081333563
2004-06-06,0.008909827139923002
2004-06-07,0.007005839037303983
2004-06-08,0.01047928098939335
2004-06-09,0.008592527604253318
2004-06-10,0.0022640925921442443
2004-06-11,0.002409057436478566
2004-06-12,0.018181379045320686
2004-06-13,0.017116107489758
2004-06-14,0.007745812389714718
2004-06-15,0.01275019615070324
2004-06-16,0.011126214777202692
2004-06-17,0.018256690381885494
2004-06-18,0.019674711041892147
2004-06-19,0.02054119568899532
2004-06-20,0.04412595709322354
2004-06-21,0.10083880190602963
2004-06-22,0.08044385246368087
2004-06-23,0.04460197346273311
2004-06-24,0.02395124094978656
2004-06-25,0.02840371908264698
2004-06-26,0.016050446459234615
2004-06-27,0.022442043071610025
2004-06-28,0.0268169589955862
2004-06-29,0.020048513397368045
2004-06-30,0.012171832337614779
2004-07-01,0.014117460482520527
2004-07-02,0.015773893494826524
2004-07-03,0.015027048472374707
2004-07-04,0.01746420558999165
2004-07-05,0.021631531168442943
2004-07-06,0.03923204282546178
2004-07-07,0.04727092169785088
2004-07-08,0.051937629962932205
2004-07-09,0.052386814907968406
2004-07-10,0.07235809156176429
2004-07-11,0.018836799468057584
2004-07-12,0.008190772821773492
2004-07-13,0.0101336686257946
2004-07-14,0.02583744947448632
2004-07-15,0.0269698925406368
2004-07-16,0.026501023029839733
2004-07-17,0.04146365122819423
2004-07-18,0.06631889660198526
2004-07-19,0.075226971908887
2004-07-20,0.0675662838938953
2004-07-21,0.021028740927577033
2004-07-22,0.018519873519061973
2004-07-23,0.03199898157418359
2004-07-24,0.01842130897334836
2004-07-25,0.009402663451115295
2004-07-26,0.011253134038620187
2004-07-27,0.011359845084606569
2004-07-28,0.012444975093948289
2004-07-29,0.019992472713284422
2004-07-30,0.012980690136284133
2004-07-31,0.010987984957935501
2004-08-01,0.00578413021874566
2004-08-02,0.019570914334213808
2004-08-03,0.0192053569078101
2004-08-04,0.021088561406605526
2004-08-05,0.01940871641082418
2004-08-06,0.015018014280351603
2004-08-07,0.008341554594517296
2004-08-08,0.011901581034581096
2004-08-09,0.009985512688309137
2004-08-10,0.006315960479695675
2004-08-11,0.006449571829913307
2004-08-12,0.012887584832695895
2004-08-13,0.0239606236368938
2004-08-14,0.011975869018960656
2004-08-15,0.007867300135541638
2004-08-16,0.010343747710475346
2004-08-17,0.01045946743963771
2004-08-18,0.010989779171916103
2004-08-19,0.014196483231434937
2004-08-20,0.012811950424067393
2004-08-21,0.008530153037737916
2004-08-22,0.008362750341263768
2004-08-23,0.009855454271624552
2004-08-24,0.008518610379022773
2004-08-25,0.017905304904788866
2004-08-26,0.0206462994105785
2004-08-27,0.015413014778081394
2004-08-28,0.012258946293450361
2004-08-29,0.026969537538939846
2004-08-30,0.03418391054324435
2004-08-31,0.018144093682303474
2004-09-01,0.02503980020481039
2004-09-02,0.012247856476403394
2004-09-03,0.0056931655438073134
2004-09-04,0.015524135691019845
2004-09-05,0.013654195764539906
2004-09-06,0.010426537600746051
2004-09-07,0.0122984283520824
2004-09-08,0.02108026131632101
2004-09-09,0.030201180330721014
2004-09-10,0.013986784639266024
2004-09-11,0.014978518542263383
2004-09-12,0.08395346464737724
2004-09-13,0.03850850306666656
2004-09-14,0.009017217543280552
2004-09-15,0.02336586075553933
2004-09-16,0.01833276477938301
2004-09-17,0.011398128958069237
2004-09-18,0.009014691016530584
2004-09-19,6.023483636244966E-4
2004-09-20,0.009296087796202288
2004-09-21,0.014773462254963175
2004-09-22,0.03614752702888228
2004-09-23,0.050741988802059546
2004-09-24,0.014377296526446169
2004-09-25,0.004015223235753232
2004-09-26,0.0016166938849956317
2004-09-27,0.012393031547422023
2004-09-28,0.017560207424739193
2004-09-29,0.009334820968050488
2004-09-30,0.0037606827870588964
2004-10-01,2.4995028311244335E-4
2004-10-02,0.0029011706611441783
2004-10-03,0.010641385925781184
2004-10-04,0.030602878864876105
2004-10-05,0.04960188612158005
2004-10-06,0.03691584136660044
2004-10-07,0.0628814056151631
2004-10-08,0.03725830837125249
2004-10-09,8.994716069946401E-4
2004-10-10,3.8747970208469684E-4
2004-10-11,2.4362753581449475E-4
2004-10-12,0.0021279583324686382
2004-10-13,0.004086955574362209
2004-10-14,0.01876071821704422
2004-10-15,0.05764311769234307
2004-10-16,8.244521445573492E-4
2004-10-17,2.945057917547453E-4
2004-10-18,2.2929519263898017E-4
2004-10-19,7.389017472826189E-5
2004-10-20,2.3073637528223067E-6
2004-10-21,1.0341078428299924E-6
2004-10-22,3.0022044576082004E-6
2004-10-23,4.6166851810642344E-5
2004-10-24,9.460154812651694E-5
2004-10-25,5.27537240183776E-4
2004-10-26,4.1382820000891696E-5
2004-10-27,7.920127814215731E-5
2004-10-28,1.0053752108512265E-4
2004-10-29,6.735470899612229E-5
2004-10-30,4.3590407825190415E-6
2004-10-31,1.1340596737724127E-6
2004-11-01,2.0731300868605217E-6
2004-11-02,1.5130223808614454E-5
2004-11-03,1.2437449691614576E-5
2004-11-04,4.0622303499809935E-6
2004-11-05,4.079426299629875E-6
2004-11-06,4.267081114653858E-4
2004-11-07,5.084397174931253E-4
2004-11-08,1.2105958910630814E-4
2004-11-09,7.4230702857071554E-6
2004-11-10,1.5147856784044237E-6
2004-11-11,8.531706191989792E-7
2004-11-12,9.182109550690356E-7
2004-11-13,2.9197150005645686E-6
2004-11-14,5.884044970563383E-5
2004-11-15,3.6796393637367756E-5
2004-11-16,6.74542998407129E-6
2004-11-17,5.887819113634072E-7
2004-11-18,1.8272578037632067E-6
2004-11-19,7.001663984006052E-5
2004-11-20,7.841269130316021E-6
2004-11-21,8.751162511154922E-7
2004-11-22,9.721409421780207E-5
2004-11-23,0.0018198780366623338
2004-11-24,4.278329983784283E-4
2004-11-25,3.0693135175490715E-6
2004-11-26,1.909667345486235E-6
2004-11-27,1.882418031293832E-6
2004-11-28,6.808558151240275E-5
2004-11-29,5.135409438748682E-5
2004-11-30,1.7195939108205494E-6
2004-12-01,1.0572958554235562E-6
2004-12-02,5.154055288256796E-6
2004-12-03,4.351138045421976E-7
2004-12-04,1.7202718822773022E-6
2004-12-05,1.966086703938829E-8
2004-12-06,7.840609591341631E-7
2004-12-07,9.302088635505283E-7
2004-12-08,5.887388747827563E-5
2004-12-09,5.7447125785277004E-5
2004-12-10,2.2256205705535113E-5
2004-12-11,1.574721622015373E-6
2004-12-12,1.0389726975060615E-7
2004-12-13,5.316412070936488E-6
2004-12-14,1.8991439500985124E-6
2004-12-15,1.077982198811345E-5
2004-12-16,4.5276603944966545E-5
2004-12-17,4.351138045421976E-7
2004-12-18,1.8481134228003787E-6
2004-12-19,1.290006353683882E-6
2004-12-20,5.25096964006979E-5
2004-12-21,0.002910178182160119
2004-12-22,9.374363065231108E-4
2004-12-23,3.598014615354155E-5
2004-12-24,6.994368196222824E-7
2004-12-25,7.916095137839728E-6
2004-12-26,8.370359904673373E-6
2004-12-27,4.351138045421976E-7
2004-12-28,1.2835359370910737E-6
2004-12-29,1.7195939676639682E-6
2004-12-30,2.5723971361912845E-6
2004-12-31,2.701253681620484E-6
2005-01-01,9.56385719990782E-7
2005-01-02,9.081556327198815E-7
2005-01-03,8.583068797918258E-7
2005-01-04,8.77920770239606E-7
2005-01-05,1.5019685746129113E-6
2005-01-06,1.2915139109281881E-6
2005-01-07,-1.0014105100708548E-8
2005-01-08,5.387285551672788E-7
2005-01-09,6.323421494062656E-5
2005-01-10,4.795285960084838E-5
2005-01-11,2.0831514854824422E-4
2005-01-12,1.6294957324418774E-6
2005-01-13,2.3290288427154606E-5
2005-01-14,2.6885255126251276E-5
2005-01-15,4.249643461513829E-5
2005-01-16,4.881825734089503E-6
2005-01-17,1.880744710149758E-6
2005-01-18,2.6402469901883865E-4
2005-01-19,8.055810970550329E-4
2005-01-20,7.349211132113751E-5
2005-01-21,9.637660863111808E-7
2005-01-22,1.2725378908862953E-4
2005-01-23,3.739230446479013E-4
2005-01-24,3.853447175439383E-6
2005-01-25,1.51830773822145E-7
2005-01-26,5.206866243671131E-7
2005-01-27,1.2888020883583727E-6
2005-01-28,9.550223116240752E-8
2005-01-29,0.0
2005-01-30,1.2894763798313333E-6
2005-01-31,2.1088064716388937E-5
2005-02-01,1.7162321912278435E-4
2005-02-02,3.5024899564716626E-6
2005-02-03,1.2946860010742967E-6
2005-02-04,0.0
2005-02-05,0.0
2005-02-06,2.0021052729276615E-6
2005-02-07,5.1926838128602395E-6
2005-02-08,5.5987021826595245E-11
2005-02-09,1.2966249719520527E-7
2005-02-10,9.652665536606762E-7
2005-02-11,1.954314853414635E-6
2005-02-12,3.51136298251989E-5
2005-02-13,1.5493206755723085E-4
2005-02-14,1.1913396331960758E-5
2005-02-15,5.324199185964594E-5
2005-02-16,0.009962537156370688
2005-02-17,0.01751770065905249
2005-02-18,0.014798686651809402
2005-02-19,0.0013790114158778626
2005-02-20,9.046214624130059E-4
2005-02-21,3.236585829643846E-5
2005-02-22,1.5429522615725661E-6
2005-02-23,1.0699149054263305E-5
2005-02-24,3.2289272168198645E-5
2005-02-25,7.1839962391495034E-9
2005-02-26,4.410743663640915E-7
2005-02-27,3.4337217584834434E-6
2005-02-28,8.453185387224948E-7
2005-03-01,8.692636372534308E-7
2005-03-02,6.091998879275569E-5
2005-03-03,2.9844400940155113E-4
2005-03-04,9.932071692441442E-5
2005-03-05,0.005574890896179091
2005-03-06,0.012168633336621217
2005-03-07,0.016869575735289247
2005-03-08,0.008217880008750572
2005-03-09,1.5983825689450855E-4
2005-03-10,1.241919953530264E-4
2005-03-11,0.005635217494020238
2005-03-12,2.094605913913318E-4
2005-03-13,1.5538775076258523E-4
2005-03-14,1.8104790662256312E-4
2005-03-15,3.6082581336692844E-4
2005-03-16,2.091173744443329E-5
2005-03-17,0.0032297030829834318
2005-03-18,0.002157468750453763
2005-03-19,0.0016843966273052252
2005-03-20,0.041795796949970265
2005-03-21,0.01941682910030392
2005-03-22,0.026635105365601937
2005-03-23,0.05090493818798851
2005-03-24,0.04641708982430096
2005-03-25,0.002551315755011583
2005-03-26,0.011114193819349862
2005-03-27,0.012451987606519164
2005-03-28,0.03784011796537266
2005-03-29,0.018205959787000126
2005-03-30,0.018791471432280764
2005-03-31,0.011431147412999871
2005-04-01,5.953371697028811E-4
2005-04-02,2.0266869576264224E-6
2005-04-03,3.2192888931046854E-5
2005-04-04,5.186763104103915E-4
2005-04-05,1.7661304143122855E-6
2005-04-06,0.005956665251640918
2005-04-07,0.0010228749811487482
2005-04-08,7.702096852727333E-4
2005-04-09,0.014588987635550828
2005-04-10,0.029710960503603008
2005-04-11,0.020416160556622327
2005-04-12,0.0032505675508056123
2005-04-13,1.2640206121384817E-6
2005-04-14,1.46287765806121E-5
2005-04-15,1.1908738685481128E-4
2005-04-16,0.001437327806206799
2005-04-17,0.013789138035967171
2005-04-18,0.01231846174580513
2005-04-19,0.00850890454399995
2005-04-20,3.0852054827139494E-5
2005-04-21,2.4445889585473536E-4
2005-04-22,7.214856710137837E-4
2005-04-23,0.006972469498295672
2005-04-24,0.0019580092766622683
2005-04-25,0.018238852758324233
2005-04-26,0.01845726174598484
2005-04-27,0.02915338912408131
2005-04-28,0.03197601325250085
2005-04-29,0.03078890453485243
2005-04-30,0.008104905579992805
2005-05-01,0.0010538344580486333
2005-05-02,0.0011366420708639779
2005-05-03,0.011028209918237835
2005-05-04,0.008113028159847154
2005-05-05,0.011815515339868564
2005-05-06,0.012821342546105764
2005-05-07,0.0024545327004507882
2005-05-08,0.0012696072330020069
2005-05-09,0.003389902959410856
2005-05-10,0.009084727320925357
2005-05-11,0.014037629974757103
2005-05-12,0.014629443387764732
2005-05-13,0.006485126618446645
2005-05-14,0.01300360822349167
2005-05-15,0.033181214782571355
2005-05-16,0.02239939017954005
2005-05-17,0.011324642484829965
2005-05-18,0.04651238385939198
2005-05-19,0.0502738351561631
2005-05-20,0.02887269142777143
2005-05-21,0.036943279946563226
2005-05-22,0.033735286543910226
2005-05-23,0.04560744260640918
2005-05-24,0.039452071915122684
2005-05-25,0.02826232001089052
2005-05-26,0.009225121981629569
2005-05-27,0.012819563934781338
2005-05-28,0.011129430780044879
2005-05-29,0.004337031160820425
2005-05-30,0.003363382256010968
2005-05-31,0.009698172106367217
2005-06-01,0.004355904244618609
2005-06-02,0.005892272611401674
2005-06-03,0.005261470030654038
2005-06-04,0.005758457758679221
2005-06-05,0.01302102085816034
2005-06-06,0.004871568693590992
2005-06-07,0.005522205528049467
2005-06-08,0.0046588422986813365
2005-06-09,0.003266806941945969
2005-06-10,0.003102538944410453
2005-06-11,0.002565712024366235
2005-06-12,0.0023335456572501907
2005-06-13,0.016096020528811136
2005-06-14,0.00796669463632424
2005-06-15,0.017735611747277797
2005-06-16,0.017278849440325726
2005-06-17,0.022872199630531626
2005-06-18,0.0190262257036105
2005-06-19,0.007511714111944165
2005-06-20,0.0033178203797078684
2005-06-21,0.009094992446243374
2005-06-22,0.01178498317868619
2005-06-23,0.01931840510113495
2005-06-24,0.01884157634873715
2005-06-25,0.020499952872187276
2005-06-26,0.006026933414570857
2005-06-27,0.017228596639008872
2005-06-28,0.021279572362155583
2005-06-29,0.014976886082763614
2005-06-30,0.012316428351479376
2005-07-01,0.013138350543359762
2005-07-02,0.0068904920619013085
2005-07-03,0.011564484274800802
2005-07-04,0.010634686694824981
2005-07-05,0.013584938901180477
2005-07-06,0.013027106972168991
2005-07-07,0.0034339062314308728
2005-07-08,0.005536465256814665
2005-07-09,0.01598290590709345
2005-07-10,0.022068687615329683
2005-07-11,0.020574286077471818
2005-07-12,0.01891855197188685
2005-07-13,0.01990856437764313
2005-07-14,0.03538580511975258
2005-07-15,0.030131951728090398
2005-07-16,0.007945728896320753
2005-07-17,0.02480668131326665
2005-07-18,0.02534618410796066
2005-07-19,0.023416315135468293
2005-07-20,0.018513777746975088
2005-07-21,0.00997090210416261
2005-07-22,0.01631818475493123
2005-07-23,0.009907504684356711
2005-07-24,0.004305523864365038
2005-07-25,0.008013594538995642
2005-07-26,0.008777062384293257
2005-07-27,0.00998867324881318
2005-07-28,0.010581440676240561
2005-07-29,0.013152262629066038
2005-07-30,0.003022840670762573
2005-07-31,0.003186806337986113
2005-08-01,0.008873406117534227
2005-08-02,0.016790299696384826
2005-08-03,0.004949526164022144
2005-08-04,0.006941484752934795
2005-08-05,0.024914377508308157
2005-08-06,0.025849207600090972
2005-08-07,0.020195624816279883
2005-08-08,0.014408387378542258
2005-08-09,0.009003878576476452
2005-08-10,0.023636947517105617
2005-08-11,0.010009746501125356
2005-08-12,0.006756149361182307
2005-08-13,0.018556409763290708
2005-08-14,0.016301356703042984
2005-08-15,0.006499445024511719
2005-08-16,0.009324617012009116
2005-08-17,0.008749463220937413
2005-08-18,0.009582783421260635
2005-08-19,0.028781354725360867
2005-08-20,0.015351587179498513
2005-08-21,0.025775795226084957
2005-08-22,0.023809769373236374
2005-08-23,0.016565801350104176
2005-08-24,0.02149456289933735
2005-08-25,0.02936131835156094
2005-08-26,0.017648650153399274
2005-08-27,0.016445233491391008
2005-08-28,0.013438603936501328
2005-08-29,0.0143988105198207
2005-08-30,0.012558206554518813
2005-08-31,0.008099041994165824
2005-09-01,0.005325932045806353
2005-09-02,0.014783376575734268
2005-09-03,0.005718440706760894
2005-09-04,0.007925650114252744
2005-09-05,0.00655763212182274
2005-09-06,0.010123865850743536
2005-09-07,0.006341116787553526
2005-09-08,0.012564241271665753
2005-09-09,0.017857902387508038
2005-09-10,0.018119147008730106
2005-09-11,0.011700061939051385
2005-09-12,0.018791253777316545
2005-09-13,0.00718402413532416
2005-09-14,2.670320915865761E-4
2005-09-15,2.0917694908001525E-4
2005-09-16,0.0013785081902690796
2005-09-17,0.0030757559634645416
2005-09-18,0.006191987851690361
2005-09-19,0.02313442497928709
2005-09-20,0.06408858877299843
2005-09-21,0.009796277563525158
2005-09-22,0.01275895838103543
2005-09-23,0.023271135627534356
2005-09-24,0.021505166792496252
2005-09-25,0.009026989694787435
2005-09-26,0.007674694154298914
2005-09-27,0.014352868763094693
2005-09-28,0.012255498343448776
2005-09-29,0.015299136823382041
2005-09-30,0.017955850141902766
2005-10-01,0.03619835173291279
2005-10-02,0.00422630896209697
2005-10-03,0.002727474135620382
2005-10-04,0.014073212777190822
2005-10-05,0.0047245276077634325
2005-10-06,0.001100061707672356
2005-10-07,0.003340781227168674
2005-10-08,9.424302273106216E-4
2005-10-09,9.933643387122005E-4
2005-10-10,0.0025560325259569075
2005-10-11,0.001897002756550137
2005-10-12,4.8110770177772495E-4
2005-10-13,0.003429672199522139
2005-10-14,0.001305830343381179
2005-10-15,0.0046714343373601445
2005-10-16,0.004342939762332195
2005-10-17,0.007267880471627838
2005-10-18,0.00464433300874137
2005-10-19,0.0015756438372077728
2005-10-20,0.00741761867453214
2005-10-21,0.0072912526586049
2005-10-22,0.021030274782378212
2005-10-23,0.06678545777281585
2005-10-24,0.00245701752119086
2005-10-25,3.4019552082688634E-5
2005-10-26,5.076604620741974E-4
2005-10-27,5.5752327574135187E-5
2005-10-28,9.238733989716274E-4
2005-10-29,3.490929843649274E-4
2005-10-30,4.0849368911602597E-4
2005-10-31,1.456988516742784E-4
2005-11-01,2.73222708805448E-5
2005-11-02,8.897447872113006E-7
2005-11-03,1.3568867613863891E-6
2005-11-04,3.672991481209592E-6
2005-11-05,4.965385555407062E-7
2005-11-06,1.7316249436773719E-6
2005-11-07,2.604645621689303E-6
2005-11-08,0.002201855088761776
2005-11-09,0.0022929799504028663
2005-11-10,1.682831419411663E-4
2005-11-11,7.324967680623735E-5
2005-11-12,1.627350577735216E-6
2005-11-13,3.1640090821904103E-6
2005-11-14,1.8021228238690736E-5
2005-11-15,2.083915334216432E-6
2005-11-16,6.802616953160723E-6
2005-11-17,9.37277429958458E-5
2005-11-18,1.8468300973413252E-5
2005-11-19,2.4966237753025474E-6
2005-11-20,1.9046061212102791E-6
2005-11-21,3.243800765289304E-6
2005-11-22,4.9303296759638495E-5
2005-11-23,1.866157787445692E-4
2005-11-24,5.719759905269379E-6
2005-11-25,9.687477453595642E-9
2005-11-26,2.581628296075049E-6
2005-11-27,1.1373513695821596E-6
2005-11-28,1.7429117657108746E-6
2005-11-29,2.1140291821311463E-6
2005-11-30,8.523463748133508E-7
2005-12-01,8.637954920232005E-7
2005-12-02,1.2943988077242962E-6
2005-12-03,2.1436325710055826E-6
2005-12-04,8.52346317969932E-7
2005-12-05,4.351138045421976E-7
2005-12-06,1.2951880989930942E-6
2005-12-07,2.1475307221408E-6
2005-12-08,3.4404029065626673E-6
2005-12-09,2.5834241910160927E-6
2005-12-10,4.217631612846162E-7
2005-12-11,8.52346317969932E-7
2005-12-12,8.523463748133508E-7
2005-12-13,8.583068797918258E-7
2005-12-14,8.70227722771233E-7
2005-12-15,4.351138045421976E-7
2005-12-16,8.523463748133508E-7
2005-12-17,8.642672355563263E-7
2005-12-18,8.52346317969932E-7
2005-12-19,4.351138045421976E-7
2005-12-20,4.261732051702438E-7
2005-12-21,4.204420226856699E-6
2005-12-22,0.004643977785696533
2005-12-23,1.1517938163363247E-4
2005-12-24,1.8204971505691456E-6
2005-12-25,9.423919171022247E-6
2005-12-26,1.2127553431511811E-5
2005-12-27,1.2994087755863162E-6
2005-12-28,1.4495901289702843E-8
2005-12-29,1.7233084008694277E-6
2005-12-30,2.1794998509525454E-6
2005-12-31,5.502589692959208E-7
2006-01-01,8.626152559551457E-7
2006-01-02,8.642672355563263E-7
2006-01-03,1.7225741544280027E-6
2006-01-04,0.0
2006-01-05,4.351138045421976E-7
2006-01-06,8.52346317969932E-7
2006-01-07,9.116494941662567E-7
2006-01-08,4.5648371744836514E-7
2006-01-09,1.2904487221021554E-6
2006-01-10,2.3794081477396855E-6
2006-01-11,5.25731690805972E-6
2006-01-12,1.602730046814904E-6
2006-01-13,4.35340336645896E-7
2006-01-14,1.728142789333542E-7
2006-01-15,5.258341901228546E-6
2006-01-16,4.1476503544084956E-5
2006-01-17,9.615526065917006E-5
2006-01-18,0.0011800002776243084
2006-01-19,9.371273800989114E-4
2006-01-20,1.6662994637069885E-4
2006-01-21,2.118032102639965E-9
2006-01-22,0.0
2006-01-23,0.0
2006-01-24,1.1564749341479618E-4
2006-01-25,6.865715947118734E-6
2006-01-26,0.0
2006-01-27,8.583068051848386E-7
2006-01-28,1.7102569813687296E-6
2006-01-29,1.2874602930423862E-6
2006-01-30,1.2814998058274796E-6
2006-01-31,8.52346317969932E-7
2006-02-01,1.7042258946275979E-6
2006-02-02,8.647340905554302E-7
2006-02-03,2.173575416856766E-6
2006-02-04,3.824256698245164E-5
2006-02-05,3.476322880372057E-6
2006-02-06,8.577258094286709E-7
2006-02-07,4.351138045421976E-7
2006-02-08,4.351138045421976E-7
2006-02-09,2.1352530552576354E-6
2006-02-10,3.504729214571095E-6
2006-02-11,2.287026710486201E-6
2006-02-12,4.351138045421976E-7
2006-02-13,5.404335892271357E-6
2006-02-14,4.3137910695089775E-4
2006-02-15,0.0049667409000415845
2006-02-16,0.042610517225029135
2006-02-17,0.003625422517760909
2006-02-18,6.752443141444563E-4
2006-02-19,0.001575711623561256
2006-02-20,0.0010462372451858803
2006-02-21,0.0024939457597426013
2006-02-22,0.0013080949964811134
2006-02-23,9.723750755966055E-5
2006-02-24,3.250316948215397E-5
2006-02-25,3.6171908424161195E-5
2006-02-26,2.1117430247190615E-5
2006-02-27,3.2597707888576465E-4
2006-02-28,3.8211303495178344E-4
2006-03-01,6.058252434854561E-4
2006-03-02,2.3822839544537358E-5
2006-03-03,1.7174207733407962E-6
2006-03-04,6.157350031971243E-5
2006-03-05,8.317566861994811E-4
2006-03-06,3.1240255283471077E-4
2006-03-07,2.633830754226344E-4
2006-03-08,1.5400211711199798E-6
2006-03-09,7.671513998439547E-9
2006-03-10,2.1126526111812268E-6
2006-03-11,5.863182455198518E-5
2006-03-12,0.006718486636617236
2006-03-13,2.1655076200312128E-4
2006-03-14,1.324990966420461E-6
2006-03-15,1.6085276099352479E-6
2006-03-16,7.792778571561582E-4
2006-03-17,1.879211138887413E-5
2006-03-18,8.617554607490671E-7
2006-03-19,1.7238366467609012E-6
2006-03-20,7.441967208950507E-10
2006-03-21,4.4002349253041034E-7
2006-03-22,0.0015112194799270855
2006-03-23,1.4152159877965653E-4
2006-03-24,3.375268809267218E-6
2006-03-25,1.7181856644701895E-6
2006-03-26,1.3643116174382495E-6
2006-03-27,1.9230514032150413E-4
2006-03-28,8.70649084294663E-6
2006-03-29,8.583068797918258E-7
2006-03-30,2.4676359883898664E-4
2006-03-31,1.9103323054326605E-6
2006-04-01,7.070025664227934E-4
2006-04-02,0.003965748664352787
2006-04-03,0.05339529485964467
2006-04-04,0.06590292596701945
2006-04-05,0.052077888864054865
2006-04-06,0.024683493518227448
2006-04-07,0.01163918389620656
2006-04-08,0.028203140280007002
2006-04-09,0.03200411985715276
2006-04-10,0.013790624946138079
2006-04-11,0.018489856227237558
2006-04-12,0.009889578194039454
2006-04-13,0.011860656219755294
2006-04-14,0.005169160532194418
2006-04-15,0.006725205945325384
2006-04-16,0.011593408230577357
2006-04-17,0.023579775240261842
2006-04-18,0.006161987681973778
2006-04-19,0.005970600909321984
2006-04-20,1.8298963074050203E-4
2006-04-21,0.0014585059966889466
2006-04-22,0.0023413728672476214
2006-04-23,4.465793107581153E-4
2006-04-24,8.292292625928291E-4
2006-04-25,3.993720914400642E-4
2006-04-26,0.004038786141273214
2006-04-27,0.0027113822842733584
2006-04-28,3.869052940368586E-6
2006-04-29,9.465343345796442E-6
2006-04-30,4.630439537626277E-5
2006-05-01,0.0034488791852102653
2006-05-02,0.004642508511426133
2006-05-03,0.002440214394834002
2006-05-04,0.012628440810371169
2006-05-05,0.01885480376982173
2006-05-06,0.045766869803586116
2006-05-07,0.03273207924000895
2006-05-08,0.004236965313812215
2006-05-09,0.005449898899657649
2006-05-10,0.013709373066745878
2006-05-11,0.03073755321991926
2006-05-12,0.027334071763748045
2006-05-13,0.026002351132179472
2006-05-14,0.02152055308997976
2006-05-15,2.3804993470969235E-4
2006-05-16,1.564771859388087E-5
2006-05-17,3.824384054007559E-5
2006-05-18,3.0451435488083447E-5
2006-05-19,4.413335653945729E-5
2006-05-20,0.0010682178013069784
2006-05-21,2.5154615410973084E-4
2006-05-22,3.2160420020637645E-4
2006-05-23,0.002405079027367467
2006-05-24,0.005665527466539001
2006-05-25,0.014352454186519448
2006-05-26,0.018789616318016844
2006-05-27,0.07978741370313279
2006-05-28,0.037540579150091735
2006-05-29,0.030153755208827706
2006-05-30,0.05264933898627287
2006-05-31,0.04696475707205323
2006-06-01,0.024107471174226684
2006-06-02,0.006036924219803317
2006-06-03,0.0035683115122931617
2006-06-04,0.011444626575002092
2006-06-05,0.01660402154986846
2006-06-06,0.017225068680882805
2006-06-07,0.016381283763298417
2006-06-08,0.014815994160839594
2006-06-09,0.02062271262868981
2006-06-10,0.07774025983462445
2006-06-11,0.05700756062412752
2006-06-12,0.05665365634841383
2006-06-13,0.034818408444868366
2006-06-14,0.02836808419394447
2006-06-15,0.017214735838546925
2006-06-16,0.014313353492603828
2006-06-17,0.004320613717711736
2006-06-18,0.001576106006481748
2006-06-19,0.004929768368351427
2006-06-20,0.025471157720150978
2006-06-21,0.012385505774860455
2006-06-22,0.014293148914140132
2006-06-23,0.012991201773867304
2006-06-24,0.014020479236104944
2006-06-25,0.013671958270346419
2006-06-26,0.01993409524267984
2006-06-27,0.013412355757345354
2006-06-28,0.011680607383134051
2006-06-29,0.00581418847843678
2006-06-30,0.002646397436199161
2006-07-01,0.021038275287813196
2006-07-02,0.016536087364475167
2006-07-03,0.022238016044800257
2006-07-04,0.018140029183744855
2006-07-05,0.012397145775356739
2006-07-06,0.02070433620428075
2006-07-07,0.035437216526166555
2006-07-08,0.028875210049197155
2006-07-09,0.01293308092836118
2006-07-10,0.030041479463494603
2006-07-11,0.015349391143175349
2006-07-12,0.021136647145010828
2006-07-13,0.01445783937441139
2006-07-14,0.007730145480676155
2006-07-15,0.013963111052880355
2006-07-16,0.0070314870791972715
2006-07-17,0.011068868312326126
2006-07-18,0.015535821840042941
2006-07-19,0.014624692827377026
2006-07-20,0.0076459332386548265
2006-07-21,0.007399444671809287
2006-07-22,0.006641366843010314
2006-07-23,0.0070670667688921005
2006-07-24,0.010636591892309621
2006-07-25,0.010034333270214198
2006-07-26,0.016659269494760588
2006-07-27,0.011583908120556038
2006-07-28,0.011104377668372472
2006-07-29,0.019210762459504812
2006-07-30,0.009291304991128032
2006-07-31,0.016698754564982425
2006-08-01,0.01128738818915785
2006-08-02,0.00510823688620359
2006-08-03,0.009865382576780934
2006-08-04,0.017491926223026255
2006-08-05,0.015671574964769855
2006-08-06,0.007311720147384385
2006-08-07,0.011646004392968382
2006-08-08,0.007553647381745742
2006-08-09,0.02875040881273533
2006-08-10,0.01631599094425656
2006-08-11,0.010381187076048706
2006-08-12,0.006042988435984347
2006-08-13,0.006970049667382903
2006-08-14,0.008533540105337703
2006-08-15,0.004413559203804531
2006-08-16,0.003353899526603187
2006-08-17,0.012710945211738522
2006-08-18,0.007258596570058721
2006-08-19,0.006816750517551619
2006-08-20,0.014920075388483877
2006-08-21,0.008671140621680057
2006-08-22,0.006660636280141127
2006-08-23,0.012375722577030956
2006-08-24,0.012336900517489193
2006-08-25,0.009113960005127627
2006-08-26,0.0033309427936649106
2006-08-27,0.01469727613452302
2006-08-28,0.030684280599168955
2006-08-29,0.012670933344116102
2006-08-30,0.005961654177963741
2006-08-31,0.006224869258762793
2006-09-01,0.0022962795583273124
2006-09-02,0.0056653597081544275
2006-09-03,0.0034561307468561225
2006-09-04,6.644569690467182E-4
2006-09-05,0.0012271557328438851
2006-09-06,0.0026391307776039846
2006-09-07,0.005970508214114381
2006-09-08,0.019148951933368095
2006-09-09,0.011088837912271486
2006-09-10,0.029682263758181855
2006-09-11,0.031081693402760645
2006-09-12,0.018538458975564893
2006-09-13,0.0018663905634866231
2006-09-14,0.0019348846779827665
2006-09-15,0.005604198890349967
2006-09-16,0.006775308748804077
2006-09-17,0.005281246389353895
2006-09-18,0.0017379049800734393
2006-09-19,0.004574198962291541
2006-09-20,0.01696042705043927
2006-09-21,0.035544871222044624
2006-09-22,0.04835566787912186
2006-09-23,0.0048269791328271585
2006-09-24,0.004635004995054597
2006-09-25,0.005036564712994025
2006-09-26,0.0015353477107834359
2006-09-27,1.8127303672491965E-4
2006-09-28,0.011828945079285823
2006-09-29,0.01122381939224874
2006-09-30,0.008095091126557721
2006-10-01,0.005480096296882765
2006-10-02,0.004962897677550966
2006-10-03,0.00695103097599366
2006-10-04,0.010846423141050282
2006-10-05,0.01773471250505638
2006-10-06,6.17015227819948E-4
2006-10-07,0.0019816907295333343
2006-10-08,2.3849852253793823E-4
2006-10-09,8.198972682742804E-4
2006-10-10,0.0012650526572920728
2006-10-11,0.0011864337304192422
2006-10-12,0.0018881404188843822
2006-10-13,0.00335524286267834
2006-10-14,0.0015845598411651925
2006-10-15,5.955375343560889E-4
2006-10-16,5.128606034137872E-4
2006-10-17,5.002730658195942E-4
2006-10-18,2.5920820632421913E-4
2006-10-19,7.259236732609575E-4
2006-10-20,0.0026766924555929783
2006-10-21,9.058196544623246E-4
2006-10-22,1.2294281759118276E-4
2006-10-23,1.6211289714113534E-4
2006-10-24,2.2175358673500391E-4
2006-10-25,3.2613899160071685E-6
2006-10-26,5.294891543822509E-6
2006-10-27,2.5293966545614027E-6
2006-10-28,2.9136567336325953E-6
2006-10-29,2.799791622292736E-6
2006-10-30,7.923330652795623E-7
2006-10-31,1.295409950699319E-4
2006-11-01,3.3134655707622976E-4
2006-11-02,1.6005787718502775E-5
2006-11-03,1.2748077613861114E-4
2006-11-04,1.1634404862547201E-4
2006-11-05,1.7196393383376172E-4
2006-11-06,2.6112146718653655E-5
2006-11-07,0.0011535317504228653
2006-11-08,0.0026915297165716395
2006-11-09,0.0018836025267774217
2006-11-10,0.0016955409387698131
2006-11-11,1.8319180878395105E-4
2006-11-12,2.4121645568512136E-6
2006-11-13,9.053354450576196E-6
2006-11-14,3.2679684024404764E-6
2006-11-15,1.957819592825076E-6
2006-11-16,5.2034888673752735E-6
2006-11-17,1.5743373917710385E-5
2006-11-18,1.5744586297542366E-5
2006-11-19,4.851862271397102E-5
2006-11-20,5.264914907206204E-4
2006-11-21,3.299803960348035E-4
2006-11-22,6.359993353020392E-5
2006-11-23,2.8762157087043572E-5
2006-11-24,3.673892616383865E-4
2006-11-25,3.903951405395538E-4
2006-11-26,3.7352546704489504E-4
2006-11-27,2.8298507448807036E-4
2006-11-28,8.52346317969932E-7
2006-11-29,8.340472775387628E-7
2006-11-30,1.7246773649502355E-5
2006-12-01,6.9738601046530086E-6
2006-12-02,1.548631509432708E-5
2006-12-03,3.346574736809936E-6
2006-12-04,1.4442601644923917E-6
2006-12-05,5.154034941703733E-6
2006-12-06,7.44371648572973E-6
2006-12-07,2.704323017081472E-6
2006-12-08,1.980961056172896E-6
2006-12-09,6.080365005393127E-6
2006-12-10,2.8833388431312782E-6
2006-12-11,6.967543952726906E-6
2006-12-12,9.511937697731279E-4
2006-12-13,3.829502961502446E-5
2006-12-14,1.7020470796008822E-6
2006-12-15,9.190385458825901E-7
2006-12-16,0.0
2006-12-17,2.418069421446753E-6
2006-12-18,2.4437080053270506E-4
2006-12-19,9.012007634178954E-5
2006-12-20,2.912725592286628E-6
2006-12-21,3.9666024429349605E-6
2006-12-22,1.1573964460736757E-6
2006-12-23,2.2220962556456854E-5
2006-12-24,3.4611832856502735E-5
2006-12-25,7.73883753084723E-6
2006-12-26,1.1122152087499007E-5
2006-12-27,6.010142424057486E-6
2006-12-28,9.004894945448512E-7
2006-12-29,1.920383601183775E-6
2006-12-30,4.627700634448227E-6
2006-12-31,1.2919656305413786E-4
2007-01-01,9.71633196388206E-5
2007-01-02,8.788236118581774E-5
2007-01-03,1.0185367885352563E-4
2007-01-04,1.843621937535639E-6
2007-01-05,1.8255657036958468E-6
2007-01-06,2.992376243104434E-6
2007-01-07,3.3574713948296114E-6
2007-01-08,8.647158756634337E-7
2007-01-09,4.535636815810542E-7
2007-01-10,8.251271611353688E-6
2007-01-11,2.1664651832139566E-7
2007-01-12,1.2934207802572928E-6
2007-01-13,2.561311501299026E-7
2007-01-14,1.7379282439833332E-6
2007-01-15,1.293345121666789E-6
2007-01-16,4.351138045421976E-7
2007-01-17,1.2930256616527913E-6
2007-01-18,8.438007057520736E-7
2007-01-19,1.27156160642646E-5
2007-01-20,2.3285141053227337E-5
2007-01-21,7.405601484927141E-7
2007-01-22,0.0
2007-01-23,2.1498507294381852E-6
2007-01-24,1.2918646455866665E-6
2007-01-25,1.7181303514995953E-6
2007-01-26,0.0
2007-01-27,1.716613667213096E-6
2007-01-28,1.2845613280324018E-6
2007-01-29,1.2068648558820605E-7
2007-01-30,1.57722238930328E-4
2007-01-31,0.012306704991379236
2007-02-01,0.0018510829544318985
2007-02-02,8.289267342386908E-4
2007-02-03,6.594640291161022E-4
2007-02-04,0.0210360103480236
2007-02-05,0.010455950205358371
2007-02-06,0.001083465465781007
2007-02-07,0.006501273272526746
2007-02-08,0.014275460507225435
2007-02-09,4.2813428866036383E-4
2007-02-10,9.339116567221055E-7
2007-02-11,1.6720971098374693E-5
2007-02-12,0.0021935479043480428
2007-02-13,0.00447744640124603
2007-02-14,0.028842685067039058
2007-02-15,0.00132580905754891
2007-02-16,5.157799648411705E-4
2007-02-17,3.586283626935447E-4
2007-02-18,9.556749500912398E-5
2007-02-19,2.2613497086684625E-5
2007-02-20,3.7020840604282864E-6
2007-02-21,1.1547323201997283E-6
2007-02-22,8.553265615773853E-7
2007-02-23,4.688370953231228E-7
2007-02-24,2.603058506330243E-6
2007-02-25,3.3579261890773036E-5
2007-02-26,2.77356536038381E-4
2007-02-27,9.703417422214197E-5
2007-02-28,1.3442023211315527E-6
2007-03-01,0.003471060552820308
2007-03-02,0.008257936712015239
2007-03-03,2.4875615373370116E-4
2007-03-04,6.808680912036979E-6
2007-03-05,1.717077662371333E-6
2007-03-06,8.583068833445395E-7
2007-03-07,1.7195939108205494E-6
2007-03-08,8.52346317969932E-7
2007-03-09,4.351138045421976E-7
2007-03-10,9.827875677560797E-10
2007-03-11,1.4864993123000328E-6
2007-03-12,9.105699083019545E-7
2007-03-13,1.0243110267492215E-5
2007-03-14,8.505962865288013E-5
2007-03-15,0.001059707485871508
2007-03-16,1.8545487197507678E-5
2007-03-17,3.6675805990406546E-9
2007-03-18,8.52346317969932E-7
2007-03-19,0.0
2007-03-20,2.164947886740265E-6
2007-03-21,0.006383078338685072
2007-03-22,0.03958805218166556
2007-03-23,0.014749937528039162
2007-03-24,0.0038895378754089105
2007-03-25,0.0013847148628999776
2007-03-26,3.265071218620664E-6
2007-03-27,2.1612150362670945E-6
2007-03-28,4.5392975056992044E-7
2007-03-29,2.565066938455395E-9
2007-03-30,1.7651207557367087E-6
2007-03-31,2.171332991271175E-6
2007-04-01,3.3798689419541664E-6
2007-04-02,7.083264531758894E-4
2007-04-03,0.005152838374424721
2007-04-04,0.009968714135558972
2007-04-05,0.018115517624926015
2007-04-06,0.018872421737816183
2007-04-07,0.015294110957540881
2007-04-08,0.0870940801096445
2007-04-09,0.05753216819085692
2007-04-10,0.07667610385212939
2007-04-11,0.0508257295561664
2007-04-12,0.004954174757641232
2007-04-13,0.0017012887581125205
2007-04-14,5.991188647433547E-4
2007-04-15,1.9911073094951837E-4
2007-04-16,0.0018562543120859674
2007-04-17,0.0011214941037931206
2007-04-18,8.984606082096347E-4
2007-04-19,0.004374670500872451
2007-04-20,0.020387708211134194
2007-04-21,0.03648555198491068
2007-04-22,0.05399945775079245
2007-04-23,0.03576533146838337
2007-04-24,0.04630773104689143
2007-04-25,0.018593711705160738
2007-04-26,0.03282302332048432
2007-04-27,0.02368152010388649
2007-04-28,5.823084706698628E-4
2007-04-29,1.8863768287614784E-4
2007-04-30,4.287704979261E-6
2007-05-01,1.8139217861135813E-6
2007-05-02,8.853280987698048E-6
2007-05-03,7.429046963336151E-4
2007-05-04,6.328009757582207E-4
2007-05-05,1.821914754506481E-4
2007-05-06,0.0096882511726015
2007-05-07,0.0025085149752328904
2007-05-08,0.009162916896401807
2007-05-09,0.005247322324378493
2007-05-10,0.015574263020565074
2007-05-11,0.008941900821332654
2007-05-12,0.0022985814705527457
2007-05-13,0.0013932505718952013
2007-05-14,0.013148946402045343
2007-05-15,0.016408775720517417
2007-05-16,0.003465985520034598
2007-05-17,0.00797051537329254
2007-05-18,0.01754623228124914
2007-05-19,0.00874675864472068
2007-05-20,0.00974387133138718
2007-05-21,0.008087350290618541
2007-05-22,0.035175845084285694
2007-05-23,0.04018248604127198
2007-05-24,0.027387811917984516
2007-05-25,0.019747732991275115
2007-05-26,0.013042736266212508
2007-05-27,0.018137920439414524
2007-05-28,0.018218149226945972
2007-05-29,0.005699685549295119
2007-05-30,0.013308069152019973
2007-05-31,0.010062627116977838
2007-06-01,0.012625007832205716
2007-06-02,0.02530300559902916
2007-06-03,0.017175292190530406
2007-06-04,0.025389600864724627
2007-06-05,0.02658658973566646
2007-06-06,0.021816948320780905
2007-06-07,0.018777679640347565
2007-06-08,0.03762444288313735
2007-06-09,0.04772888509779342
2007-06-10,0.05623568026919589
2007-06-11,0.11826193560916674
2007-06-12,0.02165363625107724
2007-06-13,0.011120028536192433
2007-06-14,0.013784296462215443
2007-06-15,0.051820506579695245
2007-06-16,0.07941643793802926
2007-06-17,0.08345311508849183
2007-06-18,0.054124293264018186
2007-06-19,0.0051019600950176405
2007-06-20,0.007622277661625024
2007-06-21,0.025375380236677885
2007-06-22,0.015782825965575422
2007-06-23,0.01085563480595136
2007-06-24,0.01286583564574137
2007-06-25,0.004383068757145817
2007-06-26,0.00381383680323492
2007-06-27,0.0195208223060721
2007-06-28,0.020211985539320527
2007-06-29,0.021086469742072483
2007-06-30,0.022729169297425047
2007-07-01,0.02742852302236131
2007-07-02,0.022876965989267216
2007-07-03,0.01507863590138496
2007-07-04,0.00672440633238638
2007-07-05,0.013375125286455807
2007-07-06,0.02471458614217064
2007-07-07,0.019274432423901356
2007-07-08,0.013626768023118773
2007-07-09,0.011959899070893412
2007-07-10,0.010921410905746373
2007-07-11,0.005489325110795182
2007-07-12,0.002783483310905308
2007-07-13,0.012579043087672584
2007-07-14,0.008114744147463876
2007-07-15,0.016876798381737754
2007-07-16,0.01790022498510306
2007-07-17,0.03056152464854235
2007-07-18,0.04226217991412552
2007-07-19,0.04225378602484251
2007-07-20,0.029404185712292027
2007-07-21,0.057255096538357995
2007-07-22,0.016193253754061745
2007-07-23,0.04333000685027728
2007-07-24,0.027567003550625902
2007-07-25,0.030776054716609814
2007-07-26,0.031052692635469354
2007-07-27,0.03710347368451404
2007-07-28,0.0254358853675382
2007-07-29,0.019146320172989315
2007-07-30,0.016484599871868195
2007-07-31,0.023097115606874066
2007-08-01,0.02927894679886066
2007-08-02,0.01570454032133425
2007-08-03,0.003630197825443203
2007-08-04,0.006919887144405696
2007-08-05,0.0031111067533265676
2007-08-06,0.012374398240545585
2007-08-07,0.014326541407374788
2007-08-08,0.0042591007381016
2007-08-09,0.0022939541169329195
2007-08-10,0.018838394784663457
2007-08-11,0.003322884946096605
2007-08-12,0.016965341006425858
2007-08-13,0.023266622070908547
2007-08-14,0.03357974810096779
2007-08-15,0.02995975763639525
2007-08-16,0.01794758170026537
2007-08-17,0.009794183034685183
2007-08-18,0.009780107362765068
2007-08-19,0.011305986989526397
2007-08-20,0.003791576080842514
2007-08-21,0.017910605590554823
2007-08-22,0.01235544197311088
2007-08-23,0.012006722084445764
2007-08-24,0.016787816254197747
2007-08-25,0.026198525317659274
2007-08-26,0.03563351146480114
2007-08-27,0.02552994177862883
2007-08-28,0.017711256897416094
2007-08-29,0.0256883983266889
2007-08-30,0.009677054121456245
2007-08-31,0.011896210145742176
2007-09-01,0.027827556847219232
2007-09-02,0.010941855182509902
2007-09-03,0.013113901408852177
2007-09-04,0.023625220957002202
2007-09-05,0.0276243868072953
2007-09-06,0.06059188492251616
2007-09-07,0.06561528118015025
2007-09-08,0.056276881892425475
2007-09-09,0.035420228322543004
2007-09-10,0.017261386136386787
2007-09-11,0.0074350417817786365
2007-09-12,0.010599915949423189
2007-09-13,0.02046349722041511
2007-09-14,0.019454651578706794
2007-09-15,0.007810473181480092
2007-09-16,0.011334277679528812
2007-09-17,0.0076557776435148515
2007-09-18,0.017273218175822395
2007-09-19,0.002562667220572516
2007-09-20,5.367403602324471E-5
2007-09-21,1.1005053625480206E-5
2007-09-22,0.001069143001916092
2007-09-23,0.006919626918314511
2007-09-24,0.0019898869534064703
2007-09-25,1.772406266554118E-4
2007-09-26,0.004764189432794998
2007-09-27,0.01897727340629818
2007-09-28,0.026168533618637264
2007-09-29,0.011253185753824854
2007-09-30,0.013485345999273608
2007-10-01,0.010200479807876448
2007-10-02,0.006026973003322345
2007-10-03,0.003756868923216521
2007-10-04,0.002066880119156975
2007-10-05,0.0029597932507795252
2007-10-06,0.007750571392083986
2007-10-07,0.02177639183142042
2007-10-08,0.0709299772753881
2007-10-09,0.03726094029111669
2007-10-10,0.0034147562908137556
2007-10-11,0.0024625569805933572
2007-10-12,0.0022328626687421853
2007-10-13,0.013169299479395023
2007-10-14,0.015554776677652147
2007-10-15,0.014756716124912575
2007-10-16,0.037440129400363086
2007-10-17,0.013393900492190284
2007-10-18,0.01288890329389318
2007-10-19,0.015467348749496346
2007-10-20,0.0022614512028377187
2007-10-21,2.789090237865558E-4
2007-10-22,9.891310256203576E-5
2007-10-23,1.183065404799498E-6
2007-10-24,4.70402994769651E-6
2007-10-25,4.328939681461719E-6
2007-10-26,4.1559260139654665E-6
2007-10-27,5.741904424738129E-6
2007-10-28,1.315405067099673E-5
2007-10-29,8.196937555522592E-6
2007-10-30,2.9943901031007487E-5
2007-10-31,2.697855570068251E-4
2007-11-01,0.0016103522890517728
2007-11-02,0.0033274881032629607
2007-11-03,9.285895047342935E-4
2007-11-04,1.1810742998622086E-4
2007-11-05,3.2173687086957327E-4
2007-11-06,4.1089088413614615E-4
2007-11-07,2.1654494709706732E-4
2007-11-08,1.0693352645670261E-4
2007-11-09,0.0014787733355822665
2007-11-10,0.001302747137613044
2007-11-11,3.426601490218935E-4
2007-11-12,2.680348082189127E-5
2007-11-13,3.4780671141740214E-6
2007-11-14,7.817014844097243E-4
2007-11-15,0.05272319395676516
2007-11-16,0.034003576952805675
2007-11-17,2.889911881196095E-4
2007-11-18,3.0029309019913837E-6
2007-11-19,4.368693538487812E-6
2007-11-20,1.045634197672671E-5
2007-11-21,8.86037418712282E-6
2007-11-22,9.024681461386343E-5
2007-11-23,9.224712734976495E-6
2007-11-24,7.914961401791181E-6
2007-11-25,2.237869479944381E-5
2007-11-26,1.2335930566914719E-5
2007-11-27,1.5380864456898908E-5
2007-11-28,1.5682518003924437E-4
2007-11-29,1.966134777475645E-4
2007-11-30,6.662347460535786E-4
2007-12-01,7.904490737050344E-4
2007-12-02,2.973069310877367E-4
2007-12-03,9.236787341405893E-4
2007-12-04,4.952449958451941E-4
2007-12-05,1.1720736591802169E-6
2007-12-06,1.3038420615227975E-6
2007-12-07,1.169806967224543E-8
2007-12-08,1.3416678116510605E-6
2007-12-09,2.894026437246731E-6
2007-12-10,4.608336023176963E-6
2007-12-11,3.471669474032952E-6
2007-12-12,1.5303251321480307E-6
2007-12-13,4.351138045421976E-7
2007-12-14,8.52346317969932E-7
2007-12-15,1.4479208089063194E-6
2007-12-16,1.5210381822089932E-8
2007-12-17,9.179687062528846E-7
2007-12-18,1.2904405366498395E-6
2007-12-19,1.1998762812317522E-6
2007-12-20,3.553639342571369E-5
2007-12-21,1.8112014948495656E-4
2007-12-22,3.9931082012716586E-5
2007-12-23,4.300776016614987E-7
2007-12-24,0.0
2007-12-25,1.0779094915771482E-5
2007-12-26,3.689675910039646E-5
2007-12-27,2.076616999558631E-4
2007-12-28,3.065206393696068E-4
2007-12-29,3.2365801056403684E-5
2007-12-30,2.5346983288753938E-5
2007-12-31,2.1380269528477806E-5
2008-01-01,3.51346999491529E-6
2008-01-02,4.644811508372403E-7
2008-01-03,1.2755393754559918E-6
2008-01-04,3.490965054091202E-6
2008-01-05,8.585688742168506E-7
2008-01-06,4.3511391822903533E-7
2008-01-07,1.2844800494349329E-6
2008-01-08,2.157219058869744E-6
2008-01-09,8.553266184208042E-7
2008-01-10,9.755406483099896E-7
2008-01-11,3.0446862991497043E-5
2008-01-12,2.023581469783405E-5
2008-01-13,0.0
2008-01-14,4.351138613856165E-7
2008-01-15,1.6158355367666043E-5
2008-01-16,2.2527813131417497E-5
2008-01-17,3.5141763572085965E-6
2008-01-18,6.095982741073198E-6
2008-01-19,4.763922185597232E-5
2008-01-20,0.0020380957277189886
2008-01-21,0.004057535705757707
2008-01-22,7.242303969808014E-5
2008-01-23,0.0012855174404344746
2008-01-24,0.010521510575892614
2008-01-25,0.009320999655681733
2008-01-26,0.01018558048202839
2008-01-27,7.013482129870601E-4
2008-01-28,2.3422270289680613E-4
2008-01-29,5.75884882697326E-6
2008-01-30,0.005174641216852074
2008-01-31,4.666340014159428E-4
2008-02-01,1.2266808162534862E-6
2008-02-02,3.5235647521267056E-8
2008-02-03,1.2844971024605911E-6
2008-02-04,4.3807705196741153E-7
2008-02-05,8.560681629132048E-7
2008-02-06,9.960581122884236E-7
2008-02-07,2.4018005043200188E-4
2008-02-08,0.0016774901958558739
2008-02-09,0.0031238372333716987
2008-02-10,8.696005785689239E-4
2008-02-11,6.972467634119112E-7
2008-02-12,3.862380253849551E-6
2008-02-13,1.2835695461140512E-6
2008-02-14,6.806349833665617E-7
2008-02-15,2.9979085312502303E-6
2008-02-16,9.021853229582533E-6
2008-02-17,2.8817070595171002E-6
2008-02-18,1.5690812066454815E-5
2008-02-19,0.006674222295323213
2008-02-20,0.004736339124273705
2008-02-21,1.897135375967119E-5
2008-02-22,8.583068833445395E-7
2008-02-23,2.5986345505493205E-6
2008-02-24,1.346238041203654E-6
2008-02-25,3.820152594056859E-5
2008-02-26,3.526990252044408E-4
2008-02-27,3.690321907233635E-6
2008-02-28,8.378362394978467E-7
2008-02-29,3.453900376371166E-6
2008-03-01,1.7376363859769516E-6
2008-03-02,8.71412063617565E-7
2008-03-03,6.374004427008566E-4
2008-03-04,0.006042206181008693
2008-03-05,0.010378005874904258
2008-03-06,1.1160048551337138E-4
2008-03-07,1.9867795127079875E-4
2008-03-08,7.648782659852539E-4
2008-03-09,3.1395842574235357E-4
2008-03-10,1.0530411804963104E-4
2008-03-11,4.272658588572763E-4
2008-03-12,1.221725265518979E-5
2008-03-13,4.314357317941038E-6
2008-03-14,4.717000771981443E-4
2008-03-15,4.1169182868630154E-4
2008-03-16,0.0011176001861949883
2008-03-17,0.001053263131922045
2008-03-18,8.070155063734679E-4
2008-03-19,0.003244387550820821
2008-03-20,0.029297778624479565
2008-03-21,0.023883350498796967
2008-03-22,0.010093483300803032
2008-03-23,0.013159006714734732
2008-03-24,0.0037217839785738498
2008-03-25,7.089867212570651E-4
2008-03-26,0.007717872968781552
2008-03-27,0.009530954299376188
2008-03-28,0.003137300656090936
2008-03-29,0.005013491268356422
2008-03-30,0.011581344687939732
2008-03-31,0.019202247956591194
2008-04-01,0.015955620663773477
2008-04-02,0.01466399999185209
2008-04-03,0.022509051883496306
2008-04-04,0.011108627953381274
2008-04-05,1.0481085214319584E-5
2008-04-06,4.086959181148883E-5
2008-04-07,1.3297938368870122E-5
2008-04-08,3.74626217549936E-6
2008-04-09,5.039236793628318E-7
2008-04-10,2.082255896811269E-6
2008-04-11,3.4220193224874798E-6
2008-04-12,8.037424232333585E-5
2008-04-13,0.01218837542039467
2008-04-14,0.03991310859992173
2008-04-15,0.00954579529402465
2008-04-16,0.00544453109523569
2008-04-17,0.0163056782321961
2008-04-18,0.009830649807355162
2008-04-19,0.004999598818754246
2008-04-20,5.66353964581655E-4
2008-04-21,6.83894391693821E-7
2008-04-22,1.7472241430011255E-6
2008-04-23,1.825221262727563E-6
2008-04-24,1.220372220841771E-5
2008-04-25,1.653860490550396E-5
2008-04-26,8.982730552690289E-4
2008-04-27,0.0027952044574141655
2008-04-28,0.004396629239751544
2008-04-29,0.006733037999448478
2008-04-30,0.005214080551343909
2008-05-01,0.018598845540685822
2008-05-02,0.004448253356480186
2008-05-03,0.0037546013118393918
2008-05-04,0.0023261743681158597
2008-05-05,0.014864631129827114
2008-05-06,0.008541460368634898
2008-05-07,0.0033056899061078555
2008-05-08,0.01592915279456992
2008-05-09,0.01895260304121889
2008-05-10,0.00459136096986732
2008-05-11,0.0013848883981649586
2008-05-12,8.942110819279114E-4
2008-05-13,0.002400125348614481
2008-05-14,0.002736157922656206
2008-05-15,0.0021063823782184942
2008-05-16,0.005092819012227775
2008-05-17,0.012324702181685425
2008-05-18,0.034665877025056586
2008-05-19,0.024559823150028047
2008-05-20,0.038812105857107725
2008-05-21,0.02356224689432031
2008-05-22,0.008296981005103954
2008-05-23,0.004637227953050881
2008-05-24,0.011825411955831372
2008-05-25,0.006829475709969265
2008-05-26,0.009085539836070442
2008-05-27,0.01565553430767875
2008-05-28,0.012239230229532064
2008-05-29,0.020390612215312055
2008-05-30,0.030416365488071674
2008-05-31,0.022033729076471643
2008-06-01,0.016938457824878267
2008-06-02,0.020653110783947347
2008-06-03,0.012704252086876295
2008-06-04,0.014811527119965584
2008-06-05,0.020889532149613258
2008-06-06,0.019679875559866777
2008-06-07,0.024448419367038992
2008-06-08,0.014388764077269963
2008-06-09,0.008058135771337958
2008-06-10,0.012475125584541388
2008-06-11,0.021967156957363267
2008-06-12,0.01728201528249279
2008-06-13,0.012337710883391551
2008-06-14,0.00586735904635765
2008-06-15,0.008896980128450204
2008-06-16,0.013390586193053377
2008-06-17,0.027872372985562145
2008-06-18,0.02264307156070293
2008-06-19,0.03304848972083373
2008-06-20,0.015967906551554036
2008-06-21,0.020639735102405434
2008-06-22,0.01740349201826588
2008-06-23,0.010519490553132227
2008-06-24,0.012849256372130682
2008-06-25,0.011338868798704176
2008-06-26,0.018698456044384186
2008-06-27,0.014846961408603537
2008-06-28,0.026279819816937694
2008-06-29,0.03285545715878658
2008-06-30,0.03895419497839136
2008-07-01,0.02394660119376432
2008-07-02,0.021531236207898652
2008-07-03,0.021141246673516464
2008-07-04,0.014763535711180963
2008-07-05,0.031104026667509627
2008-07-06,0.012067653019131952
2008-07-07,0.019854395206046246
2008-07-08,0.013841308011106704
2008-07-09,0.017900323655042193
2008-07-10,0.018570493706043016
2008-07-11,0.021655055498508716
2008-07-12,0.01639446626069092
2008-07-13,0.02489561888428898
2008-07-14,0.026062794238376968
2008-07-15,0.01853020279334448
2008-07-16,0.027792482832045586
2008-07-17,0.006915346383549581
2008-07-18,0.010498691163559675
2008-07-19,0.025156933587278957
2008-07-20,0.020280477828371696
2008-07-21,0.019007311515194823
2008-07-22,0.02253912135612865
2008-07-23,0.017533055841401156
2008-07-24,0.01340124964591671
2008-07-25,0.017564673626158978
2008-07-26,0.0227565456724408
2008-07-27,0.0224934515688633
2008-07-28,0.008850973367777178
2008-07-29,0.012730121261121177
2008-07-30,0.00784491267399555
2008-07-31,0.01294365615599609
2008-08-01,0.018185934592361404
2008-08-02,0.0198278252132267
2008-08-03,0.03957937141088219
2008-08-04,0.01969296603619708
2008-08-05,0.035678530056735075
2008-08-06,0.017068865464705013
2008-08-07,0.00978747480651061
2008-08-08,0.012909983400406177
2008-08-09,0.02088168051847489
2008-08-10,0.02166604818851617
2008-08-11,0.023341479243256406
2008-08-12,0.017391305337148607
2008-08-13,0.010025800479029616
2008-08-14,0.01959426650938961
2008-08-15,0.02107015287289938
2008-08-16,0.027749815863061866
2008-08-17,0.024012009830873846
2008-08-18,0.024295699522737833
2008-08-19,0.013266325428904678
2008-08-20,0.009961987043035862
2008-08-21,0.005974881463296503
2008-08-22,0.005068351255431689
2008-08-23,0.011861216269891048
2008-08-24,0.013814632205226182
2008-08-25,0.01588307359480515
2008-08-26,0.009662400507199385
2008-08-27,0.022615123087098836
2008-08-28,0.03214836157127292
2008-08-29,0.04376200209075659
2008-08-30,0.032797005535189494
2008-08-31,0.011782096353430013
2008-09-01,0.010569099585671114
2008-09-02,0.01162203518059041
2008-09-03,0.013940754330137311
2008-09-04,0.02971386568739236
2008-09-05,0.016479391657994932
2008-09-06,0.004616777944813416
2008-09-07,0.00876225822002808
2008-09-08,0.020944802971544278
2008-09-09,0.04012773542145546
2008-09-10,0.003550039708957465
2008-09-11,0.0037595368170596933
2008-09-12,0.010287581944052196
2008-09-13,0.004205073199096104
2008-09-14,0.002722722116479845
2008-09-15,0.006628821593852783
2008-09-16,0.01449144756345938
2008-09-17,0.012196284244848464
2008-09-18,0.007673098732092831
2008-09-19,0.003657105879890437
2008-09-20,0.014467345437656917
2008-09-21,0.020514900208892715
2008-09-22,0.018058055907999707
2008-09-23,0.007732510876050595
2008-09-24,0.009085331504285392
2008-09-25,0.01657744064180954
2008-09-26,0.014451613334896809
2008-09-27,0.028312985600624386
2008-09-28,0.017080045419535193
2008-09-29,0.0012721116522094297
2008-09-30,6.852667067493504E-4
2008-10-01,0.005248654344349198
2008-10-02,0.013434403455051737
2008-10-03,0.01719934736465777
2008-10-04,0.01653806796710995
2008-10-05,0.010336994828085682
2008-10-06,0.019387655001003118
2008-10-07,0.012803699634651585
2008-10-08,0.0054933881462207795
2008-10-09,0.0025844079955264373
2008-10-10,0.001114336172946618
2008-10-11,6.681824634860278E-4
2008-10-12,5.25038833689968E-4
2008-10-13,0.0030474481292356234
2008-10-14,6.065752339562971E-4
2008-10-15,1.1475577719103203E-4
2008-10-16,2.5800408827776183E-6
2008-10-17,1.6445541657464356E-8
2008-10-18,1.0155873491584912E-7
2008-10-19,5.826731417257464E-5
2008-10-20,5.123223850554854E-4
2008-10-21,5.082073644061999E-4
2008-10-22,6.382276858553033E-5
2008-10-23,6.412012995099108E-4
2008-10-24,0.007938951945360992
2008-10-25,0.020636721436569052
2008-10-26,0.057347107195871445
2008-10-27,0.013864648465304021
2008-10-28,1.0505535609495043E-4
2008-10-29,2.048409777519895E-4
2008-10-30,1.5358595395674606E-4
2008-10-31,1.3595824431333596E-4
2008-11-01,1.6097332663473603E-5
2008-11-02,2.078036107632531E-6
2008-11-03,3.5853132690265483E-5
2008-11-04,2.872139420572245E-5
2008-11-05,7.101241477652094E-5
2008-11-06,1.2522033931901928E-5
2008-11-07,2.3930575806281475E-7
2008-11-08,9.018926680176534E-7
2008-11-09,1.6676391289570748E-6
2008-11-10,1.6973430366185364E-6
2008-11-11,3.6591031821155477E-6
2008-11-12,6.409698345659853E-6
2008-11-13,5.413802839992211E-7
2008-11-14,4.351138045421976E-7
2008-11-15,8.593928306765974E-7
2008-11-16,2.7153794398187763E-6
2008-11-17,7.78736837337472E-7
2008-11-18,1.554094420141097E-6
2008-11-19,5.340704349513061E-7
2008-11-20,2.8678688358738964E-6
2008-11-21,2.0258601585979616E-4
2008-11-22,9.700715734638023E-5
2008-11-23,1.7106531231547706E-6
2008-11-24,4.351138045421976E-7
2008-11-25,1.5089234520245153E-6
2008-11-26,2.1038199101658292E-6
2008-11-27,2.452507489495034E-6
2008-11-28,7.707696154980929E-6
2008-11-29,3.2912305679713443E-6
2008-11-30,1.0180045012199603E-5
2008-12-01,2.0036566041486793E-4
2008-12-02,3.984163701193211E-4
2008-12-03,1.0457139699100763E-4
2008-12-04,3.8066678603824695E-6
2008-12-05,3.660465115836895E-5
2008-12-06,1.2181612178433779E-5
2008-12-07,1.925235111427534E-4
2008-12-08,0.0
2008-12-09,1.1355263475979097E-4
2008-12-10,3.0684274874326134E-4
2008-12-11,1.8603246200549987E-4
2008-12-12,2.7182952947699265E-4
2008-12-13,2.3314348190506073E-6
2008-12-14,5.774255953514978E-6
2008-12-15,3.347502225155975E-5
2008-12-16,3.5482637973720276E-5
2008-12-17,3.3820730585583384E-6
2008-12-18,8.74501507062743E-6
2008-12-19,9.309450327031817E-6
2008-12-20,3.915183022842935E-5
2008-12-21,5.797077086392188E-4
2008-12-22,4.012972576263413E-4
2008-12-23,2.763869449413611E-4
2008-12-24,2.0708890707162082E-4
2008-12-25,1.1592315181495759E-5
2008-12-26,1.8780894265802808E-4
2008-12-27,4.0690721522786453E-4
2008-12-28,4.9882365358358186E-5
2008-12-29,3.8178857695849645E-5
2008-12-30,2.49738211748917E-5
2008-12-31,1.2972644364282857E-6
2009-01-01,1.196234982834713E-6
2009-01-02,5.034618994493078E-7
2009-01-03,8.695989631544271E-7
2009-01-04,1.3033914093032354E-6
2009-01-05,1.8660991178082596E-7
2009-01-06,2.583120704002795E-6
2009-01-07,4.3637997257427605E-7
2009-01-08,1.5635762259479919E-6
2009-01-09,3.0018638922307872E-5
2009-01-10,2.117009591169378E-6
2009-01-11,1.0500896097607702E-5
2009-01-12,1.2813471801372565E-5
2009-01-13,7.25356355415044E-6
2009-01-14,1.5051235536019306E-6
2009-01-15,1.0822721988479528E-9
2009-01-16,1.7151797351289133E-6
2009-01-17,6.439469287786023E-6
2009-01-18,1.3679920756610935E-4
2009-01-19,1.6074288523094311E-4
2009-01-20,3.6435593070322376E-4
2009-01-21,9.752140193341207E-6
2009-01-22,8.193376247946865E-6
2009-01-23,9.313150764338742E-5
2009-01-24,4.335505591479834E-5
2009-01-25,6.515864967807023E-4
2009-01-26,0.004244910661721527
2009-01-27,0.0034872544689527256
2009-01-28,0.0014105830909037955
2009-01-29,3.0428909757958507E-6
2009-01-30,3.153517419099119E-6
2009-01-31,2.426413657692816E-5
2009-02-01,4.927546980409564E-6
2009-02-02,1.142776079906673E-6
2009-02-03,2.4666163640019108E-6
2009-02-04,6.756680032421399E-6
2009-02-05,1.6651599283202795E-6
2009-02-06,8.379558624707998E-7
2009-02-07,4.3787962026385034E-7
2009-02-08,5.2776565473974875E-6
2009-02-09,4.505223981698435E-7
2009-02-10,0.0
2009-02-11,1.2816117798711334E-6
2009-02-12,2.540570929974394E-5
2009-02-13,2.587736217336018E-6
2009-02-14,1.7179570518053598E-6
2009-02-15,1.293420723413874E-6
2009-02-16,0.0
2009-02-17,1.7229262425644265E-6
2009-02-18,4.351138045421976E-7
2009-02-19,0.0
2009-02-20,0.0
2009-02-21,8.702277796146518E-7
2009-02-22,0.0
2009-02-23,9.284029644437674E-7
2009-02-24,0.004316491522323328
2009-02-25,0.007365777672078229
2009-02-26,0.0012702969875477079
2009-02-27,0.0017282680065084407
2009-02-28,0.0012773640508779301
2009-03-01,2.294925999100045E-6
2009-03-02,1.7387277466696105E-6
2009-03-03,3.061054181845892E-4
2009-03-04,0.001563738405290226
2009-03-05,0.001447380101928484
2009-03-06,0.0018184494506082874
2009-03-07,4.8349424894042226E-4
2009-03-08,8.523463748133508E-7
2009-03-09,1.778890280079895E-6
2009-03-10,8.896902806497034E-6
2009-03-11,5.266664259006523E-6
2009-03-12,1.038057299467381E-5
2009-03-13,1.2904405366498395E-6
2009-03-14,1.2817585002267151E-6
2009-03-15,8.52346317969932E-7
2009-03-16,4.853686226250057E-6
2009-03-17,3.341312372615488E-6
2009-03-18,1.6000458131395527E-4
2009-03-19,9.738906465779209E-4
2009-03-20,2.6529682751689284E-5
2009-03-21,2.8535345456168094E-5
2009-03-22,3.160795749846262E-4
2009-03-23,9.846853828262259E-6
2009-03-24,2.5964567369363996E-5
2009-03-25,5.221746732733843E-6
2009-03-26,0.0023329753286576694
2009-03-27,0.004309138785724696
2009-03-28,0.0054511137164233656
2009-03-29,0.018618312057301502
2009-03-30,0.020678197410323722
2009-03-31,0.031339774329511676
2009-04-01,0.004478179763450052
2009-04-02,0.001771823089875188
2009-04-03,0.020013341357971556
2009-04-04,0.01884089501090134
2009-04-05,0.005637881857031194
2009-04-06,0.0028025961171006296
2009-04-07,0.0017460596887831142
2009-04-08,1.5955858912875405E-4
2009-04-09,0.0018088953252989434
2009-04-10,8.531639767987066E-4
2009-04-11,2.5071976071006135E-4
2009-04-12,1.3335647438302906E-4
2009-04-13,2.1536529408713986E-5
2009-04-14,7.039287607209037E-5
2009-04-15,4.85029630476004E-4
2009-04-16,0.003257081518008883
2009-04-17,0.009601199967910461
2009-04-18,0.009364393533379709
2009-04-19,0.008390900045531
2009-04-20,0.013990331339423718
2009-04-21,0.018189621687860164
2009-04-22,0.027679711842935883
2009-04-23,0.009918970011734553
2009-04-24,0.0017291556600151602
2009-04-25,2.9529098497407328E-5
2009-04-26,3.5268173238795502E-6
2009-04-27,9.80366312412005E-6
2009-04-28,3.157898730406051E-5
2009-04-29,0.0035542788243545374
2009-04-30,0.011413007267891183
2009-05-01,0.038948901939082015
2009-05-02,0.023071103808761192
2009-05-03,0.0023250106714650994
2009-05-04,0.004033513038610869
2009-05-05,0.0054901039441024625
2009-05-06,0.008758619270917312
2009-05-07,0.00447801089290815
2009-05-08,0.0025775739068240786
2009-05-09,0.004467840107706929
2009-05-10,0.013162639434708348
2009-05-11,0.002018484341241929
2009-05-12,0.001014086287904691
2009-05-13,0.03389488109608711
2009-05-14,0.005974392837866891
2009-05-15,0.00737251156412989
2009-05-16,0.026349527605630557
2009-05-17,0.02401708968008425
2009-05-18,0.06391377799797683
2009-05-19,0.0015552601682323347
2009-05-20,0.0019073246324682513
2009-05-21,0.0014816666014800936
2009-05-22,5.740627984467034E-4
2009-05-23,0.007603238024619629
2009-05-24,0.007840499901128992
2009-05-25,0.03641357334879783
2009-05-26,0.05763371665525986
2009-05-27,0.00498758161122572
2009-05-28,0.004373980870825707
2009-05-29,0.008889937998612873
2009-05-30,0.017232436222056974
2009-05-31,0.010205307306490888
2009-06-01,0.021136609883448985
2009-06-02,0.007015742129845429
2009-06-03,0.006495230560496023
2009-06-04,0.0061877187081661195
2009-06-05,0.012997699281252195
2009-06-06,0.014247895440781744
2009-06-07,0.018380374018684285
2009-06-08,0.026230944227924276
2009-06-09,0.01716328786762793
2009-06-10,0.010913181371353593
2009-06-11,0.016093067090974918
2009-06-12,0.029455306462780398
2009-06-13,0.020539700844112267
2009-06-14,0.01868845167867574
2009-06-15,0.037777665407757545
2009-06-16,0.01755666894028436
2009-06-17,0.008161447788196847
2009-06-18,0.010530422722664494
2009-06-19,0.02518597400427348
2009-06-20,0.021556610901384717
2009-06-21,0.011673436963657005
2009-06-22,0.010014114484966146
2009-06-23,0.004047640943528265
2009-06-24,0.00764473122797108
2009-06-25,0.0060274769838436736
2009-06-26,0.009630151143394454
2009-06-27,0.01602752199449828
2009-06-28,0.018541047513611755
2009-06-29,0.03430609457666271
2009-06-30,0.041261917616162665
2009-07-01,0.06307688031065671
2009-07-02,0.07537653855117607
2009-07-03,0.02436937425393246
2009-07-04,0.015045371479098487
2009-07-05,0.014985866926796916
2009-07-06,0.014425179625821261
2009-07-07,0.02202862717900318
2009-07-08,0.009544127187608992
2009-07-09,0.015129089260387665
2009-07-10,0.011442923844347318
2009-07-11,0.006349028670202102
2009-07-12,0.003252144181108548
2009-07-13,0.020677342698236435
2009-07-14,0.01981839929055962
2009-07-15,0.006573692149335895
2009-07-16,0.010862183774137777
2009-07-17,0.0032946614334359403
2009-07-18,0.01961735883113966
2009-07-19,0.0131263931969859
2009-07-20,0.011540901556692225
2009-07-21,0.007857995104319636
2009-07-22,0.01021691595969449
2009-07-23,0.007709788685824633
2009-07-24,0.005795468448554013
2009-07-25,0.006458248847379515
2009-07-26,0.005449272032843701
2009-07-27,0.047631343625954656
2009-07-28,0.08721906156941299
2009-07-29,0.04021684613272635
2009-07-30,0.026851941918558397
2009-07-31,0.03198189675234208
2009-08-01,0.02264894268976127
2009-08-02,0.016012592673990775
2009-08-03,0.014887537206827567
2009-08-04,0.02476730321604497
2009-08-05,0.06710801460671792
2009-08-06,0.01328263369958183
2009-08-07,0.009152814245034509
2009-08-08,0.009734044880363987
2009-08-09,0.00853388357531233
2009-08-10,0.007548180740175911
2009-08-11,0.016899814869713238
2009-08-12,0.022153363251859425
2009-08-13,0.037529099806270526
2009-08-14,0.03390828360227929
2009-08-15,0.026139026237661157
2009-08-16,0.025510023387313664
2009-08-17,0.021694946824671033
2009-08-18,0.042831693663463954
2009-08-19,0.03897466018279164
2009-08-20,0.05186255477486385
2009-08-21,0.053508109267385404
2009-08-22,0.01753104151392895
2009-08-23,0.00981354180770669
2009-08-24,0.010260048171464071
2009-08-25,0.01986470887512831
2009-08-26,0.01448581941081984
2009-08-27,0.01215904928356095
2009-08-28,0.0012938674248550994
2009-08-29,0.006125510053208464
2009-08-30,0.011463410946463897
2009-08-31,0.011040955012743209
2009-09-01,0.004111115846218782
2009-09-02,0.007234426284803316
2009-09-03,0.012626359061032669
2009-09-04,0.018320810743043765
2009-09-05,0.022830168318455628
2009-09-06,0.01375325630721261
2009-09-07,0.013839854106651568
2009-09-08,0.020017574584450696
2009-09-09,0.01903551626918737
2009-09-10,0.009469216486183563
2009-09-11,0.002940913820698437
2009-09-12,0.002310447825426319
2009-09-13,0.0057000413916533255
2009-09-14,0.014414749003386917
2009-09-15,0.013269096389193278
2009-09-16,0.008156156933782114
2009-09-17,0.02501896484560668
2009-09-18,0.029497172493049346
2009-09-19,0.022751933459448113
2009-09-20,0.01790985018997057
2009-09-21,0.017773545076746607
2009-09-22,0.012965844926312073
2009-09-23,0.017235187973848657
2009-09-24,0.01144478141443234
2009-09-25,0.0036787967122856534
2009-09-26,2.3895612736109784E-4
2009-09-27,0.0022883227484763713
2009-09-28,0.009220792357029255
2009-09-29,0.003102657796244402
2009-09-30,1.3846615792354413E-4
2009-10-01,3.123208458368489E-4
2009-10-02,0.0026781759415403276
2009-10-03,0.03322909588151172
2009-10-04,0.01690161862115055
2009-10-05,0.016240457627986902
2009-10-06,0.01833512910645608
2009-10-07,0.01921980652675946
2009-10-08,0.03882409246229817
2009-10-09,0.027148906273304393
2009-10-10,0.006646994296342309
2009-10-11,7.162860691541439E-4
2009-10-12,6.0878058662714296E-5
2009-10-13,2.292547312275655E-5
2009-10-14,8.540989052281257E-4
2009-10-15,0.01380817306825536
2009-10-16,0.00927742115162203
2009-10-17,0.0033355350236844456
2009-10-18,0.002849789819104133
2009-10-19,8.347456548093461E-4
2009-10-20,1.407264758243856E-5
2009-10-21,8.384019328873705E-7
2009-10-22,1.872165823022053E-5
2009-10-23,7.648255223129037E-6
2009-10-24,3.5787535843959978E-6
2009-10-25,1.4817740531326032E-7
2009-10-26,1.7188979327298223E-6
2009-10-27,9.396224338454865E-7
2009-10-28,8.52346317969932E-7
2009-10-29,8.582275392781165E-7
2009-10-30,2.5780906957404535E-6
2009-10-31,2.888852805760555E-7
2009-11-01,5.960464477539064E-8
2009-11-02,1.7046928064701206E-6
2009-11-03,3.043082118893665E-5
2009-11-04,1.3979610462413182E-5
2009-11-05,0.0010092052136887017
2009-11-06,8.88674176269893E-5
2009-11-07,6.647678366639648E-6
2009-11-08,6.603946983471684E-6
2009-11-09,1.0199464824936358E-6
2009-11-10,0.0
2009-11-11,0.0
2009-11-12,1.292701262215126E-6
2009-11-13,3.4021831661290518E-6
2009-11-14,0.001047850311819882
2009-11-15,0.004064360687326145
2009-11-16,0.0022218812933202416
2009-11-17,0.0027509361372908435
2009-11-18,0.0016053938813931554
2009-11-19,1.7412825885889095E-5
2009-11-20,1.0826783529260193E-5
2009-11-21,1.7950430305657562E-6
2009-11-22,1.2833607282991165E-6
2009-11-23,5.7635713330936494E-5
2009-11-24,4.554338150286261E-5
2009-11-25,1.586842825474767E-4
2009-11-26,3.0203299177378426E-5
2009-11-27,1.1175094667286609E-6
2009-11-28,4.245754266749919E-7
2009-11-29,5.910879752886988E-6
2009-11-30,9.452899422348643E-7
2009-12-01,8.85547086688553E-7
2009-12-02,6.121894388289323E-5
2009-12-03,2.6589220055955003E-4
2009-12-04,4.053557921686482E-4
2009-12-05,2.233728064033987E-4
2009-12-06,9.65219270976293E-5
2009-12-07,7.129614707366398E-6
2009-12-08,1.2654607706076216E-6
2009-12-09,1.0148293710168388E-8
2009-12-10,2.5033224651583183E-5
2009-12-11,3.417995536499729E-5
2009-12-12,1.2521618777970299E-5
2009-12-13,3.8163732064423906E-5
2009-12-14,7.507031449195408E-5
2009-12-15,5.200316020519058E-5
2009-12-16,1.756771709380252E-5
2009-12-17,5.773710619860931E-6
2009-12-18,1.717765421547042E-4
2009-12-19,3.4776475808628236E-4
2009-12-20,1.4535750698492022E-5
2009-12-21,3.7179090215321248E-6
2009-12-22,1.0036740699344354E-6
2009-12-23,2.0046550431509583E-6
2009-12-24,1.4945825917183321E-6
2009-12-25,1.8995569279457814E-6
2009-12-26,1.2973256785354703E-5
2009-12-27,7.533876365319843E-7
2009-12-28,2.3483194609951366E-5
2009-12-29,6.21167145360663E-5
2009-12-30,1.2247245616775064E-5
2009-12-31,9.839030691551737E-5
2010-01-01,3.060029507372422E-5
2010-01-02,8.52346317969932E-7
2010-01-03,8.52346317969932E-7
2010-01-04,3.2689099366954304E-8
2010-01-05,4.351771129438015E-7
2010-01-06,0.0
2010-01-07,8.644955017063035E-7
2010-01-08,1.6384386602853767E-8
2010-01-09,0.0
2010-01-10,9.127441845860486E-6
2010-01-11,5.256962478781418E-5
2010-01-12,2.2183495950501035E-5
2010-01-13,5.1389643222610405E-6
2010-01-14,1.2868549106315186E-6
2010-01-15,1.7090754484032884E-6
2010-01-16,2.575116411662748E-6
2010-01-17,8.583063504374877E-7
2010-01-18,0.0
2010-01-19,1.2138342764425209E-6
2010-01-20,8.579492220443999E-7
2010-01-21,0.0
2010-01-22,1.255780240707823E-6
2010-01-23,1.278923605241289E-6
2010-01-24,8.52346317969932E-7
2010-01-25,5.684341886080802E-14
2010-01-26,1.2912289104198563E-6
2010-01-27,8.484970858341246E-7
2010-01-28,1.2962814821548818E-6
2010-01-29,1.2849056929553626E-6
2010-01-30,2.5816629358236393E-6
2010-01-31,2.591522844588032E-6
2010-02-01,2.1382026602623228E-6
2010-02-02,4.29531144163775E-6
2010-02-03,3.841658326564357E-6
2010-02-04,2.1710329747293144E-6
2010-02-05,1.7267963698941458E-6
2010-02-06,1.713806909720006E-6
2010-02-07,2.165826685995853E-6
2010-02-08,4.3511391822903533E-7
2010-02-09,8.496238592670124E-7
2010-02-10,1.2947459499969891E-6
2010-02-11,8.523463748133508E-7
2010-02-12,8.52346317969932E-7
2010-02-13,3.493307597379284E-6
2010-02-14,2.6981704388867507E-5
2010-02-15,4.261732051702438E-7
2010-02-16,1.2411796460453614E-4
2010-02-17,0.0034209994683458127
2010-02-18,1.0284872808342383E-4
2010-02-19,0.0
2010-02-20,1.2844800494349329E-6
2010-02-21,1.0103504092707111E-9
2010-02-22,3.888944669955039E-9
2010-02-23,1.0988099037567316E-8
2010-02-24,0.009156443690243488
2010-02-25,0.0019888497426797536
2010-02-26,3.7573697779037053E-4
2010-02-27,1.9342198192728744E-4
2010-02-28,2.3996918866504364E-4
2010-03-01,1.1031329018067358E-5
2010-03-02,3.594623221827379E-5
2010-03-03,3.977823652980015E-4
2010-03-04,0.0036690790288021126
2010-03-05,0.0147064324032375
2010-03-06,0.006115109447934521
2010-03-07,0.0016252492605203135
2010-03-08,2.0844113401880473E-4
2010-03-09,1.5521325127926868E-9
2010-03-10,0.0
2010-03-11,1.716046028832352E-6
2010-03-12,9.174129900202388E-9
2010-03-13,9.469032298022676E-7
2010-03-14,4.6816290663605675E-4
2010-03-15,0.011959993482514359
2010-03-16,7.36772836827045E-7
2010-03-17,7.052650685944311E-7
2010-03-18,6.070808006848904E-5
2010-03-19,2.296156965928271E-8
2010-03-20,8.52346317969932E-7
2010-03-21,0.0
2010-03-22,2.5326879803260144E-4
2010-03-23,0.0025294968756699194
2010-03-24,0.002672661175100791
2010-03-25,0.0013392764381590613
2010-03-26,0.008587386558134956
2010-03-27,0.02794407032514032
2010-03-28,0.05742767826282566
2010-03-29,0.054300721628812554
2010-03-30,0.09749924813898421
2010-03-31,0.05420404378940124
2010-04-01,0.03482530795293496
2010-04-02,0.04333301314217681
2010-04-03,0.012105180349333623
2010-04-04,0.009972482574296138
2010-04-05,0.007488882794787782
2010-04-06,0.0035625075026754103
2010-04-07,2.2260976732536755E-4
2010-04-08,3.632738780078206E-4
2010-04-09,7.441426712472948E-4
2010-04-10,0.00301018243922457
2010-04-11,0.00543236741254282
2010-04-12,0.004209198139600084
2010-04-13,0.013891328053839639
2010-04-14,0.016438728942794474
2010-04-15,0.0010638149430024953
2010-04-16,0.015807004008404443
2010-04-17,0.019466291110795706
2010-04-18,0.042983468455628546
2010-04-19,0.11962950868101929
2010-04-20,0.09362018935199867
2010-04-21,0.02181250192748471
2010-04-22,0.014119852967073455
2010-04-23,0.010913339682789139
2010-04-24,0.04514739143997923
2010-04-25,0.05300211785161709
2010-04-26,0.025241436036346467
2010-04-27,0.008872778235127136
2010-04-28,0.008900261366729103
2010-04-29,0.009947905350971778
2010-04-30,0.011812168759746023
2010-05-01,0.005656602209077409
2010-05-02,0.0069052034952392476
2010-05-03,0.025436730540581192
2010-05-04,0.016897495327784152
2010-05-05,0.015045367175702418
2010-05-06,0.013209101657216265
2010-05-07,0.01756949030939554
2010-05-08,0.02653867349939364
2010-05-09,0.04233185685008247
2010-05-10,0.03600347119690366
2010-05-11,0.023329048125639146
2010-05-12,0.03077681338339184
2010-05-13,0.018692565382903682
2010-05-14,0.018470933676799597
2010-05-15,0.03679980522549221
2010-05-16,0.009814697488965178
2010-05-17,0.004801267894488546
2010-05-18,0.0027695939887414154
2010-05-19,0.021279623923445776
2010-05-20,0.04226878107368794
2010-05-21,0.047018872253938915
2010-05-22,0.0038462327337144488
2010-05-23,0.008720675550424663
2010-05-24,0.018627827655844618
2010-05-25,0.03443457715902371
2010-05-26,0.03452540475975987
2010-05-27,0.03878171066629254
2010-05-28,0.05429606217739748
2010-05-29,0.008515700937248733
2010-05-30,0.01794415604732285
2010-05-31,0.043017796637178175
2010-06-01,0.03564183057420966
2010-06-02,0.03171454788072465
2010-06-03,0.04055874397859256
2010-06-04,0.06646944511169094
2010-06-05,0.05306217138689538
2010-06-06,0.053689408128498144
2010-06-07,0.0632943887325172
2010-06-08,0.03303306459949885
2010-06-09,0.01848299905528426
2010-06-10,0.013467551192451764
2010-06-11,0.006816208253087002
2010-06-12,0.012571294775588368
2010-06-13,0.02334779957156464
2010-06-14,0.028592280015952334
2010-06-15,0.01080286102487862
2010-06-16,0.017902681954161972
2010-06-17,0.012286296482876213
2010-06-18,0.020822610308651287
2010-06-19,0.02937426441063771
2010-06-20,0.05826987209940338
2010-06-21,0.022110927891666583
2010-06-22,0.018525363133977967
2010-06-23,0.027769506412510404
2010-06-24,0.04523042194402522
2010-06-25,0.021176289075944713
2010-06-26,0.033552599249866144
2010-06-27,0.02092539734749678
2010-06-28,0.050386406802023796
2010-06-29,0.04985681785066007
2010-06-30,0.028554921648820362
2010-07-01,0.022344310824239294
2010-07-02,0.014798940215633717
2010-07-03,0.013694318846368729
2010-07-04,0.01355928838290404
2010-07-05,0.009388604101748518
2010-07-06,0.015996977220795412
2010-07-07,0.01163266010151778
2010-07-08,0.00870218189250183
2010-07-09,0.012573696088067368
2010-07-10,0.012299715005767865
2010-07-11,0.03384126756146465
2010-07-12,0.031241231825998014
2010-07-13,0.011601717411530807
2010-07-14,0.006294048721821324
2010-07-15,0.007358503338983497
2010-07-16,0.012271482461220616
2010-07-17,0.013656149228311007
2010-07-18,0.01789649903787014
2010-07-19,0.017875493628100873
2010-07-20,0.029418352347820153
2010-07-21,0.013087471759423652
2010-07-22,0.012570773349079856
2010-07-23,0.009980147297435295
2010-07-24,0.008754512755507536
2010-07-25,0.012920770425286953
2010-07-26,0.0070693939354505965
2010-07-27,0.008693753947551857
2010-07-28,0.012481344348310962
2010-07-29,0.027213784427626328
2010-07-30,0.039720384938348174
2010-07-31,0.026671696399153937
2010-08-01,0.008694081274587984
2010-08-02,0.014567140237870094
2010-08-03,0.00947123204041975
2010-08-04,0.019453704454285257
2010-08-05,0.015604971624760478
2010-08-06,0.004660897499636156
2010-08-07,0.0022496726867730784
2010-08-08,0.0061831996401595785
2010-08-09,0.005709377408372184
2010-08-10,0.007938513884949414
2010-08-11,0.02244127815292923
2010-08-12,0.016929352678457053
2010-08-13,0.021092519265723374
2010-08-14,0.013976219370956219
2010-08-15,0.01986674722083546
2010-08-16,0.01973908325953002
2010-08-17,0.02026891952424141
2010-08-18,0.01766232105772689
2010-08-19,0.025563509251467754
2010-08-20,0.01810810666244799
2010-08-21,0.018448949160730796
2010-08-22,0.02254763557992609
2010-08-23,0.00742260771954805
2010-08-24,0.01867593142258122
2010-08-25,0.019040519133468582
2010-08-26,0.02389175156178338
2010-08-27,0.013447236775748992
2010-08-28,0.026363633321113692
2010-08-29,0.005252348611804645
2010-08-30,0.008234233066239806
2010-08-31,0.006093473247537725
2010-09-01,0.006085782760398927
2010-09-02,0.008866489076114807
2010-09-03,0.010516491774792615
2010-09-04,0.01216438013390448
2010-09-05,0.008662993028478819
2010-09-06,0.006056763331669606
2010-09-07,0.0029441448959986864
2010-09-08,0.013179744728280988
2010-09-09,0.018723129167544903
2010-09-10,0.011672264647530687
2010-09-11,0.004931788829537487
2010-09-12,0.007885145597467887
2010-09-13,0.01288390529713983
2010-09-14,0.013585376195997178
2010-09-15,0.012517926979885744
2010-09-16,0.009626777647454919
2010-09-17,0.016739792542928403
2010-09-18,0.016227535392745417
2010-09-19,0.021791936067832005
2010-09-20,0.018471391203030905
2010-09-21,0.011869279379186602
2010-09-22,0.005870001426752594
2010-09-23,0.01041513599579742
2010-09-24,0.013124713825296315
2010-09-25,0.02157365625748098
2010-09-26,0.01681674140252475
2010-09-27,0.017072327534069176
2010-09-28,0.002987066471095036
2010-09-29,4.62817164584745E-4
2010-09-30,0.0055282135777168775
2010-10-01,0.0020978225155038753
2010-10-02,4.327689196216362E-4
2010-10-03,2.094140389889265E-5
2010-10-04,0.004760188849673832
2010-10-05,0.017705549267167404
2010-10-06,0.005472237612099884
2010-10-07,0.03593949117818715
2010-10-08,0.10197573615656243
2010-10-09,0.005119852810409026
2010-10-10,0.002612556893857583
2010-10-11,2.759331701635628E-4
2010-10-12,9.7448861910093E-5
2010-10-13,0.0011096946260948958
2010-10-14,0.008491787615849455
2010-10-15,0.025280105461269988
2010-10-16,0.006771607681227606
2010-10-17,0.006396112440858337
2010-10-18,4.7474641714384525E-5
2010-10-19,3.9985145803714576E-4
2010-10-20,0.00241993367413565
2010-10-21,0.004885725368551791
2010-10-22,0.002895803611167889
2010-10-23,8.470943646824777E-4
2010-10-24,0.003297277882781333
2010-10-25,5.60501878918208E-4
2010-10-26,1.951485648270852E-4
2010-10-27,1.8187475764993295E-4
2010-10-28,6.333010734161203E-6
2010-10-29,8.99981017059583E-7
2010-10-30,2.085290438869006E-6
2010-10-31,4.8556627894076936E-5
2010-11-01,0.004078827440377959
2010-11-02,0.0021453355682388986
2010-11-03,5.631131224352386E-4
2010-11-04,8.551393232353362E-5
2010-11-05,2.2422612265456936E-6
2010-11-06,5.539915155956852E-6
2010-11-07,2.5106966881523446E-6
2010-11-08,1.5322266272965994E-6
2010-11-09,0.0
2010-11-10,9.51460786705929E-5
2010-11-11,4.0745313413914923E-4
2010-11-12,6.244678002905986E-4
2010-11-13,5.447976635217796E-5
2010-11-14,4.3621824654497664E-5
2010-11-15,1.2828494255111238E-4
2010-11-16,9.37388328901961E-5
2010-11-17,1.5426900302399098E-4
2010-11-18,7.337048003286429E-5
2010-11-19,0.003020689843615896
2010-11-20,0.004299333442137085
2010-11-21,4.857757196258839E-4
2010-11-22,5.616411308332676E-6
2010-11-23,5.416055290685225E-8
2010-11-24,2.891757411316052E-5
2010-11-25,1.1021979361669766E-4
2010-11-26,1.5370480052391983E-4
2010-11-27,1.6555890570141684E-4
2010-11-28,2.5258161068316085E-5
2010-11-29,1.3359488836253195E-5
2010-11-30,8.577818532939159E-7
2010-12-01,2.139806724699156E-6
2010-12-02,8.702070317667676E-7
2010-12-03,4.261732051702438E-7
2010-12-04,8.52346317969932E-7
2010-12-05,2.5860198320515337E-6
2010-12-06,1.6099093999236502E-4
2010-12-07,2.720704009216154E-5
2010-12-08,0.00931911967289608
2010-12-09,0.01994040461670229
2010-12-10,5.685215560111761E-4
2010-12-11,1.167358694881794E-4
2010-12-12,1.1290247051101954E-6
2010-12-13,7.319750823815496E-7
2010-12-14,4.540959889578055E-7
2010-12-15,2.252976111429687E-6
2010-12-16,6.777756280633619E-6
2010-12-17,3.770779323026624E-6
2010-12-18,0.0
2010-12-19,1.367259819047926E-6
2010-12-20,0.0
2010-12-21,0.0
2010-12-22,9.146791477951152E-7
2010-12-23,8.902916320696516E-6
2010-12-24,1.5754173326707928E-5
2010-12-25,4.361595721603131E-6
2010-12-26,4.403436466110953E-6
2010-12-27,1.8419321045021108E-6
2010-12-28,4.983403940077761E-6
2010-12-29,3.4543569728877554E-6
2010-12-30,3.2597224436763174E-6
2010-12-31,4.3899585850177407E-7
2011-01-01,7.198092237039198E-4
2011-01-02,2.5461751162972075E-4
2011-01-03,1.6396530570401447E-6
2011-01-04,1.245233187635426E-6
2011-01-05,6.843788897935215E-7
2011-01-06,8.583068833445395E-7
2011-01-07,2.3130481907047643E-6
2011-01-08,4.902013459496331E-6
2011-01-09,1.0313843786036289E-5
2011-01-10,6.867648182846508E-6
2011-01-11,1.7736910223844845E-6
2011-01-12,2.778729737829738E-5
2011-01-13,8.546659493412196E-5
2011-01-14,4.0002661182733246E-5
2011-01-15,2.346997830526471E-6
2011-01-16,0.011791691716118526
2011-01-17,3.2532546576356715E-4
2011-01-18,2.990942120401761E-6
2011-01-19,1.4499448030011016E-4
2011-01-20,9.690142623726733E-7
2011-01-21,1.7177385380400756E-6
2011-01-22,3.0069691266017327E-5
2011-01-23,1.3685333631635231E-5
2011-01-24,1.7112967251353185E-6
2011-01-25,1.6761876148364735E-6
2011-01-26,4.351138045421976E-7
2011-01-27,4.878332608702971E-6
2011-01-28,8.52346317969932E-7
2011-01-29,1.2943344813720614E-6
2011-01-30,4.351138045421976E-7
2011-01-31,1.1277211442952415E-4
2011-02-01,5.725615717083046E-5
2011-02-02,7.96215124308881E-6
2011-02-03,4.376790930319854E-7
2011-02-04,2.1340592866181396E-6
2011-02-05,8.583068797918258E-7
2011-02-06,6.770122947031364E-10
2011-02-07,1.056529966875505E-5
2011-02-08,1.1403498416057435E-5
2011-02-09,8.85774633340163E-6
2011-02-10,1.7126909597209306E-6
2011-02-11,3.4391878216410987E-6
2011-02-12,2.55532593455743E-6
2011-02-13,1.5113947310281732E-7
2011-02-14,9.209434421076252E-9
2011-02-15,3.9481260518222386E-4
2011-02-16,0.0012600434603876824
2011-02-17,0.0021447884683319595
2011-02-18,4.0785773607006197E-5
2011-02-19,7.506203789242429E-5
2011-02-20,1.5790301343237733E-5
2011-02-21,2.402293527057406E-4
2011-02-22,1.0654314642210764E-5
2011-02-23,8.531706191989791E-7
2011-02-24,0.0
2011-02-25,2.1495791315828683E-6
2011-02-26,8.838974565408754E-7
2011-02-27,0.0
2011-02-28,8.52346317969932E-7
2011-03-01,1.2803027971131087E-6
2011-03-02,1.288683449729433E-6
2011-03-03,1.289341037675045E-6
2011-03-04,1.3170989724272724E-6
2011-03-05,1.7288937077065744E-6
2011-03-06,4.410743663640915E-7
2011-03-07,4.351138045421976E-7
2011-03-08,2.1398063836386427E-6
2011-03-09,1.7225742112714215E-6
2011-03-10,2.389465367173874E-6
2011-03-11,0.001971649755702208
2011-03-12,0.005574855148012248
2011-03-13,3.3971147174631733E-4
2011-03-14,3.3761228310924047E-4
2011-03-15,9.391816039184617E-4
2011-03-16,1.7896897530969172E-8
2011-03-17,0.0010256771114370987
2011-03-18,0.009911549016730987
2011-03-19,0.015702050553392473
2011-03-20,0.009902781283126499
2011-03-21,0.009021707861926515
2011-03-22,0.002775313589786519
2011-03-23,0.0015581764414303563
2011-03-24,0.005678162396799292
2011-03-25,0.002277500751766939
2011-03-26,0.010291907188687562
2011-03-27,0.0011903564160188245
2011-03-28,0.0028377776601469593
2011-03-29,0.02526725554482977
2011-03-30,0.03388769073455428
2011-03-31,0.02435868503988326
2011-04-01,0.002716333649062008
2011-04-02,0.002756098547747241
2011-04-03,3.0124441066874884E-4
2011-04-04,0.00836967444020745
2011-04-05,3.6837115753287134E-4
2011-04-06,3.864084189323348E-5
2011-04-07,2.8549907318087897E-5
2011-04-08,5.150364571913131E-6
2011-04-09,2.1424174825580137E-4
2011-04-10,9.669233104054233E-4
2011-04-11,2.502918262168241E-4
2011-04-12,8.593873792953066E-5
2011-04-13,0.002383165667754041
2011-04-14,0.011913945723129798
2011-04-15,0.0048712090259031265
2011-04-16,0.00997885713679657
2011-04-17,0.0014777159433020186
2011-04-18,0.0035419654678230357
2011-04-19,0.010611449871920446
2011-04-20,0.016812440212016857
2011-04-21,0.003934372900796764
2011-04-22,0.0039011075037580006
2011-04-23,0.01248718921240183
2011-04-24,0.006467289182573234
2011-04-25,0.0038666805564618423
2011-04-26,9.283537748242482E-4
2011-04-27,0.004539334104701323
2011-04-28,0.01564479927618209
2011-04-29,0.0017339135434079815
2011-04-30,0.0043129734440521756
2011-05-01,0.00906783858604361
2011-05-02,0.009574839201200658
2011-05-03,0.041077764540400796
2011-05-04,0.02848612925942543
2011-05-05,0.0056955560989834795
2011-05-06,0.0031668076449763542
2011-05-07,0.005171998642750594
2011-05-08,0.004513827679110552
2011-05-09,0.00768922344912046
2011-05-10,0.012063371734537493
2011-05-11,0.0398744667573019
2011-05-12,0.006672971997986492
2011-05-13,0.007606932131541261
2011-05-14,0.01230502305423698
2011-05-15,0.010023182714781916
2011-05-16,0.0052737267935551715
2011-05-17,0.02234588212704575
2011-05-18,0.011143041442584439
2011-05-19,0.018992104722414728
2011-05-20,0.04558776590047201
2011-05-21,0.09172573247774249
2011-05-22,0.0389965114174034
2011-05-23,0.03674479221849774
2011-05-24,0.023776333186926193
2011-05-25,0.008428751771500357
2011-05-26,0.002954458793109567
2011-05-27,0.01773693781152282
2011-05-28,0.008086009644876328
2011-05-29,0.015909254355350136
2011-05-30,0.024509027150182036
2011-05-31,0.021809403000534466
2011-06-01,0.020408666171348865
2011-06-02,0.010213469208751115
2011-06-03,0.004025598089555636
2011-06-04,0.0042331383829466735
2011-06-05,0.003166102956915866
2011-06-06,0.0064657264846368885
2011-06-07,0.014571994596478573
2011-06-08,0.019136251142156967
2011-06-09,0.020147398877652423
2011-06-10,0.015254145485558954
2011-06-11,0.01627280015993527
2011-06-12,0.005891629225773621
2011-06-13,0.012374788241923892
2011-06-14,0.013706019742882675
2011-06-15,0.015612044026329248
2011-06-16,0.007623396941290777
2011-06-17,0.01461497451128541
2011-06-18,0.01615478788437958
2011-06-19,0.012494855166079535
2011-06-20,0.009505765479854766
2011-06-21,0.010245783583966292
2011-06-22,0.0173329936480302
2011-06-23,0.025643809961149146
2011-06-24,0.02352432140982462
2011-06-25,0.014336378342602997
2011-06-26,0.017473297519576887
2011-06-27,0.018304257020298732
2011-06-28,0.029388873889250922
2011-06-29,0.04940146440635009
2011-06-30,0.07852586442370604
2011-07-01,0.033801143513767236
2011-07-02,0.023840947449332937
2011-07-03,0.016117352164402972
2011-07-04,0.0030291924896956876
2011-07-05,0.0075073324199873585
2011-07-06,0.009573420683153458
2011-07-07,0.021226828782959478
2011-07-08,0.01677412608481442
2011-07-09,0.011399902876580733
2011-07-10,0.008658144073541112
2011-07-11,0.006319029701480642
2011-07-12,0.010193908851529135
2011-07-13,0.012522266667686112
2011-07-14,0.016704242021467072
2011-07-15,0.017489295068676074
2011-07-16,0.008964913477678308
2011-07-17,0.02370902944330851
2011-07-18,0.03834519571134811
2011-07-19,0.020820616772236854
2011-07-20,0.028237295362520825
2011-07-21,0.023206551719217643
2011-07-22,0.01741386997039436
2011-07-23,0.006209340113426236
2011-07-24,0.002174823541224694
2011-07-25,0.01673564562294629
2011-07-26,0.010954478725955586
2011-07-27,0.01141475022419455
2011-07-28,0.005815997758094288
2011-07-29,0.0075656958759864655
2011-07-30,0.0036287796790185965
2011-07-31,0.00483670536574877
2011-08-01,0.0020599027632633386
2011-08-02,0.020085013749674835
2011-08-03,0.013558040730165276
2011-08-04,0.015098554732740958
2011-08-05,0.020849491038677323
2011-08-06,0.009393710715303944
2011-08-07,0.05783112661428038
2011-08-08,0.031766639670540144
2011-08-09,0.061602704130552105
2011-08-10,0.01571408065754539
2011-08-11,0.009611318187643185
2011-08-12,0.0072464002581736076
2011-08-13,0.020106907508549828
2011-08-14,0.01667434785316721
2011-08-15,0.02400332047932411
2011-08-16,0.041379977491420014
2011-08-17,0.009929322009486275
2011-08-18,0.009106429228606954
2011-08-19,0.0032168119478245953
2011-08-20,0.012460582214111537
2011-08-21,0.014662546206168197
2011-08-22,0.0175605974531799
2011-08-23,0.050719638202883395
2011-08-24,0.08004004182932659
2011-08-25,0.014168354207484456
2011-08-26,0.008958058798258877
2011-08-27,0.01135909870256683
2011-08-28,0.004845786957339232
2011-08-29,0.005941817169663966
2011-08-30,0.01252035113942402
2011-08-31,0.006996388394890841
2011-09-01,0.006766130462972955
2011-09-02,0.007957007602029453
2011-09-03,0.00311886617309286
2011-09-04,0.00834822945279638
2011-09-05,0.011368425555123424
2011-09-06,0.018422085454940475
2011-09-07,0.018665375396862728
2011-09-08,0.00869008493862745
2011-09-09,0.009529723652479973
2011-09-10,0.005757031534180213
2011-09-11,0.0033272161565176405
2011-09-12,9.437870212717556E-4
2011-09-13,0.028912379627110654
2011-09-14,0.02244365176019917
2011-09-15,0.027446914464563668
2011-09-16,0.023306368495481213
2011-09-17,0.023664479118287753
2011-09-18,0.013985974195531693
2011-09-19,0.011379657122162216
2011-09-20,0.021409434591645456
2011-09-21,0.016320526181239272
2011-09-22,0.012288974759981808
2011-09-23,0.008160003212232122
2011-09-24,0.015025325575959477
2011-09-25,0.003822315292115855
2011-09-26,0.004491833488802009
2011-09-27,0.006063762584472672
2011-09-28,0.0032124506754802884
2011-09-29,0.0024504899285013137
2011-09-30,0.004741066846648399
2011-10-01,0.005589109701355072
2011-10-02,0.0044603502388066004
2011-10-03,0.009369205281224561
2011-10-04,0.0021503565068520135
2011-10-05,2.987157183606753E-4
2011-10-06,8.038125536000799E-4
2011-10-07,0.0024789023378267872
2011-10-08,0.0016732448174478502
2011-10-09,8.783356953046225E-4
2011-10-10,0.001055904004857384
2011-10-11,2.1824054537994728E-4
2011-10-12,1.6306222711086856E-4
2011-10-13,9.109494200378312E-6
2011-10-14,6.291333219766457E-5
2011-10-15,9.216846180800011E-5
2011-10-16,2.5843665754764197E-5
2011-10-17,0.0013814800011509422
2011-10-18,0.007540579411623728
2011-10-19,6.921773949809935E-4
2011-10-20,0.0011048849362597887
2011-10-21,0.0048176065277190025
2011-10-22,0.011634509598755966
2011-10-23,4.936000639596477E-4
2011-10-24,1.1444760702353196E-4
2011-10-25,1.1590046857141677E-5
2011-10-26,1.1207327088321874E-5
2011-10-27,1.2398209133796713E-4
2011-10-28,3.866496706926339E-5
2011-10-29,1.2319514963220524E-5
2011-10-30,1.594072089324672E-4
2011-10-31,2.713236109624726E-4
2011-11-01,2.0239998668518315E-4
2011-11-02,2.953292059071492E-5
2011-11-03,5.781450023540874E-5
2011-11-04,8.694201768975888E-6
2011-11-05,1.9999781222705727E-5
2011-11-06,1.83240660939956E-4
2011-11-07,2.2124894777061333E-4
2011-11-08,1.7195939676639682E-6
2011-11-09,1.2756220257870154E-6
2011-11-10,4.351138045421976E-7
2011-11-11,3.1050905602574673E-6
2011-11-12,2.6586800813674924E-5
2011-11-13,7.791507106295898E-6
2011-11-14,1.4532217433446608E-4
2011-11-15,3.367646344257793E-4
2011-11-16,0.001400917664961915
2011-11-17,4.104555729840039E-4
2011-11-18,1.889944723638309E-6
2011-11-19,1.6519175926729773E-6
2011-11-20,2.3931009532081782E-6
2011-11-21,1.1354882978641417E-9
2011-11-22,2.5689601557132846E-6
2011-11-23,8.52346317969932E-7
2011-11-24,8.583068051848386E-7
2011-11-25,1.0421338108922706E-8
2011-11-26,8.523463748133508E-7
2011-11-27,8.555794171520656E-7
2011-11-28,6.308990832096213E-6
2011-11-29,2.8497778663403946E-5
2011-11-30,4.9969881256191715E-6
2011-12-01,1.0798267670528566E-6
2011-12-02,5.385098760098248E-7
2011-12-03,1.5950629815718152E-4
2011-12-04,3.36168605107457E-4
2011-12-05,4.949832917053088E-5
2011-12-06,6.763886847033249E-7
2011-12-07,1.0529802196976767E-6
2011-12-08,3.119147633889028E-6
2011-12-09,3.454528264281002E-6
2011-12-10,2.4007309465050007E-5
2011-12-11,1.3414469757521086E-5
2011-12-12,9.749373534720368E-6
2011-12-13,1.6113625033471963E-4
2011-12-14,5.35447206831212E-5
2011-12-15,4.147869871668933E-5
2011-12-16,8.154825307394666E-6
2011-12-17,2.2062658922550335E-6
2011-12-18,1.2035774540438881E-6
2011-12-19,4.5755436157344915E-7
2011-12-20,1.225286671197901E-6
2011-12-21,1.4609873070931652E-6
2011-12-22,4.953941696040955E-7
2011-12-23,2.0297887018739208E-6
2011-12-24,9.75706555862606E-7
2011-12-25,4.088024942525485E-6
2011-12-26,1.0571867873179902E-5
2011-12-27,9.826883141826427E-6
2011-12-28,3.464064306608425E-6
2011-12-29,7.81794057080449E-7
2011-12-30,8.351298674824648E-7
2011-12-31,8.799842380167282E-7
2012-01-01,0.0011518343851411367
2012-01-02,0.004802510631033807
2012-01-03,3.53046316185103E-4
2012-01-04,1.634395276545878E-4
2012-01-05,1.2424333910485863E-5
2012-01-06,8.522302511700232E-5
2012-01-07,3.604180928894263E-5
2012-01-08,4.060709063315895E-4
2012-01-09,0.007666507271586813
2012-01-10,0.0020456167633478356
2012-01-11,0.0013512464004682735
2012-01-12,6.563050208305449E-5
2012-01-13,6.79552055457988E-5
2012-01-14,2.9775233282519217E-7
2012-01-15,8.536799214198254E-7
2012-01-16,9.936205464790572E-7
2012-01-17,2.6505095193833043E-4
2012-01-18,3.1835512833635384E-4
2012-01-19,3.4350886930084243E-4
2012-01-20,0.004898025623361163
2012-01-21,6.30124049322803E-4
2012-01-22,2.9990734919736215E-6
2012-01-23,1.2934207802572928E-6
2012-01-24,1.2202330062844163E-5
2012-01-25,2.2037671049348578E-5
2012-01-26,1.3001780638860191E-6
2012-01-27,1.711607561149202E-6
2012-01-28,3.2317775188242843E-6
2012-01-29,4.351138045421976E-7
2012-01-30,0.0
2012-01-31,1.2814997489840607E-6
2012-02-01,8.583068051848386E-7
2012-02-02,1.3141889051944344E-6
2012-02-03,4.351138045421976E-7
2012-02-04,1.2814998626708984E-6
2012-02-05,1.2875523793809407E-6
2012-02-06,8.553266184208042E-7
2012-02-07,4.63165886493714E-7
2012-02-08,1.7046928633135394E-6
2012-02-09,3.29848744283581E-5
2012-02-10,2.238765927755973E-6
2012-02-11,1.2915353977405175E-6
2012-02-12,1.2814997489840607E-6
2012-02-13,1.7046928064701206E-6
2012-02-14,8.547460078592999E-7
2012-02-15,1.0296508620913992E-6
2012-02-16,6.058984409177924E-7
2012-02-17,2.0376461627344302E-6
2012-02-18,1.6207859068287166E-6
2012-02-19,8.532390956333671E-7
2012-02-20,0.0
2012-02-21,8.686093126457806E-7
2012-02-22,8.52346317969932E-7
2012-02-23,2.5211454709210436E-6
2012-02-24,1.2857061619797605E-6
2012-02-25,0.0
2012-02-26,1.7163602592518146E-6
2012-02-27,2.1378681935857458E-6
2012-02-28,3.863972391007265E-5
2012-02-29,0.014194103289346487
2012-03-01,0.0011058569857850336
2012-03-02,0.008912909480430846
2012-03-03,0.0034588420760435267
2012-03-04,0.0016149914009560835
2012-03-05,0.002382113142288686
2012-03-06,0.0046316932250993845
2012-03-07,0.006826297212549809
2012-03-08,0.003171693405716065
2012-03-09,0.0026018467528282573
2012-03-10,6.642089532738679E-5
2012-03-11,1.7199723743033246E-6
2012-03-12,4.206007133689127E-7
2012-03-13,0.001165769169224378
2012-03-14,0.0011426399718030323
2012-03-15,1.4958884236062204E-4
2012-03-16,4.1663487350320545E-5
2012-03-17,0.002715283619204733
2012-03-18,0.0013978062845369016
2012-03-19,5.8017946736661005E-6
2012-03-20,3.603279035043167E-4
2012-03-21,0.0013976899672278097
2012-03-22,4.796656500063281E-4
2012-03-23,2.2805887098464772E-4
2012-03-24,2.147350642189849E-6
2012-03-25,3.0017484787988608E-6
2012-03-26,8.32465342703582E-5
2012-03-27,5.731994522445763E-5
2012-03-28,3.608171836717137E-5
2012-03-29,0.0016204909852708654
2012-03-30,6.621246474843494E-4
2012-03-31,5.270789479333604E-7
2012-04-01,4.470378252121419E-4
2012-04-02,3.44814372292472E-4
2012-04-03,1.124040660841017E-4
2012-04-04,0.005262142519299694
2012-04-05,0.018464261601339876
2012-04-06,0.019516268337549172
2012-04-07,0.008482101148780374
2012-04-08,0.04020665640119631
2012-04-09,0.04507980834624706
2012-04-10,0.045010092304512285
2012-04-11,0.03968650387514467
2012-04-12,0.04818084985502816
2012-04-13,0.018546682327119483
2012-04-14,0.007505635302818351
2012-04-15,0.006958199527579773
2012-04-16,0.018830570398053248
2012-04-17,0.003973437560173129
2012-04-18,0.023466490793911145
2012-04-19,0.015266663593932688
2012-04-20,0.016716343108456957
2012-04-21,0.02488530949494423
2012-04-22,0.006336562796673772
2012-04-23,0.015668491378260836
2012-04-24,0.012000252881302667
2012-04-25,0.01927426180398391
2012-04-26,0.017902638909616915
2012-04-27,0.023632283909592797
2012-04-28,0.04702608011063089
2012-04-29,0.03385009765668068
2012-04-30,0.03216813986787219
2012-05-01,0.04776851927438259
2012-05-02,0.03556518914157015
2012-05-03,0.009167178943748267
2012-05-04,0.0038041167017180103
2012-05-05,5.961868410040725E-7
2012-05-06,2.063854685414462E-6
2012-05-07,8.640127213103987E-7
2012-05-08,8.865612790163605E-7
2012-05-09,1.1379203871047665E-4
2012-05-10,0.0013046900312832614
2012-05-11,0.002703559843302557
2012-05-12,0.016535134676646107
2012-05-13,0.02397866626685171
2012-05-14,0.027594433091693897
2012-05-15,0.022593216117769318
2012-05-16,0.01671147177065556
2012-05-17,0.011201243005558944
2012-05-18,0.006955484306019857
2012-05-19,0.015329966134246378
2012-05-20,0.002375971591708984
2012-05-21,0.0032477688621747676
2012-05-22,0.0047548447419119115
2012-05-23,0.009565403620806578
2012-05-24,0.009795797568868312
2012-05-25,0.004740452754280134
2012-05-26,0.0028375547228521015
2012-05-27,0.006619349780042054
2012-05-28,0.007422182945107873
2012-05-29,0.009081391943258636
2012-05-30,0.024465652063357355
2012-05-31,0.01175560489454993
2012-06-01,0.11227361822119765
2012-06-02,0.05086021027311796
2012-06-03,0.029753284706028837
2012-06-04,0.0348727077365845
2012-06-05,0.019005159416077465
2012-06-06,0.008859173307529082
2012-06-07,0.009769306618697342
2012-06-08,0.013798576124825768
2012-06-09,0.03112924288371225
2012-06-10,0.021071981018936703
2012-06-11,0.010746670905823656
2012-06-12,0.006216497729090952
2012-06-13,0.007164813963033571
2012-06-14,0.02180215499559614
2012-06-15,0.06748341726300192
2012-06-16,0.05854641241785977
2012-06-17,0.004196308840906003
2012-06-18,0.006286998584057211
2012-06-19,0.009680637754767154
2012-06-20,0.01229502816109059
2012-06-21,0.014198793603403388
2012-06-22,0.019195846399200796
2012-06-23,0.044674005902542196
2012-06-24,0.06758013706023021
2012-06-25,0.09213560864184345
2012-06-26,0.04313148837331529
2012-06-27,0.024865156673971628
2012-06-28,0.014029718283456187
2012-06-29,0.009663288929554089
2012-06-30,0.01624402554522705
2012-07-01,0.015365845067434932
2012-07-02,0.009505688056584046
2012-07-03,0.021227091884867415
2012-07-04,0.02053514256824096
2012-07-05,0.011115642888375177
2012-07-06,0.014555273745078576
2012-07-07,0.01738088197093115
2012-07-08,0.010366925968824445
2012-07-09,0.015498743950023666
2012-07-10,0.015227427945053025
2012-07-11,0.014731240517572864
2012-07-12,0.02632995475550289
2012-07-13,0.02882270175352092
2012-07-14,0.03342331540291568
2012-07-15,0.022770406708035165
2012-07-16,0.018173190958236638
2012-07-17,0.023068908844443424
2012-07-18,0.01896858921778018
2012-07-19,0.0137564241809866
2012-07-20,0.008247754205088439
2012-07-21,0.01604307245226264
2012-07-22,0.020773880917939913
2012-07-23,0.02486091840013399
2012-07-24,0.011654430200598833
2012-07-25,0.006041831058047188
2012-07-26,0.011322183775224435
2012-07-27,0.01753197649999353
2012-07-28,0.02156692436744321
2012-07-29,0.021898972929942823
2012-07-30,0.007122967387468829
2012-07-31,0.005774960611767809
2012-08-01,0.015299373873740946
2012-08-02,0.008253210384199926
2012-08-03,0.024274852228803108
2012-08-04,0.021536201447183934
2012-08-05,0.018078986415796056
2012-08-06,0.020565832671574778
2012-08-07,0.019344332961175638
2012-08-08,0.017147289407734197
2012-08-09,0.014027496904479287
2012-08-10,0.017319424290516826
2012-08-11,0.01550407419821535
2012-08-12,0.021187319919689127
2012-08-13,0.017041159144715764
2012-08-14,0.008081139944531869
2012-08-15,0.012356476526637836
2012-08-16,0.011005614685873034
2012-08-17,0.00646452167335722
2012-08-18,0.006529513747361358
2012-08-19,0.015843892809358304
2012-08-20,0.04121916090388506
2012-08-21,0.02212017525480456
2012-08-22,0.011334504672260364
2012-08-23,0.0105900110261573
2012-08-24,0.006168291476162183
2012-08-25,0.017983349458325658
2012-08-26,0.01983794800205038
2012-08-27,0.020979334248626812
2012-08-28,0.005988852494105979
2012-08-29,0.014580439537108298
2012-08-30,0.02359136681547139
2012-08-31,0.0070643532986644384
2012-09-01,0.00544415407386368
2012-09-02,0.014550706853584056
2012-09-03,0.019997783986302486
2012-09-04,0.04334721253252115
2012-09-05,0.020832728349174753
2012-09-06,0.0027683519251366453
2012-09-07,6.963957932248848E-4
2012-09-08,0.02697614652656889
2012-09-09,0.02549090613683836
2012-09-10,0.006066496080194945
2012-09-11,0.012367550443878732
2012-09-12,0.02343445033693517
2012-09-13,0.020993051953955885
2012-09-14,0.017533655831114756
2012-09-15,0.0211284220010914
2012-09-16,0.014615133266151261
2012-09-17,0.008353128197175236
2012-09-18,0.009238648073516681
2012-09-19,0.015144999653009866
2012-09-20,0.01597179290701808
2012-09-21,0.010515731682515801
2012-09-22,0.009891913370223734
2012-09-23,0.016584876945850393
2012-09-24,0.009210448542615313
2012-09-25,0.0023288012413114163
2012-09-26,0.0027316489505630013
2012-09-27,0.010772370926042748
2012-09-28,0.005849391640155177
2012-09-29,0.009918579387717102
2012-09-30,0.015462511654231702
2012-10-01,0.01125813021914833
2012-10-02,0.01425981811915003
2012-10-03,0.03161851834182794
2012-10-04,0.04973077496093823
2012-10-05,0.017678685007410887
2012-10-06,0.008098630372311007
2012-10-07,8.143554261371619E-4
2012-10-08,0.015013026129573413
2012-10-09,0.012062817444599971
2012-10-10,0.008416011037160056
2012-10-11,0.01725911100820311
2012-10-12,0.005109179500555028
2012-10-13,0.002473503395955691
2012-10-14,0.003199326069926256
2012-10-15,6.968714873232656E-4
2012-10-16,2.2234134487059967E-4
2012-10-17,5.297552100726645E-4
2012-10-18,6.935230749769746E-4
2012-10-19,5.25455280616643E-4
2012-10-20,4.684982444012227E-5
2012-10-21,6.041577653692752E-6
2012-10-22,2.1990781773522795E-6
2012-10-23,2.660957111783387E-6
2012-10-24,7.167978306730179E-6
2012-10-25,1.5912372941915702E-7
2012-10-26,4.6804973431800656E-7
2012-10-27,5.116006897453001E-7
2012-10-28,1.73271206449499E-6
2012-10-29,4.827863229581449E-7
2012-10-30,4.6821256785163835E-7
2012-10-31,8.651449966342271E-7
2012-11-01,7.849959119941743E-5
2012-11-02,4.0292470401463807E-4
2012-11-03,0.01045097673376965
2012-11-04,0.00656388693414603
2012-11-05,0.02631560629363455
2012-11-06,0.022814024508516228
2012-11-07,0.0037898773028140383
2012-11-08,4.2141469266304785E-4
2012-11-09,5.0513479761394544E-6
2012-11-10,2.328050573441154E-6
2012-11-11,1.4764139803162719E-5
2012-11-12,1.2531514559400608E-5
2012-11-13,6.062994845187864E-5
2012-11-14,1.1810318841410514E-5
2012-11-15,1.539377377212393E-6
2012-11-16,1.2904405366498395E-6
2012-11-17,0.0
2012-11-18,7.733668591249706E-6
2012-11-19,1.224233164940794E-4
2012-11-20,1.0554862486007155E-4
2012-11-21,1.1656237561578698E-4
2012-11-22,2.2758577078602834E-5
2012-11-23,0.0
2012-11-24,1.1367681408982125E-6
2012-11-25,4.801666587767394E-6
2012-11-26,6.074756700878432E-6
2012-11-27,1.1351075350013306E-5
2012-11-28,3.5620940909968685E-6
2012-11-29,8.583068833445395E-7
2012-11-30,1.091170689963192E-6
2012-12-01,9.359039447290187E-7
2012-12-02,1.8353955053598684E-6
2012-12-03,2.988032146041376E-6
2012-12-04,1.4504314744757033E-5
2012-12-05,2.0478009386223115E-5
2012-12-06,1.317057444837418E-4
2012-12-07,3.7032724347818916E-4
2012-12-08,4.459760367305373E-4
2012-12-09,3.292661827768205E-5
2012-12-10,1.8695374916058576E-5
2012-12-11,1.5198459916701605E-4
2012-12-12,0.0027994508650530372
2012-12-13,2.6673049616554087E-5
2012-12-14,9.002112876596533E-7
2012-12-15,1.2934207802572928E-6
2012-12-16,1.1145838493221007E-5
2012-12-17,6.118544824206074E-5
2012-12-18,1.7574272188492594E-4
2012-12-19,5.844959017121114E-4
2012-12-20,4.1068973860025214E-4
2012-12-21,1.930689438575565E-5
2012-12-22,4.351138045421976E-7
2012-12-23,5.244802887818091E-7
2012-12-24,4.922016173517834E-7
2012-12-25,1.3751419417509972E-6
2012-12-26,8.642672355563263E-7
2012-12-27,1.0113856361869507E-6
2012-12-28,5.652966526891457E-8
2012-12-29,3.191216315837266E-6
2012-12-30,1.0953969246743675E-5
2012-12-31,3.9779324698759175E-4
2013-01-01,1.2920518398142782E-4
2013-01-02,1.2908871533218087E-5
2013-01-03,1.972004065977293E-6
2013-01-04,4.005182769903337E-6
2013-01-05,1.3459418062277338E-6
2013-01-06,1.2636810543024511E-8
2013-01-07,4.7033461808475184E-5
2013-01-08,4.817826882919239E-6
2013-01-09,1.8528031475971202E-5
2013-01-10,7.553771090576812E-5
2013-01-11,8.838148078684963E-5
2013-01-12,1.4275286924602652E-6
2013-01-13,8.401161078237275E-7
2013-01-14,1.0072747803495321E-5
2013-01-15,1.716613724056515E-6
2013-01-16,8.583068797918258E-7
2013-01-17,2.146209038045299E-6
2013-01-18,0.0
2013-01-19,3.43498207630914E-6
2013-01-20,1.8188563072613515E-4
2013-01-21,2.175842578700513E-6
2013-01-22,8.530108408520739E-7
2013-01-23,0.0
2013-01-24,8.52346317969932E-7
2013-01-25,1.7287227933593385E-6
2013-01-26,8.52346317969932E-7
2013-01-27,5.684341886080802E-14
2013-01-28,0.0
2013-01-29,0.0
2013-01-30,0.0
2013-01-31,0.0
2013-02-01,2.7681859564231914E-5
2013-02-02,1.718486267281273E-6
2013-02-03,3.384328933125973E-6
2013-02-04,2.5907969228882986E-6
2013-02-05,3.850459506793413E-6
2013-02-06,1.2874602930423862E-6
2013-02-07,0.0
2013-02-08,3.5127384636271704E-4
2013-02-09,1.7175465539740261E-6
2013-02-10,8.52346317969932E-7
2013-02-11,1.7161765981654753E-6
2013-02-12,1.2762859569193097E-6
2013-02-13,1.7046927496267017E-6
2013-02-14,1.2814997489840607E-6
2013-02-15,1.7195939676639682E-6
2013-02-16,1.7043561085655471E-4
2013-02-17,0.007046585392228442
2013-02-18,1.161410394098506E-4
2013-02-19,1.311252975060308E-6
2013-02-20,4.3455651834032377E-7
2013-02-21,1.285657333482959E-6
2013-02-22,2.1714577087550424E-6
2013-02-23,1.2874602361989673E-6
2013-02-24,1.7285346416429093E-6
2013-02-25,1.5573005455766802E-9
2013-02-26,0.0
2013-02-27,0.0
2013-02-28,1.2814998058274796E-6
2013-03-01,1.7068775832740357E-6
2013-03-02,4.351138045421976E-7
2013-03-03,0.0
2013-03-04,2.58172877920515E-6
2013-03-05,8.583068797918258E-7
2013-03-06,1.4774544390639821E-8
2013-03-07,6.551385959448842E-8
2013-03-08,9.351929550265559E-7
2013-03-09,7.555663930198363E-9
2013-03-10,1.7409110832124363E-6
2013-03-11,0.0032658141436369384
2013-03-12,8.618183036533291E-4
2013-03-13,8.129008961619773E-4
2013-03-14,2.2504285479861976E-5
2013-03-15,5.795670060534298E-5
2013-03-16,1.3050691068516994E-6
2013-03-17,4.761096835077009E-4
2013-03-18,3.279197724223826E-5
2013-03-19,4.1584336321479937E-5
2013-03-20,1.3054921419661643E-4
2013-03-21,0.005412407466183511
2013-03-22,0.008718208000289933
2013-03-23,4.3243676079490984E-4
2013-03-24,0.0016465808407654006
2013-03-25,0.002852082619749752
2013-03-26,0.0011749393823870405
2013-03-27,6.916374945743927E-4
2013-03-28,3.809282867567721E-5
2013-03-29,1.2811629375231098E-5
2013-03-30,0.0018358647718949904
2013-03-31,0.0018762646442214283
2013-04-01,0.004961299231717356
2013-04-02,0.0035346618505743893
2013-04-03,0.0025827749637682314
2013-04-04,0.0010778456447279618
2013-04-05,4.0290692369477114E-4
2013-04-06,7.65506814508169E-5
2013-04-07,2.677233998496498E-4
2013-04-08,7.541717967890592E-4
2013-04-09,1.963593327783422E-4
2013-04-10,9.578010063447341E-4
2013-04-11,0.008491786186957352
2013-04-12,0.002245928917742729
2013-04-13,0.0017138237402790544
2013-04-14,0.003700897832738829
2013-04-15,0.013326348253138156
2013-04-16,0.03523418405143375
2013-04-17,0.030173693105821527
2013-04-18,0.022057211204846466
2013-04-19,0.0034001504906875243
2013-04-20,0.0010833281692052854
2013-04-21,0.0019620617680477354
2013-04-22,0.0023386434332139236
2013-04-23,3.0853797442264306E-5
2013-04-24,1.301761130438052E-4
2013-04-25,6.520338700888316E-5
2013-04-26,0.0030647446894587218
2013-04-27,0.039862721898726985
2013-04-28,0.01631149839413265
2013-04-29,0.019115374530482513
2013-04-30,0.0270759492414374
2013-05-01,0.03652774329044227
2013-05-02,0.023839252666930936
2013-05-03,0.07540875526437946
2013-05-04,0.04226200141418462
2013-05-05,0.06798947820049857
2013-05-06,0.1270810564851533
2013-05-07,0.05868154497022224
2013-05-08,0.04228057804350566
2013-05-09,0.1341914824718351
2013-05-10,0.08334346578290111
2013-05-11,0.04931177558791604
2013-05-12,0.019011746402484153
2013-05-13,0.015089466219417983
2013-05-14,0.013282729181377878
2013-05-15,0.009656024508049036
2013-05-16,0.0732351751276014
2013-05-17,0.010648185700781083
2013-05-18,0.028106954813905547
2013-05-19,0.013502586864236464
2013-05-20,0.01212189707614888
2013-05-21,0.021319734653543535
2013-05-22,0.014031274875314454
2013-05-23,0.04093250075549508
2013-05-24,0.023648486273051012
2013-05-25,0.0016661694537141384
2013-05-26,0.0012161433196033451
2013-05-27,0.013504966471977669
2013-05-28,0.00389806327787714
2013-05-29,0.01653188634981138
2013-05-30,0.01711925310240525
2013-05-31,0.017080508455860326
2013-06-01,0.0017243826750733984
2013-06-02,8.610305348524552E-4
2013-06-03,0.004168933033943177
2013-06-04,0.005714695385598038
2013-06-05,0.020185954892843395
2013-06-06,0.015813696510196772
2013-06-07,0.02182388830680293
2013-06-08,0.02712432957075172
2013-06-09,0.014126753388212045
2013-06-10,0.0013192441438557166
2013-06-11,2.0307333827707815E-4
2013-06-12,0.0038815155496142503
2013-06-13,0.0068198796076419845
2013-06-14,0.00888573133058286
2013-06-15,0.006705121525450251
2013-06-16,0.0042352303768460435
2013-06-17,0.0037986534380927183
2013-06-18,0.005048210288398378
2013-06-19,0.009384925743145062
2013-06-20,0.012839767799282016
2013-06-21,0.023209165994384735
2013-06-22,0.019313137257326387
2013-06-23,0.019230117898152058
2013-06-24,0.011767595122080308
2013-06-25,0.02817962156248295
2013-06-26,0.020125806166683177
2013-06-27,0.030903025256157624
2013-06-28,0.028029417856408004
2013-06-29,0.01937053007445689
2013-06-30,0.008713373218387882
2013-07-01,0.01129329574924777
2013-07-02,0.013229937508502463
2013-07-03,0.0141366666898917
2013-07-04,0.014014223610632351
2013-07-05,0.010525488883596482
2013-07-06,0.007953359788271736
2013-07-07,0.009744285121555125
2013-07-08,0.009392689774733409
2013-07-09,0.01713161907857709
2013-07-10,0.007759237286604296
2013-07-11,0.011130105104079203
2013-07-12,0.009719712149539587
2013-07-13,0.016552102026546743
2013-07-14,0.01308274204933766
2013-07-15,0.003416439542590546
2013-07-16,0.01139498052569483
2013-07-17,0.009387380750194815
2013-07-18,0.007147212737815916
2013-07-19,0.008675831595445738
2013-07-20,0.0058402678146527685
2013-07-21,0.0037193027285137613
2013-07-22,0.013446272271819883
2013-07-23,0.017704843999764144
2013-07-24,0.009154553693756895
2013-07-25,0.013025931660403953
2013-07-26,0.01920644922397833
2013-07-27,0.018640480105673648
2013-07-28,0.015396163493308725
2013-07-29,6.918629685219575E-4
2013-07-30,0.009999132495637242
2013-07-31,0.019301192544702167
2013-08-01,0.009521462400370872
2013-08-02,0.008693959532101902
2013-08-03,0.004522254900694582
2013-08-04,0.0173254939319426
2013-08-05,0.020878653718163775
2013-08-06,0.02001164662429172
2013-08-07,0.023329398630937487
2013-08-08,0.01710421387300853
2013-08-09,0.008856166706695033
2013-08-10,0.016491536647076407
2013-08-11,0.015210557128222012
2013-08-12,0.014757482406847742
2013-08-13,0.010329139644350473
2013-08-14,0.023973147165985025
2013-08-15,0.055343978266662965
2013-08-16,0.017003179813465986
2013-08-17,0.012332116067737866
2013-08-18,0.010210353039592678
2013-08-19,0.013459181683843201
2013-08-20,0.02462619022396259
2013-08-21,0.00672716492516698
2013-08-22,0.00530686489373427
2013-08-23,0.003145074409042797
2013-08-24,0.003742891851532666
2013-08-25,0.004334854967574518
2013-08-26,0.02978618942274766
2013-08-27,0.020222552095000696
2013-08-28,0.013849392730543923
2013-08-29,0.011659657241516382
2013-08-30,0.015432593789571318
2013-08-31,0.009354468277330386
2013-09-01,0.018950447655447997
2013-09-02,0.019356544882575908
2013-09-03,0.02180517850163947
2013-09-04,0.029114131113096398
2013-09-05,0.018047826844719127
2013-09-06,0.009206536407501714
2013-09-07,0.009633370842892314
2013-09-08,0.017584764420827827
2013-09-09,0.012822500489150866
2013-09-10,0.009985588734750674
2013-09-11,0.005334877880654296
2013-09-12,6.200636117051873E-4
2013-09-13,0.0011718271999352301
2013-09-14,0.018836086795509202
2013-09-15,0.014130786280062008
2013-09-16,0.006801952052048533
2013-09-17,0.01843496290331631
2013-09-18,0.013282858569912495
2013-09-19,0.006714120107046109
2013-09-20,0.006229884192519794
2013-09-21,0.0011538064178309572
2013-09-22,0.004228803925426558
2013-09-23,0.007349871514155538
2013-09-24,0.006003457749636881
2013-09-25,0.01235452964556892
2013-09-26,0.012818184418313082
2013-09-27,0.010036256015295777
2013-09-28,0.02327910947188133
2013-09-29,0.0364785970583612
2013-09-30,0.01459040984601044
2013-10-01,9.991634865372167E-4
2013-10-02,0.007456422829731353
2013-10-03,0.011234459354079192
2013-10-04,0.029888740529801474
2013-10-05,0.028849733985659022
2013-10-06,0.026398972993377862
2013-10-07,0.004744525631469801
2013-10-08,3.1943073033252904E-4
2013-10-09,1.4667315798842174E-5
2013-10-10,3.8098048271501037E-6
2013-10-11,6.679693741995248E-9
2013-10-12,0.002287875384609135
2013-10-13,0.005773711770428401
2013-10-14,7.066722936950738E-4
2013-10-15,7.295011724645568E-4
2013-10-16,5.79534397299587E-4
2013-10-17,1.5315073637224745E-4
2013-10-18,6.486531575276934E-4
2013-10-19,0.0012370954823866097
2013-10-20,0.009371639991127903
2013-10-21,0.009545449958624719
2013-10-22,0.004498445646180584
2013-10-23,4.98384094850839E-4
2013-10-24,2.532961063826075E-4
2013-10-25,0.01234803616881096
2013-10-26,0.0036727809014520203
2013-10-27,9.4686698098249E-4
2013-10-28,0.0026917352431723236
2013-10-29,0.003243378072196887
2013-10-30,1.0459288093396009E-4
2013-10-31,1.1779783777610547E-4
2013-11-01,6.246498721722152E-6
2013-11-02,1.0127402401024017E-4
2013-11-03,2.324900056929949E-4
2013-11-04,3.217198945194311E-5
2013-11-05,2.602001905105644E-6
2013-11-06,1.1333727774651798E-6
2013-11-07,1.4450171789770934E-6
2013-11-08,1.291623448196333E-6
2013-11-09,0.0
2013-11-10,8.709540679774364E-7
2013-11-11,2.268930046544599E-7
2013-11-12,0.0
2013-11-13,3.967802376818238E-6
2013-11-14,1.3443762687619041E-6
2013-11-15,8.424873886209326E-7
2013-11-16,8.52346317969932E-7
2013-11-17,7.978373535195591E-7
2013-11-18,0.0
2013-11-19,1.1567780048171911E-9
2013-11-20,2.5743154487643263E-6
2013-11-21,1.5298729342532296E-6
2013-11-22,0.0
2013-11-23,9.60296593064287E-7
2013-11-24,1.386730468253897E-6
2013-11-25,4.4014580263963153E-7
2013-11-26,1.779701645665685E-6
2013-11-27,3.1963383980048954E-6
2013-11-28,7.88457724504589E-6
2013-11-29,2.6900266005823627E-5
2013-11-30,1.7158647488157102E-5
2013-12-01,1.6658852210623685E-7
2013-12-02,1.0914023900996745E-8
2013-12-03,1.6857623137510364E-6
2013-12-04,4.448539259805846E-7
2013-12-05,1.729331927435851E-6
2013-12-06,2.9772297125418845E-6
2013-12-07,8.697160751580668E-7
2013-12-08,8.52346317969932E-7
2013-12-09,8.581911856708757E-7
2013-12-10,0.0
2013-12-11,8.52346317969932E-7
2013-12-12,2.174946684033132E-6
2013-12-13,6.373085280727729E-6
2013-12-14,1.4468205583268115E-4
2013-12-15,2.7691567209518916E-4
2013-12-16,4.261732051702438E-7
2013-12-17,0.0
2013-12-18,4.3707162762853377E-7
2013-12-19,1.426703038253626E-4
2013-12-20,0.0018395189238028802
2013-12-21,2.1107925922058334E-4
2013-12-22,1.542951888610869E-4
2013-12-23,5.59186852633962E-4
2013-12-24,2.752824105117453E-4
2013-12-25,5.385597770076585E-4
2013-12-26,2.6421342874642266E-4
2013-12-27,6.818584183152212E-5
2013-12-28,3.5463541401604005E-5
2013-12-29,2.93794050382052E-6
2013-12-30,3.270853830909838E-6
2013-12-31,2.058011936060737E-6
2014-01-01,8.567016591458889E-7
2014-01-02,8.1891872324532E-5
2014-01-03,7.119290329194365E-5
2014-01-04,3.746781449107316E-6
2014-01-05,3.2246043916382545E-6
2014-01-06,2.863983834169705E-5
2014-01-07,5.722335863496264E-5
2014-01-08,3.7238767391773383E-6
2014-01-09,4.351138045421976E-7
2014-01-10,1.2923630490512408E-6
2014-01-11,3.6842510486813785E-4
2014-01-12,5.306780994316923E-5
2014-01-13,4.351697915640242E-7
2014-01-14,2.039859463723646E-6
2014-01-15,3.835239185541388E-5
2014-01-16,8.003985209613658E-6
2014-01-17,5.255440421965142E-7
2014-01-18,3.233756977698708E-6
2014-01-19,1.1061889830016621E-5
2014-01-20,4.4377904997796765E-6
2014-01-21,1.2961114066456503E-6
2014-01-22,4.351138045421976E-7
2014-01-23,3.009307022239227E-6
2014-01-24,2.5862609618343413E-6
2014-01-25,8.495123324792075E-7
2014-01-26,1.231141746728289E-6
2014-01-27,7.051780733759005E-8
2014-01-28,2.151953594875522E-6
2014-01-29,1.6897456536932203E-7
2014-01-30,8.557658443640249E-7
2014-01-31,2.566710293194774E-6
2014-02-01,2.148607222807186E-6
2014-02-02,8.553023462809506E-7
2014-02-03,4.351138045421976E-7
2014-02-04,1.86962483590738E-5
2014-02-05,2.756806500144978E-5
2014-02-06,2.8340352365391786E-4
2014-02-07,5.7762325877512035E-6
2014-02-08,6.954669261653957E-4
2014-02-09,0.0018152934946840762
2014-02-10,9.163433029127951E-5
2014-02-11,3.4232992468723026E-4
2014-02-12,8.539794163296741E-7
2014-02-13,1.2934207802572928E-6
2014-02-14,4.0314292887409984E-5
2014-02-15,0.0074131970158212565
2014-02-16,0.02418420726756934
2014-02-17,0.008375940420385693
2014-02-18,6.113587593860914E-5
2014-02-19,4.351138045421976E-7
2014-02-20,8.642672355563263E-7
2014-02-21,2.2508020243691194E-6
2014-02-22,4.351138613856165E-7
2014-02-23,2.628971161940734E-5
2014-02-24,6.275326869930062E-6
2014-02-25,5.900811162147827E-6
2014-02-26,4.3411475385544626E-10
2014-02-27,1.2899219197443763E-6
2014-02-28,2.0996449748146147E-4
2014-03-01,1.309668143532869E-4
2014-03-02,1.4985465415255108E-4
2014-03-03,9.922180212151714E-6
2014-03-04,4.556754420947477E-6
2014-03-05,1.59594834317926E-5
2014-03-06,8.601072671865495E-7
2014-03-07,0.0
2014-03-08,8.52346317969932E-7
2014-03-09,1.7160360812340514E-6
2014-03-10,4.351138045421976E-7
2014-03-11,1.7810763651235948E-8
2014-03-12,0.0
2014-03-13,2.752115248946694E-6
2014-03-14,8.874876375242072E-7
2014-03-15,3.370203379261701E-8
2014-03-16,1.2554779107899597E-6
2014-03-17,2.238123330162494E-6
2014-03-18,4.78371151975702E-6
2014-03-19,0.002007768381107061
2014-03-20,0.0010525053596403646
2014-03-21,1.357367543874779E-5
2014-03-22,0.003981397203887274
2014-03-23,4.6131588548095696E-4
2014-03-24,0.006003336356985371
2014-03-25,0.0040502362664287085
2014-03-26,0.002144681840618221
2014-03-27,0.0025057932553039877
2014-03-28,4.2340238361310116E-4
2014-03-29,2.1848125076371753E-5
2014-03-30,1.398273597460187E-6
2014-03-31,5.825815236933738E-4
2014-04-01,0.004200598329219516
2014-04-02,8.376628961521766E-4
2014-04-03,0.005878715715295673
2014-04-04,0.004679824255736677
2014-04-05,8.630035833231487E-5
2014-04-06,0.002984387148126979
2014-04-07,0.011509202968931175
2014-04-08,0.024643677792601952
2014-04-09,0.008363173650093163
2014-04-10,0.0018463883677152639
2014-04-11,2.142166295016068E-6
2014-04-12,1.1384146687719483E-4
2014-04-13,2.842776864441963E-5
2014-04-14,2.351419998389658E-6
2014-04-15,1.537064716995107E-4
2014-04-16,8.735693610155638E-4
2014-04-17,0.002733561134649504
2014-04-18,1.6471308559972136E-4
2014-04-19,3.3759367517653243E-4
2014-04-20,1.423118173042474E-6
2014-04-21,2.450508878410208E-10
2014-04-22,0.0
2014-04-23,0.0
2014-04-24,8.543925673620834E-7
2014-04-25,0.0015879597135537655
2014-04-26,0.0034742517708993264
2014-04-27,0.008853186272369301
2014-04-28,0.01944393915075786
2014-04-29,0.018958996247952387
2014-04-30,0.00776804282651541
2014-05-01,0.017231597625113563
2014-05-02,0.01129103186155813
2014-05-03,0.02838201431866362
2014-05-04,0.028430877501478775
2014-05-05,0.015952187710899166
2014-05-06,0.008942273989475887
2014-05-07,0.06820983529837994
2014-05-08,0.05727138764973773
2014-05-09,0.04600947977309746
2014-05-10,0.022483249425538563
2014-05-11,0.015230147531094586
2014-05-12,0.009728673135624116
2014-05-13,0.008072694193534584
2014-05-14,0.01546150830212499
2014-05-15,0.019659038813127944
2014-05-16,0.002779518737092034
2014-05-17,6.358816022473263E-4
2014-05-18,0.0033643082899968094
2014-05-19,0.003028008587695952
2014-05-20,0.001714629281118427
2014-05-21,0.001985782990663003
2014-05-22,0.0024649342855621063
2014-05-23,0.0014640195330798379
2014-05-24,0.002711474718472172
2014-05-25,0.014182766354239056
2014-05-26,0.005991830565579032
2014-05-27,0.006798154089836717
2014-05-28,0.0317718617530927
2014-05-29,0.006684174041425228
2014-05-30,0.011202269292322905
2014-05-31,0.002628429106599139
2014-06-01,0.0036489407880726733
2014-06-02,0.010149926308113026
2014-06-03,0.0071514016851039345
2014-06-04,0.004107503672362379
2014-06-05,0.0032206445697439464
2014-06-06,0.003714520558881342
2014-06-07,0.0012493808636431063
2014-06-08,0.004486001267323958
2014-06-09,0.012135103284136068
2014-06-10,0.011969789652461111
2014-06-11,0.05497829740006217
2014-06-12,0.008865605896349589
2014-06-13,0.01555231617705257
2014-06-14,0.006682578897948221
2014-06-15,0.010153625294393887
2014-06-16,0.01721009396404201
2014-06-17,0.008798495159289264
2014-06-18,0.02622649584124586
2014-06-19,0.07532096832473843
2014-06-20,0.060104819283797815
2014-06-21,0.06998100497305564
2014-06-22,0.0842951385336632
2014-06-23,0.13549159301197258
2014-06-24,0.020071282434051107
2014-06-25,0.017383272572490525
2014-06-26,0.025228428660945754
2014-06-27,0.031023454873187355
2014-06-28,0.0172472635672799
2014-06-29,0.0167264227259008
2014-06-30,0.023953418445531328
2014-07-01,0.00838538980595983
2014-07-02,0.0113996634376738
2014-07-03,0.02242498483986882
2014-07-04,0.021614612158318
2014-07-05,0.02580878495370306
2014-07-06,0.01930960044775913
2014-07-07,0.02346958915615428
2014-07-08,0.014110536053833592
2014-07-09,0.0023345022321264197
2014-07-10,0.004659898099354927
2014-07-11,0.0051260875406637365
2014-07-12,0.015105166964963645
2014-07-13,0.01629067378925998
2014-07-14,0.014901119362466608
2014-07-15,0.03941760751258821
2014-07-16,0.02782201119111798
2014-07-17,0.007485010577317274
2014-07-18,0.005160513117134228
2014-07-19,0.0034540816305984536
2014-07-20,0.01000186596696047
2014-07-21,0.018325687934656994
2014-07-22,0.01676644344023302
2014-07-23,0.005857224776651821
2014-07-24,0.012026872958263574
2014-07-25,0.01514510495969072
2014-07-26,0.026998072602398494
2014-07-27,0.01951208570831621
2014-07-28,0.003980038669068002
2014-07-29,0.004061323707072722
2014-07-30,0.008854499829640927
2014-07-31,0.008014845613611772
2014-08-01,0.007917964455140506
2014-08-02,0.007877092041360518
2014-08-03,0.01033783210580941
2014-08-04,0.007839019933363717
2014-08-05,0.014730629818926777
2014-08-06,0.011569863293384544
2014-08-07,0.013906935325155932
2014-08-08,0.007833881690530503
2014-08-09,0.006657830941883817
2014-08-10,0.016061189994601162
2014-08-11,0.016316922042583466
2014-08-12,0.02133835521521252
2014-08-13,0.02933341812062472
2014-08-14,0.04182568712902898
2014-08-15,0.056413300934715374
2014-08-16,0.03028760193150483
2014-08-17,0.020149373869503162
2014-08-18,0.020874492620406755
2014-08-19,0.03267400854665837
2014-08-20,0.015881521688115133
2014-08-21,0.031239971983639488
2014-08-22,0.018573633344349857
2014-08-23,0.028649655916442765
2014-08-24,0.020865426862859998
2014-08-25,0.012282529814389938
2014-08-26,0.013928551137683026
2014-08-27,0.009145507995960192
2014-08-28,0.00716291626465659
2014-08-29,0.01727191578507569
2014-08-30,0.02556678708303069
2014-08-31,0.008385873805935928
2014-09-01,0.01267093077359998
2014-09-02,0.006193514569266888
2014-09-03,0.012011780999904305
2014-09-04,0.015366877423127872
2014-09-05,0.004642788923694222
2014-09-06,0.0142687134708989
2014-09-07,0.004856419867502598
2014-09-08,0.010490860395951773
2014-09-09,0.007218139063502326
2014-09-10,0.0027674792948091517
2014-09-11,0.0038693023141408954
2014-09-12,0.006259103982332479
2014-09-13,0.009520505377501843
2014-09-14,0.010275205217253332
2014-09-15,0.010699966631609865
2014-09-16,0.0026024795470455143
2014-09-17,0.003070412247064841
2014-09-18,0.020206790136194305
2014-09-19,0.032445266219107774
2014-09-20,0.02276089633303571
2014-09-21,0.013555649748560572
2014-09-22,0.03549772763070406
2014-09-23,0.032765925930747945
2014-09-24,0.013377700648251993
2014-09-25,0.013761962210361703
2014-09-26,0.02559546925224494
2014-09-27,0.0044058745987498
2014-09-28,0.0011533118556158654
2014-09-29,0.0012049731771212125
2014-09-30,3.039348766245674E-4
2014-10-01,2.0544521202328346E-4
2014-10-02,4.6401703380578754E-4
2014-10-03,9.125748986178149E-4
2014-10-04,1.716560672983209E-4
2014-10-05,3.941962588735129E-6
2014-10-06,3.2125689043957577E-4
2014-10-07,0.0018153215577674834
2014-10-08,5.205306754894912E-4
2014-10-09,0.0014215509480489566
2014-10-10,0.0033051521201806775
2014-10-11,0.01935277763654763
2014-10-12,0.00529550171311383
2014-10-13,0.00495366509508038
2014-10-14,0.004073034250888531
2014-10-15,0.004630912098753659
2014-10-16,0.0033994585505914125
2014-10-17,1.8058252908943393E-4
2014-10-18,6.291986200850825E-5
2014-10-19,2.816964451536436E-4
2014-10-20,1.0983692979055437E-4
2014-10-21,2.1654785196216125E-6
2014-10-22,5.664620866941287E-5
2014-10-23,5.3167995932138674E-5
2014-10-24,5.256621253732514E-5
2014-10-25,1.3235633305451938E-4
2014-10-26,0.002405930025605946
2014-10-27,7.131746816152783E-4
2014-10-28,5.39863145334183E-4
2014-10-29,9.747672406683972E-5
2014-10-30,2.6977466090919592E-5
2014-10-31,4.406657517150563E-6
2014-11-01,4.220106137944182E-6
2014-11-02,6.89640468944704E-6
2014-11-03,1.9341508212196164E-6
2014-11-04,4.735555882670969E-6
2014-11-05,1.8819590782346202E-4
2014-11-06,4.934931927487511E-5
2014-11-07,2.964047932074351E-5
2014-11-08,3.6270936802129867E-4
2014-11-09,3.9602293036356483E-4
2014-11-10,3.002231192392511E-4
2014-11-11,4.6929830369069195E-6
2014-11-12,1.1145365558696682E-6
2014-11-13,3.089019328872593E-8
2014-11-14,5.140141719267289E-6
2014-11-15,4.98230736483929E-6
2014-11-16,4.898269062875386E-7
2014-11-17,1.744854504722438E-6
2014-11-18,2.2395591525762142E-6
2014-11-19,3.6425672801617295E-6
2014-11-20,5.9758258848874524E-5
2014-11-21,1.854608254973629E-4
2014-11-22,1.3778261746251515E-4
2014-11-23,2.62408395720567E-6
2014-11-24,3.5755340278002642E-6
2014-11-25,-9.676789576551107E-9
2014-11-26,3.3030301455003525E-6
2014-11-27,3.947271846975833E-6
2014-11-28,2.1680375050266003E-5
2014-11-29,2.826542657062499E-4
2014-11-30,1.1672172706699988E-4
2014-12-01,2.92604712861201E-5
2014-12-02,5.545164255963022E-5
2014-12-03,1.624690879114791E-4
2014-12-04,1.1058655605150787E-6
2014-12-05,1.858640682844006E-6
2014-12-06,7.538041885877624E-5
2014-12-07,4.8277042494448134E-4
2014-12-08,3.2800252758699653E-4
2014-12-09,1.594718178696795E-4
2014-12-10,3.2222028427982323E-5
2014-12-11,9.722950668782233E-7
2014-12-12,2.1458021524924836E-6
2014-12-13,8.47735662337283E-7
2014-12-14,9.241613583797232E-7
2014-12-15,3.528805998708472E-6
2014-12-16,1.695057489115964E-5
2014-12-17,3.0984963081798396E-4
2014-12-18,2.1672663603956376E-6
2014-12-19,8.816392558033603E-7
2014-12-20,4.410743663640915E-7
2014-12-21,2.357743517170271E-6
2014-12-22,2.195698722571882E-6
2014-12-23,1.7650640768811887E-7
2014-12-24,2.1354174700034995E-6
2014-12-25,3.884846648816165E-6
2014-12-26,1.1612005054591643E-6
2014-12-27,6.78950306997134E-8
2014-12-28,9.18103086473952E-7
2014-12-29,8.52346317969932E-7
2014-12-30,7.0760527280802745E-6
2014-12-31,1.5563475938753696E-4
2015-01-01,0.001388558762642536
2015-01-02,3.743276495610758E-6
2015-01-03,1.0447593793258615E-4
2015-01-04,0.005010888075186047
2015-01-05,1.0286610178388919E-4
2015-01-06,2.0426394207762408E-5
2015-01-07,3.438337446920683E-6
2015-01-08,2.027690988902815E-5
2015-01-09,6.54189740342905E-4
2015-01-10,3.2969352122106223E-6
2015-01-11,4.138272535594212E-6
2015-01-12,1.7106532936850272E-6
2015-01-13,2.593116903426562E-6
2015-01-14,8.716607054191765E-7
2015-01-15,4.351138045421976E-7
2015-01-16,7.077829341667928E-6
2015-01-17,0.0010002797548261078
2015-01-18,1.6996157911230273E-4
2015-01-19,2.6388220664657984E-4
2015-01-20,1.2252557337533462E-5
2015-01-21,6.809144878062959E-7
2015-01-22,8.525586379834747E-7
2015-01-23,6.69002705226744E-7
2015-01-24,0.0
2015-01-25,2.5712788115436E-6
2015-01-26,2.1001636292893077E-7
2015-01-27,1.7224398902726534E-6
2015-01-28,0.0
2015-01-29,2.5059272714947936E-4
2015-01-30,9.757509431332797E-5
2015-01-31,8.583068797918258E-7
2015-02-01,1.2843089507441618E-6
2015-02-02,1.2814998058274796E-6
2015-02-03,8.523463748133508E-7
2015-02-04,1.7282665129973033E-6
2015-02-05,1.7891951535939321E-6
2015-02-06,0.0
2015-02-07,1.2810099292437371E-6
2015-02-08,8.933970364765536E-7
2015-02-09,8.78164948419966E-7
2015-02-10,4.2263267701760896E-7
2015-02-11,3.18698931479926E-6
2015-02-12,1.779352265694308E-6
2015-02-13,2.799757513472848E-4
2015-02-14,9.884856230952746E-6
2015-02-15,0.001073104763737304
2015-02-16,9.468151207957596E-6
2015-02-17,2.7013677282869035E-6
2015-02-18,0.0024763815044759815
2015-02-19,0.0061769466786432865
2015-02-20,4.515166226504943E-4
2015-02-21,0.004943248958091181
2015-02-22,0.0036569546205125884
2015-02-23,1.015559837997304E-4
2015-02-24,1.6837095896546697E-4
2015-02-25,4.2525699105428947E-4
2015-02-26,0.002516456350805928
2015-02-27,0.0010780073763407138
2015-02-28,2.149196820471587E-4
2015-03-01,4.9466188816211686E-5
2015-03-02,0.001212960176627424
2015-03-03,1.3815696771098639E-5
2015-03-04,0.005640448982925437
2015-03-05,2.153401420647069E-4
2015-03-06,2.839921753140537E-6
2015-03-07,8.479809139316785E-7
2015-03-08,1.2853121802436362E-6
2015-03-09,-3.812374416156672E-9
2015-03-10,4.351138045421976E-7
2015-03-11,4.351138045421976E-7
2015-03-12,1.284479992591514E-6
2015-03-13,0.0
2015-03-14,1.2882796980881923E-6
2015-03-15,8.554858978862082E-7
2015-03-16,4.163129299378083E-6
2015-03-17,2.0489124257349597E-4
2015-03-18,8.106360370058845E-5
2015-03-19,8.727445433683541E-7
2015-03-20,4.261732051702438E-7
2015-03-21,1.501313523750085E-9
2015-03-22,1.7299351671586884E-6
2015-03-23,9.926056830966187E-7
2015-03-24,1.6776142900838532E-4
2015-03-25,9.958903043600865E-4
2015-03-26,7.102131624821588E-5
2015-03-27,0.004800965806685267
2015-03-28,0.013482866253668936
2015-03-29,0.0010332868472172352
2015-03-30,0.0023881515037296893
2015-03-31,0.016152177169569664
2015-04-01,0.03638456398279108
2015-04-02,0.07103376271188987
2015-04-03,0.014527987063245451
2015-04-04,0.025809722747228418
2015-04-05,0.04801235775587635
2015-04-06,0.02028256994666737
2015-04-07,0.002211351965290274
2015-04-08,0.0015660016317535907
2015-04-09,0.01168383708135714
2015-04-10,0.006708061522831121
2015-04-11,0.004608673100995271
2015-04-12,4.8480060020319755E-4
2015-04-13,3.688102732525232E-6
2015-04-14,1.3050584098797076E-5
2015-04-15,2.8887575255052956E-6
2015-04-16,6.93432012400275E-5
2015-04-17,0.0320370649075932
2015-04-18,0.04997122963761767
2015-04-19,0.021757547396471538
2015-04-20,0.023999334094841365
2015-04-21,0.05297350041692936
2015-04-22,0.09605118593068969
2015-04-23,0.06012732848309712
2015-04-24,0.01992826646975287
2015-04-25,0.004893718426409489
2015-04-26,0.011483009645314589
2015-04-27,0.0022073006276550236
2015-04-28,0.003961075947894531
2015-04-29,0.014199222550997165
2015-04-30,0.008876378252741585
2015-05-01,0.01234375839632918
2015-05-02,0.017326354303456453
2015-05-03,0.006012975194413949
2015-05-04,0.0020815576727826568
2015-05-05,0.0014141929119480833
2015-05-06,0.0026186232410703807
2015-05-07,0.0010930617083714277
2015-05-08,0.0013703367642880942
2015-05-09,0.002010823076084859
2015-05-10,0.004602724694345391
2015-05-11,0.010998496871060453
2015-05-12,0.012888537166435591
2015-05-13,0.01250760927613864
2015-05-14,0.021928131747447534
2015-05-15,0.03150879847473424
2015-05-16,0.03418198975218445
2015-05-17,0.014837353174397026
2015-05-18,0.004842635679537848
2015-05-19,6.022805890347493E-4
2015-05-20,0.0015703126593314936
2015-05-21,0.004340906133759223
2015-05-22,0.01596348300920746
2015-05-23,0.02726909784480567
2015-05-24,0.029793599876704786
2015-05-25,0.026461053610359855
2015-05-26,0.01190857240919433
2015-05-27,0.011297968548445005
2015-05-28,0.020546850597405568
2015-05-29,0.013624697005427653
2015-05-30,0.018436583031976157
2015-05-31,0.026103474197618534
2015-06-01,0.01671250976751164
2015-06-02,0.019864578029140226
2015-06-03,0.007536883790880809
2015-06-04,0.0024148237696617328
2015-06-05,0.005361461510634148
2015-06-06,0.012209135281004162
2015-06-07,0.011593250315477747
2015-06-08,0.01784759288697334
2015-06-09,0.019541375709894428
2015-06-10,0.032534848859786664
2015-06-11,0.07452708766510234
2015-06-12,0.05144375118389295
2015-06-13,0.026058197563816093
2015-06-14,0.021041531879607812
2015-06-15,0.016225316067021028
2015-06-16,0.017577737332566973
2015-06-17,0.005977334046810306
2015-06-18,0.001362709212579833
2015-06-19,0.007266829119281621
2015-06-20,0.015245914627959972
2015-06-21,0.01699343287100681
2015-06-22,0.02724905582177158
2015-06-23,0.04150800480577298
2015-06-24,0.016854256059909846
2015-06-25,0.015958278425409287
2015-06-26,0.024042488307334443
2015-06-27,0.015631604579659553
2015-06-28,0.01376170004335786
2015-06-29,0.01393829620427135
2015-06-30,0.010151525601050619
2015-07-01,0.013973340330096347
2015-07-02,0.02120964969125988
2015-07-03,0.020301484976701326
2015-07-04,0.021151836610036095
2015-07-05,0.01047822430331276
2015-07-06,0.025113050103285624
2015-07-07,0.01911970859824683
2015-07-08,0.02742019062087131
2015-07-09,0.03786412720130153
2015-07-10,0.02040223819800731
2015-07-11,0.006602959331812889
2015-07-12,0.007417250520186625
2015-07-13,0.02108021092507329
2015-07-14,0.022571133175654234
2015-07-15,0.1184764593124507
2015-07-16,0.09927691906765364
2015-07-17,0.05171595622512509
2015-07-18,0.037069144689922395
2015-07-19,0.0347564154953798
2015-07-20,0.05538382035627119
2015-07-21,0.02117753441967219
2015-07-22,0.03603875796400984
2015-07-23,0.04530051035128233
2015-07-24,0.036232179153505434
2015-07-25,0.014250503925270434
2015-07-26,0.014261796615786247
2015-07-27,0.00764176653816521
2015-07-28,0.0031922970570421056
2015-07-29,0.001438611099592391
2015-07-30,0.03256198986917933
2015-07-31,0.06527673586164871
2015-08-01,0.030553977465078916
2015-08-02,0.002433825248841562
2015-08-03,0.007836007454842732
2015-08-04,0.015372584722724035
2015-08-05,0.007415117820821747
2015-08-06,0.004339896556276469
2015-08-07,0.005877654190697422
2015-08-08,0.01009956186045112
2015-08-09,0.007369171126040423
2015-08-10,0.01437045937509718
2015-08-11,0.010954669705688968
2015-08-12,0.011936627890419412
2015-08-13,0.014602921214493025
2015-08-14,0.018066087843533207
2015-08-15,0.02066626587225867
2015-08-16,0.02398093928222815
2015-08-17,0.028731723730430803
2015-08-18,0.03479333862312097
2015-08-19,0.061642874817800015
2015-08-20,0.04328164424455925
2015-08-21,0.004754943668497779
2015-08-22,0.0173655396777426
2015-08-23,0.018659404236710673
2015-08-24,0.014297103509692108
2015-08-25,0.0036761506685732744
2015-08-26,0.010465041461601961
2015-08-27,0.009288742602128468
2015-08-28,0.013161551990691637
2015-08-29,0.021714254529301494
2015-08-30,0.036193124670853366
2015-08-31,0.0526520681331099
2015-09-01,0.044956410193271054
2015-09-02,0.02406823295508265
2015-09-03,0.03984847064135393
2015-09-04,0.00992614318945609
2015-09-05,0.01604165416369583
2015-09-06,0.011287936843027273
2015-09-07,0.0076335359489642105
2015-09-08,0.00881053454606831
2015-09-09,0.003658099156323274
2015-09-10,0.029862454237665963
2015-09-11,0.012257059428825734
2015-09-12,0.0021377917415354966
2015-09-13,0.019163022064983465
2015-09-14,0.014342991053251158
2015-09-15,0.004685959924072051
2015-09-16,0.0010221459992172666
2015-09-17,0.0015557786908452923
2015-09-18,0.005714180476154052
2015-09-19,0.03189275770341316
2015-09-20,0.017207867541926446
2015-09-21,0.027128221522978398
2015-09-22,0.03264185808861922
2015-09-23,0.04370106446346795
2015-09-24,0.026013794119178354
2015-09-25,0.003637275795285414
2015-09-26,4.058176968139033E-4
2015-09-27,1.1149189920736671E-4
2015-09-28,5.54642216143477E-5
2015-09-29,5.931448885824576E-6
2015-09-30,1.1835734785740982E-4
2015-10-01,0.0010798585724968446
2015-10-02,0.006833983343632926
2015-10-03,0.0025580264066926406
2015-10-04,0.0013950467738457501
2015-10-05,0.008035957674054408
2015-10-06,0.007045194919657157
2015-10-07,0.008690752788759047
2015-10-08,0.034251713394855346
2015-10-09,0.005267510082072455
2015-10-10,0.006167379117150883
2015-10-11,0.010658198691437366
2015-10-12,0.00421624511518851
2015-10-13,0.003483278784965505
2015-10-14,0.0022286260649131214
2015-10-15,0.0034071470456783362
2015-10-16,0.002022421430721263
2015-10-17,8.467209103076847E-4
2015-10-18,4.0878351196388293E-4
2015-10-19,2.1278007009814935E-4
2015-10-20,1.6454337472447488E-4
2015-10-21,2.7167500519443313E-4
2015-10-22,9.365293417028704E-4
2015-10-23,0.001235615725634415
2015-10-24,2.575558721044171E-4
2015-10-25,2.1983449524626627E-6
2015-10-26,2.0754044455599924E-7
2015-10-27,0.0
2015-10-28,3.284340821249637E-7
2015-10-29,4.9810641143716764E-5
2015-10-30,0.0025867390601459358
2015-10-31,0.0011168459883669991
2015-11-01,4.908588881782025E-4
2015-11-02,2.0316245803857707E-4
2015-11-03,3.927697473818044E-4
2015-11-04,5.229198118632805E-4
2015-11-05,4.496839506716659E-4
2015-11-06,5.301306489376483E-5
2015-11-07,2.2170748669288064E-6
2015-11-08,2.294606556093073E-9
2015-11-09,1.1667695348662451E-7
2015-11-10,4.3656085372171586E-7
2015-11-11,4.221781975746841E-6
2015-11-12,1.3274005275999463E-6
2015-11-13,4.252961013893887E-6
2015-11-14,3.1107056149051466E-6
2015-11-15,5.4353484427685106E-5
2015-11-16,2.7111361901988387E-4
2015-11-17,5.120847308804604E-4
2015-11-18,3.206392157973581E-4
2015-11-19,1.704701879659745E-6
2015-11-20,0.0
2015-11-21,3.010033651662525E-6
2015-11-22,8.583068797918258E-7
2015-11-23,1.527501668544174E-6
2015-11-24,4.261732051702438E-7
2015-11-25,0.0
2015-11-26,4.2915326048387215E-6
2015-11-27,1.4096343375715655E-6
2015-11-28,2.1464552204071424E-6
2015-11-29,1.7515712865675033E-6
2015-11-30,2.811514883719638E-6
2015-12-01,2.2393684252838184E-5
2015-12-02,3.225426414285124E-4
2015-12-03,0.007211060039914413
2015-12-04,4.038602134802479E-4
2015-12-05,6.890389960625268E-6
2015-12-06,7.342466802357603E-6
2015-12-07,1.760208468905764E-4
2015-12-08,2.3271563199662957E-4
2015-12-09,1.608342917961242E-4
2015-12-10,1.4430958363982697E-4
2015-12-11,4.0640281804035165E-4
2015-12-12,0.003030674303852029
2015-12-13,0.001254837246778194
2015-12-14,3.7058862482012314E-4
2015-12-15,3.074575029367056E-4
2015-12-16,2.5696053198166963E-6
2015-12-17,2.0496905254189763E-7
2015-12-18,1.320116781277593E-5
2015-12-19,2.1300867113763888E-5
2015-12-20,2.0788506620881195E-6
2015-12-21,4.165835727238018E-6
2015-12-22,1.8384228442064244E-6
2015-12-23,1.3727439631705407E-6
2015-12-24,8.962082735464818E-7
2015-12-25,1.2299925616110749E-6
2015-12-26,1.0851067625118194E-6
2015-12-27,8.52346317969932E-7
2015-12-28,1.0086160933704671E-5
2015-12-29,3.858559900040772E-5
2015-12-30,8.562624971301571E-7
2015-12-31,0.0
2016-01-01,1.6700921617844834E-5
2016-01-02,1.6663331172369814E-7
2016-01-03,1.57238508580048E-5
2016-01-04,5.728316444882078E-7
2016-01-05,1.7059493292451722E-6
2016-01-06,5.369158747576203E-6
2016-01-07,2.916615132203781E-5
2016-01-08,7.474856159428735E-4
2016-01-09,0.008760046799473346
2016-01-10,8.562308160660098E-5
2016-01-11,0.0
2016-01-12,9.79318956419223E-7
2016-01-13,3.264712325794711E-6
2016-01-14,1.6290183329106366E-4
2016-01-15,2.974049852828312E-5
2016-01-16,2.9100435231462385E-4
2016-01-17,4.065472606139293E-6
2016-01-18,8.52715503962743E-7
2016-01-19,8.620123642717485E-7
2016-01-20,0.007323777486995468
2016-01-21,2.722719069629813E-4
2016-01-22,7.146857592756352E-5
2016-01-23,3.271413285298454E-5
2016-01-24,1.369756851858193E-5
2016-01-25,2.4823319016164442E-6
2016-01-26,5.560349036007953E-5
2016-01-27,1.3596900523555372E-4
2016-01-28,2.641290038651814E-5
2016-01-29,4.929509972665552E-5
2016-01-30,3.982325138963068E-4
2016-01-31,0.002637552803306911
2016-02-01,0.002354936313620248
2016-02-02,7.923397339100176E-4
2016-02-03,1.0166305894486778E-4
2016-02-04,1.4705516234554165E-6
2016-02-05,5.466761282502633E-7
2016-02-06,8.626151991117273E-7
2016-02-07,8.583069757150952E-7
2016-02-08,4.1895061850307516E-4
2016-02-09,0.0018705914104949536
2016-02-10,7.727176957747241E-4
2016-02-11,0.004329807381924822
2016-02-12,0.004151423398642182
2016-02-13,2.81401060680286E-4
2016-02-14,1.6291360720733693E-5
2016-02-15,1.9946686842606164E-4
2016-02-16,1.5520276913991436E-6
2016-02-17,1.0032610579811143E-6
2016-02-18,3.348420379478808E-5
2016-02-19,7.575820502449718E-5
2016-02-20,8.121253652958553E-4
2016-02-21,0.0034876023489820215
2016-02-22,3.785851495015809E-4
2016-02-23,0.0012315037566630138
2016-02-24,0.026087700806337995
2016-02-25,0.009358201759053065
2016-02-26,7.5131537256502495E-6
2016-02-27,5.2062763886309036E-5
2016-02-28,1.328294870347625E-4
2016-02-29,1.5554364689866177E-5
2016-03-01,3.371307776814389E-5
2016-03-02,1.9750594877438748E-4
2016-03-03,4.1049842110120656E-4
2016-03-04,0.001601134683802713
2016-03-05,0.0012468744151165028
2016-03-06,0.0016158684475583928
2016-03-07,1.4990423542226683E-4
2016-03-08,0.0014827981958819958
2016-03-09,0.0018014494574149307
2016-03-10,3.2529872528459916E-4
2016-03-11,5.914989758902281E-4
2016-03-12,1.3999022770467547E-4
2016-03-13,2.9742088103761695E-4
2016-03-14,4.305471781311572E-4
2016-03-15,1.1063692623756229E-4
2016-03-16,0.0012011483440804221
2016-03-17,6.08827081790184E-5
2016-03-18,2.760925089900033E-4
2016-03-19,0.04253509970779564
2016-03-20,0.007921040170869054
2016-03-21,0.010631899384921685
2016-03-22,0.0046329921398723965
2016-03-23,0.003120284189342854
2016-03-24,1.8010988767887003E-6
2016-03-25,8.713729471310216E-7
2016-03-26,5.3751745148201206E-5
2016-03-27,0.008776135349032516
2016-03-28,0.028391375281562704
2016-03-29,0.013128747418522836
2016-03-30,0.010663838694407424
2016-03-31,0.025658331608668823
2016-04-01,0.005737856064010908
2016-04-02,8.850437488393577E-4
2016-04-03,0.02936075979004466
2016-04-04,0.022476740405669316
2016-04-05,0.042800540208197416
2016-04-06,0.019623760926322457
2016-04-07,0.019689297231533294
2016-04-08,0.004865453857609087
2016-04-09,0.01132052269284983
2016-04-10,0.0022232499656205207
2016-04-11,0.0036050946493713844
2016-04-12,0.0033152955859497386
2016-04-13,0.011326698015277097
2016-04-14,0.03986676757350756
2016-04-15,0.04498960829184341
2016-04-16,0.04648866580581078
2016-04-17,0.06595848251871746
2016-04-18,0.09545329846083597
2016-04-19,0.07131974307615634
2016-04-20,0.020334004551242214
2016-04-21,0.06255270428395546
2016-04-22,0.04311358158202634
2016-04-23,0.08579026696516119
2016-04-24,0.022195574826415584
2016-04-25,0.017225470995971912
2016-04-26,0.012566350220245505
2016-04-27,0.009753826313397215
2016-04-28,0.018966000624746075
2016-04-29,0.007395241808340041
2016-04-30,0.018679285244101045
2016-05-01,0.025038229018950406
2016-05-02,0.014090836573338249
2016-05-03,0.00768727528049767
2016-05-04,0.008855642623810365
2016-05-05,0.012580225504966062
2016-05-06,0.003681295556230733
2016-05-07,0.0010377190744428966
2016-05-08,3.0706876490004626E-4
2016-05-09,2.848562813563153E-4
2016-05-10,2.080744057032415E-4
2016-05-11,1.3982290735823567E-4
2016-05-12,0.008435614629616296
2016-05-13,0.05610398597133578
2016-05-14,0.028833315710006198
2016-05-15,0.03145588261888206
2016-05-16,0.037599801624867125
2016-05-17,0.0698356600105308
2016-05-18,0.05449194809734133
2016-05-19,0.025204434564950848
2016-05-20,0.02602762214183222
2016-05-21,0.09592153334616145
2016-05-22,0.010419298892996384
2016-05-23,0.004492485820385762
2016-05-24,0.017987724259731823
2016-05-25,0.04320238163076467
2016-05-26,0.013645669830844587
2016-05-27,0.006936168665916935
2016-05-28,0.02533446231103807
2016-05-29,0.007969213872717295
2016-05-30,0.005450639929299412
2016-05-31,0.008710886062036712
2016-06-01,0.006811425784891057
2016-06-02,0.002090790193331728
2016-06-03,9.60011017013501E-4
2016-06-04,0.006804503121007733
2016-06-05,0.009890197565244983
2016-06-06,0.016027393446358392
2016-06-07,0.012430124006679066
2016-06-08,0.016447777485399585
2016-06-09,0.029894133481934586
2016-06-10,0.011715289694247882
2016-06-11,0.041252694000797584
2016-06-12,0.06953183176791393
2016-06-13,0.06074489421801241
2016-06-14,0.01662586663715068
2016-06-15,0.008317314096844278
2016-06-16,0.008760370033808754
2016-06-17,0.019587563409310907
2016-06-18,0.009972822306180826
2016-06-19,0.011567723294706858
2016-06-20,0.00583875578650505
2016-06-21,0.009314813582872039
2016-06-22,0.02701680438658166
2016-06-23,0.014857004975595582
2016-06-24,0.012452552087665993
2016-06-25,0.0026623854334508978
2016-06-26,0.009401996680934157
2016-06-27,0.00935853281763948
2016-06-28,0.0015821110155713354
2016-06-29,0.004797231548301525
2016-06-30,0.003388647566727132
2016-07-01,0.017278125254955243
2016-07-02,0.023185387046994518
2016-07-03,0.037524960285564075
2016-07-04,0.06957344376023988
2016-07-05,0.03387442536953557
2016-07-06,0.008942857111632332
2016-07-07,0.010190311188884131
2016-07-08,0.02106597149557418
2016-07-09,0.02164368240647234
2016-07-10,0.00923322165287988
2016-07-11,0.011186730886540328
2016-07-12,0.010091466289506487
2016-07-13,0.014686419437567537
2016-07-14,0.009189396080208653
2016-07-15,0.014627046973546805
2016-07-16,0.04498544874563384
2016-07-17,0.026825598724603328
2016-07-18,0.036744723138978384
2016-07-19,0.03332782338809415
2016-07-20,0.02555936477303019
2016-07-21,0.012530873390291467
2016-07-22,0.01396198237645179
2016-07-23,0.0301426640938087
2016-07-24,0.02805188880275096
2016-07-25,0.016599495417144717
2016-07-26,0.0028737567829269285
2016-07-27,0.0038581299097034953
2016-07-28,0.010599986608920763
2016-07-29,0.01701309201842799
2016-07-30,0.006244251251732534
2016-07-31,0.006992920058156879
2016-08-01,0.012901278995062533
2016-08-02,0.014093546351560593
2016-08-03,0.007204436861937965
2016-08-04,0.005282133123895195
2016-08-05,0.01023930674677744
2016-08-06,0.0071398918596661245
2016-08-07,0.01862939534461223
2016-08-08,0.006771431062520894
2016-08-09,0.015286298554165786
2016-08-10,0.02073904028904768
2016-08-11,0.015755292863658208
2016-08-12,0.008655515745529205
2016-08-13,0.013760898669670627
2016-08-14,0.010873378716213604
2016-08-15,0.012011022536597752
2016-08-16,0.011004122813372184
2016-08-17,0.005060143406168379
2016-08-18,0.0027705178676375114
2016-08-19,0.0011195597328152835
2016-08-20,0.009932397170990866
2016-08-21,0.017742166428719498
2016-08-22,3.997236801628437E-5
2016-08-23,6.386602786235037E-4
2016-08-24,0.0014501906056118236
2016-08-25,0.02575819394706838
2016-08-26,0.007727161169727194
2016-08-27,0.008805952509268019
2016-08-28,0.02601405990774956
2016-08-29,0.007488869749478374
2016-08-30,0.017196686853167963
2016-08-31,0.014720862187397132
2016-09-01,0.02405695221327137
2016-09-02,0.021146400059131886
2016-09-03,0.009764932495389492
2016-09-04,0.010573831125227553
2016-09-05,0.010966082398241322
2016-09-06,0.015350437398590796
2016-09-07,0.009573216510529866
2016-09-08,0.004482388474536986
2016-09-09,0.006908463906938702
2016-09-10,0.009093024541187843
2016-09-11,0.01420891646093215
2016-09-12,0.02406267733006299
2016-09-13,0.03689792703331656
2016-09-14,0.005622630007780359
2016-09-15,0.008947682934947786
2016-09-16,0.01769768093444296
2016-09-17,0.020180698907804367
2016-09-18,0.015349116206082997
2016-09-19,0.0217691678646748
2016-09-20,0.017814846082663118
2016-09-21,0.025243104071372507
2016-09-22,0.012207524657015247
2016-09-23,0.013982635395929517
2016-09-24,0.010618906984468768
2016-09-25,0.018000336507957262
2016-09-26,0.020409841939720806
2016-09-27,0.006148014492812873
2016-09-28,0.01282910491426832
2016-09-29,0.012197526884992002
2016-09-30,0.00499796051252095
2016-10-01,0.005427573504130966
2016-10-02,0.00559341963478011
2016-10-03,0.00881902076451642
2016-10-04,0.003054743320869572
2016-10-05,0.011731510061973443
2016-10-06,0.015213811213169153
2016-10-07,0.023159636632423878
2016-10-08,0.018217466542189586
2016-10-09,0.01665090956120203
2016-10-10,0.015424081123220449
2016-10-11,0.014334195355814788
2016-10-12,0.07211494524571985
2016-10-13,0.0026574040121549905
2016-10-14,0.001371616082470541
2016-10-15,6.117901953989453E-4
2016-10-16,9.24304239098786E-5
2016-10-17,1.2141660760106217E-4
2016-10-18,8.363156391017012E-5
2016-10-19,1.0895633704504731E-4
2016-10-20,1.0104490325630058E-4
2016-10-21,6.764797030845821E-5
2016-10-22,3.5204707208485344E-6
2016-10-23,1.8469053723997532E-6
2016-10-24,2.6717568915118564E-4
2016-10-25,9.036232203761969E-4
2016-10-26,0.013226236537787959
2016-10-27,0.020123181134962986
2016-10-28,0.0027081149414846938
2016-10-29,0.002037543889915677
2016-10-30,0.0015693068289455124
2016-10-31,2.0543115066984846E-4
2016-11-01,0.0010665141708709651
2016-11-02,0.0011649568154927501
2016-11-03,0.003409089627379627
2016-11-04,0.008278417337492024
2016-11-05,0.015642820702639622
2016-11-06,0.05137369841078306
2016-11-07,0.0012249575283980081
2016-11-08,0.001091705928609614
2016-11-09,7.596677392897399E-6
2016-11-10,1.589953656271406E-4
2016-11-11,3.589331082211348E-4
2016-11-12,1.71452501331115E-4
2016-11-13,1.057585995445441E-4
2016-11-14,5.614181862056602E-5
2016-11-15,4.705650631703291E-6
2016-11-16,3.952689086683592E-6
2016-11-17,6.958162250546364E-6
2016-11-18,3.759959615723935E-6
2016-11-19,3.4100670001410343E-6
2016-11-20,4.639808153141442E-6
2016-11-21,6.160655619752671E-6
2016-11-22,7.718570947722817E-6
2016-11-23,6.311268055211954E-7
2016-11-24,5.434613925823384E-6
2016-11-25,2.909937233938648E-4
2016-11-26,2.786140635876924E-6
2016-11-27,9.282148976650744E-5
2016-11-28,1.5678492859314572E-4
2016-11-29,9.1992726440033E-5
2016-11-30,8.769941410926846E-6
2016-12-01,1.0382518419297055E-5
2016-12-02,1.0603282930196395E-5
2016-12-03,4.139771208258154E-6
2016-12-04,1.8313875949451696E-6
2016-12-05,2.4374509822426516E-7
2016-12-06,1.1740839784584553E-6
2016-12-07,2.173372280965409E-6
2016-12-08,2.166962986609173E-6
2016-12-09,4.656468054472603E-6
2016-12-10,8.260604908031321E-7
2016-12-11,1.2094117323876184E-6
2016-12-12,8.462452569801826E-7
2016-12-13,1.3878629233343582E-8
2016-12-14,1.3476410938924063E-6
2016-12-15,2.1926068107391903E-6
2016-12-16,2.727195266370106E-6
2016-12-17,1.0257953508740904E-4
2016-12-18,5.615718178770646E-5
2016-12-19,0.0012350240526344044
2016-12-20,0.0016012331554827667
2016-12-21,4.944739222936616E-4
2016-12-22,1.5980521044379094E-6
2016-12-23,2.1773272845890693E-4
2016-12-24,4.884242153419327E-4
2016-12-25,9.208014542588318E-5
2016-12-26,6.63693723823294E-4
2016-12-27,1.229740584035242E-5
2016-12-28,9.603065228275545E-7
2016-12-29,1.9985127311221447E-7
2016-12-30,8.041649299555851E-6
2016-12-31,2.164382714767077E-4
2017-01-01,3.06366022532319E-5
2017-01-02,2.9734169635768853E-6
2017-01-03,2.942536043225391E-5
2017-01-04,6.407129874912502E-5
2017-01-05,7.828447240978935E-6
2017-01-06,1.1058472785517904E-5
2017-01-07,1.4339997944204168E-6
2017-01-08,4.351138045421976E-7
2017-01-09,1.2918081855618789E-6
2017-01-10,5.4377717142323354E-5
2017-01-11,2.8917894835466396E-6
2017-01-12,1.0633542182787975E-6
2017-01-13,1.698672067728389E-6
2017-01-14,2.5639578780101147E-6
2017-01-15,4.351138045421976E-7
2017-01-16,8.52346317969932E-7
2017-01-17,4.351138045421976E-7
2017-01-18,4.400923996341969E-7
2017-01-19,4.351138045421976E-7
2017-01-20,8.52346317969932E-7
2017-01-21,0.0
2017-01-22,1.2828494668794812E-6
2017-01-23,1.7188884271490679E-6
2017-01-24,8.850114157979926E-7
2017-01-25,0.0
2017-01-26,4.4369101628603207E-7
2017-01-27,2.6361273892353036E-9
2017-01-28,4.440812331575881E-4
2017-01-29,1.1309438589001213E-6
2017-01-30,3.047582898375532E-6
2017-01-31,1.600979132203209E-5
2017-02-01,8.603499789718119E-7
2017-02-02,1.99347730045354E-6
2017-02-03,1.2886303011327982E-6
2017-02-04,3.0050055702409382E-6
2017-02-05,6.758679442862693E-8
2017-02-06,4.351138045421976E-7
2017-02-07,2.0285908507821395E-5
2017-02-08,4.3512581781062517E-7
2017-02-09,1.2403045096927363E-6
2017-02-10,3.986947798315501E-7
2017-02-11,8.609576499406158E-7
2017-02-12,4.3600401156140833E-7
2017-02-13,2.182171944953767E-6
2017-02-14,1.6701172764765477E-5
2017-02-15,7.536714476657061E-11
2017-02-16,2.5849129201560572E-6
2017-02-17,2.5749205860847724E-6
2017-02-18,8.52346317969932E-7
2017-02-19,1.5183413666802754E-5
2017-02-20,0.008680232730559534
2017-02-21,0.012725742518049303
2017-02-22,0.015994566494243686
2017-02-23,0.004699282832590837
2017-02-24,4.757373835999152E-5
2017-02-25,3.430400443230715E-6
2017-02-26,1.293420723413874E-6
2017-02-27,4.2663746678200573E-7
2017-02-28,2.367758246523435E-6
2017-03-01,5.563126283575946E-6
2017-03-02,2.291280020183041E-6
2017-03-03,1.7268264793393568E-4
2017-03-04,3.8015039928386676E-4
2017-03-05,0.014982091898932983
2017-03-06,0.0031299548458954074
2017-03-07,9.213999086032717E-5
2017-03-08,0.0049594144445623285
2017-03-09,6.668196653010531E-4
2017-03-10,0.011808677761049881
2017-03-11,0.04446222963461266
2017-03-12,1.7065896367855364E-4
2017-03-13,4.6050673447592425E-6
2017-03-14,1.2906166235904758E-6
2017-03-15,3.0047578434277966E-6
2017-03-16,3.50152674932597E-6
2017-03-17,1.9770749817693857E-4
2017-03-18,0.011302966858742939
2017-03-19,8.691487026183923E-4
2017-03-20,0.005885838853268272
2017-03-21,2.629774942341443E-4
2017-03-22,1.7593724782860557E-4
2017-03-23,1.0643937511940224E-4
2017-03-24,0.0010698990910394434
2017-03-25,0.017570738155025852
2017-03-26,0.007048302999236016
2017-03-27,0.003376745924901829
2017-03-28,0.006902922729433971
2017-03-29,0.068110975615356
2017-03-30,0.06138767603634071
2017-03-31,0.04551286073905335
2017-04-01,0.05911701279783871
2017-04-02,0.06255804527735644
2017-04-03,0.09708600321552828
2017-04-04,0.08186963328801818
2017-04-05,0.041270694406169414
2017-04-06,0.005784483951822167
2017-04-07,0.008573194168018139
2017-04-08,0.0056059876354512565
2017-04-09,0.008922908835409546
2017-04-10,0.002003379505448263
2017-04-11,6.561356167055969E-4
2017-04-12,3.1059515333380414E-6
2017-04-13,2.8292078955255525E-6
2017-04-14,0.0010478030857354959
2017-04-15,0.007390581723307956
2017-04-16,0.0021701102100872586
2017-04-17,2.86064064853577E-6
2017-04-18,0.0034137335221497193
2017-04-19,0.041092062293088844
2017-04-20,0.04772739451658021
2017-04-21,0.06337466070917841
2017-04-22,0.1662640631491738
2017-04-23,0.04715262352816823
2017-04-24,0.06613898961915586
2017-04-25,0.053668511077842984
2017-04-26,0.015409132675910705
2017-04-27,0.012442489367104
2017-04-28,0.004882612487554214
2017-04-29,0.007131168633871685
2017-04-30,0.009714361815524927
2017-05-01,0.007397849318994266
2017-05-02,3.129863657676326E-4
2017-05-03,5.048137169044144E-4
2017-05-04,0.002707063800332712
2017-05-05,0.011163009812549363
2017-05-06,0.014213494416898285
2017-05-07,0.013363832451861141
2017-05-08,0.004675694149784273
2017-05-09,0.0028690427176648876
2017-05-10,0.0035787360030120627
2017-05-11,0.0039278124728182595
2017-05-12,0.0013919968431097642
2017-05-13,0.018944309050161038
2017-05-14,0.03059128965127332
2017-05-15,0.03368526563737433
2017-05-16,0.03396245423161501
2017-05-17,0.002166985064055878
2017-05-18,0.00865304068595385
2017-05-19,0.008948141997513596
2017-05-20,0.015330480620957631
2017-05-21,0.009623110128964994
2017-05-22,0.012080343448357782
2017-05-23,0.00847747184766855
2017-05-24,0.009891471611191091
2017-05-25,0.014923813417486453
2017-05-26,0.011153905849925354
2017-05-27,0.006068878795709763
2017-05-28,7.215083442290471E-4
2017-05-29,0.014682919317585846
2017-05-30,0.073299347654887
2017-05-31,0.04150578949406657
2017-06-01,0.04345273442387308
2017-06-02,0.04055240878642054
2017-06-03,0.058991739693875965
2017-06-04,0.08301198387589345
2017-06-05,0.004388554511352252
2017-06-06,0.0011036376188955643
2017-06-07,0.0011797333891343587
2017-06-08,0.0066324596364498245
2017-06-09,0.00838839731885298
2017-06-10,0.017181365303865066
2017-06-11,0.030202088256102773
2017-06-12,0.06111804569549749
2017-06-13,0.03708747236540345
2017-06-14,0.01986459822659412
2017-06-15,0.0191415063240058
2017-06-16,0.05622014510133671
2017-06-17,0.037401110586315886
2017-06-18,0.04056230356970618
2017-06-19,0.05336375047303279
2017-06-20,0.012971476058367373
2017-06-21,0.02684219309834043
2017-06-22,0.018765520223327812
2017-06-23,0.011513867118105578
2017-06-24,0.00662673751839556
2017-06-25,0.0039010174706289582
2017-06-26,0.006999740396508787
2017-06-27,0.005924684860544401
2017-06-28,0.007600065945217567
2017-06-29,0.006910074377857892
2017-06-30,0.016015867724842432
2017-07-01,0.03044065836816664
2017-07-02,0.018519210500179684
2017-07-03,0.0452541523095156
2017-07-04,0.018809712721691664
2017-07-05,0.027049493178777948
2017-07-06,0.010419717558557933
2017-07-07,0.01218875646676184
2017-07-08,0.017134239460625644
2017-07-09,0.016277611794843848
2017-07-10,0.017769359610328793
2017-07-11,0.02305834526053881
2017-07-12,0.005606101364071174
2017-07-13,0.005228758032110258
2017-07-14,0.0034529053812772195
2017-07-15,0.007448502574457711
2017-07-16,0.008220209276020568
2017-07-17,0.005197415338942622
2017-07-18,0.021005919330343414
2017-07-19,0.05988845882388211
2017-07-20,0.03506429837114832
2017-07-21,0.0162647818674931
2017-07-22,0.0041783713621566165
2017-07-23,0.041044738562293154
2017-07-24,0.04325565523312377
2017-07-25,0.029149573033497873
2017-07-26,0.01933162436222411
2017-07-27,0.007846447775904843
2017-07-28,0.01888751315750243
2017-07-29,0.020602488382496932
2017-07-30,0.0101907576663596
2017-07-31,0.02083117638364551
2017-08-01,0.01870212480547089
2017-08-02,0.025469457741315316
2017-08-03,0.013295396394118263
2017-08-04,0.013729228744272555
2017-08-05,0.014649758806204527
2017-08-06,0.014016403998593227
2017-08-07,0.012649559192144114
2017-08-08,0.01703101299143252
2017-08-09,0.03141997843712154
2017-08-10,0.04447634442884652
2017-08-11,0.05983521088699386
2017-08-12,0.06086798514158742
2017-08-13,0.020729989784049517
2017-08-14,0.021000418525210705
2017-08-15,0.029957979360205934
2017-08-16,0.007492150237505585
2017-08-17,0.008107875819794708
2017-08-18,0.01892696206005247
2017-08-19,0.012516549727045044
2017-08-20,0.01113602567916316
2017-08-21,0.012413432025221398
2017-08-22,0.014927365474532108
2017-08-23,0.00996211369301198
2017-08-24,0.0059826728568084
2017-08-25,0.012238141127646672
2017-08-26,0.023659915700124188
2017-08-27,0.022766663311532428
2017-08-28,0.003667730857203494
2017-08-29,0.006093214062249015
2017-08-30,0.021264432594597992
2017-08-31,0.01995595561200484
2017-09-01,0.023118117085598796
2017-09-02,0.017724926746817
2017-09-03,0.020879291922686078
2017-09-04,0.009924597752497747
2017-09-05,0.014992891990203238
2017-09-06,0.010965616836450016
2017-09-07,0.010433231536531046
2017-09-08,0.015786405857328014
2017-09-09,0.02498265213015452
2017-09-10,0.03640426672521353
2017-09-11,0.01451404519662736
2017-09-12,0.009873568213657846
2017-09-13,0.011238664823632713
2017-09-14,0.004113839620426259
2017-09-15,0.0016745992383810702
2017-09-16,0.006702314846847457
2017-09-17,0.01204638693201749
2017-09-18,0.018982630317646663
2017-09-19,0.028352475850119716
2017-09-20,0.014632112302015289
2017-09-21,0.011831874526132744
2017-09-22,0.0033875773823124934
2017-09-23,0.006977625759695307
2017-09-24,0.007082918978783099
2017-09-25,0.003975111696486882
2017-09-26,0.007374164476301632
2017-09-27,0.014040023937304587
2017-09-28,0.02370904689777121
2017-09-29,0.039577114578036275
2017-09-30,0.015941421120468244
2017-10-01,0.013951031991598238
2017-10-02,0.0024701929730538696
2017-10-03,0.007035337636501464
2017-10-04,1.0442447052513136E-4
2017-10-05,0.00850388969074544
2017-10-06,0.008781550534366037
2017-10-07,0.009471520109237127
2017-10-08,0.006695363595250887
2017-10-09,5.554325922155119E-4
2017-10-10,0.0014122856428867906
2017-10-11,8.999406292259349E-4
2017-10-12,0.0087809080592695
2017-10-13,0.011028513045958236
2017-10-14,0.006209020465607435
2017-10-15,0.0017004276290966604
2017-10-16,9.298147569606274E-5
2017-10-17,0.00396261915309546
2017-10-18,0.02710419005824855
2017-10-19,0.006561694174385839
2017-10-20,0.05586648935699739
2017-10-21,0.10148211162984994
2017-10-22,0.003519251258989313
2017-10-23,0.001549861927150656
2017-10-24,0.0016334970247032419
2017-10-25,2.50878600629768E-4
2017-10-26,1.229798001361031E-7
2017-10-27,4.177733378267639E-6
2017-10-28,5.8562166379241435E-6
2017-10-29,0.0017276527863425237
2017-10-30,0.003429315445443386
2017-10-31,9.066140543794754E-5
2017-11-01,8.018013623684527E-5
2017-11-02,5.805495410835038E-6
2017-11-03,1.0914222008920135E-6
2017-11-04,4.895839870673338E-6
2017-11-05,3.3455648437371845E-6
2017-11-06,8.825559090695871E-7
2017-11-07,8.550210171403637E-7
2017-11-08,1.84660400613884E-6
2017-11-09,2.6033900499219006E-6
2017-11-10,7.071979128556444E-7
2017-11-11,8.608301982349076E-7
2017-11-12,8.553902892797043E-7
2017-11-13,2.9832469245601945E-9
2017-11-14,5.14790402843773E-5
2017-11-15,0.0018261902967812102
2017-11-16,0.002119247512044929
2017-11-17,0.002565077901994119
2017-11-18,5.186959695296369E-4
2017-11-19,3.977018886687518E-4
2017-11-20,2.8968987006672554E-5
2017-11-21,7.290253905556048E-6
2017-11-22,4.9878463062936875E-6
2017-11-23,6.081454801347466E-6
2017-11-24,6.309291736788565E-6
2017-11-25,3.261628597803498E-6
2017-11-26,2.835441617607382E-6
2017-11-27,5.8240378004924194E-5
2017-11-28,9.400439481790751E-5
2017-11-29,3.914825259955062E-6
2017-11-30,8.583068833445395E-7
2017-12-01,5.743131472196194E-7
2017-12-02,6.512604180098958E-7
2017-12-03,7.600241453679189E-6
2017-12-04,4.364093149368043E-7
2017-12-05,1.140086017945536E-6
2017-12-06,4.113230753158588E-6
2017-12-07,2.703245435496405E-6
2017-12-08,0.0025997483398138076
2017-12-09,0.0352819694251339
2017-12-10,0.062292888722134815
2017-12-11,0.016997799122162306
2017-12-12,7.398458170346709E-4
2017-12-13,1.0909142531768944E-4
2017-12-14,5.330270761511999E-5
2017-12-15,9.848625975192629E-5
2017-12-16,2.9367088798810575E-5
2017-12-17,1.2563994057880315E-5
2017-12-18,1.10366686389196E-5
2017-12-19,7.415821220019495E-7
2017-12-20,3.6581726260267938E-6
2017-12-21,7.014549364244319E-6
2017-12-22,8.675913400150743E-6
2017-12-23,4.491538310331357E-5
2017-12-24,1.396711851131021E-5
2017-12-25,1.5207139556292073E-5
2017-12-26,1.1900503455182183E-5
2017-12-27,1.127286818412837E-5
2017-12-28,1.6184408040096264E-6
2017-12-29,4.590084684730893E-6
2017-12-30,2.8862075319957947E-6
2017-12-31,0.0
2018-01-01,1.04334411674691E-4
2018-01-02,0.009691411089588119
2018-01-03,0.0013977829099857608
2018-01-04,1.8559294175552404E-5
2018-01-05,3.7214828434658025E-6
2018-01-06,1.4144976173308923E-5
2018-01-07,3.1777338465141425E-6
2018-01-08,1.7116101389547111E-6
2018-01-09,4.351138045421976E-7
2018-01-10,7.129605276977496E-5
2018-01-11,8.822627355357333E-5
2018-01-12,1.4451039217464433E-5
2018-01-13,5.570680259462813E-4
2018-01-14,3.835079297854034E-4
2018-01-15,3.393614015493178E-4
2018-01-16,7.224644400240572E-5
2018-01-17,3.1140356222329116E-6
2018-01-18,5.694994424671899E-5
2018-01-19,4.994105288854848E-6
2018-01-20,8.069162423900096E-5
2018-01-21,4.1393861174583435E-5
2018-01-22,3.100692089935885E-6
2018-01-23,6.848334777138966E-6
2018-01-24,3.344132673465155E-5
2018-01-25,1.6284540301516551E-4
2018-01-26,0.0
2018-01-27,3.4918674843848793E-9
2018-01-28,5.698794827992842E-6
2018-01-29,1.0336730011556291E-4
2018-01-30,4.4336488396524244E-4
2018-01-31,1.3912128263575012E-4
2018-02-01,2.4344992743432158E-4
2018-02-02,5.438770035485279E-4
2018-02-03,3.62945881193084E-4
2018-02-04,9.442624936386335E-4
2018-02-05,2.856558198587436E-4
2018-02-06,2.0177327775301477E-4
2018-02-07,9.589818860754113E-7
2018-02-08,4.287739361676477E-5
2018-02-09,5.5553220600062036E-5
2018-02-10,6.040106877426193E-5
2018-02-11,8.583068797918258E-7
2018-02-12,1.2814997489840607E-6
2018-02-13,1.2982024230098966E-6
2018-02-14,2.062730085943474E-4
2018-02-15,3.274462226425051E-5
2018-02-16,8.556250463698234E-7
2018-02-17,2.6763455352500003E-6
2018-02-18,8.938779214302993E-7
2018-02-19,1.7195939676639682E-6
2018-02-20,1.6328857795892324E-6
2018-02-21,2.6691989216071892E-6
2018-02-22,1.3832894483215509E-6
2018-02-23,5.961655157384197E-4
2018-02-24,1.8878326336772459E-4
2018-02-25,0.0015931977938882192
2018-02-26,0.00656292787776552
2018-02-27,1.0786337329157618E-4
2018-02-28,7.768591572787542E-6
2018-03-01,3.6964883677885634E-5
2018-03-02,1.2766744830395058E-4
2018-03-03,4.205981030002535E-4
2018-03-04,1.717892435589278E-4
2018-03-05,0.0017157893322056997
2018-03-06,4.2886913597928324E-4
2018-03-07,0.0
2018-03-08,1.7046927496267017E-6
2018-03-09,4.4565311196030357E-7
2018-03-10,5.0112691228789413E-8
2018-03-11,2.313454492782066E-6
2018-03-12,0.0014555965837715682
2018-03-13,0.003063423003541373
2018-03-14,9.414220708987616E-4
2018-03-15,0.01181847242920191
2018-03-16,0.024785547861652976
2018-03-17,0.01633387581116891
2018-03-18,5.383873260445078E-4
2018-03-19,1.7374292156091542E-6
2018-03-20,3.0908281403469905E-8
2018-03-21,2.336068345636121E-6
2018-03-22,5.253701710399461E-6
2018-03-23,0.0016604134573929574
2018-03-24,0.0014983222008674866
2018-03-25,1.0632493002355392E-4
2018-03-26,0.016154353177944714
2018-03-27,0.001857978378777585
2018-03-28,0.002501956445960621
2018-03-29,0.017523177535954896
2018-03-30,0.008562864907117596
2018-03-31,0.003871136542549373
2018-04-01,1.2069622661029395E-6
2018-04-02,1.8273051890338586E-5
2018-04-03,3.530515170510795E-4
2018-04-04,5.340666361637288E-4
2018-04-05,0.010191015553251524
2018-04-06,0.006510068035137799
2018-04-07,0.003228923233947314
2018-04-08,0.01079295557007449
2018-04-09,0.0017761221787072911
2018-04-10,0.002797135961694189
2018-04-11,0.012309907486915255
2018-04-12,0.008101809469444415
2018-04-13,0.01148149758192068
2018-04-14,0.004170027249465792
2018-04-15,0.010010675062077262
2018-04-16,0.0024874397727330426
2018-04-17,0.016597718631337688
2018-04-18,0.02260564434132135
2018-04-19,0.019363967173315885
2018-04-20,0.025968661250533417
2018-04-21,0.03350850991073257
2018-04-22,0.010180246553496822
2018-04-23,0.0031989799263332634
2018-04-24,2.674093755917781E-4
2018-04-25,0.004733286639206333
2018-04-26,0.0041047209487969595
2018-04-27,2.1591938241540275E-4
2018-04-28,0.013025448731120628
2018-04-29,0.022821442390681186
2018-04-30,0.0014103836139392346
2018-05-01,0.011251904677145059
2018-05-02,0.01690781425351457
2018-05-03,0.009049636721508705
2018-05-04,0.04193831636974681
2018-05-05,0.052085096744398915
2018-05-06,0.07249523497461687
2018-05-07,0.04670163462010252
2018-05-08,0.04065101233520951
2018-05-09,0.031467199618416715
2018-05-10,0.014820425798092231
2018-05-11,0.010931918711065856
2018-05-12,0.00121984787974399
2018-05-13,0.008400839243751729
2018-05-14,0.006629245899127755
2018-05-15,0.015352345258428178
2018-05-16,0.013024584625989183
2018-05-17,0.011053266122524462
2018-05-18,0.005584726060471448
2018-05-19,0.005426301634466719
2018-05-20,0.006617990701179823
2018-05-21,0.01571174929134474
2018-05-22,0.012478024782836907
2018-05-23,0.015443711046028352
2018-05-24,0.02430841108708216
2018-05-25,0.023558679655925393
2018-05-26,0.01566019485082394
2018-05-27,0.002080650736890565
2018-05-28,5.339150143668833E-4
2018-05-29,2.034139953523905E-4
2018-05-30,0.007351124926535388
2018-05-31,0.02430277526570688
2018-06-01,0.017159140491588964
2018-06-02,0.013553204675993587
2018-06-03,0.008716170350703241
2018-06-04,0.014945594262666612
2018-06-05,0.017171335044264893
2018-06-06,0.008504901745689157
2018-06-07,0.009135634452016173
2018-06-08,0.009065246876566948
2018-06-09,0.0180158334974781
2018-06-10,0.010970712413367877
2018-06-11,0.03237597133342092
2018-06-12,0.08031358465474711
2018-06-13,0.05616820208890352
2018-06-14,0.04976176625170356
2018-06-15,0.025289586584481938
2018-06-16,0.02229883104863731
2018-06-17,0.020502286760001872
2018-06-18,0.009820888913263482
2018-06-19,0.010392093877656569
2018-06-20,0.006800481106970151
2018-06-21,0.014626601971901224
2018-06-22,0.009263195686602183
2018-06-23,0.020643114279525338
2018-06-24,0.024989817601611505
2018-06-25,0.020557238597238056
2018-06-26,0.009476271638727435
2018-06-27,0.0046168711857910785
2018-06-28,0.00693349254733773
2018-06-29,0.011353232072103646
2018-06-30,0.01436055053175954
2018-07-01,0.014756177948336006
2018-07-02,0.028690853408623294
2018-07-03,0.03989990539359813
2018-07-04,0.029479707876547506
2018-07-05,0.009097310258038482
2018-07-06,0.003169291779041169
2018-07-07,0.02194609511481329
2018-07-08,0.007237456566250395
2018-07-09,0.007109683693690055
2018-07-10,0.01564673348098477
2018-07-11,0.0053316738508118276
2018-07-12,0.014446109732428528
2018-07-13,0.011961565102408343
2018-07-14,0.0111515400270757
2018-07-15,0.011495709731911507
2018-07-16,0.003033079923399146
2018-07-17,0.0016329560123068318
2018-07-18,0.0012062688985828723
2018-07-19,0.004346497671757291
2018-07-20,0.013636730001824793
2018-07-21,0.02903382941850723
2018-07-22,0.017314441946713447
2018-07-23,0.01739268914581642
2018-07-24,0.02240177759832251
2018-07-25,0.02785767335053223
2018-07-26,0.019663477225195097
2018-07-27,0.01667396926197807
2018-07-28,0.012365758598198629
2018-07-29,0.012723531089933468
2018-07-30,0.024110454320046257
2018-07-31,0.01632489437139984
2018-08-01,0.039874374880692724
2018-08-02,0.01973312874921677
2018-08-03,0.009837420645216949
2018-08-04,0.008252225723225263
2018-08-05,0.006374663454187345
2018-08-06,0.014161247244047302
2018-08-07,0.004267128489526593
2018-08-08,0.003898998805030989
2018-08-09,0.0020992739985271685
2018-08-10,0.001607734543739716
2018-08-11,0.010941605465862064
2018-08-12,0.015396761664804585
2018-08-13,0.008232464893944176
2018-08-14,0.02062442735182068
2018-08-15,0.019336636475419045
2018-08-16,0.0035749696835184466
2018-08-17,0.008419284399274037
2018-08-18,0.007238665620199586
2018-08-19,0.016882461755606485
2018-08-20,0.013152238444527446
2018-08-21,0.014480262158295315
2018-08-22,0.005098518577965361
2018-08-23,0.010586870168416494
2018-08-24,0.014864173557803124
2018-08-25,0.011623012959698718
2018-08-26,0.009315136773520132
2018-08-27,0.0103435628874109
2018-08-28,0.013957065215415019
2018-08-29,0.008328502371127052
2018-08-30,0.007335499266237884
2018-08-31,0.010896224603339789
2018-09-01,0.015221979585387062
2018-09-02,0.01179505940763592
2018-09-03,0.01023106939870774
2018-09-04,0.013665621429262477
2018-09-05,0.00846108107208019
2018-09-06,0.0016655543173639859
2018-09-07,7.355556424630714E-4
2018-09-08,0.0014908943269294126
2018-09-09,0.009582088479439423
2018-09-10,0.008979600230279697
2018-09-11,0.01854507468769508
2018-09-12,0.018981479422344072
2018-09-13,0.010219975799822749
2018-09-14,0.0017983340282488431
2018-09-15,0.0018022545698355957
2018-09-16,0.003656600399341198
2018-09-17,0.0022679767839481387
2018-09-18,0.0011209746540285289
2018-09-19,0.0011807551321044699
2018-09-20,0.003029743085879123
2018-09-21,0.008437524104566246
2018-09-22,4.1957131183216343E-4
2018-09-23,0.0019670146800595477
2018-09-24,0.00601785068660513
2018-09-25,0.01517343494982473
2018-09-26,0.008658980812422806
2018-09-27,0.005107511075552583
2018-09-28,0.001268592016855764
2018-09-29,0.0017600496435362131
2018-09-30,0.0033388704591108334
2018-10-01,5.953722770158956E-4
2018-10-02,6.352557583135809E-4
2018-10-03,8.605867774448693E-4
2018-10-04,2.4148506150080298E-4
2018-10-05,0.002060398658652989
2018-10-06,0.002514616504730933
2018-10-07,0.0017635382651138903
2018-10-08,0.0019153088085691243
2018-10-09,6.662006486652781E-4
2018-10-10,0.006548552003255884
2018-10-11,0.01061948657379866
2018-10-12,0.040064135670904145
2018-10-13,0.03397227072732987
2018-10-14,0.00276918971943373
2018-10-15,0.0012921030634178469
2018-10-16,1.0753521122688328E-5
2018-10-17,8.883897484831243E-5
2018-10-18,1.1020205704402536E-4
2018-10-19,1.370163296343964E-4
2018-10-20,6.0321220082311764E-5
2018-10-21,1.3637804001501733E-4
2018-10-22,3.1721936054312434E-5
2018-10-23,1.7529998630803065E-5
2018-10-24,1.2474308549862985E-5
2018-10-25,1.0704330705297876E-5
2018-10-26,2.916590068381646E-6
2018-10-27,0.0017832630867282877
2018-10-28,0.014058178463751538
2018-10-29,0.004119253092685896
2018-10-30,3.1905940588001716E-4
2018-10-31,0.001226379398259201
2018-11-01,1.0952285938284497E-4
2018-11-02,3.7655914923703733E-4
2018-11-03,0.0016261070234241544
2018-11-04,0.0024471197806007687
2018-11-05,0.0033200382212004317
2018-11-06,0.002870112211701851
2018-11-07,1.7298451778520562E-5
2018-11-08,3.723465937414429E-6
2018-11-09,3.7937731928908086E-5
2018-11-10,2.4413398828509062E-5
2018-11-11,3.398970326940268E-6
2018-11-12,1.896245349083553E-6
2018-11-13,4.20358354990193E-6
2018-11-14,3.3024674825502974E-5
2018-11-15,5.322916153943889E-4
2018-11-16,0.0013479868386188087
2018-11-17,0.0028159484934605844
2018-11-18,3.835411903222102E-5
2018-11-19,1.8823654100464088E-6
2018-11-20,2.542004920508068E-6
2018-11-21,2.818138613177173E-6
2018-11-22,2.046138204255483E-6
2018-11-23,1.7182330864702348E-7
2018-11-24,1.1872823183247123E-6
2018-11-25,0.0
2018-11-26,1.0826700350541668E-6
2018-11-27,0.0
2018-11-28,2.59550813552778E-6
2018-11-29,1.7106531799981894E-6
2018-11-30,2.6830143211933494E-6
2018-12-01,1.689507437579205E-7
2018-12-02,2.4779855860451057E-7
2018-12-03,3.26549386702521E-6
2018-12-04,1.9442389071896432E-6
2018-12-05,1.0149801053063719E-7
2018-12-06,5.317736603727602E-6
2018-12-07,3.122756023593722E-5
2018-12-08,3.919940377246439E-6
2018-12-09,1.643209944235045E-6
2018-12-10,1.1322612879593248E-6
2018-12-11,1.2792642578224228E-6
2018-12-12,9.094842338148573E-6
2018-12-13,2.4508290927002303E-6
2018-12-14,4.3833767003994217E-7
2018-12-15,8.553265615773853E-7
2018-12-16,1.287214558942651E-6
2018-12-17,0.008129674844309782
2018-12-18,0.027871445452616755
2018-12-19,9.352930191624373E-5
2018-12-20,4.088225769618544E-5
2018-12-21,1.321070583304454E-4
2018-12-22,1.1105132149672837E-5
2018-12-23,8.65489974191242E-7
2018-12-24,4.816996472523592E-5
2018-12-25,6.555018566282108E-5
2018-12-26,2.3769910266204242E-6
2018-12-27,1.3447892466091742E-6
2018-12-28,8.461315136801887E-6
2018-12-29,3.564622151634204E-6
2018-12-30,1.7220361382896956E-6
2018-12-31,3.3946052174363535E-6
2019-01-01,1.81337140199077E-6
2019-01-02,8.52346317969932E-7
2019-01-03,8.18271857465623E-11
2019-01-04,8.765895597596453E-7
2019-01-05,1.4979284622765693E-7
2019-01-06,2.8779016988165377E-6
2019-01-07,2.5769407097027528E-6
2019-01-08,1.021523593831551E-6
2019-01-09,8.218996351172797E-6
2019-01-10,2.3302781532343285E-6
2019-01-11,3.474488858979396E-6
2019-01-12,0.0
2019-01-13,8.583068797918258E-7
2019-01-14,1.3725795326399487E-6
2019-01-15,2.653836428774575E-5
2019-01-16,8.583068620282575E-7
2019-01-17,4.2319288695580326E-7
2019-01-18,2.574336008365208E-6
2019-01-19,4.891463684562253E-6
2019-01-20,1.4344743920977472E-6
2019-01-21,1.7054490050907592E-6
2019-01-22,4.03967895948818E-10
2019-01-23,1.2956584816093443E-6
2019-01-24,3.5308981538205427E-6
2019-01-25,2.1502867040167056E-6
2019-01-26,1.293008967456965E-6
2019-01-27,1.7981579578684754E-5
2019-01-28,5.752935122651738E-5
2019-01-29,5.576659089025936E-4
2019-01-30,0.0
2019-01-31,0.0
2019-02-01,2.5868415605145856E-6
2019-02-02,0.0
2019-02-03,0.0
2019-02-04,1.714922575501987E-6
2019-02-05,4.351138045421976E-7
2019-02-06,5.271461323595523E-7
2019-02-07,5.169004907656927E-6
2019-02-08,6.377534229137132E-4
2019-02-09,0.00167465264741943
2019-02-10,1.5480963981573924E-5
2019-02-11,1.7195939108205494E-6
2019-02-12,8.52346317969932E-7
2019-02-13,0.0
2019-02-14,8.553265615773853E-7
2019-02-15,8.570475051257715E-7
2019-02-16,4.775129244689399E-4
2019-02-17,0.005640480959777199
2019-02-18,3.5604175320699247E-4
2019-02-19,3.099746045697662E-4
2019-02-20,7.892719970390308E-4
2019-02-21,7.534975858208121E-5
2019-02-22,1.5545490316952245E-4
2019-02-23,5.384303042398902E-4
2019-02-24,1.9781366053935365E-6
2019-02-25,0.0032409754678703554
2019-02-26,0.01458266635784863
2019-02-27,0.006149201470551333
2019-02-28,0.016079398397461534
2019-03-01,3.2876844953939405E-5
2019-03-02,4.351138045421976E-7
2019-03-03,4.184814546838662E-8
2019-03-04,0.0013356228628379153
2019-03-05,0.0023782126149001167
2019-03-06,0.0012867192600447852
2019-03-07,6.530254764880748E-4
2019-03-08,1.8019357351298347E-6
2019-03-09,1.720740783429198E-6
2019-03-10,1.6874137958536211E-4
2019-03-11,3.5250609594391296E-4
2019-03-12,0.0011051345055410565
2019-03-13,6.013433032297675E-4
2019-03-14,1.3349902096755135E-4
2019-03-15,9.232858127192013E-6
2019-03-16,2.1123401259652547E-4
2019-03-17,1.5183180288122829E-6
2019-03-18,0.005449723416980641
2019-03-19,0.0033946616275465588
2019-03-20,0.002496724965727623
2019-03-21,0.0018824254937544415
2019-03-22,0.013623769296545378
2019-03-23,0.0010805260607283167
2019-03-24,2.1781480514576984E-6
2019-03-25,4.0431243146775095E-9
2019-03-26,4.910422896029635E-4
2019-03-27,0.0014911458558326616
2019-03-28,3.090612805647657E-8
2019-03-29,2.3463838375402302E-6
2019-03-30,0.004144256632601701
2019-03-31,0.026516446980265524
2019-04-01,0.009931827191046317
2019-04-02,0.022680342365820616
2019-04-03,2.0673606469900818E-4
2019-04-04,0.023994229954831865
2019-04-05,0.008330647858664584
2019-04-06,0.010288090381385484
2019-04-07,0.012450567090555203
2019-04-08,0.029459751495130165
2019-04-09,0.029975538722762023
2019-04-10,0.01565083796094368
2019-04-11,4.747853806562972E-4
2019-04-12,0.002410919605995147
2019-04-13,0.002249741437877197
2019-04-14,0.0025370138667801254
2019-04-15,0.004753983849821066
2019-04-16,0.01101581526551974
2019-04-17,1.2455886999660082E-5
2019-04-18,1.1406249900354555E-4
2019-04-19,0.0026282883021262467
2019-04-20,3.8468137418802486E-4
2019-04-21,4.6402234467330815E-4
2019-04-22,3.9720198449375814E-5
2019-04-23,4.496049313540342E-6
2019-04-24,6.286978980020288E-5
2019-04-25,2.502953515182215E-4
2019-04-26,0.003440112164943894
2019-04-27,0.013279927962088175
2019-04-28,0.022886370091755533
2019-04-29,0.01103134424400958
2019-04-30,0.010386001427747179
2019-05-01,0.013176579942576813
2019-05-02,0.0046849970980245275
2019-05-03,0.017841182241481776
2019-05-04,0.04124167581762298
2019-05-05,0.002114369771039556
2019-05-06,0.002744612162725779
2019-05-07,0.002435209782998686
2019-05-08,0.0043080278911352965
2019-05-09,0.004884609576158981
2019-05-10,0.004474208098818328
2019-05-11,0.009515273321226154
2019-05-12,0.008119546177054083
2019-05-13,0.019015288993269392
2019-05-14,0.02086321362137998
2019-05-15,0.018750205927152024
2019-05-16,0.011332825569473605
2019-05-17,0.017954470304653827
2019-05-18,0.02209097410466906
2019-05-19,0.00452365222112343
2019-05-20,0.0018531122923536715
2019-05-21,0.009989185553145832
2019-05-22,0.02691796589276197
2019-05-23,0.033082322510430306
2019-05-24,0.07439501715533312
2019-05-25,0.04618638026483259
2019-05-26,0.01961355249145932
2019-05-27,0.005474273873680399
2019-05-28,0.004378569459387684
2019-05-29,0.00300195003007154
2019-05-30,0.00593406274749772
2019-05-31,0.03142099813142506
2019-06-01,0.02300369657956866
2019-06-02,0.011203223351487875
2019-06-03,0.03355366163385934
2019-06-04,0.026371950331450882
2019-06-05,0.014292171249930572
2019-06-06,0.008225179021067933
2019-06-07,0.011720108604105809
2019-06-08,0.006544413834465722
2019-06-09,0.015140246326432598
2019-06-10,0.00782808968001123
2019-06-11,8.915155994851257E-4
2019-06-12,0.003168049473365328
2019-06-13,0.008075602177336728
2019-06-14,0.012429520151330227
2019-06-15,0.02478634485280754
2019-06-16,0.015830964083442756
2019-06-17,0.013934161604265152
2019-06-18,0.004637745054575462
2019-06-19,0.007266766372053614
2019-06-20,0.017263292030184278
2019-06-21,0.015556129611980723
2019-06-22,0.0061626703162930615
2019-06-23,0.0015840503295769565
2019-06-24,0.002640153715255494
2019-06-25,0.01862713067172132
2019-06-26,0.02923172131137696
2019-06-27,0.038522661492831456
2019-06-28,0.03118836095007015
2019-06-29,0.002728518122836444
2019-06-30,0.02114804834758596
2019-07-01,0.01147687523217491
2019-07-02,0.004625644834141511
2019-07-03,0.006965303039447419
2019-07-04,0.007329994132580786
2019-07-05,0.013906889476849853
2019-07-06,0.016724319765969067
2019-07-07,0.03206247729104484
2019-07-08,0.04424961345173376
2019-07-09,0.029421310097490976
2019-07-10,0.039374078473876674
2019-07-11,0.04695338360797498
2019-07-12,0.03353822400104899
2019-07-13,0.061778864987151474
2019-07-14,0.05830053881327044
2019-07-15,0.03307394988619523
2019-07-16,0.006776888794711907
2019-07-17,0.0015357191259898967
2019-07-18,0.015055010592231178
2019-07-19,0.004138756134182394
2019-07-20,0.009127012915763903
2019-07-21,0.010137255613416952
2019-07-22,0.01290753769133324
2019-07-23,0.012859579477076942
2019-07-24,0.014225807681719473
2019-07-25,0.013543691362926038
2019-07-26,0.018647275447328665
2019-07-27,0.006514448757338755
2019-07-28,0.0015911144982872676
2019-07-29,0.01155393012985467
2019-07-30,0.024047059419683305
2019-07-31,0.007272262266063898
2019-08-01,0.004494123476365019
2019-08-02,0.00897963256074017
2019-08-03,0.004690713213186044
2019-08-04,0.006775031334402932
2019-08-05,3.6934067919955897E-4
2019-08-06,0.008459081785441136
2019-08-07,0.019106912325440144
2019-08-08,0.010854248748602744
2019-08-09,0.005555079503102112
2019-08-10,0.007373137615781529
2019-08-11,0.008753167132262565
2019-08-12,0.01834537430391338
2019-08-13,0.02279919077368246
2019-08-14,0.017849320734425782
2019-08-15,0.028561612668237243
2019-08-16,0.028359398896978638
2019-08-17,0.02128908265661987
2019-08-18,0.009448654276959473
2019-08-19,0.0046718699752078575
2019-08-20,0.0028891452214092127
2019-08-21,0.01067354285643146
2019-08-22,0.027859094085204122
2019-08-23,0.03786888507349338
2019-08-24,0.014839538745009305
2019-08-25,0.007555681817748564
2019-08-26,0.007079637595323134
2019-08-27,0.0047516296144229295
2019-08-28,0.015708172537956602
2019-08-29,0.006211553718410928
2019-08-30,0.005193865611982078
2019-08-31,0.004704907725819001
2019-09-01,0.019289234027250315
2019-09-02,0.009706693835554102
2019-09-03,0.020550798607527176
2019-09-04,0.01269575914033767
2019-09-05,0.005803318006001456
2019-09-06,0.006797475342959845
2019-09-07,0.013431796975476896
2019-09-08,0.014455725204819053
2019-09-09,0.019170098858589394
2019-09-10,0.01738481069790682
2019-09-11,0.019084288244474838
2019-09-12,0.028683394054010103
2019-09-13,0.013765795662826891
2019-09-14,0.005678545317881728
2019-09-15,0.004282637726020262
2019-09-16,0.009493805510718701
2019-09-17,0.0011033311675241015
2019-09-18,7.49516341123235E-4
2019-09-19,0.0013795314457891994
2019-09-20,0.002013425761892971
2019-09-21,0.010661510971154097
2019-09-22,0.020190479922932006
2019-09-23,0.015618994851545455
2019-09-24,0.014787544341957492
2019-09-25,0.012232476636406668
2019-09-26,0.004837629716749479
2019-09-27,0.0038786990957342866
2019-09-28,0.014030796301352311
2019-09-29,0.011711052446007036
2019-09-30,0.015527303812303992
2019-10-01,0.012187803020174675
2019-10-02,0.0071250921494650996
2019-10-03,0.005234367743605829
2019-10-04,0.005361171170983012
2019-10-05,0.006487574831025471
2019-10-06,0.009722040494467836
2019-10-07,0.013144911011261059
2019-10-08,0.00429585920592811
2019-10-09,0.010590480801826792
2019-10-10,0.005745840466603388
2019-10-11,0.003144439749106853
2019-10-12,4.6179394323543177E-4
2019-10-13,8.86214013245196E-5
2019-10-14,6.445087750725506E-5
2019-10-15,0.0033047567863619992
2019-10-16,0.0038373804122504352
2019-10-17,5.641950189315116E-4
2019-10-18,4.6536059180416405E-4
2019-10-19,7.184555058484698E-4
2019-10-20,4.6927944165709785E-4
2019-10-21,0.003358652398765432
2019-10-22,0.0010649782895498284
2019-10-23,0.00322853548772993
2019-10-24,0.025030411007259636
2019-10-25,0.03390575281407515
2019-10-26,0.07613147090065342
2019-10-27,0.0012385393265699378
2019-10-28,7.240255615394321E-4
2019-10-29,9.337613929680882E-4
2019-10-30,3.16571088728713E-4
2019-10-31,1.5856875849597031E-4
2019-11-01,4.711612267654693E-6
2019-11-02,6.571199637272457E-5
2019-11-03,1.4719017172996708E-4
2019-11-04,1.0781514690378011E-4
2019-11-05,1.4956309744285128E-4
2019-11-06,3.016215028790381E-4
2019-11-07,4.858956860669086E-6
2019-11-08,0.012235854978576223
2019-11-09,0.01393286576802262
2019-11-10,0.00637748510367368
2019-11-11,0.005482954687862229
2019-11-12,5.448811574023621E-4
2019-11-13,3.8229572032228344E-5
2019-11-14,8.847724485964412E-6
2019-11-15,2.8928109590028758E-5
2019-11-16,2.2459450382382125E-5
2019-11-17,4.8025650855098076E-5
2019-11-18,8.840919660695032E-6
2019-11-19,1.1546777292138581E-4
2019-11-20,1.23237495477489E-4
2019-11-21,7.700166376689384E-6
2019-11-22,8.180058175238861E-5
2019-11-23,2.0606585185824607E-4
2019-11-24,3.077408717065559E-4
2019-11-25,1.0692511938122802E-4
2019-11-26,9.352847330832068E-7
2019-11-27,6.617380743741471E-6
2019-11-28,1.4703192422099173E-6
2019-11-29,1.4438354221471533E-6
2019-11-30,3.684036907433087E-6
2019-12-01,8.288627863625297E-6
2019-12-02,9.182465448584425E-7
2019-12-03,5.361239168004133E-6
2019-12-04,3.568931954095013E-6
2019-12-05,0.0
2019-12-06,0.0
2019-12-07,0.0
2019-12-08,1.6126724423011603E-5
2019-12-09,8.417415556984341E-5
2019-12-10,5.077340570143882E-5
2019-12-11,1.4925103014051054E-4
2019-12-12,5.278263042277599E-6
2019-12-13,8.583068620282575E-7
2019-12-14,1.2874602361989673E-6
2019-12-15,1.7536296906597656E-6
2019-12-16,1.0297990573963563E-5
2019-12-17,1.4627289870681795E-5
2019-12-18,2.088287855539482E-6
2019-12-19,5.523037876007875E-6
2019-12-20,7.4607546284797645E-6
2019-12-21,5.433216906351852E-5
2019-12-22,1.3073826956964576E-5
2019-12-23,8.878861204048115E-7
2019-12-24,2.5918011720469925E-6
2019-12-25,1.4317947960401032E-6
2019-12-26,0.0010026478336725624
2019-12-27,0.002893010913964995
2019-12-28,8.918275044232498E-7
2019-12-29,3.6064809870956574E-6
2019-12-30,8.675917992691554E-7
2019-12-31,1.0763844151806347E-6
2020-01-01,5.170299086388189E-4
2020-01-02,8.004136098041122E-4
2020-01-03,0.006274683200636361
2020-01-04,1.794096807859831E-4
2020-01-05,0.0029025311181998005
2020-01-06,1.6777082916982537E-5
2020-01-07,4.7215190581503636E-7
2020-01-08,6.442062974492943E-4
2020-01-09,0.001881599896989764
2020-01-10,5.0669657873969546E-5
2020-01-11,6.687938994754945E-5
2020-01-12,6.963278172333121E-7
2020-01-13,4.152106837738095E-6
2020-01-14,1.8402606334989474E-5
2020-01-15,3.930961535509548E-6
2020-01-16,1.7143987065537658E-6
2020-01-17,8.405303901781735E-7
2020-01-18,5.753595677655581E-6
2020-01-19,2.5146255507049726E-4
2020-01-20,3.121370318258305E-4
2020-01-21,1.9488082121651367E-6
2020-01-22,2.1285493960148185E-6
2020-01-23,5.747771404521123E-5
2020-01-24,1.428934031656022E-4
2020-01-25,1.2179330594277796E-7
2020-01-26,4.712096880314417E-6
2020-01-27,2.324501497218465E-4
2020-01-28,1.420392424033497E-4
2020-01-29,3.369676644553505E-5
2020-01-30,0.0013824992093189642
2020-01-31,0.0011791221998857715
2020-02-01,1.6513131396868378E-5
2020-02-02,1.7927430294180683E-6
2020-02-03,3.551879496936672E-6
2020-02-04,9.856741895955198E-9
2020-02-05,4.013041093523728E-6
2020-02-06,1.323818666311401E-6
2020-02-07,2.9897069655401866E-9
2020-02-08,2.511496823062299E-5
2020-02-09,2.4829262253866043E-5
2020-02-10,5.054654758100567E-7
2020-02-11,4.465818905770372E-6
2020-02-12,1.5609735849970925E-6
2020-02-13,1.7376132094102103E-7
2020-02-14,5.585623478338803E-5
2020-02-15,2.8715887166029996E-4
2020-02-16,3.483293742684021E-5
2020-02-17,2.592214081682159E-6
2020-02-18,2.2460709762021988E-6
2020-02-19,1.820613878318669E-6
2020-02-20,0.0
2020-02-21,8.523463748133508E-7
2020-02-22,3.402080564494016E-6
2020-02-23,3.8439475514300125E-5
2020-02-24,3.56860702627628E-4
2020-02-25,0.0022667672406683163
2020-02-26,0.008061973437891192
2020-02-27,1.9845931688485118E-4
2020-02-28,1.2560975872112214E-6
2020-02-29,1.7141699556641416E-6
2020-03-01,2.9801867640344426E-9
2020-03-02,3.4348674258144677E-6
2020-03-03,5.64198990814055E-4
2020-03-04,0.005112345933569649
2020-03-05,0.0024762279721181526
2020-03-06,0.005391815060130974
2020-03-07,0.0032450007478973812
2020-03-08,0.0023582912886196176
2020-03-09,4.913341916985991E-5
2020-03-10,9.573177795189656E-8
2020-03-11,1.7225742112714215E-6
2020-03-12,-1.1920917586394353E-8
2020-03-13,0.0
2020-03-14,2.770563391939273E-6
2020-03-15,8.773180015514351E-5
2020-03-16,0.0
2020-03-17,1.0518488497662958E-6
2020-03-18,1.952992079864904E-6
2020-03-19,1.7225742112714215E-6
2020-03-20,0.0012511023161584087
2020-03-21,1.4561630058094227E-4
2020-03-22,0.0010023220693100394
2020-03-23,8.158656402485312E-4
2020-03-24,5.210392650841289E-5
2020-03-25,2.4485889542309542E-6
2020-03-26,9.456233826675853E-6
2020-03-27,2.764234308562527E-7
2020-03-28,1.7274032958699814E-6
2020-03-29,8.626655874313711E-7
2020-03-30,0.0
2020-03-31,1.3004656125303882E-6
2020-04-01,0.0
2020-04-02,0.002589231518377123
2020-04-03,0.0034863051758269774
2020-04-04,1.7085151229898895E-4
2020-04-05,5.548784717152663E-4
2020-04-06,1.7832724345212734E-4
2020-04-07,2.2027239617938207E-5
2020-04-08,0.001982013530969973
2020-04-09,0.0046485345582397
2020-04-10,7.017463131258231E-5
2020-04-11,0.0010679244581674567
2020-04-12,0.0010631359458419724
2020-04-13,2.280831417424636E-5
2020-04-14,2.90187658429835E-4
2020-04-15,0.003701479122726753
2020-04-16,0.022819816685479458
2020-04-17,0.04275618732917692
2020-04-18,0.04622399104359599
2020-04-19,0.00766225858575347
2020-04-20,0.013830896454400407
2020-04-21,0.006648587804465289
2020-04-22,0.009285481730206853
2020-04-23,0.00809725341252509
2020-04-24,0.03629457517553463
2020-04-25,0.008297757243563448
2020-04-26,0.007427447663910816
2020-04-27,0.0029171393837542883
2020-04-28,0.00651527642816133
2020-04-29,0.012194739855691885
2020-04-30,0.0026134965375043625
2020-05-01,0.00237232087750158
2020-05-02,0.006127421577709111
2020-05-03,0.006951484810566293
2020-05-04,0.0024382798588806513
2020-05-05,0.012232095202300694
2020-05-06,0.012184583668763925
2020-05-07,6.580844133920063E-4
2020-05-08,0.0015346141572927345
2020-05-09,4.778567369962704E-4
2020-05-10,7.589925704866318E-5
2020-05-11,9.101294110276108E-4
2020-05-12,0.003045973856911846
2020-05-13,0.02138397530151929
2020-05-14,0.012880350372436422
2020-05-15,0.015755394895625607
2020-05-16,0.024500532192474153
2020-05-17,0.002604187587863297
2020-05-18,9.949069694115244E-4
2020-05-19,0.004681233450598112
2020-05-20,0.015084043257074216
2020-05-21,0.04671973434616032
2020-05-22,0.015982291699317152
2020-05-23,0.011731024999494502
2020-05-24,0.007376461134640571
2020-05-25,0.01602420713171105
2020-05-26,0.030800468622460123
2020-05-27,0.09517847724082086
2020-05-28,0.04668316727665962
2020-05-29,0.011049335733314472
2020-05-30,0.01358032747317705
2020-05-31,0.019006184657352355
2020-06-01,0.013489610657440448
2020-06-02,0.021170900022069044
2020-06-03,0.024835286100774838
2020-06-04,0.024402156525604148
2020-06-05,0.021285671739909
2020-06-06,0.014304391320163156
2020-06-07,0.00537579661116779
2020-06-08,0.0033516024905822185
2020-06-09,0.004372792930342224
2020-06-10,0.008002602321806334
2020-06-11,0.009739370338317292
2020-06-12,0.023626287982670857
2020-06-13,0.00901731211455227
2020-06-14,0.006920383232304134
2020-06-15,0.02505375350238643
2020-06-16,0.026532879549850497
2020-06-17,0.04990210853819785
2020-06-18,0.02358276528976278
2020-06-19,0.013748956747446547
2020-06-20,0.011835945925745495
2020-06-21,0.015021499852224835
2020-06-22,0.00846646258855142
2020-06-23,0.011592147755140515
2020-06-24,0.01159795200075373
2020-06-25,0.019615129597372574
2020-06-26,0.051238960275328205
2020-06-27,0.05339234448840165
2020-06-28,0.0472187479932147
2020-06-29,0.011202267852359815
2020-06-30,0.012344692125485817
2020-07-01,0.01743752228427423
2020-07-02,0.013627362007652888
2020-07-03,0.003969741274574592
2020-07-04,0.030920773258255062
2020-07-05,0.020523554353801484
2020-07-06,0.01317762062986014
2020-07-07,0.012581185380675203
2020-07-08,0.02574080111448131
2020-07-09,0.029760284587931243
2020-07-10,0.03956330130487093
2020-07-11,0.05331867670683951
2020-07-12,0.027364806183110782
2020-07-13,0.011167490918994986
2020-07-14,0.018674942456152702
2020-07-15,0.015091792367357462
2020-07-16,0.0039005963775586403
2020-07-17,0.00821060081772137
2020-07-18,0.012136951979098984
2020-07-19,0.028604271637135862
2020-07-20,0.038918851659282626
2020-07-21,0.05238322259028716
2020-07-22,0.02783451803803788
2020-07-23,0.011721790152994887
2020-07-24,0.003733701894560841
2020-07-25,0.0015724549532970253
2020-07-26,0.003719621472965088
2020-07-27,0.023244371511510886
2020-07-28,0.013343288796793048
2020-07-29,0.026327489349967627
2020-07-30,0.009985381948696406
2020-07-31,0.006234907964961791
2020-08-01,0.0019719882098067736
2020-08-02,0.004683006548812625
2020-08-03,0.007174288675705824
2020-08-04,0.00830152762243481
2020-08-05,0.024783238798293777
2020-08-06,0.014909238905658102
2020-08-07,0.009318218052904042
2020-08-08,0.009361914742974878
2020-08-09,0.008325669755930624
2020-08-10,0.007260673755147769
2020-08-11,0.01452554323855355
2020-08-12,0.006628827314743081
2020-08-13,0.0016693641534286769
2020-08-14,0.02421104347673835
2020-08-15,0.014857712303627445
2020-08-16,0.016717188751508044
2020-08-17,0.0275725687484693
2020-08-18,0.021077384792823166
2020-08-19,0.018393410741033362
2020-08-20,0.02116661797030589
2020-08-21,0.031640573873719297
2020-08-22,0.033429937452913915
2020-08-23,0.014012802007185824
2020-08-24,0.006696648966370291
2020-08-25,0.014198892638517948
2020-08-26,0.010404658349763805
2020-08-27,0.010460954193090432
2020-08-28,0.022409737091947504
2020-08-29,0.008930561702715029
2020-08-30,0.013117922728703556
2020-08-31,0.028974635811969393
2020-09-01,0.020600944656684914
2020-09-02,0.002104590841369822
2020-09-03,7.097259822780688E-4
2020-09-04,0.0010209724218715579
2020-09-05,0.0038707574066587642
2020-09-06,0.007152977637465917
2020-09-07,0.012845303871898944
2020-09-08,0.006590331367227739
2020-09-09,0.01243980586682856
2020-09-10,0.013484998815121696
2020-09-11,0.015572028191534089
2020-09-12,0.013427738537850413
2020-09-13,0.022637525566482134
2020-09-14,0.016281126184512773
2020-09-15,0.01971353607489643
2020-09-16,0.02058780821244842
2020-09-17,0.013618238982076945
2020-09-18,0.0012685191657117218
2020-09-19,2.093039076795857E-6
2020-09-20,0.021987989833645215
2020-09-21,0.04267751706335105
2020-09-22,0.02425940854700506
2020-09-23,0.030461091344067142
2020-09-24,0.033856721278818364
2020-09-25,0.02871445932603746
2020-09-26,0.03159399693498034
2020-09-27,0.018320125612204145
2020-09-28,0.001837309169545339
2020-09-29,0.0065444381539511475
2020-09-30,0.011620181865643219
2020-10-01,0.012678614132149373
2020-10-02,0.007028196816671791
2020-10-03,0.00329286769375877
2020-10-04,0.009222683539624852
2020-10-05,0.013015132302665986
2020-10-06,0.007977587607710699
2020-10-07,0.003836925906597535
2020-10-08,9.127254145435453E-4
2020-10-09,0.0016930761842545085
2020-10-10,0.01091257600555186
2020-10-11,0.004520473677900444
2020-10-12,0.001956602073838294
2020-10-13,0.0015848968390335
2020-10-14,0.003664148149721196
2020-10-15,2.816466099954065E-4
2020-10-16,8.453128410675512E-5
2020-10-17,0.0015041155194268285
2020-10-18,0.007763456574289448
2020-10-19,0.009854915512494138
2020-10-20,0.007133121860854201
2020-10-21,0.006732323940934828
2020-10-22,0.039253992160102495
2020-10-23,0.08427197664665557
2020-10-24,0.01629091223626468
2020-10-25,0.002945540850322781
2020-10-26,3.7009799942426324E-4
2020-10-27,1.70220208829826E-4
2020-10-28,1.1047385848326488E-5
2020-10-29,1.0508324664327294E-6
2020-10-30,3.546700818852605E-4
2020-10-31,0.01655723358671894
2020-11-01,0.008039362828511039
2020-11-02,0.001617222107858331
2020-11-03,0.002554600013888305
2020-11-04,0.0018646632452927639
2020-11-05,1.418969663471195E-4
2020-11-06,3.4434627028699627E-6
2020-11-07,1.7136334804490616E-6
2020-11-08,8.633879223310879E-7
2020-11-09,2.140202022363714E-6
2020-11-10,1.721102592000534E-6
2020-11-11,-8.767074177740142E-9
2020-11-12,8.52346317969932E-7
2020-11-13,1.0444550734763458E-6
2020-11-14,8.158703994239258E-7
2020-11-15,1.303206274217758E-6
2020-11-16,6.2483004319675525E-6
2020-11-17,1.1307660573788914E-4
2020-11-18,1.7852417088661407E-5
2020-11-19,8.559944915633674E-6
2020-11-20,3.855769465424422E-4
2020-11-21,0.0015890138599579824
2020-11-22,6.837498202833827E-5
2020-11-23,1.733715651352282E-7
2020-11-24,1.7106532936850272E-6
2020-11-25,2.164408343308008E-6
2020-11-26,2.7383252375387743E-7
2020-11-27,3.7900026823054856E-7
2020-11-28,4.351138045421976E-7
2020-11-29,1.3746148933565E-6
2020-11-30,4.351138045421976E-7
2020-12-01,5.25468346700503E-8
2020-12-02,3.119779278103981E-6
2020-12-03,-1.2042923422323035E-8
2020-12-04,7.731884282456297E-6
2020-12-05,1.7863549986842943E-4
2020-12-06,4.947185205252274E-4
2020-12-07,2.829438129256917E-4
2020-12-08,6.977334532434542E-5
2020-12-09,2.8501519147229164E-4
2020-12-10,4.635198733021073E-4
2020-12-11,2.5351532362980774E-4
2020-12-12,1.4516463901610734E-4
2020-12-13,6.290506416249534E-5
2020-12-14,2.6029188002554047E-6
2020-12-15,4.504432826372931E-6
2020-12-16,2.5808112252763096E-6
2020-12-17,5.049668796154055E-6
2020-12-18,8.52346317969932E-7
2020-12-19,0.0
2020-12-20,8.583068797918258E-7
2020-12-21,2.14601732295705E-6
2020-12-22,3.00300724782868E-8
2020-12-23,3.129207572160366E-6
2020-12-24,5.035863629055223E-7
2020-12-25,1.2845866876887158E-6
2020-12-26,2.1516208903449296E-6
2020-12-27,1.5938949095760042E-6
2020-12-28,2.8927524148473227E-6
2020-12-29,5.165433626223216E-6
2020-12-30,9.488136792547505E-7
2020-12-31,9.899700747370842E-7
2021-01-01,6.679019142437533E-7
2021-01-02,0.0
2021-01-03,8.742003032802004E-7
2021-01-04,2.194905626644916E-6
2021-01-05,8.52346317969932E-7
2021-01-06,8.583068833445395E-7
2021-01-07,0.0
2021-01-08,8.583068797918258E-7
2021-01-09,1.4925191108949876E-5
2021-01-10,2.7529084127677044E-5
2021-01-11,3.749214670355119E-5
2021-01-12,1.2676246949783329E-5
2021-01-13,8.597038739767442E-7
2021-01-14,2.7019223736289665E-6
2021-01-15,1.221766017075908E-7
2021-01-16,5.971515454308836E-7
2021-01-17,6.759175330917271E-7
2021-01-18,2.6882731683770426E-6
2021-01-19,2.878366130797162E-4
2021-01-20,0.0035011995157409963
2021-01-21,2.593725532121052E-4
2021-01-22,0.0
2021-01-23,4.351138045421976E-7
2021-01-24,3.1659196566984153E-7
2021-01-25,1.936626399872621E-6
2021-01-26,4.809051590247713E-7
2021-01-27,4.351138045421976E-7
2021-01-28,1.2814997489840607E-6
2021-01-29,1.1701068896297588E-5
2021-01-30,1.3042228545487636E-5
2021-01-31,1.1022996076623083E-5
2021-02-01,1.2818524055546732E-6
2021-02-02,1.2929727817645273E-6
2021-02-03,1.7200663364747015E-6
2021-02-04,1.314689773705083E-6
2021-02-05,1.725554398035456E-6
2021-02-06,3.474134408809001E-5
2021-02-07,3.036408367738185E-4
2021-02-08,8.546719495720386E-7
2021-02-09,1.7225742112714215E-6
2021-02-10,0.0
2021-02-11,5.68317797099703E-7
2021-02-12,8.534316048545708E-7
2021-02-13,1.002695158391267E-6
2021-02-14,3.550707918719318E-6
2021-02-15,9.294102207441767E-7
2021-02-16,8.52346317969932E-7
2021-02-17,3.1833745964768826E-6
2021-02-18,4.351138045421976E-7
2021-02-19,4.170546469660853E-7
2021-02-20,7.783057372694073E-9
2021-02-21,1.0852868846386157E-9
2021-02-22,2.9967990258228383E-6
2021-02-23,8.523453516318114E-7
2021-02-24,8.52346317969932E-7
2021-02-25,1.285980043211425E-4
2021-02-26,3.203234651978505E-5
2021-02-27,1.3473419200000155E-4
2021-02-28,3.2601684154810565E-5
2021-03-01,5.615805949789341E-4
2021-03-02,5.945572704938105E-5
2021-03-03,9.040580793267729E-5
2021-03-04,4.351138045421976E-7
2021-03-05,0.005299638981741291
2021-03-06,0.01562091502581718
2021-03-07,0.0013793997922164252
2021-03-08,0.004392491097565976
2021-03-09,0.00705118016097587
2021-03-10,0.0030341356803113345
2021-03-11,1.4726361494880404E-5
2021-03-12,6.135949725016003E-5
2021-03-13,1.454324452513092E-4
2021-03-14,1.2313769576173604E-4
2021-03-15,2.3457528469588795E-5
2021-03-16,1.4182020818567002E-6
2021-03-17,1.6962999098602324E-6
2021-03-18,8.52346317969932E-7
2021-03-19,3.003499841724988E-6
2021-03-20,1.120076743857528E-6
2021-03-21,1.7299816567163767E-6
2021-03-22,4.846706038954631E-6
2021-03-23,5.314511036686187E-7
2021-03-24,4.37869285582896E-5
2021-03-25,8.553265615773853E-7
2021-03-26,4.261732051702438E-7
2021-03-27,2.575286202954885E-6
2021-03-28,1.2806219729100121E-6
2021-03-29,0.01238327679612016
2021-03-30,0.025597521473545912
2021-03-31,0.038725388624070455
2021-04-01,0.007300751872419329
2021-04-02,0.004153198943976273
2021-04-03,4.061822491051165E-6
2021-04-04,0.0016240876885849054
2021-04-05,2.7709186011671095E-6
2021-04-06,4.7395985452955154E-7
2021-04-07,5.498443152001831E-4
2021-04-08,0.007456716356336036
2021-04-09,0.004227987954640666
2021-04-10,0.002351669438743179
2021-04-11,1.5001102502222393E-4
2021-04-12,7.835996322474085E-5
2021-04-13,4.6383935085695266E-4
2021-04-14,6.465887178809696E-4
2021-04-15,7.047647629636923E-4
2021-04-16,0.007432150476828772
2021-04-17,0.002283519642541024
2021-04-18,0.009739912004899091
2021-04-19,0.002810896308608138
2021-04-20,0.0017298560167495925
2021-04-21,9.209859362571914E-5
2021-04-22,0.006137959581759057
2021-04-23,3.9778962039267484E-6
2021-04-24,2.268689698914092E-6
2021-04-25,2.2220669710400143E-6
2021-04-26,1.1869573351964782E-5
2021-04-27,0.0014359249018128942
2021-04-28,8.658654827441185E-4
2021-04-29,1.3342158297774555E-4
2021-04-30,0.0020011536788916407
2021-05-01,0.0015257586400977449
2021-05-02,0.00862076371348318
2021-05-03,0.021509680859524243
2021-05-04,0.01220788396076163
2021-05-05,0.005521698315347905
2021-05-06,0.00469270872404914
2021-05-07,0.0048746881556426735
2021-05-08,0.002713264829419942
2021-05-09,0.003543676527003583
2021-05-10,0.009869242065307881
2021-05-11,0.010664916861069004
2021-05-12,0.007690341919626461
2021-05-13,0.039789712851243615
2021-05-14,0.006635700943814686
2021-05-15,0.010470808300274966
2021-05-16,0.001993999003841733
2021-05-17,0.0054708010676461985
2021-05-18,0.05314573157605428
2021-05-19,0.04029468709333287
2021-05-20,0.005991640450936526
2021-05-21,0.001698629806151969
2021-05-22,0.0018815973508737008
2021-05-23,2.5521263652454216E-4
2021-05-24,0.015906475915775636
2021-05-25,0.01641881506610124
2021-05-26,0.002904862489388237
2021-05-27,7.222224448974424E-4
2021-05-28,6.737991512855356E-4
2021-05-29,0.0019525544534873417
2021-05-30,0.00686978541137787
2021-05-31,0.026769749375350916
2021-06-01,0.026126842185040664
2021-06-02,0.012332050818411601
2021-06-03,0.007771147777487339
2021-06-04,0.015447197675360423
2021-06-05,0.026112576701560322
2021-06-06,0.01848592618771382
2021-06-07,0.03642669369116682
2021-06-08,0.02424475118163109
2021-06-09,0.001866911916719007
2021-06-10,0.017393668203943044
2021-06-11,0.024878324277139135
2021-06-12,0.016832028953412365
2021-06-13,0.009773461318585579
2021-06-14,0.004826775519231151
2021-06-15,0.016030530488369537
2021-06-16,0.005860871099737691
2021-06-17,0.010972028236415693
2021-06-18,0.027650855558283765
2021-06-19,0.02856669345280492
2021-06-20,0.016179463273274464
2021-06-21,0.010896204570469832
2021-06-22,0.0076318034262670975
2021-06-23,0.014453861366251654
2021-06-24,0.010284925004530161
2021-06-25,0.008264091574041265
2021-06-26,0.012552218261051044
2021-06-27,0.008989698374805422
2021-06-28,0.018386085774496474
2021-06-29,0.034557958545018336
2021-06-30,0.052589331569769165
2021-07-01,0.04975245717546844
2021-07-02,0.052590526123611925
2021-07-03,0.020170431942357167
2021-07-04,0.009122163741871827
2021-07-05,0.012974249211291798
2021-07-06,0.018275247145164212
2021-07-07,0.049683570129242786
2021-07-08,0.0018282271501122316
2021-07-09,0.001291059180119144
2021-07-10,0.0033000877253075668
2021-07-11,0.0023688566632019395
2021-07-12,0.020970983926783423
2021-07-13,0.015145739575812929
2021-07-14,0.0023972004977742376
2021-07-15,0.0019460184061468777
2021-07-16,0.026389924832162147
2021-07-17,0.011421018398636013
2021-07-18,0.0213177266139178
2021-07-19,0.03541737684107928
2021-07-20,0.016058916452130836
2021-07-21,0.0012206973716875032
2021-07-22,0.01348371180926444
2021-07-23,0.0172786234543144
2021-07-24,0.011459627917214473
2021-07-25,0.012320267384305719
2021-07-26,0.010097688214277797
2021-07-27,0.010836993936513897
2021-07-28,0.01951543366752368
2021-07-29,0.019597143063180274
2021-07-30,0.03375891811800677
2021-07-31,0.016773319783902334
2021-08-01,0.027113998513300302
2021-08-02,0.04078051991553055
2021-08-03,0.004977293311518999
2021-08-04,0.005165674701935984
2021-08-05,0.013147051004488347
2021-08-06,0.03089033794236013
2021-08-07,0.03165647851411422
2021-08-08,0.015537423608249225
2021-08-09,0.013890111569907031
2021-08-10,0.015849812245696274
2021-08-11,0.030215691756837654
2021-08-12,0.018387427079409283
2021-08-13,0.02759059764002586
2021-08-14,0.020201248451718112
2021-08-15,0.009436921566035705
2021-08-16,0.015317711666824515
2021-08-17,0.02528555552900975
2021-08-18,0.04056522643283685
2021-08-19,0.012202539733063901
2021-08-20,0.007017697632204375
2021-08-21,0.003584788229666359
2021-08-22,0.0090310931132486
2021-08-23,0.02779179729855578
2021-08-24,0.023079063460883325
2021-08-25,0.01769843934944597
2021-08-26,0.01398768289454996
2021-08-27,0.0026879070980592224
2021-08-28,0.015261985506276025
2021-08-29,0.013539453931239882
2021-08-30,0.020506076611185888
2021-08-31,0.004598529250877796
2021-09-01,0.013790305038391862
2021-09-02,0.006823668393939642
2021-09-03,0.005485785053133233
2021-09-04,0.006648804472283989
2021-09-05,0.024914825705951354
2021-09-06,0.023160195512803662
2021-09-07,0.005280061400350119
2021-09-08,0.004453399330275261
2021-09-09,0.00556432703200023
2021-09-10,0.0022880882073902176
2021-09-11,0.002836200490680044
2021-09-12,0.00953885293851009
2021-09-13,0.01767105418991526
2021-09-14,0.006962117315356108
2021-09-15,0.0142028650753188
2021-09-16,0.02185040201192784
2021-09-17,0.012936077311928511
2021-09-18,0.020601960258676832
2021-09-19,0.0022741403366947225
2021-09-20,0.0022773411633134587
2021-09-21,0.004955269142107823
2021-09-22,5.627472068888004E-4
2021-09-23,6.30621181345749E-4
2021-09-24,7.064671935219029E-4
2021-09-25,0.004526249314120166
2021-09-26,0.0015545612701914986
2021-09-27,9.350218361168241E-4
2021-09-28,0.014842009396981307
2021-09-29,0.0051960051417696464
2021-09-30,9.482504814012289E-4
2021-10-01,0.0034792920339603672
2021-10-02,0.013300190871447798
2021-10-03,0.015532886951441225
2021-10-04,0.012008909754067489
2021-10-05,0.0044865126760374715
2021-10-06,0.0011574041490329352
2021-10-07,0.0015873296627764068
2021-10-08,0.0016457092839513904
2021-10-09,0.0013883838643228388
2021-10-10,6.701268109283008E-4
2021-10-11,2.949868515301301E-5
2021-10-12,9.212904986629E-4
2021-10-13,0.0013673059698301932
2021-10-14,3.00755088675621E-4
2021-10-15,0.0025600291137244063
2021-10-16,0.0012924065720828284
2021-10-17,0.0021496902078793237
2021-10-18,0.007959696150894459
2021-10-19,0.024342848369106405
2021-10-20,0.019924415364603085
2021-10-21,0.0039841720655646624
2021-10-22,2.831637165057257E-4
2021-10-23,1.0333818760760173E-5
2021-10-24,6.0392742642777495E-5
2021-10-25,9.400280440577472E-5
2021-10-26,8.353616924403921E-5
2021-10-27,7.515516272618792E-5
2021-10-28,6.057784865701819E-5
2021-10-29,4.7709826013945435E-5
2021-10-30,1.2756895974296565E-4
2021-10-31,1.0305023692935882E-4
2021-11-01,8.381756743943761E-7
2021-11-02,1.7196620155186923E-6
2021-11-03,1.7107620945384672E-6
2021-11-04,2.5941739501195657E-6
2021-11-05,8.523463748133508E-7
2021-11-06,4.354321665721665E-7
2021-11-07,1.7203702782353503E-6
2021-11-08,1.7093202018259035E-6
2021-11-09,1.850000741910006E-6
2021-11-10,7.075206814825661E-6
2021-11-11,1.5237029230796108E-5
2021-11-12,1.3686825098945673E-5
2021-11-13,5.081189384470834E-4
2021-11-14,2.9395796865156826E-4
2021-11-15,5.096305522453667E-4
2021-11-16,3.476973599230134E-5
2021-11-17,8.52346317969932E-7
2021-11-18,8.583068797918258E-7
2021-11-19,8.523463748133508E-7
2021-11-20,1.2755393754559918E-6
2021-11-21,9.33973886386764E-7
2021-11-22,5.533874322573693E-6
2021-11-23,2.5083778790314288E-5
2021-11-24,1.2814997489840607E-6
2021-11-25,4.380941049930698E-7
2021-11-26,0.0
2021-11-27,8.553266184208042E-7
2021-11-28,4.368416739453096E-10
2021-11-29,4.351138045421976E-7
2021-11-30,1.7195939676639682E-6
2021-12-01,8.553265615773853E-7
2021-12-02,1.7225741544280027E-6
2021-12-03,1.341038943379538E-6
2021-12-04,4.981890048974616E-4
2021-12-05,0.00749602652152655
2021-12-06,0.05701186284515906
2021-12-07,0.013386010982150321
2021-12-08,2.6603383825004446E-4
2021-12-09,8.404030754268917E-5
2021-12-10,4.974485816476751E-4
2021-12-11,2.4889026642882282E-5
2021-12-12,2.0236931095233546E-6
2021-12-13,8.553266184208042E-7
2021-12-14,2.302681992512727E-6
2021-12-15,4.410743663640915E-7
2021-12-16,9.725651989093409E-7
2021-12-17,4.351138045421976E-7
2021-12-18,1.954679199725907E-7
2021-12-19,9.830804229471727E-8
2021-12-20,1.2934207802572928E-6
2021-12-21,1.8684979463446196E-4
2021-12-22,0.001809655678480011
2021-12-23,1.0471398775288138E-4
2021-12-24,8.182757232583954E-6
2021-12-25,5.113470416537601E-6
2021-12-26,4.69658505912618E-5
2021-12-27,6.530841657004624E-8
2021-12-28,4.427384729205372E-7
2021-12-29,4.32120376250859E-6
2021-12-30,7.951782034762402E-5
2021-12-31,8.52346317969932E-7
2022-01-01,6.509213871011873E-6
2022-01-02,0.0
2022-01-03,1.6901151980164286E-6
2022-01-04,0.0
2022-01-05,1.6215994867975317E-8
2022-01-06,4.380871460705885E-7
2022-01-07,6.598586302361108E-7
2022-01-08,0.0
2022-01-09,8.553266184208042E-7
2022-01-10,1.2966999717240463E-6
2022-01-11,0.0016112443125640805
2022-01-12,0.008648254165070597
2022-01-13,0.0026527493254102927
2022-01-14,6.663081213459816E-4
2022-01-15,0.001378291324832545
2022-01-16,1.3857524346754046E-6
2022-01-17,2.3363948875121013E-6
2022-01-18,3.5390447084806902E-6
2022-01-19,2.1293732558371703E-4
2022-01-20,0.0016305891445901229
2022-01-21,5.422110494857087E-4
2022-01-22,9.951508780437306E-6
2022-01-23,2.484818845125981E-4
2022-01-24,0.0010695485527481138
2022-01-25,6.675493974572063E-4
2022-01-26,0.0037347305139709772
2022-01-27,0.004618984756700106
2022-01-28,3.5561739594492854E-6
2022-01-29,3.277263574177938E-6
2022-01-30,1.4160907579648643E-5
2022-01-31,5.956818162377137E-5
2022-02-01,0.004169748843130703
2022-02-02,1.7668549725086014E-4
2022-02-03,5.588211545487925E-4
2022-02-04,0.01439546039811346
2022-02-05,0.0030281862494928396
2022-02-06,4.5197025588331714E-5
2022-02-07,5.055881253540036E-6
2022-02-08,7.006703383664679E-6
2022-02-09,4.990168876289539E-6
2022-02-10,6.079200941232995E-4
2022-02-11,4.0305528595957446E-5
2022-02-12,1.0861284126436095E-6
2022-02-13,2.573267693151138E-6
2022-02-14,2.570480319263879E-6
2022-02-15,8.634974619781133E-7
2022-02-16,6.434200816071793E-10
2022-02-17,0.0
2022-02-18,1.9642723605811947E-6
2022-02-19,8.615441338122309E-7
2022-02-20,0.002865610524392895
2022-02-21,2.6882458801214427E-4
2022-02-22,1.0673816534615805E-5
2022-02-23,4.313043685325637E-6
2022-02-24,0.0031886451140132263
2022-02-25,0.008027057538212734
2022-02-26,3.146138656450345E-5
2022-02-27,1.4423892402588918E-5
2022-02-28,1.84661037970488E-4
2022-03-01,1.7402683723868667E-5
2022-03-02,1.086393636781085E-6
2022-03-03,1.7379450468585196E-6
2022-03-04,1.2874602930423862E-6
2022-03-05,2.8509056409679175E-6
2022-03-06,4.288553100195713E-6
2022-03-07,2.157688072657038E-6
2022-03-08,0.0
2022-03-09,2.1622967739669466E-6
2022-03-10,8.52346317969932E-7
2022-03-11,8.583068833445395E-7
2022-03-12,8.665701329846343E-7
2022-03-13,4.351138045421976E-7
2022-03-14,1.7278051778687463E-6
2022-03-15,2.515539957608791E-7
2022-03-16,4.876576245264573E-7
2022-03-17,1.0207656497959497E-6
2022-03-18,0.0
2022-03-19,8.52346317969932E-7
2022-03-20,3.010713953699451E-6
2022-03-21,8.603078072155768E-7
2022-03-22,7.3696008067111E-7
2022-03-23,7.605868426313375E-4
2022-03-24,0.009728943265733293
2022-03-25,0.012184337549612985
2022-03-26,0.01668398531013831
2022-03-27,7.255920293024598E-4
2022-03-28,0.0019266398462084683
2022-03-29,0.005513662292342504
2022-03-30,0.0037115747628012155
2022-03-31,0.008159475204658656
2022-04-01,0.010491063491703177
2022-04-02,0.0024570879698380134
2022-04-03,0.012745081501872906
2022-04-04,0.009933643934861238
2022-04-05,0.0021767601843979364
2022-04-06,0.0015468302669976884
2022-04-07,0.0011483425275511285
2022-04-08,0.003295663446187974
2022-04-09,0.006062069862564179
2022-04-10,0.014694208960571047
2022-04-11,0.03288980591757726
2022-04-12,0.004166668283825956
2022-04-13,0.00786963269372896
2022-04-14,0.018946323626044866
2022-04-15,0.0129838895680838
2022-04-16,0.018306538400531525
2022-04-17,0.017915353140976746
2022-04-18,0.006120009969580736
2022-04-19,0.010308755369528532
2022-04-20,0.02074867161922993
2022-04-21,0.0010340425817619995
2022-04-22,0.017591002440961203
2022-04-23,0.0097644620374803
2022-04-24,0.003422888866709488
2022-04-25,0.0033901998459958714
2022-04-26,0.0035525423075361655
2022-04-27,0.0038061108181418053
2022-04-28,0.001135702900631579
2022-04-29,0.006565405671635473
2022-04-30,0.0054569593471436905
2022-05-01,0.00901123890858958
2022-05-02,0.006233562197040961
2022-05-03,0.03402453633832794
2022-05-04,0.0040637781415318
2022-05-05,8.190662503593977E-4
2022-05-06,0.001270780861377716
2022-05-07,6.228312539916512E-4
2022-05-08,7.430013992596927E-4
2022-05-09,0.008216367821198332
2022-05-10,0.026489731676311707
2022-05-11,0.04306360648542056
2022-05-12,0.03172504448304977
2022-05-13,0.04224936115895155
2022-05-14,0.03181836664021567
2022-05-15,0.024964872320820834
2022-05-16,0.020424527646840322
2022-05-17,0.018547445605858914
2022-05-18,0.02925324118152969
2022-05-19,0.0210594648101254
2022-05-20,0.012357711732559814
2022-05-21,0.02042212963571164
2022-05-22,0.006669977713338566
2022-05-23,0.0016888430606371465
2022-05-24,0.003586587914869663
2022-05-25,0.010069276284690206
2022-05-26,0.014379092334317875
2022-05-27,0.007772785250334384
2022-05-28,0.003793979363704358
2022-05-29,0.01760429982092073
2022-05-30,0.008850806253289378
2022-05-31,0.01309947873169968
2022-06-01,0.01670183925701015
2022-06-02,0.01797773853503747
2022-06-03,0.023571986454410207
2022-06-04,0.027398116390257108
2022-06-05,0.020536702582297995
2022-06-06,0.016911046713746714
2022-06-07,0.022390681536109132
2022-06-08,0.008247929929004938
2022-06-09,0.04463992812146259
2022-06-10,0.013720704239854428
2022-06-11,0.007119642412438944
2022-06-12,0.018179473173441294
2022-06-13,0.022139038018489703
2022-06-14,0.03693020265174259
2022-06-15,0.051990743264338196
2022-06-16,0.04712294970332201
2022-06-17,0.05984110663259341
2022-06-18,0.059318321392555634
2022-06-19,0.04575193975908866
2022-06-20,0.03999813141290509
2022-06-21,0.01868081707873441
2022-06-22,0.014524811129430661
2022-06-23,0.0058888250563480845
2022-06-24,0.0066495541308086124
2022-06-25,0.004765026545645529
2022-06-26,0.0029858480207561847
2022-06-27,0.008265649474334015
2022-06-28,0.011436420398250486
2022-06-29,0.028343449716359898
2022-06-30,0.014969149605731749
2022-07-01,0.008548863972584208
2022-07-02,0.007175836028218959
2022-07-03,0.003006652067232349
2022-07-04,0.0030202773867954295
2022-07-05,0.014523180812899075
2022-07-06,0.0014181811693097222
2022-07-07,0.00265426287893662
2022-07-08,0.006022831760561017
2022-07-09,0.0060590146668153605
2022-07-10,0.01188600477300496
2022-07-11,0.008601627299895867
2022-07-12,0.011251055636531709
2022-07-13,0.015079648814158597
2022-07-14,0.01912399581186546
2022-07-15,0.013440509692420933
2022-07-16,0.010445451125726883
2022-07-17,0.007375181039094237
2022-07-18,0.008938272062667533
2022-07-19,0.014481081067540754
2022-07-20,0.011034904612459385
2022-07-21,0.005469343271934953
2022-07-22,0.013191196253444021
2022-07-23,0.03554313896838276
2022-07-24,0.030248518872210688
2022-07-25,0.014764336264890019
2022-07-26,0.01094558539538047
2022-07-27,0.0016365936148490547
2022-07-28,0.004400441294945061
2022-07-29,0.006963873442120761
2022-07-30,0.015290686749615312
2022-07-31,0.010996141687375123
2022-08-01,0.012618079103672183
2022-08-02,0.016182514474686525
2022-08-03,0.009362656200633422
2022-08-04,0.002623180330841555
2022-08-05,0.014286101631829163
2022-08-06,0.008797748691739722
2022-08-07,0.014182432480018775
2022-08-08,0.015900087475862804
2022-08-09,0.0010540902233689242
2022-08-10,0.0019528389269856234
2022-08-11,5.488786454440417E-4
2022-08-12,0.001167389951668529
2022-08-13,0.0025803433803634392
2022-08-14,0.012110629656601514
2022-08-15,0.004164499399088892
2022-08-16,0.0017124803212633108
2022-08-17,0.0017150085630444434
2022-08-18,0.003388300211943997
2022-08-19,0.005087865720697087
2022-08-20,0.003913907384562702
2022-08-21,0.0046129376629369685
2022-08-22,0.018021694171991308
2022-08-23,0.01320670707324097
2022-08-24,0.0010227602681045628
2022-08-25,2.6532151795038734E-4
2022-08-26,0.006161159043970136
2022-08-27,0.012612471181274837
2022-08-28,0.0023694994502968746
2022-08-29,8.583517531955864E-4
2022-08-30,0.0017104683453647476
2022-08-31,0.009540400831702508
2022-09-01,0.021107954796327676
2022-09-02,0.023762621827323048
2022-09-03,0.03562848460764485
2022-09-04,0.02821331994636742
2022-09-05,0.015637063025193975
2022-09-06,0.0043197569235815135
2022-09-07,0.004917759475817932
2022-09-08,0.0015714258772864492
2022-09-09,0.0033705632896326907
2022-09-10,0.027364357041914984
2022-09-11,0.01744543281050033
2022-09-12,0.012808357639981144
2022-09-13,0.022198586064153324
2022-09-14,0.008278580392269395
2022-09-15,0.0150162523251641
2022-09-16,0.0141619571616562
2022-09-17,0.0022892615045306385
2022-09-18,0.01282223518054457
2022-09-19,0.008467243072352694
2022-09-20,0.004653252283961789
2022-09-21,0.0043976984379780785
2022-09-22,0.00878701628407062
2022-09-23,0.00913263970898557
2022-09-24,0.01559601278664664
2022-09-25,0.006049908699225494
2022-09-26,0.009200409465501087
2022-09-27,0.004078299928171636
2022-09-28,0.01068786133828069
2022-09-29,0.0010261850372397918
2022-09-30,8.500512047654634E-4
2022-10-01,0.012560829364289094
2022-10-02,0.016411101402058086
2022-10-03,0.01576586435331053
2022-10-04,0.004806443695079641
2022-10-05,0.007307710185095861
2022-10-06,0.005846563346778902
2022-10-07,0.001370784565806389
2022-10-08,0.013060740175619293
2022-10-09,0.006529577668072526
2022-10-10,0.012066987872560943
2022-10-11,0.011757295281125634
2022-10-12,0.012811774036955133
2022-10-13,0.007163588453694927
2022-10-14,0.0012231789761835313
2022-10-15,2.6838756973028828E-5
2022-10-16,1.112019968475138E-5
2022-10-17,0.006457678141168091
2022-10-18,0.002220068508875169
2022-10-19,2.7479922621615664E-4
2022-10-20,2.6126180472473043E-5
2022-10-21,1.2945922123903488E-9
2022-10-22,5.845045078696544E-9
2022-10-23,0.0038485704289128895
2022-10-24,0.0439149595194125
2022-10-25,0.01170799445342193
2022-10-26,4.288068939151104E-4
2022-10-27,6.391705095764685E-5
2022-10-28,2.2995492464634103E-6
2022-10-29,1.3740801583517587E-6
2022-10-30,1.0663658243349527E-4
2022-10-31,2.589926463180799E-6
2022-11-01,2.2247222065975025E-6
2022-11-02,3.6551166811982444E-4
2022-11-03,4.3841306442661917E-4
2022-11-04,1.7492636085073875E-4
2022-11-05,1.9083307529363977E-4
2022-11-06,4.542471261431742E-4
2022-11-07,1.1621139847234007E-4
2022-11-08,3.020177584516458E-6
2022-11-09,1.3800867531102935E-6
2022-11-10,0.0
2022-11-11,5.295183162508242E-7
2022-11-12,2.7440577869549476E-6
2022-11-13,1.6897601381980686E-6
2022-11-14,8.52346317969932E-7
2022-11-15,0.0
2022-11-16,3.493994068248026E-6
2022-11-17,4.091031978585128E-7
2022-11-18,8.583068797918258E-7
2022-11-19,4.351138080949113E-7
2022-11-20,2.0000286874054487E-9
2022-11-21,4.351138045421976E-7
2022-11-22,0.0
2022-11-23,1.716613667213096E-6
2022-11-24,0.0
2022-11-25,1.7097644331443007E-6
2022-11-26,7.18137967415015E-8
2022-11-27,4.351138045421976E-7
2022-11-28,1.8349571546916945E-5
2022-11-29,5.492401391378701E-4
2022-11-30,4.2572639570864155E-4
2022-12-01,3.361694053347161E-5
2022-12-02,8.845751326467807E-7
2022-12-03,9.302459011188134E-11
2022-12-04,0.0
2022-12-05,1.7344950897779654E-6
2022-12-06,8.913004105540176E-7
2022-12-07,0.0
2022-12-08,1.285045461511963E-6
2022-12-09,0.0
2022-12-10,2.1517276422855502E-6
2022-12-11,4.629796544803462E-5
2022-12-12,1.650756921858401E-4
2022-12-13,2.673775311956042E-4
2022-12-14,1.8296666101799816E-4
2022-12-15,1.8076678065322854E-4
2022-12-16,1.8086888791371737E-4
2022-12-17,2.0634273707500887E-6
2022-12-18,1.499376367979294E-5
2022-12-19,1.5531868517245989E-4
2022-12-20,1.0519247515663937E-4
2022-12-21,3.2571941407677314E-5
2022-12-22,4.519711162141788E-5
2022-12-23,1.954092105517303E-5
2022-12-24,2.16437076971614E-6
2022-12-25,1.0522782418088964E-5
2022-12-26,0.0021386568523445613
2022-12-27,0.002785791441954294
2022-12-28,4.8110337276851026E-4
2022-12-29,8.756628615318699E-8
2022-12-30,3.7190383467035416E-5
2022-12-31,6.592955454995091E-5
2023-01-01,5.4373105379551774E-5
2023-01-02,2.547968399671399E-6
2023-01-03,3.085434566453663E-6
2023-01-04,1.9558262432722444E-6
2023-01-05,1.7371200815800534E-6
2023-01-06,8.732079095352674E-7
2023-01-07,2.1467194528668188E-6
2023-01-08,1.5119657006566923E-6
2023-01-09,2.6343176368413235E-6
2023-01-10,4.6072442167267567E-7
2023-01-11,5.542672093893063E-7
2023-01-12,0.0
2023-01-13,1.7046928064701206E-6
2023-01-14,5.876055777589711E-4
2023-01-15,2.2109248741528346E-5
2023-01-16,1.308238573876299E-4
2023-01-17,1.6898311615343677E-5
2023-01-18,4.261732051702438E-7
2023-01-19,1.7106532368416083E-6
2023-01-20,1.722275101201376E-6
2023-01-21,4.351138045421976E-7
2023-01-22,3.3189967877603E-8
2023-01-23,8.612871056357108E-7
2023-01-24,4.351138045421976E-7
2023-01-25,4.351138045421976E-7
2023-01-26,1.3176960454080281E-6
2023-01-27,2.9466115105437925E-6
2023-01-28,4.79872208972003E-6
2023-01-29,8.688587627148081E-7
2023-01-30,1.3217167972570527E-6
2023-01-31,2.575082361666272E-6
2023-02-01,1.3312805152585327E-6
2023-02-02,1.7106532936850272E-6
2023-02-03,0.0
2023-02-04,4.349751882470413E-6
2023-02-05,5.2039301909260805E-6
2023-02-06,7.45449872479474E-6
2023-02-07,8.255186925630446E-5
2023-02-08,8.287125894739326E-4
2023-02-09,1.8375089649865696E-4
2023-02-10,4.197151276866336E-5
2023-02-11,2.9989224572301466E-5
2023-02-12,2.350963329131894E-4
2023-02-13,2.8329433044257194E-8
2023-02-14,8.609598580733291E-7
2023-02-15,2.9711448519265105E-6
2023-02-16,5.121882919947527E-8
2023-02-17,7.630066375511922E-7
2023-02-18,2.1583064722108247E-6
2023-02-19,2.4660584920565346E-6
2023-02-20,2.670295786306349E-4
2023-02-21,0.0011834043785755829
2023-02-22,0.005987871700893601
2023-02-23,0.0023865337268303677
2023-02-24,3.505678874970901E-4
2023-02-25,2.149424117043039E-6
2023-02-26,9.25541166289631E-7
2023-02-27,9.050059993911165E-7
2023-02-28,2.5817898290370067E-6
2023-03-01,8.583068620282575E-7
2023-03-02,2.4421737028684237E-6
2023-03-03,5.2582303638067495E-5
2023-03-04,5.257959837947339E-7
2023-03-05,6.695659184820451E-7
2023-03-06,4.218911357123827E-6
2023-03-07,8.712741532690416E-7
2023-03-08,1.7164804262392863E-6
2023-03-09,1.6122179648336264E-9
2023-03-10,4.351138045421976E-7
2023-03-11,2.4068183871491857E-6
2023-03-12,9.281406981486634E-7
2023-03-13,9.271761282197881E-7
2023-03-14,0.0015513046394893296
2023-03-15,0.016272554259690302
2023-03-16,0.0012593110689488325
2023-03-17,0.0011290822452119991
2023-03-18,2.5086135495406143E-4
2023-03-19,0.023372417729668537
2023-03-20,0.02993140236393529
2023-03-21,0.013171966350795246
2023-03-22,0.01024099516573393
2023-03-23,0.0033076000014605634
2023-03-24,6.627396638727226E-4
2023-03-25,0.0019553184092928155
2023-03-26,0.005053944484675217
2023-03-27,0.002063236979046309
2023-03-28,0.001141057564860824
2023-03-29,0.004218478551990387
2023-03-30,0.011260128139674322
2023-03-31,0.012628077300900669
2023-04-01,0.025434890777548225
2023-04-02,0.02374589318677389
2023-04-03,0.0057008337400867365
2023-04-04,0.007548857404920405
2023-04-05,0.020795642165090306
2023-04-06,5.295319427827279E-4
2023-04-07,9.157924801843235E-7
2023-04-08,2.143951348898554E-6
2023-04-09,1.2814997489840607E-6
2023-04-10,1.3575522783528115E-5
2023-04-11,3.004073732881807E-6
2023-04-12,-1.1921656550839543E-8
2023-04-13,0.0
2023-04-14,4.351138045421976E-7
2023-04-15,2.607324154019291E-5
2023-04-16,1.741323925450366E-6
2023-04-17,0.009698387679537939
2023-04-18,0.0010407324062886825
2023-04-19,0.003203371951245833
2023-04-20,0.00594159435976103
2023-04-21,0.004058661659845728
2023-04-22,0.006133311844802317
2023-04-23,0.0028836027192587115
2023-04-24,1.783338263408698E-5
2023-04-25,1.81915292771372E-5
2023-04-26,8.452860261663539E-7
2023-04-27,6.906425031278867E-4
2023-04-28,9.237417930227682E-5
2023-04-29,7.473020745378487E-4
2023-04-30,7.578803073123045E-4
2023-05-01,0.002258508907367679
2023-05-02,6.619063975383821E-4
2023-05-03,0.012205255743912881
2023-05-04,0.015949946486014704
2023-05-05,0.006267742125443871
2023-05-06,5.192254427663038E-4
2023-05-07,2.3687076792409505E-4
2023-05-08,7.0163176878214445E-6
2023-05-09,1.0759677979902337E-5
2023-05-10,5.441465779029651E-4
2023-05-11,6.888255471621727E-4
2023-05-12,0.0010354144272149688
2023-05-13,2.4427116388171035E-4
2023-05-14,0.003155169595097532
2023-05-15,0.014691111615881079
2023-05-16,0.04255731294311852
2023-05-17,0.03182039576961955
2023-05-18,0.01885513563075162
2023-05-19,0.02281771450459614
2023-05-20,0.010185584400516715
2023-05-21,0.005993109047412874
2023-05-22,0.004764449219995006
2023-05-23,0.012262673294826056
2023-05-24,0.029071570345517852
2023-05-25,0.02774249926467852
2023-05-26,0.014744716268366488
2023-05-27,0.01050305186484936
2023-05-28,4.0462275076673637E-4
2023-05-29,3.274784267293236E-6
2023-05-30,1.1738091886447388E-6
2023-05-31,8.337986090279733E-6
2023-06-01,0.002043611578681415
2023-06-02,0.002142804747968789
2023-06-03,0.00232632295406727
2023-06-04,0.0014905156896586414
2023-06-05,1.9022233429431422E-4
2023-06-06,1.4384589850592E-4
2023-06-07,0.0022198793351316136
2023-06-08,0.021419387559137266
2023-06-09,0.023851864470499112
2023-06-10,0.02635249907106378
2023-06-11,0.02915921959401556
2023-06-12,0.0021548027006827223
2023-06-13,0.013717061896561486
2023-06-14,0.039416348904530836
2023-06-15,0.04282441635503541
2023-06-16,0.0759023975404706
2023-06-17,0.028207222775331695
2023-06-18,0.023244035619531752
2023-06-19,0.020839776609932772
2023-06-20,0.019638117814337788
2023-06-21,0.01328431733071564
2023-06-22,0.019646831470315276
2023-06-23,0.00865512357807154
2023-06-24,0.004970473318867954
2023-06-25,0.005006747523316863
2023-06-26,0.015299243068964125
2023-06-27,0.04318304322616408
2023-06-28,0.02099928276817425
2023-06-29,0.03269349118142151
2023-06-30,0.03399205670213839
2023-07-01,0.02770114240078674
2023-07-02,0.02049019329249859
2023-07-03,0.009986405552582598
2023-07-04,0.014383344992548413
2023-07-05,0.023696568917878455
2023-07-06,0.020448250815743665
2023-07-07,0.01234898258227249
2023-07-08,0.008425639942101163
2023-07-09,0.01959786200293043
2023-07-10,0.018889078036412855
2023-07-11,0.014411417364641578
2023-07-12,0.012154214799403559
2023-07-13,0.013228549648190977
2023-07-14,0.007277450734647564
2023-07-15,0.004043369626120336
2023-07-16,0.0015633941704482706
2023-07-17,0.006715771435641494
2023-07-18,0.01161307826617452
2023-07-19,0.0023347637371573713
2023-07-20,0.010691435026771506
2023-07-21,0.015208682170130928
2023-07-22,0.011013869535509908
2023-07-23,0.015463880740552301
2023-07-24,0.003144403043163952
2023-07-25,0.007761855651137369
2023-07-26,0.00796754830275099
2023-07-27,0.012468815112560434
2023-07-28,0.00870546084134221
2023-07-29,0.006335450168186266
2023-07-30,0.008572425689397518
2023-07-31,0.009022445244550707
2023-08-01,0.006220403283380459
2023-08-02,0.01439364092326475
2023-08-03,0.01698148200310483
2023-08-04,0.012361674804903034
2023-08-05,0.025927162887039064
2023-08-06,0.044104261692893304
2023-08-07,0.04466356092147642
2023-08-08,0.039375768600760405
2023-08-09,0.012210186983210268
2023-08-10,0.03752796042557537
2023-08-11,0.031865258562253355
2023-08-12,0.025911236496238894
2023-08-13,0.030583296528384527
2023-08-14,0.011964666175015402
2023-08-15,0.02696906601719429
2023-08-16,0.01126221279102254
2023-08-17,0.0245651916461873
2023-08-18,0.026329198357772966
2023-08-19,0.003045916907446233
2023-08-20,0.002572699997507082
2023-08-21,0.013779671143843271
2023-08-22,0.02056814396302239
2023-08-23,0.012505366125425472
2023-08-24,0.015432673680579548
2023-08-25,0.024013539320127123
2023-08-26,0.03632697405841552
2023-08-27,0.024069603027808188
2023-08-28,0.011226213149338795
2023-08-29,8.00608180753414E-4
2023-08-30,6.608423310134212E-4
2023-08-31,0.007926499998966748
2023-09-01,0.007592881846300868
2023-09-02,0.0130738192512493
2023-09-03,0.009580017875971486
2023-09-04,0.001660823645004993
2023-09-05,0.008456339188824498
2023-09-06,0.018518832981844868
2023-09-07,0.027020598375970577
2023-09-08,0.02998160475638905
2023-09-09,0.0011287137715058548
2023-09-10,0.017356494318915963
2023-09-11,0.025904728476609525
2023-09-12,0.020602479863459665
2023-09-13,0.010863575018366302
2023-09-14,0.0066339565382076224
2023-09-15,0.0019157043715246423
2023-09-16,0.004940723876732624
2023-09-17,0.010355626455260506
2023-09-18,0.009653394438886234
2023-09-19,0.013841216787260245
2023-09-20,0.027014235648288896
2023-09-21,0.02185398264675576
2023-09-22,0.007830122549903881
2023-09-23,0.009383758029152207
2023-09-24,0.002873495281862386
2023-09-25,0.002288736023189361
2023-09-26,0.002551877411195848
2023-09-27,5.492459401229904E-4
2023-09-28,5.518806376898221E-4
2023-09-29,0.006546820973598203
2023-09-30,0.018720603743627395
2023-10-01,0.00632260606186436
2023-10-02,0.01835255773942595
2023-10-03,0.01418954356092586
2023-10-04,0.015298204116652472
2023-10-05,0.06753494099298207
2023-10-06,0.16075757052168
2023-10-07,0.020562629015373337
2023-10-08,0.009717666048297885
2023-10-09,0.0037142067612606073
2023-10-10,9.973085262319963E-4
2023-10-11,0.004631489745282024
2023-10-12,0.003947091562452698
2023-10-13,8.99717885716455E-4
2023-10-14,6.435270848191582E-4
2023-10-15,4.359523783818856E-4
2023-10-16,6.525079083445052E-5
2023-10-17,6.380077120507387E-5
2023-10-18,1.1576223833720447E-4
2023-10-19,3.8585887140972815E-5
2023-10-20,4.193595705683984E-5
2023-10-21,2.148209122137787E-6
2023-10-22,0.003206839268607213
2023-10-23,0.004317461803367038
2023-10-24,0.0029403605549645066
2023-10-25,0.00463464272973786
2023-10-26,8.321798790004292E-4
2023-10-27,7.065446881204012E-4
2023-10-28,1.6715147868203762E-4
2023-10-29,1.5185355456509505E-5
2023-10-30,6.0061848144853374E-5
2023-10-31,3.911608102703608E-6
2023-11-01,1.8385336275085969E-6
2023-11-02,2.5716951199683535E-6
2023-11-03,4.2174958283271596E-5
2023-11-04,2.1627919426558994E-5
2023-11-05,4.123424358512516E-6
2023-11-06,1.7326561384303375E-6
2023-11-07,2.700167928816955E-7
2023-11-08,2.034111653979985E-5
2023-11-09,6.755510393035144E-5
2023-11-10,2.2343533232032912E-6
2023-11-11,3.0244080560259E-6
2023-11-12,1.2921960970569899E-5
2023-11-13,2.2836087394989076E-6
2023-11-14,1.2248237698064376E-9
2023-11-15,4.332707795985302E-5
2023-11-16,0.004125197397353576
2023-11-17,0.11696273956501077
2023-11-18,5.62409184813853E-4
2023-11-19,1.373792816766214E-4
2023-11-20,7.2319856392933975E-6
2023-11-21,8.360355393150154E-5
2023-11-22,2.9039625829837445E-4
2023-11-23,3.490037914148086E-5
2023-11-24,1.8958794842152636E-4
2023-11-25,1.134747628531704E-5
2023-11-26,1.7225742112714215E-6
2023-11-27,-9.528207556286361E-9
2023-11-28,8.52346317969932E-7
2023-11-29,8.722182767318679E-7
2023-11-30,3.7270861898543524E-7
2023-12-01,1.705337778699066E-6
2023-12-02,0.0
2023-12-03,0.0
2023-12-04,3.3988480623057827E-6
2023-12-05,6.068643300608466E-7
2023-12-06,0.0028876934101471317
2023-12-07,0.038577275062572074
2023-12-08,0.001929569922431177
2023-12-09,0.0012548806070420096
2023-12-10,5.26669484930947E-4
2023-12-11,2.471760206588632E-5
2023-12-12,1.8867407568686872E-4
2023-12-13,1.675935992970721E-4
2023-12-14,1.0742670781014907E-5
2023-12-15,2.0122475896962525E-5
2023-12-16,3.0442365488229387E-5
2023-12-17,4.272949305229405E-6
2023-12-18,2.4618466468934413E-6
2023-12-19,2.2213927583198335E-6
2023-12-20,1.9521412599857674E-6
2023-12-21,5.621096991390165E-9
2023-12-22,9.894430303249115E-7
2023-12-23,4.812474022263146E-5
2023-12-24,0.0016164378653490661
2023-12-25,3.308429822077731E-4
2023-12-26,3.352966938070569E-4
2023-12-27,1.1834431666274494E-4
2023-12-28,1.8400862554594273E-4
2023-12-29,2.2100612332719542E-5
2023-12-30,6.1639768712093385E-6
2023-12-31,1.5777100109490283E-5
2024-01-01,4.4288368938375154E-6
2024-01-02,4.220625738670569E-5
2024-01-03,6.552615848933279E-6
2024-01-04,4.24150060194271E-6
2024-01-05,3.1318398397092884E-5
2024-01-06,3.839414198278511E-6
2024-01-07,8.517399923000292E-7
2024-01-08,3.0229237205570065E-5
2024-01-09,2.878208257042301E-5
2024-01-10,3.930580658046463E-5
2024-01-11,9.591813979810372E-5
2024-01-12,1.0848749924257313E-5
2024-01-13,5.508963600059464E-7
2024-01-14,6.816816497060727E-6
2024-01-15,1.193165391511311E-5
2024-01-16,1.638036388772111E-4
2024-01-17,2.4711281992460898E-5
2024-01-18,5.993281435979428E-7
2024-01-19,2.6431750355428364E-5
2024-01-20,4.107929723111193E-6
2024-01-21,2.37977074060826E-5
2024-01-22,3.934678541415288E-6
2024-01-23,2.7186737879038394E-6
2024-01-24,1.9160237787775923E-5
2024-01-25,8.538026767246E-5
2024-01-26,6.589327933471329E-8
2024-01-27,6.2348086365385575E-6
2024-01-28,8.505502171952542E-6
2024-01-29,2.142786968306609E-6
2024-01-30,2.7100355551379047E-5
2024-01-31,3.3861122326114476E-4
2024-02-01,0.00165679347869329
2024-02-02,0.005098258008744342
2024-02-03,4.0578518464894986E-4
2024-02-04,2.2048850979508067E-6
2024-02-05,4.424485624525589E-4
2024-02-06,0.0033492557816081694
2024-02-07,1.7562313800352725E-4
2024-02-08,3.115792553461493E-6
2024-02-09,1.340639277203777E-6
2024-02-10,8.583068797918258E-7
2024-02-11,0.0
2024-02-12,2.73290042347502E-6
2024-02-13,8.868820767630062E-7
2024-02-14,1.7864917839362189E-6
2024-02-15,3.574052352963934E-4
2024-02-16,6.19491598854175E-5
2024-02-17,8.545451586991677E-6
2024-02-18,0.0
2024-02-19,1.723222908367461E-6
2024-02-20,0.005779909853223912
2024-02-21,0.004048143469896848
2024-02-22,0.035133781408885664
2024-02-23,0.0013500816593521692
2024-02-24,5.7869317824466036E-5
2024-02-25,2.805548387221622E-4
2024-02-26,1.7256784303754102E-6
2024-02-27,-7.4161334850941785E-9
2024-02-28,0.0
2024-02-29,3.3172814315454118E-6
2024-03-01,1.7149895105925723E-6
2024-03-02,1.7268998547116244E-6
2024-03-03,5.267315260225904E-6
2024-03-04,6.113815004329616E-4
2024-03-05,3.748606479030324E-5
2024-03-06,4.227820915877795E-7
2024-03-07,8.52346317969932E-7
2024-03-08,8.215069436702487E-7
2024-03-09,1.1158281902396868E-6
2024-03-10,0.0
2024-03-11,4.351138045421976E-7
2024-03-12,2.4565451419386673E-5
2024-03-13,2.644409476160314E-4
2024-03-14,0.004016700990266549
2024-03-15,6.52234942545425E-4
2024-03-16,6.141911936079942E-4
2024-03-17,3.8976099100265816E-5
2024-03-18,4.567854196190214E-5
2024-03-19,5.212417015041402E-4
2024-03-20,0.006567257405016464
2024-03-21,0.006819747561446512
2024-03-22,9.193892561176652E-4
2024-03-23,0.007067475631472356
2024-03-24,0.004449119557432709
2024-03-25,0.008567831310408839
2024-03-26,0.007623311027970618
2024-03-27,3.113671903675781E-4
2024-03-28,0.007294412575705206
2024-03-29,0.0019138244078683033
2024-03-30,0.012117976431638523
2024-03-31,0.031602450225757056
2024-04-01,0.008520379019422002
2024-04-02,0.002933014030008726
2024-04-03,0.0034070904888858686
2024-04-04,0.011153354865529706
2024-04-05,0.018207052837085878
2024-04-06,0.002198477850726238
2024-04-07,0.00336429529491567
2024-04-08,8.744224995576599E-7
2024-04-09,2.0929407409828787E-4
2024-04-10,2.7149480915181955E-4
2024-04-11,7.255976427497203E-5
2024-04-12,2.1280241150387454E-4
2024-04-13,1.9013991501772538E-4
2024-04-14,6.109047672430091E-4
2024-04-15,4.8086391266027265E-4
2024-04-16,0.003626050690740514
2024-04-17,0.022803913968438692
2024-04-18,0.005362923137111473
2024-04-19,0.005013800828340779
2024-04-20,0.00974105704640378
2024-04-21,0.01071884723154107
2024-04-22,0.003386635199315979
2024-04-23,8.047062128158712E-4
2024-04-24,0.0010127485160857492
2024-04-25,0.0012075798419180033
2024-04-26,0.006691481236834398
2024-04-27,0.010854732782442741
2024-04-28,0.0039876983839343075
2024-04-29,0.009308824602197962
2024-04-30,0.013294272688692366
2024-05-01,0.008960438017884091
2024-05-02,0.04621026581929014
2024-05-03,0.003992169659606296
2024-05-04,0.019981372691418742
2024-05-05,0.0580381845540966
2024-05-06,0.016779923356337354
2024-05-07,0.001401925371182795
2024-05-08,0.0015690330919797587
2024-05-09,0.008677157857807198
2024-05-10,0.01454196466788633
2024-05-11,0.0042067874390954935
2024-05-12,2.0280964284963E-4
2024-05-13,3.2347527790629145E-4
2024-05-14,2.854833691598199E-4
2024-05-15,1.966101995245395E-4
2024-05-16,3.3289482078988335E-4
2024-05-17,0.019334159423816246
2024-05-18,0.011563383743942132
2024-05-19,0.00537690347879368
2024-05-20,0.006826242624507473
2024-05-21,0.002030373378199074
2024-05-22,0.0012008913167072738
2024-05-23,0.0015442089409152895
2024-05-24,0.0029500614536301364
2024-05-25,0.01326696341006742
2024-05-26,0.025294890265933342
2024-05-27,0.15791083509799256
2024-05-28,0.10221445276816461
2024-05-29,0.034577051272793854
2024-05-30,0.01846344460292635
2024-05-31,0.018057165904713512
2024-06-01,0.008111155869466573
2024-06-02,0.01285876161015103
2024-06-03,0.027377232469817474
2024-06-04,0.021302785970313702
2024-06-05,0.007325052588833553
2024-06-06,0.01886464873221673
2024-06-07,0.009762761724978178
2024-06-08,0.016907335726511964
2024-06-09,0.012318080217507542
2024-06-10,0.006010848794869958
2024-06-11,0.01003885565543761
2024-06-12,0.020710349645552885
2024-06-13,0.0681900627404907
2024-06-14,0.04021567095105215
2024-06-15,0.03818260289800407
2024-06-16,0.04375375578340321
2024-06-17,0.04953850302269988
2024-06-18,0.04146111112139032
2024-06-19,0.041065910408176455
2024-06-20,0.007361910771583903
2024-06-21,0.012122868051327007
2024-06-22,0.00913340336726942
2024-06-23,0.01021522010964544
2024-06-24,0.009405974940408027
2024-06-25,0.00837104778068795
2024-06-26,0.04283898687430441
2024-06-27,0.0848764499151983
2024-06-28,0.025750069790573687
2024-06-29,0.027848642600970912
2024-06-30,0.05530411696228124
2024-07-01,0.09140943289384115
2024-07-02,0.0372846880469019
2024-07-03,0.026066144951161625
2024-07-04,0.017892627225059778
2024-07-05,0.026410263586355086
2024-07-06,0.01771321058085972
2024-07-07,0.012311219995938288
2024-07-08,0.007148468674865761
2024-07-09,0.016070361009907025
2024-07-10,0.02011150130388365
2024-07-11,0.022288012276220542
2024-07-12,0.015581528777843814
2024-07-13,0.005187045458941102
2024-07-14,0.005146119970974054
2024-07-15,0.014937829606100858
2024-07-16,0.010573413776341016
2024-07-17,0.018834069548659252
2024-07-18,0.020259080059680988
2024-07-19,0.0329679749431531
2024-07-20,0.021880424607611606
2024-07-21,0.017335222733745357
2024-07-22,0.017194031868781323
2024-07-23,0.010286361530337034
2024-07-24,0.010001029509927161
2024-07-25,0.004565577990218741
2024-07-26,0.0052100150407738775
2024-07-27,0.004013135459898523
2024-07-28,0.0027984240694183433
2024-07-29,0.009655424845202128
2024-07-30,0.017818648950770417
2024-07-31,0.020179585465531485
2024-08-01,0.036903356997938716
2024-08-02,0.046568732838652406
2024-08-03,0.019568786265200047
2024-08-04,0.014860418858383436
2024-08-05,0.014878071292890288
2024-08-06,0.009805823934905101
2024-08-07,0.021824188966713197
2024-08-08,0.02089001570478341
2024-08-09,0.011207152028821112
2024-08-10,0.02276585321550425
2024-08-11,0.03330977500001323
2024-08-12,0.06874247297127317
2024-08-13,0.013565328771496094
2024-08-14,0.007384204334347925
2024-08-15,0.01101360191499567
2024-08-16,0.01578458479244432
2024-08-17,0.03736801406766983
2024-08-18,0.04912187728879974
2024-08-19,0.09559988921045229
2024-08-20,0.05293243746754456
2024-08-21,0.08852764869517489
2024-08-22,0.04455924589725796
2024-08-23,0.010190354049148625
2024-08-24,0.0034255057263236524
2024-08-25,0.00417422047746768
2024-08-26,0.006087767008067558
2024-08-27,0.005646688902825977
2024-08-28,0.002316628353439165
2024-08-29,0.016730986378683185
2024-08-30,0.013785643498332514
2024-08-31,0.008436797704725264
2024-09-01,0.007556690545653336
2024-09-02,0.015910672460586205
2024-09-03,0.009938604521568115
2024-09-04,0.010630383779100956
2024-09-05,0.0059438035469179225
2024-09-06,0.009050320323578198
2024-09-07,0.006283107523973281
2024-09-08,0.0043674422732168094
2024-09-09,0.004059992876568974
2024-09-10,0.006783853415683681
2024-09-11,0.005410353341441288
2024-09-12,0.0017500810022767653
2024-09-13,0.003854005699328266
2024-09-14,0.010179877772911102
2024-09-15,0.008637875271598334
2024-09-16,7.841489473945653E-4
2024-09-17,0.0010286500481511821
2024-09-18,0.003616985951263784
2024-09-19,4.118942696792053E-4
2024-09-20,2.322930520842757E-4
2024-09-21,6.822979488758705E-4
2024-09-22,5.071716856494179E-7
2024-09-23,0.017626272327414618
2024-09-24,0.035013693880783375
2024-09-25,0.07288616513801104
2024-09-26,0.016631919062895593
2024-09-27,0.004109769616731557
2024-09-28,0.005713320873261652
2024-09-29,0.00996898621267426
2024-09-30,0.012527398632262435
2024-10-01,0.010733760963543993
2024-10-02,0.01623758979820551
2024-10-03,0.052607163922946815
2024-10-04,0.0283313491494519
2024-10-05,0.022218360202942995
2024-10-06,0.0017525365604091812
2024-10-07,0.004220841245327382
2024-10-08,0.010495539889836591
2024-10-09,0.01090561613440514
2024-10-10,0.009550383141958791
2024-10-11,0.007934907819773964
2024-10-12,0.00265728995806909
2024-10-13,1.290181770983809E-4
2024-10-14,3.0512347984873134E-5
2024-10-15,1.3184338205122538E-4
2024-10-16,5.751855888079928E-4
2024-10-17,0.0016807792335293927
2024-10-18,0.005981074192948778
2024-10-19,0.0027105490657306102
2024-10-20,3.3613183635511675E-5
2024-10-21,1.6313600961719767E-4
2024-10-22,7.809672706623339E-4
2024-10-23,0.02014367864052188
2024-10-24,0.018519171633553492
2024-10-25,5.466068792753303E-4
2024-10-26,2.6937460179495584E-4
2024-10-27,1.0072295204063374E-5
2024-10-28,4.522802598903636E-5
2024-10-29,4.126685349582938E-4
2024-10-30,0.0013473146637051096
2024-10-31,0.0014217496809759591
2024-11-01,4.511813973426221E-4
2024-11-02,2.0186765554048333E-4
2024-11-03,4.446434495811463E-6
2024-11-04,5.64939467548635E-4
2024-11-05,0.007621284794670666
2024-11-06,8.212899942335849E-4
2024-11-07,9.410546431260992E-5
2024-11-08,8.326519845891487E-6
2024-11-09,2.9667092196514155E-8
2024-11-10,8.725016458275065E-7
2024-11-11,1.3989123128591854E-5
2024-11-12,4.987139577810475E-6
2024-11-13,1.8932337716224624E-6
2024-11-14,6.905045215987363E-6
2024-11-15,6.330139623316238E-5
2024-11-16,3.4947902981609905E-5
2024-11-17,3.007561657470086E-5
2024-11-18,2.0634877209807466E-6
2024-11-19,1.3519878856078786E-6
2024-11-20,7.188430626612869E-5
2024-11-21,7.876402163522163E-4
2024-11-22,1.897835774523551E-4
2024-11-23,6.7814686625689E-5
2024-11-24,8.087230986253378E-5
2024-11-25,1.3111023494838138E-6
2024-11-26,1.3824013960843832E-7
2024-11-27,4.5447249633039364E-8
2024-11-28,4.243099528641346E-6
2024-11-29,1.6253135114795256E-6
2024-11-30,9.393159623090935E-5
2024-12-01,4.563070268161312E-5
2024-12-02,1.7878092702857027E-8
2024-12-03,4.351138045421976E-7
2024-12-04,1.6171904634880113E-5
2024-12-05,3.529891476551512E-5
2024-12-06,6.263290306667769E-5
2024-12-07,3.079949419968E-5
2024-12-08,2.3971015662816223E-7
2024-12-09,2.6990320461111937E-6
2024-12-10,7.310445114126985E-5
2024-12-11,9.819834046281145E-5
2024-12-12,1.0703314948008319E-5
2024-12-13,0.0
2024-12-14,1.2178502799537658E-6
2024-12-15,1.7155637975373024E-6
2024-12-16,1.707495632048892E-6
2024-12-17,7.556143041742584E-6
2024-12-18,1.9358060618981667E-6
2024-12-19,1.0236084854964873E-6
2024-12-20,1.488528973449862E-5
2024-12-21,1.6045993936888748E-4
2024-12-22,6.002961292779221E-6
2024-12-23,5.7024159872463E-7
2024-12-24,2.1641264875484676E-6
2024-12-25,-2.5830499618751617E-9
2024-12-26,1.2889990443909483E-6
2024-12-27,8.524961572220491E-7
2024-12-28,2.485823769100829E-9
2024-12-29,8.583068797918258E-7
2024-12-30,5.3601974647044325E-6
2024-12-31,1.6944939862786E-5
