date,precipitation_m
1950-01-02,4.587438585324802E-5
1950-01-03,3.4158487741693666E-4
1950-01-04,1.5382206368007606E-5
1950-01-05,6.468255706009809E-9
1950-01-06,1.4688900986789997E-7
1950-01-07,1.5034960561142613E-6
1950-01-08,2.9066292685941903E-6
1950-01-09,2.1810020908987394E-6
1950-01-10,2.052964867715995E-6
1950-01-11,1.2771132141527106E-5
1950-01-12,2.670015322799283E-6
1950-01-13,1.8085201149907372E-6
1950-01-14,1.2492967920924279E-6
1950-01-15,3.1366521713542136E-5
1950-01-16,1.7689459007795414E-4
1950-01-17,0.0035110094583719344
1950-01-18,9.77250503761453E-4
1950-01-19,2.644017317479947E-5
1950-01-20,3.840314544245545E-6
1950-01-21,1.3521310747699457E-5
1950-01-22,1.5937218827895947E-4
1950-01-23,4.3421456228094586E-5
1950-01-24,2.1738549584813867E-5
1950-01-25,4.790811857592138E-6
1950-01-26,2.377890294521662E-5
1950-01-27,9.505868256466754E-4
1950-01-28,2.576325756752605E-4
1950-01-29,6.151031286917868E-6
1950-01-30,1.578416240126208E-5
1950-01-31,7.1335868834895534E-6
1950-02-01,3.061822542815684E-5
1950-02-02,4.954397018420062E-4
1950-02-03,3.0491256445448967E-4
1950-02-04,8.130049247110855E-5
1950-02-05,2.160103347331146E-5
1950-02-06,0.007185008723809318
1950-02-07,0.005666688128456972
1950-02-08,6.944332511724653E-4
1950-02-09,8.62285627011183E-4
1950-02-10,0.00951854023960076
1950-02-11,0.00471541670424257
1950-02-12,2.0003617335855031E-4
1950-02-13,2.2105812043697817E-5
1950-02-14,2.651743179163027E-6
1950-02-15,5.835349145913672E-7
1950-02-16,3.5124776203004053E-6
1950-02-17,5.4001299392166325E-6
1950-02-18,6.950166289239597E-5
1950-02-19,5.06643801287598E-4
1950-02-20,0.001737501945678666
1950-02-21,0.004977078746758062
1950-02-22,0.00693437780953887
1950-02-23,0.014629840042298984
1950-02-24,0.013912162874482315
1950-02-25,0.0016671244991574405
1950-02-26,2.7396186144629237E-4
1950-02-27,3.1035658024176004E-5
1950-02-28,3.6943179034632087E-4
1950-03-01,5.245821291237763E-4
1950-03-02,8.306752085734507E-5
1950-03-03,6.209009269569933E-4
1950-03-04,6.573315412256086E-4
1950-03-05,6.221930299691297E-4
1950-03-06,2.472471496633271E-4
1950-03-07,4.3147235029707896E-4
1950-03-08,9.070300467147269E-4
1950-03-09,0.002312679418689953
1950-03-10,0.001375057845840969
1950-03-11,0.0065424696545825075
1950-03-12,0.00864737415741043
1950-03-13,0.010674783417901864
1950-03-14,0.010428939575053838
1950-03-15,0.008223400114842567
1950-03-16,0.006617648724503883
1950-03-17,0.0029590922275261715
1950-03-18,5.442212911381192E-4
1950-03-19,4.8294873648486254E-4
1950-03-20,0.0045265893529679545
1950-03-21,0.007208528413550538
1950-03-22,0.004385993262198644
1950-03-23,0.002518549046875327
1950-03-24,0.01381617464275856
1950-03-25,0.0029298498668312934
1950-03-26,0.0013125393639312696
1950-03-27,1.2373528110343635E-4
1950-03-28,1.1736623792884958E-4
1950-03-29,3.4286513263424466E-4
1950-03-30,5.492210521432349E-5
1950-03-31,1.0150241935233746E-4
1950-04-01,2.0841813593587546E-6
1950-04-02,2.2495360157142403E-6
1950-04-03,5.542392907241034E-5
1950-04-04,0.0029251197664916496
1950-04-05,4.049366364986955E-4
1950-04-06,5.766249962660275E-5
1950-04-07,2.2515526644673143E-5
1950-04-08,1.1441180130062688E-5
1950-04-09,1.1714435436295981E-4
1950-04-10,0.0035373950430347572
1950-04-11,0.002055936073425823
1950-04-12,0.005256761061339549
1950-04-13,0.012382344585236361
1950-04-14,0.009160782811888432
1950-04-15,0.018539530765904044
1950-04-16,0.009179448633406046
1950-04-17,0.006446042187052669
1950-04-18,0.0039835032596773285
1950-04-19,0.0022590609769734984
1950-04-20,5.404583438013224E-4
1950-04-21,0.00145147508316631
1950-04-22,0.0014181993439525355
1950-04-23,3.989590004026691E-4
1950-04-24,2.360993752611204E-4
1950-04-25,7.402203301854531E-5
1950-04-26,4.581741199046773E-5
1950-04-27,5.515594817631076E-4
1950-04-28,0.0030971481753838325
1950-04-29,0.006912351132931342
1950-04-30,0.008463122682411294
1950-05-01,0.009086163052337476
1950-05-02,0.01115603480328407
1950-05-03,0.005492112026247751
1950-05-04,0.0066967088350925325
1950-05-05,0.008397204521465302
1950-05-06,0.0063090278971413396
1950-05-07,0.008977279468514029
1950-05-08,0.007798702668085772
1950-05-09,0.006695288142010324
1950-05-10,0.001878004387710265
1950-05-11,0.002699000161335825
1950-05-12,0.003653831793182327
1950-05-13,0.003858726783579565
1950-05-14,0.0048527518686636
1950-05-15,0.0034580072415855935
1950-05-16,0.004798924586101887
1950-05-17,0.007117286325906612
1950-05-18,0.004010858895855043
1950-05-19,0.002599477412566628
1950-05-20,0.005723050227568684
1950-05-21,0.009001762747496138
1950-05-22,0.014811783038806833
1950-05-23,0.011527192981682777
1950-05-24,0.012795797279390923
1950-05-25,0.008067853721587966
1950-05-26,0.004362865742693246
1950-05-27,0.007742034958948592
1950-05-28,0.009239726821729298
1950-05-29,0.011784014740374563
1950-05-30,0.01621352590056344
1950-05-31,0.01544342251265431
1950-06-01,0.025545455590416762
1950-06-02,0.023545192548621946
1950-06-03,0.004576205272238857
1950-06-04,0.004338149135974732
1950-06-05,0.005451310964073246
1950-06-06,0.007229601368884442
1950-06-07,0.009265184134652719
1950-06-08,0.014187744959932844
1950-06-09,0.013085011478953983
1950-06-10,0.036665168902512646
1950-06-11,0.04529396819952572
1950-06-12,0.026190281001988308
1950-06-13,0.022271421070758374
1950-06-14,0.025681582925585995
1950-06-15,0.017728690694310798
1950-06-16,0.018041698328244905
1950-06-17,0.022800273532067025
1950-06-18,0.02782179873769295
1950-06-19,0.014987870850767561
1950-06-20,0.008824978558959027
1950-06-21,0.009789952506198456
1950-06-22,0.014479625132579756
1950-06-23,0.012058286832711118
1950-06-24,0.019378108404495987
1950-06-25,0.024042952879521746
1950-06-26,0.010941280249816165
1950-06-27,0.008307795342308267
1950-06-28,0.005802445765549285
1950-06-29,0.00912114878915912
1950-06-30,0.01169213045621363
1950-07-01,0.014401320379652442
1950-07-02,0.007756744183981532
1950-07-03,0.012127793217727119
1950-07-04,0.010940135436674858
1950-07-05,0.01794856685844192
1950-07-06,0.012747042039857888
1950-07-07,0.02363642676920991
1950-07-08,0.02670739243493939
1950-07-09,0.010866157222104496
1950-07-10,0.011940752483920687
1950-07-11,0.014387075737942278
1950-07-12,0.012967767499048028
1950-07-13,0.012484077659167873
1950-07-14,0.009565246027476361
1950-07-15,0.013027948946363317
1950-07-16,0.014124476514035917
1950-07-17,0.01605029376778899
1950-07-18,0.012510053834665235
1950-07-19,0.005011719449271425
1950-07-20,0.013640666732652627
1950-07-21,0.011355279461344334
1950-07-22,0.00998663736651779
1950-07-23,0.008095889806972012
1950-07-24,0.006057786300372994
1950-07-25,0.005633501445385149
1950-07-26,0.00937600550672603
1950-07-27,0.016761663841694256
1950-07-28,0.007683134384866522
1950-07-29,0.018113695203612494
1950-07-30,0.010204309032240311
1950-07-31,0.015909674999278228
1950-08-01,0.02226165147866894
1950-08-02,0.0308832748524029
1950-08-03,0.01674869749597407
1950-08-04,0.012739991863429646
1950-08-05,0.010205393340994288
1950-08-06,0.00826272158574226
1950-08-07,0.007822741128276632
1950-08-08,0.009213515470543424
1950-08-09,0.014408848277254178
1950-08-10,0.01448802005571207
1950-08-11,0.013519164496870765
1950-08-12,0.011695454411244508
1950-08-13,0.012642771443582364
1950-08-14,0.017091357475159465
1950-08-15,0.012268881520166986
1950-08-16,0.02186315559332401
1950-08-17,0.025549241939999953
1950-08-18,0.01323414123584866
1950-08-19,0.011786060480132587
1950-08-20,0.009701312175256384
1950-08-21,0.008422272804347998
1950-08-22,0.008465148966525917
1950-08-23,0.014585387705347895
1950-08-24,0.009031848907163917
1950-08-25,0.006561707957353156
1950-08-26,0.005289965323547843
1950-08-27,0.007986332799505917
1950-08-28,0.010210220335685315
1950-08-29,0.010030642930431034
1950-08-30,0.012049045760397876
1950-08-31,0.015816574654190927
1950-09-01,0.013635861956519361
1950-09-02,0.009384169274403628
1950-09-03,0.007446813572086766
1950-09-04,0.004855899238863839
1950-09-05,0.005550865174489091
1950-09-06,0.005572391406159874
1950-09-07,0.00517977637268655
1950-09-08,0.003779743589149888
1950-09-09,0.0024339206487538362
1950-09-10,0.004398114092088596
1950-09-11,0.008459188340529701
1950-09-12,0.011242677898039628
1950-09-13,0.012130752949727385
1950-09-14,0.009072926969692325
1950-09-15,0.007924002053716742
1950-09-16,0.009126986447625085
1950-09-17,0.008696403084509025
1950-09-18,0.010474131590187395
1950-09-19,0.009291487577209321
1950-09-20,0.007952961946364284
1950-09-21,0.007271947273262881
1950-09-22,0.006850272466064801
1950-09-23,0.0045438437927733805
1950-09-24,0.003348408491700337
1950-09-25,0.0031414073263379026
1950-09-26,0.005595358903965373
1950-09-27,0.005040361866941881
1950-09-28,0.004417765701201582
1950-09-29,0.009315920936889276
1950-09-30,0.013106176408857492
1950-10-01,0.007366718820925454
1950-10-02,0.007858704832318235
1950-10-03,0.006804523036842886
1950-10-04,0.009463283315501926
1950-10-05,0.010355186866892623
1950-10-06,0.012180617259970277
1950-10-07,0.01856224741224664
1950-10-08,0.027064665951218324
1950-10-09,0.01279357821844873
1950-10-10,0.009149018482518615
1950-10-11,0.0036053987210010827
1950-10-12,0.001701624135137233
1950-10-13,9.680449851860596E-4
1950-10-14,9.386511985903175E-4
1950-10-15,5.081208972565019E-4
1950-10-16,7.70978304231404E-4
1950-10-17,6.177865490075718E-4
1950-10-18,0.004878072478948611
1950-10-19,0.010829058537896152
1950-10-20,0.01282073041074754
1950-10-21,0.006569110304377192
1950-10-22,0.0021212900227277637
1950-10-23,0.010131915660140647
1950-10-24,0.005057308103973374
1950-10-25,8.30941516295652E-4
1950-10-26,2.417454027033652E-4
1950-10-27,3.3484467616285465E-4
1950-10-28,0.0017948233554392532
1950-10-29,0.005099398204199553
1950-10-30,0.00558582138028331
1950-10-31,0.01223068668042892
1950-11-01,0.014343416045466495
1950-11-02,0.006088340140112874
1950-11-03,0.0011198202504167495
1950-11-04,4.3770709255418455E-4
1950-11-05,3.9625725530730916E-4
1950-11-06,0.002825348550704789
1950-11-07,0.0027124936945944846
1950-11-08,9.399661593600061E-4
1950-11-09,7.276486930187973E-4
1950-11-10,0.006388285299975414
1950-11-11,0.005408836669411817
1950-11-12,0.0022856786051160143
1950-11-13,7.108144064697641E-4
1950-11-14,3.014948902820266E-4
1950-11-15,3.2260346968549376E-4
1950-11-16,4.792612336773888E-4
1950-11-17,0.0022894408195730984
1950-11-18,0.010657674514495815
1950-11-19,0.011332486457749438
1950-11-20,0.007773014942404878
1950-11-21,0.0011349094802850272
1950-11-22,4.888555878116444E-4
1950-11-23,4.6331801664573936E-4
1950-11-24,4.992173463164002E-4
1950-11-25,6.728118824036357E-4
1950-11-26,0.00235038302124952
1950-11-27,0.0017812257007058928
1950-11-28,1.2170670980118453E-4
1950-11-29,3.024950971743418E-5
1950-11-30,1.3602493235863946E-4
1950-12-01,2.1024880007088493E-4
1950-12-02,0.01910396293238631
1950-12-03,0.0425654958488796
1950-12-04,0.04043165118133669
1950-12-05,0.030034652471428024
1950-12-06,0.004207450141948443
1950-12-07,0.0011881070583502585
1950-12-08,4.202015424870798E-4
1950-12-09,1.447035948897551E-4
1950-12-10,6.487031223643E-5
1950-12-11,5.924809535495481E-5
1950-12-12,3.2518780402291693E-4
1950-12-13,0.0048335855483117906
1950-12-14,0.0015610413329747532
1950-12-15,4.006647426328644E-4
1950-12-16,4.344570395252474E-4
1950-12-17,8.526298809976928E-4
1950-12-18,0.0011563654477052643
1950-12-19,0.0032746719274478957
1950-12-20,0.0020334411143525717
1950-12-21,0.007000272479935789
1950-12-22,0.010031458717640414
1950-12-23,0.0010836494073928758
1950-12-24,0.0038290576941777655
1950-12-25,0.004926154993296193
1950-12-26,0.008704492389662158
1950-12-27,0.0018298581258567705
1950-12-28,9.076454730601285E-4
1950-12-29,8.57731471992615E-4
1950-12-30,0.005053910650984796
1950-12-31,0.011805213267304288
1951-01-01,0.001036770498562691
1951-01-02,5.406625308846934E-4
1951-01-03,0.004477477070226104
1951-01-04,0.007285586924843435
1951-01-05,0.0012487812498238806
1951-01-06,6.780898851971644E-4
1951-01-07,3.47097898605199E-4
1951-01-08,5.255842601092935E-4
1951-01-09,2.0404891570254455E-4
1951-01-10,5.98882918281535E-5
1951-01-11,7.356007298441504E-5
1951-01-12,4.236952996895366E-5
1951-01-13,1.035745162077231E-4
1951-01-14,2.7615087362750017E-4
1951-01-15,1.3385646820408167E-4
1951-01-16,2.8914122479898915E-5
1951-01-17,0.0013630424370077686
1951-01-18,3.117648735046737E-4
1951-01-19,1.9720224050940056E-4
1951-01-20,0.0016844008747978658
1951-01-21,7.452548092320526E-4
1951-01-22,9.421333106479784E-4
1951-01-23,4.4334341358023604E-4
1951-01-24,2.7047570274528536E-4
1951-01-25,7.056885207668244E-5
1951-01-26,1.2349355066983064E-4
1951-01-27,1.314676426146494E-4
1951-01-28,4.532955626388871E-5
1951-01-29,1.9856842984718282E-4
1951-01-30,1.1234291564272573E-4
1951-01-31,3.277661384879443E-5
1951-02-01,5.799483270597377E-5
1951-02-02,8.69657527692064E-5
1951-02-03,2.4353751021220767E-5
1951-02-04,8.092305811483914E-6
1951-02-05,4.587485200428289E-5
1951-02-06,0.001165594951237949
1951-02-07,1.4010421007530722E-4
1951-02-08,2.694238755829036E-5
1951-02-09,4.8498371308347474E-5
1951-02-10,6.018045456370112E-5
1951-02-11,3.377101152602405E-4
1951-02-12,4.233219887464451E-4
1951-02-13,3.830019729498019E-5
1951-02-14,1.0411409881396092E-4
1951-02-15,1.6573738918694063E-4
1951-02-16,6.610656906667938E-5
1951-02-17,2.8093400995002558E-6
1951-02-18,-1.8138950737722286E-9
1951-02-19,4.318320306830372E-5
1951-02-20,3.8683879260462524E-4
1951-02-21,4.241414729392605E-6
1951-02-22,5.730575092688852E-5
1951-02-23,9.892998080614674E-5
1951-02-24,3.202490274813152E-5
1951-02-25,7.438901877514848E-6
1951-02-26,1.5239489992012433E-6
1951-02-27,1.3951638176136802E-6
1951-02-28,7.010682754871768E-7
1951-03-01,1.0254741319366086E-7
1951-03-02,1.8321327880102907E-6
1951-03-03,2.812273614955814E-6
1951-03-04,1.0803372840884063E-6
1951-03-05,5.886307446546736E-6
1951-03-06,8.660083079292404E-7
1951-03-07,3.380358787345761E-5
1951-03-08,1.4652427191414502E-5
1951-03-09,1.662818530531686E-5
1951-03-10,8.29708391118568E-5
1951-03-11,1.1207909105634527E-5
1951-03-12,9.173734887572625E-5
1951-03-13,2.642199043889713E-4
1951-03-14,2.1825005236508787E-4
1951-03-15,1.8014709028529112E-4
1951-03-16,6.974752595218717E-4
1951-03-17,0.009957873294229147
1951-03-18,0.004142132371609915
1951-03-19,0.009688589014429436
1951-03-20,0.016699484114225
1951-03-21,0.00427263706257925
1951-03-22,0.0042884456047902995
1951-03-23,0.0024700031172122717
1951-03-24,0.0032284770436744868
1951-03-25,0.003407174508632187
1951-03-26,0.004431381243780027
1951-03-27,5.16115014468327E-4
1951-03-28,1.839718663166873E-4
1951-03-29,0.002080458859201693
1951-03-30,0.00774375226185964
1951-03-31,0.011559008544312174
1951-04-01,0.004929097382952399
1951-04-02,0.0046634168167480365
1951-04-03,0.0030559255504362683
1951-04-04,0.00200973703046562
1951-04-05,7.359249405051298E-4
1951-04-06,8.754176297097895E-4
1951-04-07,3.063437017124713E-4
1951-04-08,2.7966550727161237E-4
1951-04-09,2.0143585320826272E-4
1951-04-10,3.8355924159699735E-4
1951-04-11,1.1442002090890504E-4
1951-04-12,1.4234473995060592E-4
1951-04-13,8.020322661440639E-4
1951-04-14,0.0010544617532086986
1951-04-15,0.00506166620307371
1951-04-16,0.013679412582892032
1951-04-17,0.012769059602845188
1951-04-18,0.013967025256556995
1951-04-19,0.025194746808983627
1951-04-20,0.021504764228430343
1951-04-21,0.008756189164286188
1951-04-22,0.013801742345322481
1951-04-23,0.01692482915551211
1951-04-24,0.015610464539876663
1951-04-25,0.015921740917372113
1951-04-26,0.01204202988934693
1951-04-27,0.02266185035425849
1951-04-28,0.010571789407686433
1951-04-29,0.013794893861706401
1951-04-30,0.0074109682584344045
1951-05-01,0.010274060670990084
1951-05-02,0.011010226557616494
1951-05-03,0.005661184493690546
1951-05-04,0.0033968136703250696
1951-05-05,0.002373532645409189
1951-05-06,0.0015589237436005887
1951-05-07,0.001675128577178412
1951-05-08,0.0057797521656326
1951-05-09,0.015824125946275244
1951-05-10,0.009205479631117548
1951-05-11,0.0049267375927263095
1951-05-12,0.003919115541642247
1951-05-13,0.006218109994030345
1951-05-14,0.01158835405699612
1951-05-15,0.012485784394949824
1951-05-16,0.017872900724212083
1951-05-17,0.019531867388681717
1951-05-18,0.02153481588181875
1951-05-19,0.02094053382216517
1951-05-20,0.029972377316581103
1951-05-21,0.01458692255657527
1951-05-22,0.00886257956094753
1951-05-23,0.004284508369211156
1951-05-24,0.006413161484467761
1951-05-25,0.006778822286002697
1951-05-26,0.010159830918810543
1951-05-27,0.013057348425634158
1951-05-28,0.012843225816576206
1951-05-29,0.009450738679771982
1951-05-30,0.006944387510588412
1951-05-31,0.003901847981856713
1951-06-01,0.008970862226911413
1951-06-02,0.008212843700137123
1951-06-03,0.016602957127760984
1951-06-04,0.01835347307585916
1951-06-05,0.01655765192355843
1951-06-06,0.026892290602694772
1951-06-07,0.04243454778652142
1951-06-08,0.018955915808048684
1951-06-09,0.010868988744078083
1951-06-10,0.014788009692499677
1951-06-11,0.012242326252333938
1951-06-12,0.012464887951766158
1951-06-13,0.015519197184406705
1951-06-14,0.023953118881081644
1951-06-15,0.036734960145568374
1951-06-16,0.03976939547236119
1951-06-17,0.02472264909670171
1951-06-18,0.024061999857944136
1951-06-19,0.04060363464924531
1951-06-20,0.016309220442599325
1951-06-21,0.013266678067017562
1951-06-22,0.00916155432986445
1951-06-23,0.014101664970658564
1951-06-24,0.01484327482763584
1951-06-25,0.016847700684490853
1951-06-26,0.01247962638067674
1951-06-27,0.008054708169408047
1951-06-28,0.007790813319786468
1951-06-29,0.01041370998581155
1951-06-30,0.014734388406739919
1951-07-01,0.022966315927811277
1951-07-02,0.027358547256798118
1951-07-03,0.017129989967712776
1951-07-04,0.016210930618600825
1951-07-05,0.01568417288987852
1951-07-06,0.009573185153673757
1951-07-07,0.007757909028809723
1951-07-08,0.0076259073776852645
1951-07-09,0.00932589999728908
1951-07-10,0.01735481611248437
1951-07-11,0.01947569754931829
1951-07-12,0.0454903183049664
1951-07-13,0.0443866023724897
1951-07-14,0.018257848613549996
1951-07-15,0.0230161845270152
1951-07-16,0.014587262828683493
1951-07-17,0.009781995880057993
1951-07-18,0.005899003016813211
1951-07-19,0.007208769503509386
1951-07-20,0.006532719316033245
1951-07-21,0.007682719422350699
1951-07-22,0.006545600568485561
1951-07-23,0.005944055119891401
1951-07-24,0.004106379029637692
1951-07-25,0.010372463234431391
1951-07-26,0.011283661208228492
1951-07-27,0.01080293653904746
1951-07-28,0.0077016947468121506
1951-07-29,0.00832036355006345
1951-07-30,0.011656115102223122
1951-07-31,0.011166923152126255
1951-08-01,0.0093478507652486
1951-08-02,0.007362892065440386
1951-08-03,0.0106188984158914
1951-08-04,0.008361958615609484
1951-08-05,0.01376043548165714
1951-08-06,0.011323255583330204
1951-08-07,0.006572375868198532
1951-08-08,0.005960065241098422
1951-08-09,0.002750730318359615
1951-08-10,0.011377179097203777
1951-08-11,0.02230874565587414
1951-08-12,0.007972130817312685
1951-08-13,0.0057341322766794114
1951-08-14,0.00946201959800865
1951-08-15,0.007364308892414105
1951-08-16,0.004444717153033672
1951-08-17,0.0051041982864950715
1951-08-18,0.002786523119285288
1951-08-19,0.00433146479117651
1951-08-20,0.008172592458793527
1951-08-21,0.009868778362722685
1951-08-22,0.010783214750196656
1951-08-23,0.014002429021409139
1951-08-24,0.023142553677949432
1951-08-25,0.01608283067772137
1951-08-26,0.012441094774617713
1951-08-27,0.013685346910849378
1951-08-28,0.011186085027130527
1951-08-29,0.01382687369757288
1951-08-30,0.010766125213515923
1951-08-31,0.008528510890040633
1951-09-01,0.0068156273003496404
1951-09-02,0.007065701292798526
1951-09-03,0.007431386325158465
1951-09-04,0.007060170368088211
1951-09-05,0.02088253207530767
1951-09-06,0.00789186736716903
1951-09-07,0.007447834358078506
1951-09-08,0.005399082021703019
1951-09-09,0.015132267600815614
1951-09-10,0.012680431721108078
1951-09-11,0.013035320205624933
1951-09-12,0.0078067936328817065
1951-09-13,0.013747423855798914
1951-09-14,0.011160785559619753
1951-09-15,0.007855368819354348
1951-09-16,0.009870659582271771
1951-09-17,0.009269918170689742
1951-09-18,0.004588409332164452
1951-09-19,0.003307383520727507
1951-09-20,0.0020908015579429395
1951-09-21,0.0023902542368783885
1951-09-22,0.0031892384297208458
1951-09-23,0.0024312287333560874
1951-09-24,0.002252139407671783
1951-09-25,0.0025002829434605835
1951-09-26,0.003117841061710739
1951-09-27,0.002871179891434681
1951-09-28,9.37506045694026E-4
1951-09-29,0.0029880648779477175
1951-09-30,0.006998130091827939
1951-10-01,0.023813945097646186
1951-10-02,0.04587409277515791
1951-10-03,0.024498149964452803
1951-10-04,0.011858204406496048
1951-10-05,0.01051344885954073
1951-10-06,0.010732508992675796
1951-10-07,0.010064972774137811
1951-10-08,0.00867911380210218
1951-10-09,0.011997660704772838
1951-10-10,0.008820664613175615
1951-10-11,0.007169070664173692
1951-10-12,0.0025988438682796695
1951-10-13,0.0013891699905147676
1951-10-14,0.0020393461538994926
1951-10-15,0.003983718095820761
1951-10-16,0.001889635207916134
1951-10-17,0.003302433310031682
1951-10-18,0.003244221524813916
1951-10-19,6.213002983750602E-4
1951-10-20,2.9438580637309203E-4
1951-10-21,7.300697497663896E-4
1951-10-22,0.005992262232230945
1951-10-23,0.011123223930369365
1951-10-24,0.006136327594184465
1951-10-25,0.0037016491124560883
1951-10-26,0.0036375199164695882
1951-10-27,0.0012723361034020265
1951-10-28,9.86791898850025E-4
1951-10-29,0.001621869528630498
1951-10-30,0.009321981546977451
1951-10-31,0.014411354666958831
1951-11-01,0.006917728035480798
1951-11-02,0.004343594436475783
1951-11-03,0.001638969584834036
1951-11-04,0.0012371542905278525
1951-11-05,4.631788867406911E-4
1951-11-06,1.470065241064478E-4
1951-11-07,2.2142951355369912E-4
1951-11-08,0.0014390915211084764
1951-11-09,5.806175663901073E-4
1951-11-10,3.1795681759097993E-4
1951-11-11,3.33647373333262E-4
1951-11-12,5.253565515051115E-4
1951-11-13,5.539285751332665E-4
1951-11-14,1.6755756005598635E-4
1951-11-15,5.879417478454399E-5
1951-11-16,3.9044702538450043E-5
1951-11-17,1.032019484221094E-4
1951-11-18,2.3641321225284373E-4
1951-11-19,3.636888383354377E-4
1951-11-20,5.351376859228867E-4
1951-11-21,3.7439858638559824E-4
1951-11-22,2.7338388842175823E-4
1951-11-23,1.5704540684622928E-4
1951-11-24,3.2610942440012094E-4
1951-11-25,0.0030078310120165235
1951-11-26,0.018578522251965834
1951-11-27,0.0018218439655855487
1951-11-28,5.822603143021832E-4
1951-11-29,3.280847613223117E-5
1951-11-30,1.1834626032672693E-5
1951-12-01,4.899246789169622E-6
1951-12-02,2.1651976425466875E-5
1951-12-03,4.476348450108534E-4
1951-12-04,0.001504064217792364
1951-12-05,0.001272309835716075
1951-12-06,6.541576744128146E-5
1951-12-07,1.9069577538795502E-6
1951-12-08,2.9143653182246123E-5
1951-12-09,3.31304949474009E-5
1951-12-10,5.868625833838783E-4
1951-12-11,0.0013525748508886797
1951-12-12,0.012444928908664688
1951-12-13,0.0012893290077024009
1951-12-14,0.0030753846287058808
1951-12-15,0.0022162519050185443
1951-12-16,0.0029949230813645818
1951-12-17,6.6084939522459E-4
1951-12-18,8.678336799359446E-5
1951-12-19,1.422078201611255E-4
1951-12-20,1.0646601193480265E-4
1951-12-21,6.300536908523838E-5
1951-12-22,2.6710437644547973E-6
1951-12-23,1.7160189189997962E-6
1951-12-24,2.2685116170086029E-7
1951-12-25,1.7541194232472298E-6
1951-12-26,1.9691967670501075E-6
1951-12-27,1.6774059805452287E-6
1951-12-28,3.220306225399469E-5
1951-12-29,1.0032541185442432E-4
1951-12-30,5.542316432750107E-5
1951-12-31,9.469269877698631E-5
1952-01-01,1.9662190146462533E-5
1952-01-02,0.0010329410430904803
1952-01-03,0.002345054533981445
1952-01-04,3.6112068626236967E-4
1952-01-05,4.7281913560626396E-5
1952-01-06,1.8505234058868532E-6
1952-01-07,9.500253299024795E-6
1952-01-08,0.0011563107322276635
1952-01-09,0.001658260995711016
1952-01-10,6.187110463895138E-4
1952-01-11,5.689952232762901E-4
1952-01-12,7.805407948975263E-4
1952-01-13,2.148204386995466E-6
1952-01-14,7.574944117811703E-6
1952-01-15,9.44808456931223E-6
1952-01-16,1.2539537570667456E-5
1952-01-17,1.3137618502664723E-5
1952-01-18,1.0223460744698208E-5
1952-01-19,1.0554493857053379E-6
1952-01-20,1.0819497002884761E-5
1952-01-21,1.342588960373977E-5
1952-01-22,6.003082199657407E-6
1952-01-23,1.0875161437717627E-5
1952-01-24,1.1197317066448392E-4
1952-01-25,2.157194602751853E-4
1952-01-26,3.262919208814706E-5
1952-01-27,2.9343750455986403E-5
1952-01-28,1.2348367953261187E-5
1952-01-29,1.7749083619758987E-5
1952-01-30,2.2674849018031362E-5
1952-01-31,1.63043385169141E-5
1952-02-01,1.827298899570862E-5
1952-02-02,1.8939555040128592E-6
1952-02-03,8.401959809023781E-7
1952-02-04,1.0514947464940045E-4
1952-02-05,0.0014268577885728877
1952-02-06,5.887097372431227E-5
1952-02-07,3.9519263498743474E-5
1952-02-08,2.165555003078355E-6
1952-02-09,4.159272827727081E-5
1952-02-10,4.90514139821598E-5
1952-02-11,2.2327153674346403E-4
1952-02-12,5.796361031368041E-5
1952-02-13,3.13013188317818E-5
1952-02-14,5.427365716704361E-5
1952-02-15,1.0258599523884637E-5
1952-02-16,1.033003802994507E-5
1952-02-17,3.515870556768768E-5
1952-02-18,3.3529725744773045E-5
1952-02-19,2.3598340667004346E-8
1952-02-20,1.1409636460260084E-4
1952-02-21,3.873954749782101E-4
1952-02-22,0.003005461485952323
1952-02-23,0.0026368597486782414
1952-02-24,2.3039736757455903E-4
1952-02-25,3.7556816970216767E-6
1952-02-26,9.046861036582745E-5
1952-02-27,1.0861606988512836E-5
1952-02-28,5.588490291915354E-6
1952-02-29,5.0412702880877265E-5
1952-03-01,6.489293430726891E-4
1952-03-02,0.0028812049362917196
1952-03-03,0.011083911860833299
1952-03-04,7.833636960902569E-4
1952-03-05,0.0018869141478313454
1952-03-06,0.002797411375609533
1952-03-07,0.005594531931540065
1952-03-08,0.0048582502102799425
1952-03-09,0.006494993063485227
1952-03-10,0.0015641755322745713
1952-03-11,7.011928171903635E-4
1952-03-12,1.6509453940042633E-4
1952-03-13,2.5220435105564035E-4
1952-03-14,1.4041735901817846E-4
1952-03-15,0.0014426770972772772
1952-03-16,0.007781389620022077
1952-03-17,0.0015540625285037988
1952-03-18,0.0012853228326923489
1952-03-19,1.3465143577815557E-4
1952-03-20,2.5008621708018446E-5
1952-03-21,6.346642588537024E-6
1952-03-22,5.193412754906506E-5
1952-03-23,0.0025599608035029127
1952-03-24,0.007703142717405464
1952-03-25,0.005497786135944434
1952-03-26,6.925405592338903E-4
1952-03-27,1.512909628653191E-4
1952-03-28,0.00757641819725532
1952-03-29,0.014776480587352992
1952-03-30,0.004949701600839412
1952-03-31,0.008629360127256453
1952-04-01,0.005998943566915333
1952-04-02,0.007513543439905597
1952-04-03,0.0020885323903060767
1952-04-04,8.079081153655442E-4
1952-04-05,0.0022679440437749416
1952-04-06,0.0018497661553436844
1952-04-07,0.0026871908386925567
1952-04-08,0.0014781898687861801
1952-04-09,0.001978190190623698
1952-04-10,0.0018968034550008006
1952-04-11,0.0034844867483115826
1952-04-12,0.006511684079993577
1952-04-13,5.731885180449494E-4
1952-04-14,1.0725862514804125E-4
1952-04-15,5.743859803576264E-4
1952-04-16,0.008749425663220123
1952-04-17,0.0050237259135085645
1952-04-18,0.004910489230383025
1952-04-19,0.005369593201380785
1952-04-20,0.00830442241027644
1952-04-21,0.011815102598502717
1952-04-22,0.0079681865646366
1952-04-23,0.007337399508699333
1952-04-24,0.012214544943558303
1952-04-25,0.008705012270339652
1952-04-26,0.018731582809880885
1952-04-27,0.02341627976661534
1952-04-28,0.03542910099600362
1952-04-29,0.016133800649552155
1952-04-30,0.025613012042770115
1952-05-01,0.01587421876773532
1952-05-02,0.00958838661339494
1952-05-03,0.009862327905291797
1952-05-04,0.004988836539036909
1952-05-05,0.005944979945150716
1952-05-06,0.0035736968225721904
1952-05-07,0.004838641367710029
1952-05-08,0.0036541413840011274
1952-05-09,0.006009014948621406
1952-05-10,0.0038025445430535025
1952-05-11,0.0026871414613507984
1952-05-12,0.004968510455732901
1952-05-13,0.008354562308127034
1952-05-14,0.010085401132860019
1952-05-15,0.006775870685173687
1952-05-16,0.007462913223292871
1952-05-17,0.006309108597632155
1952-05-18,0.003590334942853122
1952-05-19,0.005027541679689144
1952-05-20,0.005854987508751805
1952-05-21,0.005465361894324027
1952-05-22,0.0053187233579200625
1952-05-23,0.006326962580646691
1952-05-24,0.006441399294738341
1952-05-25,0.005885210776241157
1952-05-26,0.005495337196504958
1952-05-27,0.00748549529009588
1952-05-28,0.008870289517154906
1952-05-29,0.013204088289053414
1952-05-30,0.03676337776621033
1952-05-31,0.018365862899282707
1952-06-01,0.009522099142393688
1952-06-02,0.006464375436488801
1952-06-03,0.004106909731023627
1952-06-04,0.0074817155916149045
1952-06-05,0.009633959400967354
1952-06-06,0.005438362646289972
1952-06-07,0.006099863025191462
1952-06-08,0.01360469310133333
1952-06-09,0.0154203501839316
1952-06-10,0.01470957042643571
1952-06-11,0.007601987803374633
1952-06-12,0.010382119076533804
1952-06-13,0.007925165596014921
1952-06-14,0.0077653992839552075
1952-06-15,0.011574356873765975
1952-06-16,0.021182078044701257
1952-06-17,0.03439865398348637
1952-06-18,0.013621644982198164
1952-06-19,0.004631991618185434
1952-06-20,0.004407529063735375
1952-06-21,0.006666229220578151
1952-06-22,0.004846929544337835
1952-06-23,0.0037948867932376834
1952-06-24,0.003568059733820384
1952-06-25,0.007940025177001197
1952-06-26,0.012388556853757008
1952-06-27,0.015774343681045293
1952-06-28,0.024217622273448543
1952-06-29,0.03456595049273918
1952-06-30,0.029408498208107023
1952-07-01,0.017030565743011428
1952-07-02,0.02425856514437704
1952-07-03,0.017362696892789152
1952-07-04,0.00992465259442699
1952-07-05,0.010762346426750878
1952-07-06,0.006460407483398136
1952-07-07,0.009598929854707292
1952-07-08,0.011133877298713103
1952-07-09,0.013661870356088075
1952-07-10,0.025905069846637804
1952-07-11,0.022677577476316154
1952-07-12,0.018375741394903337
1952-07-13,0.026552851375336133
1952-07-14,0.0187236280266464
1952-07-15,0.011505736925949693
1952-07-16,0.016446357202523427
1952-07-17,0.016608490905962125
1952-07-18,0.008789966327906238
1952-07-19,0.006614435964694924
1952-07-20,0.011506232862143138
1952-07-21,0.010479003724220124
1952-07-22,0.006774915085868845
1952-07-23,0.00875901734728819
1952-07-24,0.00991162665410907
1952-07-25,0.010872400000221575
1952-07-26,0.00823755426887991
1952-07-27,0.009751165724087425
1952-07-28,0.01307620598947884
1952-07-29,0.012283123984607205
1952-07-30,0.007977937650076731
1952-07-31,0.008099896712634332
1952-08-01,0.01122060926999664
1952-08-02,0.011070814631870103
1952-08-03,0.007541132761388035
1952-08-04,0.0068333153784389256
1952-08-05,0.0044815363054285205
1952-08-06,0.008023440479183033
1952-08-07,0.009195337174865483
1952-08-08,0.00816811219169692
1952-08-09,0.007361565340637989
1952-08-10,0.006042008697062996
1952-08-11,0.00946838442146788
1952-08-12,0.006687932195512766
1952-08-13,0.009057143409808264
1952-08-14,0.013096784031993108
1952-08-15,0.015228965372953119
1952-08-16,0.02074331505826745
1952-08-17,0.015590842820860606
1952-08-18,0.010244869402993193
1952-08-19,0.009876308567585685
1952-08-20,0.01084690842705908
1952-08-21,0.009633116687557258
1952-08-22,0.009696556459377578
1952-08-23,0.010447197117312708
1952-08-24,0.017717136488402632
1952-08-25,0.020096786595227116
1952-08-26,0.02503125164980945
1952-08-27,0.021447436631741156
1952-08-28,0.015777508924557985
1952-08-29,0.00758636686903318
1952-08-30,0.014200244096685863
1952-08-31,0.024633950335696035
1952-09-01,0.011633072594065222
1952-09-02,0.012559090126179992
1952-09-03,0.013252382776373509
1952-09-04,0.011224581363282098
1952-09-05,0.008251986232312323
1952-09-06,0.006172398613282163
1952-09-07,0.005253812889503114
1952-09-08,0.007807352883576956
1952-09-09,0.02484554740885877
1952-09-10,0.023005113685158705
1952-09-11,0.00852627137887968
1952-09-12,0.008021488833865945
1952-09-13,0.00535680072598408
1952-09-14,0.006602141599396577
1952-09-15,0.0112258640204229
1952-09-16,0.015100645964962195
1952-09-17,0.0089642624281455
1952-09-18,0.009075241658802472
1952-09-19,0.01193807752555141
1952-09-20,0.01203494014796057
1952-09-21,0.01664334828085173
1952-09-22,0.02465458878627594
1952-09-23,0.01616711452521435
1952-09-24,0.01736877782294867
1952-09-25,0.010135585063814068
1952-09-26,0.009624515824462897
1952-09-27,0.01177792410919797
1952-09-28,0.010099479195939303
1952-09-29,0.01083731361097497
1952-09-30,0.007609079748483639
1952-10-01,0.00509391827170804
1952-10-02,0.010899707950600477
1952-10-03,0.0075908724567068835
1952-10-04,0.007742931533923459
1952-10-05,0.00886764386103159
1952-10-06,0.008293303457410285
1952-10-07,0.009936586059778143
1952-10-08,0.013473269394275263
1952-10-09,0.018229043885004695
1952-10-10,0.02427750566112878
1952-10-11,0.01599646528685782
1952-10-12,0.015241031538832524
1952-10-13,0.012608512212764874
1952-10-14,0.009329999704490605
1952-10-15,0.006306884796215178
1952-10-16,0.0026360187129764088
1952-10-17,0.0037256138070310093
1952-10-18,0.0026659432713187973
1952-10-19,0.0065479182385048875
1952-10-20,0.009266064183986638
1952-10-21,0.017540981549690637
1952-10-22,0.010428381881543457
1952-10-23,0.007187581429853096
1952-10-24,0.009898170690927957
1952-10-25,0.010836588746783598
1952-10-26,0.0012593454148838905
1952-10-27,0.00191686477842089
1952-10-28,0.0028311058873545605
1952-10-29,0.00106927586623163
1952-10-30,5.301552472819891E-4
1952-10-31,0.0020648314413962486
1952-11-01,0.003845151797671227
1952-11-02,0.003207912887949871
1952-11-03,0.006891949078720209
1952-11-04,0.0033148167686250242
1952-11-05,4.938468963700411E-4
1952-11-06,4.3792361633124846E-4
1952-11-07,5.463550944660804E-4
1952-11-08,0.0192992066739223
1952-11-09,0.057456805238718135
1952-11-10,0.036256640133927216
1952-11-11,0.01405059030854274
1952-11-12,0.005277329279833009
1952-11-13,9.153032487605019E-4
1952-11-14,4.6675573916011627E-4
1952-11-15,1.0425730901708341E-4
1952-11-16,4.937658194255145E-5
1952-11-17,6.120454176637473E-5
1952-11-18,1.0678020456025756E-4
1952-11-19,6.874734625892001E-5
1952-11-20,1.289125141976391E-4
1952-11-21,1.5160002828525023E-4
1952-11-22,3.221277846644683E-4
1952-11-23,1.9013468550250286E-4
1952-11-24,4.6531355677448667E-4
1952-11-25,4.081647374501618E-4
1952-11-26,6.562066362082157E-5
1952-11-27,9.635294039555235E-6
1952-11-28,4.2352514636512114E-5
1952-11-29,3.4750774271223976E-5
1952-11-30,3.9864748249584156E-5
1952-12-01,2.3202332233469752E-5
1952-12-02,1.4899359413082596E-5
1952-12-03,1.7622696595499728E-4
1952-12-04,1.8555139380165833E-4
1952-12-05,2.083841593999133E-4
1952-12-06,1.6621610158554248E-4
1952-12-07,5.757051411998334E-5
1952-12-08,1.7810069447361717E-4
1952-12-09,0.001712305559612006
1952-12-10,1.8746464721973436E-4
1952-12-11,1.2339307107236153E-4
1952-12-12,6.251569865144888E-5
1952-12-13,3.995401291395468E-5
1952-12-14,1.8622482236463453E-4
1952-12-15,1.0012315006139243E-4
1952-12-16,6.920890800158884E-5
1952-12-17,5.525261371646991E-5
1952-12-18,1.9388607824752506E-5
1952-12-19,1.7521247955646657E-5
1952-12-20,1.039192763464731E-5
1952-12-21,6.985028949955465E-6
1952-12-22,1.1625047106600469E-5
1952-12-23,0.001036029041579902
1952-12-24,3.646558190215221E-5
1952-12-25,4.295924336835854E-5
1952-12-26,3.0147469529416196E-5
1952-12-27,0.007252413653510029
1952-12-28,0.0018502485170016594
1952-12-29,3.8094728025792453E-4
1952-12-30,5.852920746979651E-5
1952-12-31,1.733631017358073E-5
1953-01-01,2.843317292748175E-5
1953-01-02,9.184704531064986E-5
1953-01-03,3.404390376819848E-4
1953-01-04,4.7333638371836236E-5
1953-01-05,6.503456459289889E-4
1953-01-06,4.3606340755504314E-4
1953-01-07,2.0323203909479128E-4
1953-01-08,0.0013929095166738093
1953-01-09,0.0024684864420387877
1953-01-10,6.939262756875034E-4
1953-01-11,3.690296588207865E-4
1953-01-12,0.0024219169590524634
1953-01-13,0.0016916693239774974
1953-01-14,0.0016778525896613103
1953-01-15,2.3113600986175557E-4
1953-01-16,0.0032758558782891734
1953-01-17,0.00446801062498446
1953-01-18,2.095712351070627E-4
1953-01-19,1.921507714347569E-5
1953-01-20,1.3453469045906497E-5
1953-01-21,0.0020907144797397232
1953-01-22,4.6473897883094893E-4
1953-01-23,0.006222072732733958
1953-01-24,0.001639629781005928
1953-01-25,1.6668514795937362E-4
1953-01-26,1.436557343421654E-6
1953-01-27,1.489847391483308E-8
1953-01-28,2.2373962795751474E-5
1953-01-29,3.782248050912986E-4
1953-01-30,4.718721156181882E-4
1953-01-31,6.043655841019684E-4
1953-02-01,8.072999692786079E-4
1953-02-02,0.001530196937182016
1953-02-03,3.9218582614144353E-4
1953-02-04,2.388939274847979E-6
1953-02-05,5.321791151202108E-5
1953-02-06,6.842035150029209E-4
1953-02-07,4.986054525495545E-4
1953-02-08,2.366419168283866E-4
1953-02-09,3.0052793235009245E-4
1953-02-10,6.0445025111132556E-5
1953-02-11,6.9803170699917204E-6
1953-02-12,2.1484418671492192E-5
1953-02-13,1.6299079235072687E-4
1953-02-14,1.1211678815064614E-5
1953-02-15,2.1696950684979037E-4
1953-02-16,1.313664191314187E-4
1953-02-17,1.9287878853332878E-4
1953-02-18,1.7394434355218888E-4
1953-02-19,0.006122554387739147
1953-02-20,0.0030723061999057026
1953-02-21,0.0018703592792176772
1953-02-22,0.0011442651522515356
1953-02-23,0.001993578189256932
1953-02-24,0.0015121093560788053
1953-02-25,0.008278285562401051
1953-02-26,0.0025386438368991482
1953-02-27,0.0013772648654802875
1953-02-28,0.0021611807309144366
1953-03-01,0.0044732409252910875
1953-03-02,0.007739633961702935
1953-03-03,0.008542081173932382
1953-03-04,0.006278604431790137
1953-03-05,0.0018347621833101322
1953-03-06,0.0030032339446432006
1953-03-07,0.006765126139777743
1953-03-08,0.013802957622046523
1953-03-09,0.01813711381071784
1953-03-10,0.00972453901044514
1953-03-11,0.0014255974241760554
1953-03-12,0.011963759832825764
1953-03-13,0.01449528060165022
1953-03-14,0.008189115153203825
1953-03-15,0.0011539762410044008
1953-03-16,0.005417006051935057
1953-03-17,0.0075912719822470625
1953-03-18,0.01096173082987502
1953-03-19,0.009311434420507756
1953-03-20,0.011036255195532835
1953-03-21,0.0048464491421453485
1953-03-22,0.005300099219766915
1953-03-23,7.508779589022196E-4
1953-03-24,0.009898745585434396
1953-03-25,0.018949243068421547
1953-03-26,0.020530858285337232
1953-03-27,0.011607817877106527
1953-03-28,0.003837613342122812
1953-03-29,0.00426442919242173
1953-03-30,0.002328345471138009
1953-03-31,8.618455185741938E-4
1953-04-01,1.0635034555175976E-4
1953-04-02,1.186810030523582E-4
1953-04-03,0.0038924872949810617
1953-04-04,0.010656958293335734
1953-04-05,0.012408022173202998
1953-04-06,0.0063418832439506865
1953-04-07,0.012070872111934458
1953-04-08,0.009325510571001429
1953-04-09,0.010610093503170114
1953-04-10,0.01336244992829318
1953-04-11,0.015253696118849237
1953-04-12,0.01745369508619049
1953-04-13,0.022516143389897773
1953-04-14,0.012855132424075894
1953-04-15,0.010271835475356893
1953-04-16,0.011928169362013411
1953-04-17,0.004421102194683656
1953-04-18,0.004187282611645076
1953-04-19,0.005127444524488372
1953-04-20,0.0060066407951496125
1953-04-21,0.004455376025817516
1953-04-22,0.006387669606548589
1953-04-23,0.0033506949296260484
1953-04-24,0.001558914938885149
1953-04-25,0.0049863817870059324
1953-04-26,0.010669536993738116
1953-04-27,0.012296960989212902
1953-04-28,0.023188377164480085
1953-04-29,0.010561885233273635
1953-04-30,0.0038884754098343173
1953-05-01,0.004207666139502235
1953-05-02,0.016337628753901528
1953-05-03,0.017913852069995163
1953-05-04,0.019297838009650264
1953-05-05,0.01191954843567146
1953-05-06,0.012953568572577793
1953-05-07,0.009585171100494028
1953-05-08,0.009785993296571054
1953-05-09,0.02170510519320119
1953-05-10,0.016676798030216218
1953-05-11,0.018616701669579377
1953-05-12,0.01076785421632212
1953-05-13,0.011788195613127384
1953-05-14,0.021689526165992967
1953-05-15,0.011168675636596119
1953-05-16,0.014885950606225287
1953-05-17,0.017886781652687662
1953-05-18,0.025031853629930927
1953-05-19,0.022037744779918673
1953-05-20,0.016034782885009053
1953-05-21,0.013622342789681639
1953-05-22,0.013048088080561838
1953-05-23,0.00947260190356411
1953-05-24,0.007858292948582068
1953-05-25,0.006972949068817408
1953-05-26,0.004724678798207483
1953-05-27,0.011333798570558357
1953-05-28,0.01619385542307145
1953-05-29,0.020535095279509495
1953-05-30,0.021789968328708834
1953-05-31,0.01382315956882831
1953-06-01,0.00602719202989813
1953-06-02,0.009062502293989805
1953-06-03,0.01571352654453939
1953-06-04,0.02481206117442386
1953-06-05,0.021656052169337008
1953-06-06,0.02570976626441337
1953-06-07,0.02881676789805354
1953-06-08,0.022742100964052294
1953-06-09,0.013316246098020951
1953-06-10,0.01216514116550855
1953-06-11,0.01962010787631297
1953-06-12,0.025199706467991044
1953-06-13,0.013039130638160215
1953-06-14,0.009551356900473009
1953-06-15,0.01152245433145989
1953-06-16,0.012759868286029827
1953-06-17,0.011010163108899027
1953-06-18,0.00480161122190651
1953-06-19,0.005750837274612752
1953-06-20,0.017435363942472047
1953-06-21,0.01270395508120801
1953-06-22,0.009218925693104682
1953-06-23,0.008438442550421543
1953-06-24,0.014204780561074925
1953-06-25,0.02520117055875138
1953-06-26,0.02568186713048925
1953-06-27,0.026432207237776402
1953-06-28,0.019906792643396905
1953-06-29,0.0074157025217425196
1953-06-30,0.007652864791211476
1953-07-01,0.010491867987992407
1953-07-02,0.00877520039374956
1953-07-03,0.02587988362324955
1953-07-04,0.04311154889994513
1953-07-05,0.04167302486361516
1953-07-06,0.020382518842906212
1953-07-07,0.012622121765960727
1953-07-08,0.01635886539552846
1953-07-09,0.01774673215110181
1953-07-10,0.018166488834987726
1953-07-11,0.014594523628869005
1953-07-12,0.017400299341007917
1953-07-13,0.016295534812461286
1953-07-14,0.010287221241138234
1953-07-15,0.017125714134592126
1953-07-16,0.021300472265124746
1953-07-17,0.015541729500541283
1953-07-18,0.007212232635487442
1953-07-19,0.004154799901677125
1953-07-20,0.009203351511615273
1953-07-21,0.014558976727358112
1953-07-22,0.008018784882325361
1953-07-23,0.007337045589624076
1953-07-24,0.009253410041824528
1953-07-25,0.016767039763842716
1953-07-26,0.010392322491376331
1953-07-27,0.012485639083123914
1953-07-28,0.012924427948955125
1953-07-29,0.01038767488392003
1953-07-30,0.004919132542310606
1953-07-31,0.005475613632327605
1953-08-01,0.003199176943949488
1953-08-02,0.008199024308790867
1953-08-03,0.009787098704109641
1953-08-04,0.012183304632709306
1953-08-05,0.012763143135303003
1953-08-06,0.010319646892314068
1953-08-07,0.007262435977438306
1953-08-08,0.008566455078047434
1953-08-09,0.007230724845794295
1953-08-10,0.004083932977227316
1953-08-11,0.003819769892181194
1953-08-12,0.004716988167540957
1953-08-13,0.005177381425602124
1953-08-14,0.0012501042293652082
1953-08-15,0.002055407284510769
1953-08-16,0.00821683223126303
1953-08-17,0.010466431274677135
1953-08-18,0.01027637836140621
1953-08-19,0.013754116248793568
1953-08-20,0.013040997253322712
1953-08-21,0.014133428540511127
1953-08-22,0.015614985170005653
1953-08-23,0.012671045898276188
1953-08-24,0.012683159448457765
1953-08-25,0.014238203245074766
1953-08-26,0.01732309626222129
1953-08-27,0.009670985950023678
1953-08-28,0.005920839414848242
1953-08-29,0.0029169282260307445
1953-08-30,0.00273258341365069
1953-08-31,0.003619337365223757
1953-09-01,0.003320463166548119
1953-09-02,0.0059535013572626595
1953-09-03,0.00851091027814879
1953-09-04,0.007608660501235543
1953-09-05,0.009766902553033323
1953-09-06,0.012403991671861899
1953-09-07,0.014440269081757471
1953-09-08,0.020844325879693617
1953-09-09,0.024326290545746986
1953-09-10,0.016334331722449226
1953-09-11,0.01256281441463706
1953-09-12,0.022718830618358773
1953-09-13,0.05192950808438508
1953-09-14,0.055016908437899734
1953-09-15,0.028595370915404837
1953-09-16,0.01119591925702342
1953-09-17,0.010609826712523404
1953-09-18,0.008686050542257672
1953-09-19,0.007993198562960503
1953-09-20,0.00712466171565534
1953-09-21,0.00792417349290774
1953-09-22,0.003786298942260329
1953-09-23,0.007042846601471978
1953-09-24,0.0031939054660204947
1953-09-25,0.010066962999600792
1953-09-26,0.006161270895766141
1953-09-27,0.0048967021609416395
1953-09-28,0.0046999037857426845
1953-09-29,0.006898759051468685
1953-09-30,0.011637428317565349
1953-10-01,0.013373633986215992
1953-10-02,0.006102138902814876
1953-10-03,0.006275881762761131
1953-10-04,0.006675730208370965
1953-10-05,0.006428773191129033
1953-10-06,0.0020899760371012846
1953-10-07,5.191723854959614E-4
1953-10-08,4.5635667730161805E-4
1953-10-09,0.0012466597004955715
1953-10-10,0.0026161910313089206
1953-10-11,0.0025370548488195047
1953-10-12,0.0026849915989250635
1953-10-13,0.001090964075446111
1953-10-14,2.964160531305194E-4
1953-10-15,2.675642388473782E-4
1953-10-16,1.9051326804626602E-4
1953-10-17,1.9735873291387165E-4
1953-10-18,2.808379035083022E-4
1953-10-19,2.529272476774733E-4
1953-10-20,1.9636669134642345E-4
1953-10-21,2.0297111545588937E-4
1953-10-22,1.615369842792571E-4
1953-10-23,5.125388765305713E-4
1953-10-24,0.0074691270991533165
1953-10-25,0.010273197402967366
1953-10-26,0.006145888179223554
1953-10-27,6.446866990714295E-4
1953-10-28,5.949652350908706E-4
1953-10-29,3.055728679940545E-4
1953-10-30,5.05898927406047E-4
1953-10-31,5.271380082999696E-4
1953-11-01,5.354479277359665E-5
1953-11-02,1.047856075630217E-4
1953-11-03,1.0180581777565777E-4
1953-11-04,1.915224661126996E-4
1953-11-05,2.887616456550234E-4
1953-11-06,1.7122397973687306E-4
1953-11-07,0.0024683885451609877
1953-11-08,0.004192696753331853
1953-11-09,0.0029573468565148734
1953-11-10,0.0013504084757650656
1953-11-11,0.001408779503149935
1953-11-12,8.833015470417117E-4
1953-11-13,2.7944597921537796E-4
1953-11-14,1.360057424899004E-4
1953-11-15,5.794145420224649E-5
1953-11-16,1.436529880263981E-4
1953-11-17,1.3841287933950703E-4
1953-11-18,5.058796600479759E-5
1953-11-19,0.001142599031454566
1953-11-20,0.004990159821388354
1953-11-21,0.0023240391652819795
1953-11-22,0.0012644251417011558
1953-11-23,1.0625130869739726E-4
1953-11-24,9.962507922081219E-6
1953-11-25,5.6363931468445285E-6
1953-11-26,5.4263744067866096E-5
1953-11-27,7.291938935868316E-5
1953-11-28,6.514196292140852E-5
1953-11-29,2.2028531115228376E-4
1953-11-30,4.7693884467695565E-4
1953-12-01,2.3565517220948865E-4
1953-12-02,6.0963491706320326E-5
1953-12-03,2.8437711692072353E-4
1953-12-04,7.359855672664738E-4
1953-12-05,4.071690592424025E-4
1953-12-06,8.878811984789546E-5
1953-12-07,3.575962168569296E-5
1953-12-08,2.5569757353000072E-5
1953-12-09,6.577538808935859E-6
1953-12-10,2.0603603761012664E-5
1953-12-11,4.9810107894312034E-5
1953-12-12,4.916107088770193E-5
1953-12-13,2.4303447845345834E-5
1953-12-14,3.109824257493208E-5
1953-12-15,7.330835159336795E-4
1953-12-16,3.693846931115607E-4
1953-12-17,4.7282293180435413E-4
1953-12-18,9.29748870803748E-5
1953-12-19,1.0262203193433225E-4
1953-12-20,2.527978455797341E-4
1953-12-21,6.413978317831165E-4
1953-12-22,1.251201865171268E-4
1953-12-23,2.444774386704456E-5
1953-12-24,2.0717291915510827E-6
1953-12-25,1.5408995168643822E-6
1953-12-26,2.3687545584807833E-6
1953-12-27,3.795403735767608E-6
1953-12-28,8.525417571069972E-6
1953-12-29,4.467620549575177E-5
1953-12-30,1.7761962779572417E-5
1953-12-31,4.908041254779204E-5
1954-01-01,1.6748119692575525E-4
1954-01-02,1.589693823661955E-4
1954-01-03,5.324028695194843E-5
1954-01-04,1.4867284267062297E-6
1954-01-05,1.8591576554114909E-6
1954-01-06,1.3205836870977755E-6
1954-01-07,4.365394380206687E-7
1954-01-08,8.836055671653908E-7
1954-01-09,2.950225583081568E-5
1954-01-10,0.001304072830700518
1954-01-11,1.3590368738341984E-4
1954-01-12,3.623233278570163E-5
1954-01-13,9.475378869811676E-6
1954-01-14,1.4614467097456556E-4
1954-01-15,6.15693145497764E-5
1954-01-16,3.487085621163079E-4
1954-01-17,8.151213961355657E-5
1954-01-18,1.891885288355838E-4
1954-01-19,0.0030673090068498794
1954-01-20,8.117200977692973E-4
1954-01-21,0.011369404718817267
1954-01-22,0.0011311832913675896
1954-01-23,1.2894143758945814E-4
1954-01-24,2.0225357767433504E-5
1954-01-25,1.2397574092236825E-5
1954-01-26,4.1109600914099575E-6
1954-01-27,1.62971897695658E-6
1954-01-28,3.4575903168281176E-6
1954-01-29,4.800353232272202E-6
1954-01-30,2.0873639512753297E-6
1954-01-31,3.1375719296615136E-6
1954-02-01,4.216371206290537E-6
1954-02-02,8.879218213513231E-7
1954-02-03,2.258295431025597E-6
1954-02-04,4.351138613856165E-7
1954-02-05,3.586579305149759E-6
1954-02-06,1.0016358914025927E-4
1954-02-07,1.551048872588204E-4
1954-02-08,2.4118928263395414E-6
1954-02-09,2.2930664687093817E-6
1954-02-10,1.00438051537743E-5
1954-02-11,4.560380482426725E-6
1954-02-12,3.009950289715828E-4
1954-02-13,9.332480970284094E-4
1954-02-14,6.672910100833648E-4
1954-02-15,0.015024563745562613
1954-02-16,0.005830684279236333
1954-02-17,5.340610548347331E-4
1954-02-18,1.3966470738147654E-4
1954-02-19,5.728795036308704E-5
1954-02-20,1.6241147820311234E-4
1954-02-21,3.406048373953585E-4
1954-02-22,3.483988748706731E-4
1954-02-23,0.0024244424566116606
1954-02-24,0.016326520269030646
1954-02-25,0.005708315925337895
1954-02-26,6.59174768069236E-4
1954-02-27,6.11137831022729E-4
1954-02-28,1.541807394145734E-4
1954-03-01,1.4392842518053606E-5
1954-03-02,1.2150909474212054E-4
1954-03-03,7.07769060827691E-5
1954-03-04,1.059846333028054E-5
1954-03-05,7.685973641715195E-6
1954-03-06,8.762164092314469E-7
1954-03-07,1.4065824610777447E-6
1954-03-08,2.1433451957757492E-6
1954-03-09,5.8198416894170965E-6
1954-03-10,2.1328499411410928E-6
1954-03-11,1.4551772138152309E-5
1954-03-12,1.6231465471910173E-4
1954-03-13,0.0015977904597745702
1954-03-14,3.029988645926821E-4
1954-03-15,7.413380367464288E-6
1954-03-16,1.0741287560017135E-6
1954-03-17,7.875368553682332E-6
1954-03-18,1.74796066494357E-6
1954-03-19,2.2054679943258363E-6
1954-03-20,5.884840559371444E-5
1954-03-21,1.440779132719235E-4
1954-03-22,6.134739521221614E-5
1954-03-23,5.225104978591428E-5
1954-03-24,2.7471195452947377E-4
1954-03-25,0.0019031592866071358
1954-03-26,9.775502444978924E-4
1954-03-27,0.002066391643226049
1954-03-28,0.006803294424298331
1954-03-29,0.01470562908066302
1954-03-30,0.010191102742275604
1954-03-31,0.01813607754474558
1954-04-01,0.008532737446948378
1954-04-02,0.003935298542707132
1954-04-03,0.004119655009888952
1954-04-04,0.0020999271761983195
1954-04-05,0.002317134976806158
1954-04-06,0.01080481633501038
1954-04-07,0.009102252832220558
1954-04-08,0.006489711903206034
1954-04-09,0.00821785534600388
1954-04-10,0.006929316838944596
1954-04-11,0.010168680070785141
1954-04-12,0.008614686130608696
1954-04-13,0.0037615793085664572
1954-04-14,0.00223834683468837
1954-04-15,0.0033646294057625846
1954-04-16,0.0022802321810740556
1954-04-17,0.001932094561694657
1954-04-18,0.0010253903656925083
1954-04-19,9.047620980705321E-4
1954-04-20,7.206065050903365E-4
1954-04-21,0.0012739168978975089
1954-04-22,0.0021456564128772846
1954-04-23,0.002958093205704694
1954-04-24,0.001916567425228904
1954-04-25,0.0020929725224006573
1954-04-26,8.973608579488497E-4
1954-04-27,6.606806960879692E-4
1954-04-28,5.056176440145008E-4
1954-04-29,0.00689597075329811
1954-04-30,0.012148553809413973
1954-05-01,0.012887917609168228
1954-05-02,0.005511136113103764
1954-05-03,0.0044024769926664245
1954-05-04,0.013681272752850764
1954-05-05,0.020413837223224946
1954-05-06,0.022039118841811672
1954-05-07,0.014041909172350629
1954-05-08,0.01324781393815244
1954-05-09,0.007589311852517406
1954-05-10,0.008222937960055042
1954-05-11,0.01055756334501389
1954-05-12,0.008845414824529807
1954-05-13,0.0024699962091099077
1954-05-14,0.0018051569038631868
1954-05-15,0.00408651380060443
1954-05-16,0.00533743223185493
1954-05-17,0.0105334183389199
1954-05-18,0.01542009088518239
1954-05-19,0.021609157069016838
1954-05-20,0.012421723044290293
1954-05-21,0.007775275302123657
1954-05-22,0.015640453295949496
1954-05-23,0.02218292230504365
1954-05-24,0.02278234868202857
1954-05-25,0.0242072263411283
1954-05-26,0.022153167492009733
1954-05-27,0.011583782616933774
1954-05-28,0.008298395228223072
1954-05-29,0.020408328750613637
1954-05-30,0.030191104885630392
1954-05-31,0.02694240717275722
1954-06-01,0.02909141372380525
1954-06-02,0.017214036013072295
1954-06-03,0.010856461765560215
1954-06-04,0.02144543603217126
1954-06-05,0.010365638343644892
1954-06-06,0.010593873746846514
1954-06-07,0.018015077851939936
1954-06-08,0.01917668976285906
1954-06-09,0.043077506385323976
1954-06-10,0.031131403934298744
1954-06-11,0.03203757663017013
1954-06-12,0.02584915175709392
1954-06-13,0.03146962678764223
1954-06-14,0.025560823492787328
1954-06-15,0.023333243658333596
1954-06-16,0.015985759058317044
1954-06-17,0.014029893584066904
1954-06-18,0.00764616838959913
1954-06-19,0.006668568625958163
1954-06-20,0.00885723673177528
1954-06-21,0.019466818667304462
1954-06-22,0.030347118163909628
1954-06-23,0.032202965801254924
1954-06-24,0.03624317678374361
1954-06-25,0.014529277635372024
1954-06-26,0.014748326539019266
1954-06-27,0.008273958259612642
1954-06-28,0.010132854353877598
1954-06-29,0.01823362853855591
1954-06-30,0.03323433335705383
1954-07-01,0.02268142669967699
1954-07-02,0.01052917779735757
1954-07-03,0.003933043327281002
1954-07-04,0.0051198505158090366
1954-07-05,0.009763710468469472
1954-07-06,0.007821560745805464
1954-07-07,0.005357138201648818
1954-07-08,0.006115043870849272
1954-07-09,0.006412784297154776
1954-07-10,0.0073354531318396785
1954-07-11,0.016284465306826198
1954-07-12,0.023886359003888444
1954-07-13,0.027206404868813785
1954-07-14,0.019463451767752524
1954-07-15,0.014886463106928533
1954-07-16,0.009954186873483657
1954-07-17,0.005257802462659792
1954-07-18,0.004799878141952747
1954-07-19,0.004868970775255202
1954-07-20,0.008575691104582023
1954-07-21,0.009044464049941926
1954-07-22,0.010251875829960084
1954-07-23,0.008757139871459133
1954-07-24,0.009421264701133721
1954-07-25,0.012463250731473327
1954-07-26,0.034855541333436484
1954-07-27,0.03374183142258865
1954-07-28,0.014666189429067819
1954-07-29,0.005635634734976933
1954-07-30,0.004208126290969785
1954-07-31,0.0054534228545444745
1954-08-01,0.009854700075384817
1954-08-02,0.008466484332179721
1954-08-03,0.008846323116425147
1954-08-04,0.006583692612102938
1954-08-05,0.0048056269872458765
1954-08-06,0.006868414179397272
1954-08-07,0.012348812636031154
1954-08-08,0.01453261195679836
1954-08-09,0.018587961302425102
1954-08-10,0.01722316252580898
1954-08-11,0.014156296726170685
1954-08-12,0.0219000045533312
1954-08-13,0.02238127166827816
1954-08-14,0.012725561045416472
1954-08-15,0.008057400188289475
1954-08-16,0.007663279439084602
1954-08-17,0.007750082368607034
1954-08-18,0.011385243864704294
1954-08-19,0.015818815299712748
1954-08-20,0.012455922287894538
1954-08-21,0.020851541038606914
1954-08-22,0.032313179847199475
1954-08-23,0.011576832939895022
1954-08-24,0.007787937819539982
1954-08-25,0.008812502807660392
1954-08-26,0.009719096956532036
1954-08-27,0.0108493906926271
1954-08-28,0.00996077531205617
1954-08-29,0.009929890356453103
1954-08-30,0.0018958995324325789
1954-08-31,0.004291400674947778
1954-09-01,0.00785145619406312
1954-09-02,0.006111882171417045
1954-09-03,0.004444971820444395
1954-09-04,0.002112558396648528
1954-09-05,0.00275673970674475
1954-09-06,0.02391793195534098
1954-09-07,0.012559172550846985
1954-09-08,0.006950328522975903
1954-09-09,0.008532061626442237
1954-09-10,0.012506419655298143
1954-09-11,0.011589127448311585
1954-09-12,0.009819012602929493
1954-09-13,0.012211145142130455
1954-09-14,0.013098902132826513
1954-09-15,0.011950930478666367
1954-09-16,0.007760045126088398
1954-09-17,0.00863359771504741
1954-09-18,0.0073248069934490675
1954-09-19,0.0034488982813046403
1954-09-20,0.004434989237779246
1954-09-21,0.007519678335143458
1954-09-22,0.007588893200726124
1954-09-23,0.0021988630057921247
1954-09-24,0.003906709069008715
1954-09-25,0.006392569250101629
1954-09-26,0.006396911764692342
1954-09-27,0.006451663386810186
1954-09-28,0.004239702598949631
1954-09-29,0.010968230376033936
1954-09-30,0.004665143476982517
1954-10-01,0.007543909574916054
1954-10-02,0.002283208925097967
1954-10-03,0.006498965011589383
1954-10-04,0.01305150520499021
1954-10-05,0.015431887616364803
1954-10-06,0.016365751141161473
1954-10-07,0.016056016257343687
1954-10-08,0.008969080081860382
1954-10-09,0.016223526409777887
1954-10-10,0.023955203471526323
1954-10-11,0.004774855737234767
1954-10-12,0.001652006883808338
1954-10-13,0.002267666735691206
1954-10-14,0.0018628371457583407
1954-10-15,4.78618519636303E-4
1954-10-16,1.697751154566435E-4
1954-10-17,1.3223872703097228E-4
1954-10-18,1.6625883276098275E-4
1954-10-19,2.4426424914144234E-4
1954-10-20,2.860963784292456E-4
1954-10-21,4.293232564825671E-4
1954-10-22,4.5503694827662614E-4
1954-10-23,2.461263479390596E-4
1954-10-24,0.002629069967074565
1954-10-25,0.0046420409843938365
1954-10-26,0.03762033484517778
1954-10-27,0.007645932583776816
1954-10-28,0.0010396250104210214
1954-10-29,5.570168804307526E-4
1954-10-30,3.874632236844176E-4
1954-10-31,1.8048811601411685E-4
1954-11-01,8.074096879578723E-5
1954-11-02,1.394475766783673E-4
1954-11-03,1.807521071576561E-4
1954-11-04,8.065600637750482E-4
1954-11-05,2.884818393092712E-4
1954-11-06,1.0960872540116981E-4
1954-11-07,6.710401615395663E-5
1954-11-08,4.555834725529073E-5
1954-11-09,1.137154044610518E-5
1954-11-10,7.0377875082424824E-6
1954-11-11,5.516112860690147E-6
1954-11-12,2.202187371342451E-6
1954-11-13,5.219687410033641E-6
1954-11-14,5.19420686449672E-6
1954-11-15,7.08104979769358E-6
1954-11-16,2.9982024307116292E-5
1954-11-17,3.043868702802995E-5
1954-11-18,4.0121634363146096E-5
1954-11-19,6.148309220588723E-5
1954-11-20,1.8533784428941726E-4
1954-11-21,2.5910734552262083E-4
1954-11-22,1.5548759705962217E-4
1954-11-23,3.6869116231909794E-5
1954-11-24,4.627804870975309E-5
1954-11-25,1.2137690232562547E-4
1954-11-26,3.5108328613259024E-5
1954-11-27,1.655651186251395E-5
1954-11-28,4.05795228283824E-6
1954-11-29,3.732191451673953E-6
1954-11-30,1.8090362412716446E-6
1954-12-01,2.5366400711259544E-6
1954-12-02,3.838569902146015E-6
1954-12-03,4.675426789398222E-5
1954-12-04,2.1178923425823923E-4
1954-12-05,4.329432748152671E-4
1954-12-06,3.546594660397378E-4
1954-12-07,3.849179430028425E-4
1954-12-08,7.889605926691787E-5
1954-12-09,2.620404645326052E-6
1954-12-10,4.627210883963079E-6
1954-12-11,2.9199440906679394E-5
1954-12-12,2.576354286371308E-5
1954-12-13,3.461012929162217E-5
1954-12-14,1.0417207014799636E-5
1954-12-15,2.636933072369797E-6
1954-12-16,1.6828448598306673E-5
1954-12-17,3.591725632810951E-5
1954-12-18,5.39296189488743E-6
1954-12-19,2.398536309054122E-4
1954-12-20,4.5224645154155166E-4
1954-12-21,0.001300318468523414
1954-12-22,1.1555450373685844E-4
1954-12-23,2.1435750182321358E-4
1954-12-24,6.118255910245086E-5
1954-12-25,4.048315341249839E-4
1954-12-26,6.441286146946154E-4
1954-12-27,1.7934323688905115E-5
1954-12-28,3.633903850007979E-4
1954-12-29,0.002008607272887107
1954-12-30,0.0025965545653215015
1954-12-31,5.107522368365263E-4
1955-01-01,6.37679925287618E-5
1955-01-02,7.117863179079511E-6
1955-01-03,1.3727920759568615E-6
1955-01-04,3.65256133133005E-7
1955-01-05,2.327063834951133E-6
1955-01-06,1.0464238754801048E-6
1955-01-07,3.289971289302935E-6
1955-01-08,8.429223933777959E-7
1955-01-09,8.697013546188082E-6
1955-01-10,3.7127817732975164E-5
1955-01-11,1.6583325846467762E-5
1955-01-12,6.017427795084234E-6
1955-01-13,7.607545879299254E-6
1955-01-14,3.1949963671939307E-6
1955-01-15,2.239454600413526E-5
1955-01-16,1.809392096284608E-5
1955-01-17,1.5525985109853443E-4
1955-01-18,9.683565918441247E-4
1955-01-19,0.0026308899104277176
1955-01-20,3.745184499110141E-4
1955-01-21,2.7322914880647435E-4
1955-01-22,1.9904567106896963E-5
1955-01-23,3.5084079109220004E-4
1955-01-24,4.198489712513152E-5
1955-01-25,1.730553073080337E-5
1955-01-26,2.1745172827858012E-5
1955-01-27,1.8890529703964933E-5
1955-01-28,3.334844532487633E-6
1955-01-29,4.6904102557071877E-7
1955-01-30,1.2988035274885243E-6
1955-01-31,1.1008570800468603E-5
1955-02-01,4.909919490927304E-4
1955-02-02,8.63680110324071E-5
1955-02-03,2.0814087151341718E-6
1955-02-04,1.8787169326938238E-4
1955-02-05,0.0012814252280223448
1955-02-06,1.7642953472128228E-5
1955-02-07,2.189690366640072E-6
1955-02-08,1.325624152550825E-6
1955-02-09,2.9905604496941204E-6
1955-02-10,9.357469909304358E-4
1955-02-11,4.7541920716200574E-4
1955-02-12,2.8027775365010022E-5
1955-02-13,1.1365291079816348E-6
1955-02-14,1.7197841657434765E-6
1955-02-15,2.1607731953565306E-6
1955-02-16,2.2714832869725958E-6
1955-02-17,8.65000004068861E-7
1955-02-18,1.7046927496267017E-6
1955-02-19,0.0
1955-02-20,1.7037863244695473E-6
1955-02-21,8.52346317969932E-7
1955-02-22,1.3228281636638994E-6
1955-02-23,4.6868227050946985E-6
1955-02-24,2.3855134913256327E-6
1955-02-25,1.7097351396420205E-6
1955-02-26,8.702277796146518E-7
1955-02-27,8.682509928803483E-7
1955-02-28,2.167212469398894E-6
1955-03-01,8.669001483511389E-7
1955-03-02,8.482358704420717E-6
1955-03-03,0.0012709177486669822
1955-03-04,5.184033767369265E-5
1955-03-05,1.8151848039027093E-6
1955-03-06,9.533923210334844E-6
1955-03-07,9.517016776226519E-5
1955-03-08,8.200474598615044E-5
1955-03-09,7.038029395175452E-7
1955-03-10,0.0
1955-03-11,2.8234828391445647E-6
1955-03-12,1.7240332681467407E-6
1955-03-13,8.607314612163464E-7
1955-03-14,3.201735632089852E-6
1955-03-15,6.391704769438272E-5
1955-03-16,9.129170877375498E-5
1955-03-17,0.0013487337028767624
1955-03-18,0.0026829525152522286
1955-03-19,0.002728680848886707
1955-03-20,0.001635183486450955
1955-03-21,0.0020513094229693877
1955-03-22,7.370204403074363E-4
1955-03-23,6.544216052981587E-4
1955-03-24,3.2253110938455743E-4
1955-03-25,0.0029022891230512968
1955-03-26,0.006736920592935075
1955-03-27,0.023822562626159734
1955-03-28,0.019578430293213465
1955-03-29,0.013908338452663385
1955-03-30,0.009262491532927714
1955-03-31,0.007613663857696682
1955-04-01,0.0010985988902952326
1955-04-02,4.239164376020245E-4
1955-04-03,7.046818218467197E-4
1955-04-04,0.0038321992582928364
1955-04-05,8.364204904349509E-4
1955-04-06,2.5855328842761265E-4
1955-04-07,8.619730358422047E-4
1955-04-08,0.001186899613146767
1955-04-09,1.9234028805493206E-4
1955-04-10,2.926893776453704E-4
1955-04-11,0.005471684192295025
1955-04-12,0.00854721117184085
1955-04-13,0.010408071621870052
1955-04-14,0.009126597579554767
1955-04-15,8.469120650698188E-4
1955-04-16,1.2881244550214143E-4
1955-04-17,2.511358355682785E-5
1955-04-18,2.1005380125018898E-6
1955-04-19,8.762525746082394E-7
1955-04-20,4.351138045421976E-7
1955-04-21,1.106935014111128E-9
1955-04-22,2.4070855277237462E-5
1955-04-23,5.494374031772706E-5
1955-04-24,6.664820784838267E-4
1955-04-25,0.006649695825875214
1955-04-26,0.008952786503843796
1955-04-27,0.015413066481321697
1955-04-28,0.01929983887711133
1955-04-29,0.03378105754794244
1955-04-30,0.03217478678072041
1955-05-01,0.025626064064143854
1955-05-02,0.015338364828993051
1955-05-03,0.002751873066695364
1955-05-04,4.0022835487964605E-4
1955-05-05,0.0017900311010865966
1955-05-06,0.007381035185890266
1955-05-07,0.0135646823288237
1955-05-08,0.013443168767260625
1955-05-09,0.009309989570321503
1955-05-10,0.005373343581234457
1955-05-11,0.009599147295598062
1955-05-12,0.007991157546830076
1955-05-13,0.001957304484156585
1955-05-14,5.260952254053604E-4
1955-05-15,9.064707623444978E-5
1955-05-16,6.457882271557521E-5
1955-05-17,5.584584953315286E-4
1955-05-18,0.0021940394965545744
1955-05-19,0.005806809407605244
1955-05-20,0.024586331374337654
1955-05-21,0.06788969696692419
1955-05-22,0.01533739504767645
1955-05-23,0.0073265409063497135
1955-05-24,0.002380255731524308
1955-05-25,0.002846008800958784
1955-05-26,0.0032344216420446222
1955-05-27,0.003534452521147292
1955-05-28,0.0036117419763551607
1955-05-29,0.0014973203699230999
1955-05-30,0.002103405896326515
1955-05-31,0.002856310130518961
1955-06-01,0.0033548903865815057
1955-06-02,0.006568974686810799
1955-06-03,0.013933015979598971
1955-06-04,0.013376855406742575
1955-06-05,0.009152398190111178
1955-06-06,0.014018201212272706
1955-06-07,0.016711320966968923
1955-06-08,0.020803371190263563
1955-06-09,0.029368701804520548
1955-06-10,0.04336284071689299
1955-06-11,0.02150034570813921
1955-06-12,0.018107046936470337
1955-06-13,0.015306983961711722
1955-06-14,0.0077245423692108356
1955-06-15,0.011473217016940587
1955-06-16,0.014650454368456743
1955-06-17,0.022347707400533965
1955-06-18,0.0192679640090976
1955-06-19,0.010317258861856707
1955-06-20,0.014937624418377241
1955-06-21,0.014915409752116842
1955-06-22,0.007729141954525321
1955-06-23,0.009165265065428925
1955-06-24,0.010373962020810486
1955-06-25,0.01273541253083531
1955-06-26,0.006857568879602476
1955-06-27,0.009604115602881456
1955-06-28,0.014408278647909365
1955-06-29,0.014561232791373595
1955-06-30,0.012858229350381042
1955-07-01,0.011248356826614526
1955-07-02,0.01114593582496585
1955-07-03,0.018768086172840173
1955-07-04,0.019093008304203265
1955-07-05,0.019608699468616184
1955-07-06,0.01642573824881139
1955-07-07,0.0037417547597242843
1955-07-08,0.0029583078975054045
1955-07-09,0.0072193505698127
1955-07-10,0.0076883073364158476
1955-07-11,0.00616727732615994
1955-07-12,0.006801181104095137
1955-07-13,0.008357211895810545
1955-07-14,0.010118430449470516
1955-07-15,0.014997789141041265
1955-07-16,0.017748095046384294
1955-07-17,0.018862822357663223
1955-07-18,0.013051306657052808
1955-07-19,0.012126033221897375
1955-07-20,0.013074216906294902
1955-07-21,0.017529742995394518
1955-07-22,0.01636090037655412
1955-07-23,0.01386313700889749
1955-07-24,0.01667688439387659
1955-07-25,0.03425381523736268
1955-07-26,0.02578638735882225
1955-07-27,0.02364489397432032
1955-07-28,0.02213992203811218
1955-07-29,0.016688435298057417
1955-07-30,0.012030123264058721
1955-07-31,0.016681739354170305
1955-08-01,0.011669197777492762
1955-08-02,0.01132269233524021
1955-08-03,0.0058296117792580844
1955-08-04,0.006010196863543126
1955-08-05,0.011997392810598273
1955-08-06,0.013156321980175406
1955-08-07,0.014259362592874188
1955-08-08,0.017879334302957305
1955-08-09,0.018275872275959514
1955-08-10,0.010936476350384553
1955-08-11,0.010357221912316332
1955-08-12,0.009752717067995097
1955-08-13,0.013908101503418716
1955-08-14,0.01726301047999436
1955-08-15,0.022328275791006942
1955-08-16,0.012983765810687666
1955-08-17,0.008063021768575629
1955-08-18,0.007225911147296331
1955-08-19,0.012765975900035373
1955-08-20,0.018027061999121415
1955-08-21,0.01791013507368606
1955-08-22,0.012164132256874216
1955-08-23,0.009363070200936349
1955-08-24,0.007723251855674018
1955-08-25,0.009548818372063995
1955-08-26,0.010809269124592888
1955-08-27,0.01160586104688375
1955-08-28,0.009622316979051884
1955-08-29,0.0047112662754226955
1955-08-30,0.004268869533195517
1955-08-31,0.007623949582529873
1955-09-01,0.005519038551000872
1955-09-02,0.005053866820871865
1955-09-03,0.008309875102124657
1955-09-04,0.006681363106890865
1955-09-05,0.009196043856239077
1955-09-06,0.00543810543236887
1955-09-07,0.008171240760240115
1955-09-08,0.013775629691243558
1955-09-09,0.007682549082178498
1955-09-10,0.008436709653825583
1955-09-11,0.014507359791888073
1955-09-12,0.013050026518873277
1955-09-13,0.010201366547621299
1955-09-14,0.011953783132123435
1955-09-15,0.011349723219490347
1955-09-16,0.010595821398650935
1955-09-17,0.013782966858150097
1955-09-18,0.017012234054974016
1955-09-19,0.006987853285728675
1955-09-20,0.002363153015729914
1955-09-21,0.0026323461147598998
1955-09-22,0.003081182387796211
1955-09-23,0.004157201937550683
1955-09-24,0.008216641636712001
1955-09-25,0.007250815302525936
1955-09-26,0.003338599342465028
1955-09-27,0.0035571075202743985
1955-09-28,0.007412960429815892
1955-09-29,0.009170525794908558
1955-09-30,0.006037024347587615
1955-10-01,0.010044856238460482
1955-10-02,0.007040076753050491
1955-10-03,0.005414688060913582
1955-10-04,0.0018178023977967056
1955-10-05,0.0012631470914310312
1955-10-06,0.0032921278990086593
1955-10-07,0.006654323942580277
1955-10-08,0.002564265966754995
1955-10-09,0.0028490140347675877
1955-10-10,0.004998102641450874
1955-10-11,0.00768892527641914
1955-10-12,0.003928175309663896
1955-10-13,0.002709206351560351
1955-10-14,0.0022774715620448136
1955-10-15,0.002534124173962036
1955-10-16,0.001618850951930938
1955-10-17,4.92578381399675E-4
1955-10-18,1.855192563902814E-4
1955-10-19,0.002044534972673108
1955-10-20,0.003007491375785123
1955-10-21,0.008067754400038648
1955-10-22,0.00477829867369673
1955-10-23,0.00878090454751043
1955-10-24,0.032094016868782625
1955-10-25,0.009310471473602878
1955-10-26,0.0016432315697167347
1955-10-27,0.0047733665833325535
1955-10-28,0.003148983250779361
1955-10-29,6.247330220147096E-4
1955-10-30,1.348418404821403E-4
1955-10-31,1.590512269224145E-4
1955-11-01,2.0472485695945716E-4
1955-11-02,4.378847707028714E-5
1955-11-03,8.442066443118553E-5
1955-11-04,1.398082083805354E-4
1955-11-05,2.4756286203567906E-4
1955-11-06,0.00854195450415327
1955-11-07,0.053112592234877215
1955-11-08,0.03347540639529709
1955-11-09,0.02055671439205741
1955-11-10,0.007533367298101222
1955-11-11,0.0014889499683114055
1955-11-12,0.0028240712971922574
1955-11-13,0.004168408842681168
1955-11-14,0.0018747048561070178
1955-11-15,7.77802271319713E-4
1955-11-16,4.974234290185891E-4
1955-11-17,5.838824767669083E-4
1955-11-18,4.526177875797806E-4
1955-11-19,2.41511666832358E-4
1955-11-20,3.32626356561248E-5
1955-11-21,1.2148825646099677E-4
1955-11-22,2.1694204235373353E-4
1955-11-23,3.183369795809659E-4
1955-11-24,5.31705952628825E-4
1955-11-25,0.0011738340382083147
1955-11-26,4.385255059907234E-4
1955-11-27,2.10607006381797E-4
1955-11-28,5.2442091719698036E-5
1955-11-29,6.804405077993809E-4
1955-11-30,0.002084339485790349
1955-12-01,0.0010494777760032964
1955-12-02,1.8352526170364495E-4
1955-12-03,8.415145763270245E-5
1955-12-04,1.3801754906604273E-4
1955-12-05,6.090982486178697E-5
1955-12-06,3.1618182598165024E-5
1955-12-07,9.001540218760399E-6
1955-12-08,5.0587461171159775E-5
1955-12-09,9.838343097283478E-5
1955-12-10,3.909738186614698E-5
1955-12-11,5.208813606758362E-5
1955-12-12,3.870326008939836E-5
1955-12-13,8.66340507427297E-6
1955-12-14,9.040700721472773E-7
1955-12-15,3.196893352947387E-6
1955-12-16,7.157383258869224E-4
1955-12-17,0.0010811973768404008
1955-12-18,3.8316981893239454E-4
1955-12-19,2.1223460878550348E-4
1955-12-20,1.1127700324454021E-4
1955-12-21,3.4305073750331875E-5
1955-12-22,2.5430880142045534E-5
1955-12-23,5.311670594480274E-5
1955-12-24,7.416734299543393E-5
1955-12-25,2.9354970886013834E-5
1955-12-26,1.1230503444547218E-6
1955-12-27,2.447700570493713E-6
1955-12-28,1.8366515344600698E-6
1955-12-29,2.193974086610595E-5
1955-12-30,2.977017963385266E-4
1955-12-31,6.912073612147356E-4
1956-01-01,3.2489616735962624E-4
1956-01-02,5.030181869952031E-6
1956-01-03,1.2005526347456068E-6
1956-01-04,3.8042489504409186E-6
1956-01-05,8.146645269112399E-6
1956-01-06,7.15063888727234E-6
1956-01-07,3.614092614896608E-6
1956-01-08,4.759293565343877E-6
1956-01-09,3.7727493065711097E-6
1956-01-10,2.6080333927631905E-5
1956-01-11,3.8541259379981526E-5
1956-01-12,2.07710579836817E-5
1956-01-13,2.4890277140146763E-5
1956-01-14,1.4629467196845542E-5
1956-01-15,2.99884201689163E-5
1956-01-16,2.4006640830097056E-5
1956-01-17,2.403058374871691E-5
1956-01-18,7.926324876290406E-5
1956-01-19,1.8583163726343574E-5
1956-01-20,4.2640101294945154E-4
1956-01-21,9.090998479674942E-5
1956-01-22,9.09038285025138E-6
1956-01-23,1.835420786969377E-6
1956-01-24,1.4404958827811582E-6
1956-01-25,3.976239860261044E-6
1956-01-26,4.092340260719752E-6
1956-01-27,2.3787273758004273E-5
1956-01-28,0.0042324135640962
1956-01-29,0.006183428347563254
1956-01-30,5.185539324276446E-4
1956-01-31,1.108521578055392E-4
1956-02-01,4.085655221143659E-5
1956-02-02,1.958704762812644E-5
1956-02-03,7.412642380063769E-4
1956-02-04,0.0037521094956798973
1956-02-05,3.921145500274464E-4
1956-02-06,1.928735880018209E-5
1956-02-07,3.724620575539674E-6
1956-02-08,9.249214777855632E-7
1956-02-09,4.929973715197836E-7
1956-02-10,2.3946705969530113E-4
1956-02-11,1.7045361968594193E-4
1956-02-12,1.676285391626684E-4
1956-02-13,5.09460044496242E-6
1956-02-14,1.4511220898635473E-6
1956-02-15,1.312307585973863E-6
1956-02-16,9.359369810345912E-9
1956-02-17,1.306189882974377E-6
1956-02-18,1.7136334804490616E-6
1956-02-19,1.7157112779386807E-6
1956-02-20,8.588691571276286E-7
1956-02-21,1.7309764075434941E-6
1956-02-22,2.1383184503065422E-6
1956-02-23,4.3541166951520183E-7
1956-02-24,1.3403570884502513E-6
1956-02-25,9.222900329767804E-7
1956-02-26,1.0164242222105679E-7
1956-02-27,3.865736943975877E-6
1956-02-28,1.7459860499306508E-6
1956-02-29,1.7238387046838812E-6
1956-03-01,2.4066933861632382E-5
1956-03-02,3.3508201179940764E-6
1956-03-03,5.205557728689873E-6
1956-03-04,4.351820813349423E-7
1956-03-05,1.952238293481573E-6
1956-03-06,4.588998709813385E-5
1956-03-07,0.0045455679624235995
1956-03-08,0.0031323447672782865
1956-03-09,0.004028786692391695
1956-03-10,0.005664233867708182
1956-03-11,0.0050395362228210045
1956-03-12,0.0019423337919343593
1956-03-13,0.009979095923262397
1956-03-14,0.0026497097207209344
1956-03-15,3.646359444450286E-4
1956-03-16,4.366792330040408E-5
1956-03-17,2.234340155305784E-4
1956-03-18,3.539065907044298E-4
1956-03-19,1.6971815108256496E-5
1956-03-20,1.4779565231155472E-6
1956-03-21,7.878494546790497E-6
1956-03-22,4.05261601717181E-4
1956-03-23,0.001708371371769074
1956-03-24,8.748325477625725E-5
1956-03-25,6.39892800025522E-6
1956-03-26,5.5360606392945196E-6
1956-03-27,6.516275474108165E-5
1956-03-28,1.2366500256159334E-4
1956-03-29,1.7498206471709406E-4
1956-03-30,6.961029820680711E-4
1956-03-31,0.0016898079568904002
1956-04-01,0.0017037422137088207
1956-04-02,0.0035845792679414074
1956-04-03,0.014702247048468706
1956-04-04,0.014790416402318467
1956-04-05,0.0047715016900036124
1956-04-06,9.833883562910184E-4
1956-04-07,4.644420544824009E-4
1956-04-08,5.449507115564879E-5
1956-04-09,1.0745855045449862E-5
1956-04-10,1.640099358275065E-5
1956-04-11,2.924386913724513E-5
1956-04-12,1.155593077584836E-6
1956-04-13,1.0261090375952408E-6
1956-04-14,4.351138045421976E-7
1956-04-15,4.261732051702438E-7
1956-04-16,1.7225741544280027E-6
1956-04-17,8.821524750500473E-7
1956-04-18,3.77172660175764E-5
1956-04-19,3.617787839055811E-4
1956-04-20,0.0015483984687585702
1956-04-21,0.0038080291637466444
1956-04-22,0.007952513992986236
1956-04-23,0.01122221700363493
1956-04-24,0.013106547722951382
1956-04-25,0.009381850480159897
1956-04-26,0.007635677607504665
1956-04-27,0.006329453521999471
1956-04-28,0.00530177297613931
1956-04-29,0.005141877159367321
1956-04-30,0.014710191997427565
1956-05-01,0.01996015439413448
1956-05-02,0.020793492898984155
1956-05-03,0.014871000194630528
1956-05-04,0.010994848531630701
1956-05-05,0.013289983522336866
1956-05-06,0.009460632653747884
1956-05-07,0.004588981286882141
1956-05-08,0.005771024253031496
1956-05-09,0.009177271238405981
1956-05-10,0.00298100302008177
1956-05-11,0.0038168159317597213
1956-05-12,0.008662328138266243
1956-05-13,0.020001767308700003
1956-05-14,0.030153545076375694
1956-05-15,0.03032352877358729
1956-05-16,0.022304364264056856
1956-05-17,0.012345830672561236
1956-05-18,0.00409241147173182
1956-05-19,0.007527338773095006
1956-05-20,0.005991843393692281
1956-05-21,0.004101601762345053
1956-05-22,0.004090683998185076
1956-05-23,0.0037587187702840387
1956-05-24,0.007366614415991136
1956-05-25,0.016218885867874136
1956-05-26,0.01445813409121926
1956-05-27,0.015111753450121185
1956-05-28,0.015859601195801088
1956-05-29,0.0173589916877914
1956-05-30,0.03556229842841631
1956-05-31,0.026567809647627328
1956-06-01,0.028323792380316463
1956-06-02,0.04570922109763936
1956-06-03,0.08266014758659045
1956-06-04,0.06842049819262566
1956-06-05,0.028481934733657496
1956-06-06,0.016892810278233215
1956-06-07,0.009771986659744977
1956-06-08,0.01598557353055174
1956-06-09,0.01601006758148694
1956-06-10,0.00987512795155979
1956-06-11,0.00641270630506791
1956-06-12,0.006642468224785968
1956-06-13,0.018911311835530152
1956-06-14,0.02953593926456785
1956-06-15,0.03206244378900715
1956-06-16,0.04832875745177474
1956-06-17,0.030188652836512855
1956-06-18,0.026901098231049907
1956-06-19,0.030982332846827224
1956-06-20,0.03273857751519731
1956-06-21,0.036061890090084495
1956-06-22,0.03857676520068429
1956-06-23,0.019614727988252787
1956-06-24,0.006522059021958966
1956-06-25,0.007829915434524333
1956-06-26,0.007756994083419876
1956-06-27,0.005406070093728382
1956-06-28,0.0045386871205676076
1956-06-29,0.004857906413407717
1956-06-30,0.005582464694437739
1956-07-01,0.008865130593940703
1956-07-02,0.009331813578660897
1956-07-03,0.007842753074419945
1956-07-04,0.007131820307699447
1956-07-05,0.00934866255985503
1956-07-06,0.006289285240368307
1956-07-07,0.007758062142096678
1956-07-08,0.0034865702947602106
1956-07-09,0.005516335076396727
1956-07-10,0.014127119636322768
1956-07-11,0.012718070155890989
1956-07-12,0.018536746024097783
1956-07-13,0.015013105676829208
1956-07-14,0.01451646989212558
1956-07-15,0.01133810943791984
1956-07-16,0.008262684640322334
1956-07-17,0.006912085906386658
1956-07-18,0.015260789871421647
1956-07-19,0.016686879487442696
1956-07-20,0.02393743557937796
1956-07-21,0.020787557136423183
1956-07-22,0.014012711795591935
1956-07-23,0.01877590770997568
1956-07-24,0.03275154149992649
1956-07-25,0.0197994172279641
1956-07-26,0.012187088031106
1956-07-27,0.012589153453603917
1956-07-28,0.015478235846713439
1956-07-29,0.00961875194174536
1956-07-30,0.008012517930568463
1956-07-31,0.0079575670062429
1956-08-01,0.008355978374023146
1956-08-02,0.007017870461151304
1956-08-03,0.008984099414906205
1956-08-04,0.008019512979620726
1956-08-05,0.004331435745762692
1956-08-06,0.009760004045600337
1956-08-07,0.011324846092943522
1956-08-08,0.006294255400204316
1956-08-09,0.003580573600959248
1956-08-10,0.01143406966167468
1956-08-11,0.013688918421446978
1956-08-12,0.016463653741842783
1956-08-13,0.012372221696729711
1956-08-14,0.01240659387350757
1956-08-15,0.021632896635901
1956-08-16,0.03704001403736548
1956-08-17,0.04318081753844249
1956-08-18,0.03351422993213047
1956-08-19,0.028727679328065706
1956-08-20,0.015332015742506307
1956-08-21,0.014861624523288005
1956-08-22,0.01619637547294016
1956-08-23,0.01260194215119752
1956-08-24,0.013981183609478956
1956-08-25,0.010346844481201248
1956-08-26,0.008793892317821331
1956-08-27,0.009393538542822868
1956-08-28,0.005956609357142638
1956-08-29,0.010176386002997476
1956-08-30,0.008632606414846287
1956-08-31,0.004673533055905939
1956-09-01,0.00160034945722178
1956-09-02,0.0031656875221325897
1956-09-03,0.028348406245196918
1956-09-04,0.019225932797357705
1956-09-05,0.010426092100874449
1956-09-06,0.0054966783694925855
1956-09-07,0.01275701979727717
1956-09-08,0.016923451911318426
1956-09-09,0.019874844895068737
1956-09-10,0.019452161875116555
1956-09-11,0.0068970689691261414
1956-09-12,0.003976374805000293
1956-09-13,0.0035457128308281176
1956-09-14,0.00318940251695811
1956-09-15,0.00352749128064742
1956-09-16,0.0020743052384058817
1956-09-17,0.005449928094206493
1956-09-18,0.00847230873887613
1956-09-19,0.009768545262809323
1956-09-20,0.008944924339116561
1956-09-21,0.007583234829881881
1956-09-22,0.006065175625340973
1956-09-23,0.012204553384791704
1956-09-24,0.025223822107280608
1956-09-25,0.01940699299266968
1956-09-26,0.002382895484434908
1956-09-27,5.90373251077662E-4
1956-09-28,3.658165052433477E-4
1956-09-29,4.0584991724776945E-4
1956-09-30,5.068137521897586E-4
1956-10-01,6.802393001687255E-4
1956-10-02,0.011252020679376149
1956-10-03,0.011183961609745855
1956-10-04,0.012114855003945412
1956-10-05,0.010719488017462177
1956-10-06,0.007280434196308283
1956-10-07,0.003332622536441187
1956-10-08,7.485335776712187E-4
1956-10-09,6.082674758253567E-4
1956-10-10,0.001009541894032194
1956-10-11,0.003045950031693362
1956-10-12,0.0021918886532859404
1956-10-13,0.002730841643733231
1956-10-14,0.0058398694961446125
1956-10-15,0.01164499640099494
1956-10-16,0.010180565480171475
1956-10-17,0.017901653762548504
1956-10-18,0.020076206598176324
1956-10-19,0.01815091025507785
1956-10-20,0.0033174699356789228
1956-10-21,0.0011625298012640371
1956-10-22,8.787967867570178E-4
1956-10-23,5.289176537486072E-4
1956-10-24,2.1705078461303399E-4
1956-10-25,7.685548036081698E-4
1956-10-26,8.512588872542881E-4
1956-10-27,3.4729609069284384E-4
1956-10-28,2.3218119092899026E-4
1956-10-29,2.2987933598966824E-4
1956-10-30,0.004670243192895131
1956-10-31,0.01439371482505108
1956-11-01,0.015672222352253087
1956-11-02,0.016110297583580135
1956-11-03,0.002178430347068098
1956-11-04,7.37539017119379E-4
1956-11-05,2.3496302842202077E-4
1956-11-06,2.306289051725843E-4
1956-11-07,4.1559088841849624E-4
1956-11-08,5.086179018174466E-4
1956-11-09,1.4295236254909143E-4
1956-11-10,3.146677875457911E-5
1956-11-11,1.1935089410589429E-4
1956-11-12,0.0046450778914150625
1956-11-13,9.657839295592077E-4
1956-11-14,1.267158046411667E-4
1956-11-15,8.659839011157324E-5
1956-11-16,1.0211709902183893E-4
1956-11-17,8.807596717043139E-5
1956-11-18,1.311358144658213E-4
1956-11-19,2.3515696265102867E-4
1956-11-20,4.424394382063859E-4
1956-11-21,5.013788407850415E-4
1956-11-22,6.436745243964214E-4
1956-11-23,4.1354766616947354E-4
1956-11-24,5.987253174959262E-4
1956-11-25,1.850223395992642E-4
1956-11-26,1.7882980584088293E-4
1956-11-27,2.9150168446119806E-4
1956-11-28,2.4142940744791472E-4
1956-11-29,4.005392802568462E-4
1956-11-30,6.147477713391516E-4
1956-12-01,1.0894269192585773E-4
1956-12-02,8.54475631150097E-6
1956-12-03,2.1859581568569284E-7
1956-12-04,5.518741247753781E-7
1956-12-05,1.6654363045453877E-6
1956-12-06,1.1210773175698994E-6
1956-12-07,8.674342244555867E-6
1956-12-08,1.7865965738912037E-5
1956-12-09,1.6756685809259702E-4
1956-12-10,4.975190784545941E-4
1956-12-11,2.7849299001896023E-4
1956-12-12,3.134791244468006E-4
1956-12-13,2.5336270360232648E-5
1956-12-14,2.1655874221660547E-4
1956-12-15,4.538549442419896E-4
1956-12-16,2.4321786006901408E-4
1956-12-17,1.8592927230124906E-4
1956-12-18,1.1831851362718575E-4
1956-12-19,6.6209709358600204E-6
1956-12-20,1.7635593570106976E-6
1956-12-21,1.44319290571274E-6
1956-12-22,2.2614353078652714E-5
1956-12-23,1.5362032955844272E-4
1956-12-24,9.364391419158814E-5
1956-12-25,4.624586209592623E-5
1956-12-26,2.350144393276837E-5
1956-12-27,1.831926719711858E-5
1956-12-28,1.555155023438897E-5
1956-12-29,3.539357107773103E-4
1956-12-30,0.0010564492784710085
1956-12-31,5.955470376012759E-4
1957-01-01,3.9756537778214826E-5
1957-01-02,5.517111617352319E-5
1957-01-03,6.490368246347211E-5
1957-01-04,1.1275455422846114E-5
1957-01-05,2.7193220796910962E-5
1957-01-06,2.03370728259067E-5
1957-01-07,1.9790063870494013E-5
1957-01-08,5.7190653360895205E-5
1957-01-09,0.010693593935681579
1957-01-10,0.013792071693154512
1957-01-11,0.015200127824880758
1957-01-12,0.008084846434199303
1957-01-13,2.606145647099438E-4
1957-01-14,2.022404040920649E-5
1957-01-15,3.708126286302284E-6
1957-01-16,4.3656299469856E-6
1957-01-17,1.128373315438716E-6
1957-01-18,2.6834193852665498E-6
1957-01-19,1.3861379581985158E-4
1957-01-20,3.7160374124263544E-4
1957-01-21,2.1996661771164533E-4
1957-01-22,9.605550391576135E-6
1957-01-23,1.4338273280913065E-7
1957-01-24,3.7382408429417306E-6
1957-01-25,3.120054687375301E-6
1957-01-26,7.993029560355224E-6
1957-01-27,4.0845661099787055E-5
1957-01-28,2.626247157090154E-4
1957-01-29,9.472081736571275E-5
1957-01-30,7.062684397695971E-4
1957-01-31,0.002459744488723643
1957-02-01,2.234728272257776E-4
1957-02-02,2.762950829166647E-5
1957-02-03,3.069499445264543E-4
1957-02-04,6.096654188885247E-4
1957-02-05,3.601175396618303E-4
1957-02-06,6.315090102479943E-6
1957-02-07,3.823690599955251E-5
1957-02-08,3.952182507075521E-5
1957-02-09,3.1297174084213985E-5
1957-02-10,0.0056880277917687955
1957-02-11,0.0037007820198100955
1957-02-12,1.4715453623230127E-4
1957-02-13,4.768927213989775E-6
1957-02-14,1.0999670005771862E-4
1957-02-15,2.9712673826383216E-5
1957-02-16,1.0380782186203735E-5
1957-02-17,6.912673621793864E-6
1957-02-18,1.4076371509159244E-6
1957-02-19,6.094401742947393E-6
1957-02-20,2.5638056696874805E-4
1957-02-21,2.9207182173750517E-4
1957-02-22,4.5924135703291265E-5
1957-02-23,9.478391407678943E-5
1957-02-24,0.0010444207269055398
1957-02-25,4.8655594205564975E-5
1957-02-26,7.605449185933726E-4
1957-02-27,0.0019871091128256507
1957-02-28,6.06209692088897E-4
1957-03-01,3.0275901318467927E-6
1957-03-02,2.823402679729015E-6
1957-03-03,1.206948512241817E-5
1957-03-04,1.5529868078028417E-4
1957-03-05,0.00250897088527768
1957-03-06,0.0048915617476663845
1957-03-07,3.083542256626442E-4
1957-03-08,6.508564587407534E-5
1957-03-09,1.563219855321321E-4
1957-03-10,4.2217203084318955E-8
1957-03-11,1.3023081464376325E-5
1957-03-12,2.515983110541473E-4
1957-03-13,1.2115180192769183E-4
1957-03-14,2.0289948877053239E-4
1957-03-15,1.213984368893821E-5
1957-03-16,2.747138605292166E-5
1957-03-17,8.772765192056558E-6
1957-03-18,0.0
1957-03-19,4.261732087229575E-7
1957-03-20,1.7108108636421093E-6
1957-03-21,9.447213848046814E-7
1957-03-22,8.826411154639329E-7
1957-03-23,3.0101151238707267E-6
1957-03-24,8.633570496020253E-7
1957-03-25,2.6110794552386876E-5
1957-03-26,7.280465289649323E-5
1957-03-27,1.4261097767748096E-4
1957-03-28,7.242584583856015E-5
1957-03-29,3.333612676820304E-4
1957-03-30,5.897082847229608E-4
1957-03-31,0.0017942266777645826
1957-04-01,2.4463587650238504E-4
1957-04-02,4.3747433238816715E-5
1957-04-03,2.2628134611917723E-4
1957-04-04,1.606663935026274E-4
1957-04-05,2.6703597965179498E-6
1957-04-06,1.5692770939561984E-5
1957-04-07,5.249388855270691E-4
1957-04-08,8.37077899948523E-6
1957-04-09,0.0
1957-04-10,8.578899723943323E-7
1957-04-11,0.0
1957-04-12,4.1030262513845024E-5
1957-04-13,2.1409898931861113E-5
1957-04-14,5.39794089104105E-5
1957-04-15,3.5852907806749676E-4
1957-04-16,0.003931035601800025
1957-04-17,0.0036953683873266847
1957-04-18,0.002132427898111881
1957-04-19,0.001463842230853125
1957-04-20,0.0025083432341501534
1957-04-21,0.0021203669847270575
1957-04-22,0.002789671701243665
1957-04-23,0.003999273846598954
1957-04-24,0.002722653035762286
1957-04-25,0.009561541905696476
1957-04-26,0.0013514273013057409
1957-04-27,2.792930239948291E-4
1957-04-28,4.4988421370908125E-4
1957-04-29,0.0011163501037809644
1957-04-30,5.864140851495611E-4
1957-05-01,0.00284553848990762
1957-05-02,0.017188695319539506
1957-05-03,0.03378494387729403
1957-05-04,0.04093321853412237
1957-05-05,0.028283984584939168
1957-05-06,0.0070384376348219275
1957-05-07,0.0050851217022878795
1957-05-08,0.00797735283232496
1957-05-09,0.007833786947765558
1957-05-10,0.010475258473086854
1957-05-11,0.009640863835324951
1957-05-12,0.006669481624679055
1957-05-13,0.0012378232042977535
1957-05-14,7.252438895600078E-4
1957-05-15,7.627734940564689E-4
1957-05-16,0.0011347505334478771
1957-05-17,0.00688003527617094
1957-05-18,0.012027205260281369
1957-05-19,0.01451942426672862
1957-05-20,0.011864878891540238
1957-05-21,0.005213854729933375
1957-05-22,0.001247169620206296
1957-05-23,6.561019175148471E-4
1957-05-24,2.428207041509911E-4
1957-05-25,1.821523817154448E-4
1957-05-26,3.827807554413313E-4
1957-05-27,0.0016619780458181459
1957-05-28,0.008097498990165045
1957-05-29,0.01929145318563968
1957-05-30,0.04488812421139297
1957-05-31,0.030805606721264804
1957-06-01,0.025129205229242883
1957-06-02,0.013946679557228428
1957-06-03,0.009797633648449598
1957-06-04,0.012948614962851634
1957-06-05,0.007710451725182721
1957-06-06,0.010320310989075127
1957-06-07,0.01715739689532928
1957-06-08,0.011664553003001562
1957-06-09,0.0119950039379936
1957-06-10,0.010278705924859861
1957-06-11,0.008110395024832955
1957-06-12,0.010336832528673363
1957-06-13,0.010295505891243652
1957-06-14,0.005046536692927149
1957-06-15,0.010910287316306888
1957-06-16,0.004600002448723823
1957-06-17,0.003652686583645846
1957-06-18,0.004098031567742331
1957-06-19,0.00463888383272615
1957-06-20,0.00849818790696945
1957-06-21,0.010483797165452967
1957-06-22,0.012318610531523723
1957-06-23,0.01321452871401335
1957-06-24,0.014325608243490339
1957-06-25,0.016058534894929172
1957-06-26,0.014384188461723277
1957-06-27,0.02140446792774541
1957-06-28,0.027887062118559163
1957-06-29,0.027447413378424032
1957-06-30,0.03051636642136507
1957-07-01,0.024074364980696976
1957-07-02,0.010751821449774487
1957-07-03,0.012452275101340378
1957-07-04,0.0072332846019390355
1957-07-05,0.005865267864182429
1957-07-06,0.009207759713958935
1957-07-07,0.011495186097788764
1957-07-08,0.012229667560494047
1957-07-09,0.02428917703678618
1957-07-10,0.030977439080914954
1957-07-11,0.024652072531824238
1957-07-12,0.01803932431210177
1957-07-13,0.007473323892379625
1957-07-14,0.006308109440523304
1957-07-15,0.009232510351410357
1957-07-16,0.012311464290146462
1957-07-17,0.01454962141313605
1957-07-18,0.014928897824115698
1957-07-19,0.02402900503584498
1957-07-20,0.028997690776601293
1957-07-21,0.03063343559603272
1957-07-22,0.02246245748254073
1957-07-23,0.014832866745990613
1957-07-24,0.01317146778742883
1957-07-25,0.007029239645325063
1957-07-26,0.004567014524571335
1957-07-27,0.004071020104379181
1957-07-28,0.0032546609662067677
1957-07-29,0.004936594202581765
1957-07-30,0.007944651170021891
1957-07-31,0.015240130912974144
1957-08-01,0.015326826229989855
1957-08-02,0.014054433566180581
1957-08-03,0.012834780092154633
1957-08-04,0.017538537894860182
1957-08-05,0.02922510315583166
1957-08-06,0.020499590576656568
1957-08-07,0.016588895717943825
1957-08-08,0.009834485529035519
1957-08-09,0.016461187439247533
1957-08-10,0.011940837727684152
1957-08-11,0.016935185622854322
1957-08-12,0.013367378746787468
1957-08-13,0.015581721249599684
1957-08-14,0.012685300409899564
1957-08-15,0.008065005331267914
1957-08-16,0.007429123451182266
1957-08-17,0.012462087000456751
1957-08-18,0.01380487716273535
1957-08-19,0.0032700169191320037
1957-08-20,5.196754079298022E-4
1957-08-21,0.0039216591828686465
1957-08-22,0.011764019350467725
1957-08-23,0.01233054611816335
1957-08-24,0.01014717458112311
1957-08-25,0.007433512693095413
1957-08-26,0.009336333599231762
1957-08-27,0.010015251987820113
1957-08-28,0.006323607569289766
1957-08-29,0.009876101723251679
1957-08-30,0.013591628129381516
1957-08-31,0.013722971279186251
1957-09-01,0.015894811944320967
1957-09-02,0.0066535038983993955
1957-09-03,0.010070171564875868
1957-09-04,0.014966035859794195
1957-09-05,0.01614200341973923
1957-09-06,0.011201368784781387
1957-09-07,0.005742156824405517
1957-09-08,0.005692611905161159
1957-09-09,0.01252969736255939
1957-09-10,0.009319314221746021
1957-09-11,0.004501812340759152
1957-09-12,0.002215534456448821
1957-09-13,0.0025069185323388843
1957-09-14,0.002931649826367563
1957-09-15,0.0029379684426961428
1957-09-16,0.004380846147440358
1957-09-17,0.005874058907166456
1957-09-18,0.006335227901880211
1957-09-19,0.0054011812646754115
1957-09-20,0.0037171434011495537
1957-09-21,0.010054442866233262
1957-09-22,0.013891501871539355
1957-09-23,0.015632718923341
1957-09-24,0.016316318319158463
1957-09-25,0.02197884074361037
1957-09-26,0.02055328813397936
1957-09-27,0.004540847512268562
1957-09-28,0.0014517399172237913
1957-09-29,0.001341890123326419
1957-09-30,8.536602514885448E-4
1957-10-01,0.0012071329649479686
1957-10-02,0.011345854358431348
1957-10-03,0.012262847401963707
1957-10-04,0.01681904623970782
1957-10-05,0.017044752476086795
1957-10-06,0.009406367748963529
1957-10-07,0.005119165481002056
1957-10-08,0.003324742186985063
1957-10-09,0.0017134794754870492
1957-10-10,0.0014249060870760064
1957-10-11,0.0027175518635425924
1957-10-12,0.0031800612039679576
1957-10-13,0.0014958250942990366
1957-10-14,0.0015628514815810247
1957-10-15,0.002681716845734838
1957-10-16,0.003235085354018766
1957-10-17,0.003828171606998256
1957-10-18,0.002980671628610246
1957-10-19,0.0024450341688431673
1957-10-20,5.403092289183255E-4
1957-10-21,1.3822638104559184E-4
1957-10-22,3.06444934608297E-5
1957-10-23,1.1789088130186566E-4
1957-10-24,8.189782348336262E-4
1957-10-25,0.0010693095615215392
1957-10-26,0.001027665218009048
1957-10-27,1.4873998326516243E-4
1957-10-28,7.024933167848353E-5
1957-10-29,3.2341695745045397E-4
1957-10-30,3.90652686707244E-4
1957-10-31,3.646915597387693E-4
1957-11-01,2.2890648414552464E-4
1957-11-02,2.4217953312769284E-4
1957-11-03,1.638020846443787E-4
1957-11-04,1.0387533619517764E-4
1957-11-05,2.00259522871284E-4
1957-11-06,1.872626156774443E-4
1957-11-07,1.0475644251173587E-4
1957-11-08,4.2362102811014055E-5
1957-11-09,5.345837382684744E-5
1957-11-10,5.0156525343645436E-5
1957-11-11,2.2678038249792485E-5
1957-11-12,1.751723121114802E-4
1957-11-13,4.393303026558433E-4
1957-11-14,2.627687375991745E-4
1957-11-15,4.006187444575889E-5
1957-11-16,1.3244086521096295E-5
1957-11-17,2.7691090117150914E-5
1957-11-18,4.108803513673719E-5
1957-11-19,1.339754226254245E-4
1957-11-20,1.7621394167257072E-4
1957-11-21,8.988566308493016E-4
1957-11-22,5.530355155330264E-4
1957-11-23,1.5645522809782067E-4
1957-11-24,5.751567862411027E-5
1957-11-25,4.9980510491537306E-5
1957-11-26,2.6362526091262573E-4
1957-11-27,3.068212536606334E-4
1957-11-28,1.4487268847650017E-4
1957-11-29,3.497618690309148E-4
1957-11-30,9.692268341713174E-4
1957-12-01,1.4302454842563534E-4
1957-12-02,1.427970199345661E-4
1957-12-03,8.372575654663979E-5
1957-12-04,6.079316856418231E-5
1957-12-05,5.631265169359937E-5
1957-12-06,7.532352300098129E-5
1957-12-07,5.920800059136134E-5
1957-12-08,2.68711348518493E-4
1957-12-09,8.46316259823101E-4
1957-12-10,0.0012906698081558204
1957-12-11,3.45845358057164E-4
1957-12-12,3.025304150237932E-4
1957-12-13,0.0010240980833902938
1957-12-14,1.9033190245656013E-4
1957-12-15,2.869440845258012E-4
1957-12-16,2.2909995344097295E-4
1957-12-17,4.274203245569299E-5
1957-12-18,4.675951872743783E-5
1957-12-19,3.8991167630970906E-5
1957-12-20,3.030806941441661E-5
1957-12-21,8.832385942607872E-6
1957-12-22,2.2677942557259828E-6
1957-12-23,3.490327702387478E-6
1957-12-24,7.447641825793303E-6
1957-12-25,1.321795612787436E-5
1957-12-26,3.354562053595631E-5
1957-12-27,3.0252934116290403E-5
1957-12-28,2.422623062956468E-5
1957-12-29,9.60137604348307E-6
1957-12-30,1.4590029439511609E-5
1957-12-31,2.057038712392227E-5
1958-01-01,7.815821751822124E-5
1958-01-02,1.1569273881253969E-4
1958-01-03,1.5625787880861592E-4
1958-01-04,2.31602638446513E-4
1958-01-05,4.2005036085040424E-4
1958-01-06,2.9378600483128146E-4
1958-01-07,2.280184155760705E-5
1958-01-08,1.7792803910972495E-5
1958-01-09,3.0363194791677806E-4
1958-01-10,8.556119403412471E-4
1958-01-11,0.0011777012978193358
1958-01-12,4.5772222742606814E-4
1958-01-13,5.083861268458149E-5
1958-01-14,1.3121259741953622E-4
1958-01-15,0.0020319008823608915
1958-01-16,0.0020330120495975186
1958-01-17,6.649112392796995E-4
1958-01-18,6.017509072183961E-5
1958-01-19,1.0068618958858402E-6
1958-01-20,1.9873162211079576E-6
1958-01-21,1.0284291254387306E-5
1958-01-22,1.6214925871934176E-5
1958-01-23,7.904331591147464E-5
1958-01-24,1.6201040630670028E-4
1958-01-25,8.002480574234793E-5
1958-01-26,4.3116863308114766E-5
1958-01-27,5.892320119101946E-5
1958-01-28,3.473150580786813E-4
1958-01-29,0.004494386250766685
1958-01-30,0.0013187735434427158
1958-01-31,4.138796046388292E-4
1958-02-01,3.0883870271972287E-6
1958-02-02,1.453847742025878E-4
1958-02-03,3.676367795606107E-4
1958-02-04,4.145567800433834E-4
1958-02-05,0.0014811295736566808
1958-02-06,0.0020718817567909327
1958-02-07,8.462953893969532E-4
1958-02-08,3.2533021635534367E-4
1958-02-09,4.711526675763273E-5
1958-02-10,1.4402973494394302E-5
1958-02-11,1.1005223950336062E-6
1958-02-12,2.8043874449205863E-6
1958-02-13,2.36643934278224E-4
1958-02-14,0.0035809862827262816
1958-02-15,0.0024418714663916766
1958-02-16,3.2041442073335607E-4
1958-02-17,2.0333455534639164E-5
1958-02-18,4.2587603175809E-4
1958-02-19,0.007438645962241552
1958-02-20,0.021196608929968632
1958-02-21,0.01591476295741981
1958-02-22,0.002793825359310183
1958-02-23,9.837358210474443E-4
1958-02-24,0.0014022675052405454
1958-02-25,0.003943936030762253
1958-02-26,0.001838801458768416
1958-02-27,4.449233541781785E-4
1958-02-28,0.004522480703236975
1958-03-01,0.0018880459533590207
1958-03-02,2.954845317221391E-4
1958-03-03,1.642505624295925E-5
1958-03-04,3.6654103619261966E-4
1958-03-05,2.247872895309066E-4
1958-03-06,1.267862828120459E-5
1958-03-07,1.9268151246051074E-6
1958-03-08,2.6528113817951684E-5
1958-03-09,1.7966853172281088E-5
1958-03-10,1.7877406530730274E-5
1958-03-11,1.4178947228975347E-4
1958-03-12,5.6279898191444954E-5
1958-03-13,1.1252089295698346E-4
1958-03-14,3.9432684743197884E-5
1958-03-15,7.042498405091988E-6
1958-03-16,8.191840590993385E-5
1958-03-17,2.033828405501806E-6
1958-03-18,9.832426933947984E-7
1958-03-19,8.940105596365891E-6
1958-03-20,7.335702331056119E-5
1958-03-21,4.998520129662006E-4
1958-03-22,6.006246592368512E-4
1958-03-23,2.0215293395636934E-4
1958-03-24,1.1134088661970868E-4
1958-03-25,1.0316899299371383E-5
1958-03-26,2.527177989030489E-5
1958-03-27,3.0193731987600996E-4
1958-03-28,0.0011755911324142316
1958-03-29,0.007070069556750117
1958-03-30,0.020958060348390723
1958-03-31,0.01073246913522832
1958-04-01,0.005892478413039402
1958-04-02,0.004189260763737308
1958-04-03,0.0036773559670978304
1958-04-04,0.0018314887732995863
1958-04-05,1.4484474767245103E-4
1958-04-06,1.2743528029662075E-4
1958-04-07,0.0022974689808560466
1958-04-08,0.00755965631498265
1958-04-09,0.01136282749128624
1958-04-10,0.01363734032754258
1958-04-11,0.013839521022425447
1958-04-12,0.0068724830317361055
1958-04-13,0.001034617015217107
1958-04-14,0.0012928449278507765
1958-04-15,0.0011061072700686168
1958-04-16,0.0022812277998944036
1958-04-17,0.008521890708592541
1958-04-18,0.018517008891081214
1958-04-19,0.010251305902035202
1958-04-20,0.002582995705605261
1958-04-21,0.009868908733244676
1958-04-22,0.017772230276166083
1958-04-23,0.013448226836413507
1958-04-24,4.5023106529029833E-4
1958-04-25,7.205646277327662E-4
1958-04-26,0.002656209810135948
1958-04-27,0.003824769479580676
1958-04-28,0.027362599480203146
1958-04-29,0.017653459977150836
1958-04-30,0.010113746731773303
1958-05-01,0.008689193955993473
1958-05-02,0.0070299955181692565
1958-05-03,0.02041750041069185
1958-05-04,0.02505469585010855
1958-05-05,0.02285357887508372
1958-05-06,0.02058143489257181
1958-05-07,0.025288160112510682
1958-05-08,0.040598819419602944
1958-05-09,0.041464885281347896
1958-05-10,0.032538654648974666
1958-05-11,0.030574068828829886
1958-05-12,0.025263798620512284
1958-05-13,0.016156121647172738
1958-05-14,0.010465929749553793
1958-05-15,0.006648051338085649
1958-05-16,0.004251190345157263
1958-05-17,0.017725164810088023
1958-05-18,0.05020967520364741
1958-05-19,0.01987967806653385
1958-05-20,0.0027082076095522913
1958-05-21,0.002040836998744252
1958-05-22,0.002332771490858625
1958-05-23,0.002710369659675336
1958-05-24,0.0035778090030775993
1958-05-25,0.0031148857053137687
1958-05-26,0.004168715244430361
1958-05-27,0.005067874795774664
1958-05-28,0.0031301972168020554
1958-05-29,0.0021717985157069385
1958-05-30,0.004192759517121933
1958-05-31,0.002896129119871123
1958-06-01,0.00395606414438997
1958-06-02,0.0034316190697410535
1958-06-03,0.0026896852595832445
1958-06-04,0.0034784080761423495
1958-06-05,0.0033187315843256683
1958-06-06,0.0041362584495972625
1958-06-07,0.004818124685178995
1958-06-08,0.0055811712319214675
1958-06-09,0.006908472937523967
1958-06-10,0.010603324903109316
1958-06-11,0.011366375267035671
1958-06-12,0.013014690006936428
1958-06-13,0.016534619924429242
1958-06-14,0.011324038348404047
1958-06-15,0.012482707626193598
1958-06-16,0.02024947368349444
1958-06-17,0.02318272006981125
1958-06-18,0.029272145060359925
1958-06-19,0.047277396312674254
1958-06-20,0.02281331271903564
1958-06-21,0.01759093419950387
1958-06-22,0.014896510255224328
1958-06-23,0.02029547425259455
1958-06-24,0.022277793432306178
1958-06-25,0.020070044722974977
1958-06-26,0.014979621147151057
1958-06-27,0.014999611264019103
1958-06-28,0.015183584116149862
1958-06-29,0.010251006223793303
1958-06-30,0.013816601516768508
1958-07-01,0.008593277282729192
1958-07-02,0.014639855381099137
1958-07-03,0.01010795808257898
1958-07-04,0.004920430374853416
1958-07-05,0.007154303735174809
1958-07-06,0.009229580107285678
1958-07-07,0.011622036080890505
1958-07-08,0.02048060359566104
1958-07-09,0.014695010416486047
1958-07-10,0.017226280142624503
1958-07-11,0.012405416826985472
1958-07-12,0.0071661243113717195
1958-07-13,0.010615990453951563
1958-07-14,0.015184706154389561
1958-07-15,0.0240457707524951
1958-07-16,0.015261778953018662
1958-07-17,0.00801666915953978
1958-07-18,0.009276021634025841
1958-07-19,0.017662275076572222
1958-07-20,0.01672454013542235
1958-07-21,0.015534531545435897
1958-07-22,0.029383767429143337
1958-07-23,0.031902946714722914
1958-07-24,0.021829114177339536
1958-07-25,0.016261343877201045
1958-07-26,0.009967827109370851
1958-07-27,0.011552943936083894
1958-07-28,0.010490467393457544
1958-07-29,0.010177661857365697
1958-07-30,0.020690406806317244
1958-07-31,0.019174617909588045
1958-08-01,0.017175312557029664
1958-08-02,0.018406583363776447
1958-08-03,0.03523157655078614
1958-08-04,0.04423770177934802
1958-08-05,0.022771737103172474
1958-08-06,0.014355687022049838
1958-08-07,0.017890756406076836
1958-08-08,0.021459855157428216
1958-08-09,0.019120365021208625
1958-08-10,0.027837937925950663
1958-08-11,0.018876289198824493
1958-08-12,0.016156663635404803
1958-08-13,0.012503825289978192
1958-08-14,0.008788470686764263
1958-08-15,0.011107163871650734
1958-08-16,0.014428188554524215
1958-08-17,0.014381385350937815
1958-08-18,0.016037289774858084
1958-08-19,0.019451620118531986
1958-08-20,0.011130512105208185
1958-08-21,0.005769160745972548
1958-08-22,0.003776103541138273
1958-08-23,0.006265684392370458
1958-08-24,0.007661679568838779
1958-08-25,0.0069155077589999545
1958-08-26,0.007851899345263149
1958-08-27,0.00972385147443575
1958-08-28,0.007239535706320024
1958-08-29,0.009942692721895971
1958-08-30,0.009779806998326479
1958-08-31,0.01224202112122862
1958-09-01,0.006498384739705521
1958-09-02,0.0066578708337627895
1958-09-03,0.010069002059800129
1958-09-04,0.013363451368772762
1958-09-05,0.01399541853796093
1958-09-06,0.02160423714066644
1958-09-07,0.02122341125460092
1958-09-08,0.005495606891263153
1958-09-09,0.005736976147759593
1958-09-10,0.009570058624231858
1958-09-11,0.013793019291199679
1958-09-12,0.014225911204493954
1958-09-13,0.013303608472718867
1958-09-14,0.016727636230606555
1958-09-15,0.015011802339911107
1958-09-16,0.019044064469939646
1958-09-17,0.018992618066630655
1958-09-18,0.01626527862975204
1958-09-19,0.012976219607519567
1958-09-20,0.011332304783707075
1958-09-21,0.017035793993199013
1958-09-22,0.01316733084484081
1958-09-23,0.008752997963173205
1958-09-24,0.006981570461118876
1958-09-25,0.007963309997379485
1958-09-26,0.005637620768361083
1958-09-27,0.009390897905506084
1958-09-28,0.014358206576232529
1958-09-29,0.005496484568963808
1958-09-30,0.001621914672977131
1958-10-01,0.0018923262838991056
1958-10-02,0.007613040343347677
1958-10-03,0.010006756680708905
1958-10-04,0.0032937359219134725
1958-10-05,0.0014787860729328247
1958-10-06,0.003337942825510384
1958-10-07,0.005855068151322452
1958-10-08,0.0049653873091227985
1958-10-09,0.008800891332917412
1958-10-10,0.010519258527994381
1958-10-11,0.013752625254409631
1958-10-12,0.023364733379498143
1958-10-13,0.027690399743472517
1958-10-14,0.006586313242767568
1958-10-15,0.003143002013621184
1958-10-16,0.002527942153930377
1958-10-17,0.006169323755456444
1958-10-18,0.008607650374182313
1958-10-19,0.0058332891748559025
1958-10-20,0.0025477978396236385
1958-10-21,0.0012752419736725563
1958-10-22,0.00602022347429628
1958-10-23,0.02242981537379659
1958-10-24,0.03686106767863673
1958-10-25,0.002184981836168448
1958-10-26,0.0012564466797060335
1958-10-27,8.432057523563525E-4
1958-10-28,5.13483308744809E-4
1958-10-29,7.789213765789986E-4
1958-10-30,6.997978618730931E-4
1958-10-31,6.100078475359641E-4
1958-11-01,4.0667166721137935E-4
1958-11-02,3.007242329700065E-4
1958-11-03,2.2378121773333417E-4
1958-11-04,4.0437768328159676E-4
1958-11-05,6.360794159328383E-4
1958-11-06,0.002678552739940718
1958-11-07,8.87713102402314E-4
1958-11-08,9.702866350658943E-5
1958-11-09,6.0177316396798345E-5
1958-11-10,1.387029939273586E-4
1958-11-11,1.0379344168218056E-4
1958-11-12,5.741610781322621E-5
1958-11-13,1.8982212380198597E-4
1958-11-14,1.0399746754660297E-4
1958-11-15,8.232168643332801E-5
1958-11-16,1.7536836302174392E-5
1958-11-17,2.4616902024920257E-6
1958-11-18,7.341599365534625E-7
1958-11-19,5.243387064463039E-6
1958-11-20,5.825033577002125E-6
1958-11-21,4.923031172685867E-5
1958-11-22,1.0597885522350198E-4
1958-11-23,6.408505948108879E-5
1958-11-24,1.2417100275825647E-4
1958-11-25,2.9046439169069327E-4
1958-11-26,4.507910898617653E-4
1958-11-27,1.758539408598568E-4
1958-11-28,3.5797689630750866E-4
1958-11-29,0.0010856389704258329
1958-11-30,7.036377699390031E-4
1958-12-01,1.9026384915110577E-4
1958-12-02,3.531845969902849E-4
1958-12-03,7.919198521042555E-5
1958-12-04,4.982575681987065E-5
1958-12-05,2.1107488300224663E-4
1958-12-06,3.8503556178607224E-4
1958-12-07,0.0019854666560181096
1958-12-08,0.0015839212956623033
1958-12-09,0.0013674889765963798
1958-12-10,9.932007465553914E-4
1958-12-11,7.306856949813934E-4
1958-12-12,2.3471678790076034E-4
1958-12-13,1.312112857144458E-4
1958-12-14,5.343716091906797E-5
1958-12-15,1.8591642739576125E-4
1958-12-16,6.929880582666055E-4
1958-12-17,5.657184210963225E-4
1958-12-18,1.243280942352988E-4
1958-12-19,9.488783036716008E-6
1958-12-20,1.9939092586261317E-5
1958-12-21,2.3513062025148513E-5
1958-12-22,2.4400148448245667E-5
1958-12-23,2.807004557355811E-4
1958-12-24,6.153402243983056E-5
1958-12-25,5.1739068782768E-6
1958-12-26,9.647765583117937E-6
1958-12-27,6.304588019258696E-6
1958-12-28,6.0946860875938836E-5
1958-12-29,3.8669440805994556E-5
1958-12-30,5.5361879802771056E-5
1958-12-31,1.3155344299322662E-4
1959-01-01,1.0703332276793376E-4
1959-01-02,5.184201503738198E-5
1959-01-03,3.713231374693216E-5
1959-01-04,7.875337453968157E-6
1959-01-05,6.928861306456147E-6
1959-01-06,3.776657008662241E-5
1959-01-07,4.8890756379038864E-5
1959-01-08,1.2926791112966043E-5
1959-01-09,1.7785636832215825E-4
1959-01-10,3.448489379668428E-5
1959-01-11,1.761781437357672E-5
1959-01-12,9.338713212987434E-6
1959-01-13,1.820669541208725E-5
1959-01-14,4.061558098461876E-5
1959-01-15,3.7715154161610996E-6
1959-01-16,4.842960764049209E-6
1959-01-17,1.5434922327741408E-4
1959-01-18,1.1540875134947736E-4
1959-01-19,7.3450097414571094E-6
1959-01-20,3.210639261529215E-5
1959-01-21,0.006546700843827084
1959-01-22,0.015339943199339238
1959-01-23,0.0053338217542584915
1959-01-24,4.3450618059657874E-4
1959-01-25,1.1309917524066673E-4
1959-01-26,2.4852921971186154E-4
1959-01-27,0.0010409864255046886
1959-01-28,2.9026553104656046E-4
1959-01-29,0.0014859597122432202
1959-01-30,0.004958518821356744
1959-01-31,0.0013660701771446436
1959-02-01,1.1044159790671185E-4
1959-02-02,1.4626960200791221E-6
1959-02-03,7.0426984580853E-6
1959-02-04,1.3509567882349301E-6
1959-02-05,1.1664149231584431E-4
1959-02-06,1.9873910141965785E-4
1959-02-07,4.8773794308923996E-5
1959-02-08,8.051259015836718E-5
1959-02-09,4.186780554231543E-5
1959-02-10,9.710681057728338E-6
1959-02-11,1.1562858992918605E-4
1959-02-12,0.001065925583950578
1959-02-13,0.0034811809825156313
1959-02-14,0.004501888761928062
1959-02-15,0.00861039053485139
1959-02-16,0.005204800099455768
1959-02-17,8.321364316495234E-4
1959-02-18,3.1976972623752046E-5
1959-02-19,4.078608459938203E-4
1959-02-20,0.0017421997932122347
1959-02-21,5.111984679712912E-4
1959-02-22,2.1275457932079772E-4
1959-02-23,1.1626765069982724E-4
1959-02-24,0.007536224265652678
1959-02-25,0.008337274104182127
1959-02-26,0.0016998750105039263
1959-02-27,2.982494856273756E-4
1959-02-28,1.0165050078346745E-4
1959-03-01,2.5947768841808175E-4
1959-03-02,7.99048586867001E-4
1959-03-03,0.014338294893618573
1959-03-04,0.01313916992820138
1959-03-05,0.007216652809246591
1959-03-06,0.005528185211640828
1959-03-07,8.448475531092549E-4
1959-03-08,3.8412294522352416E-4
1959-03-09,1.986243234412253E-5
1959-03-10,5.1798362478952874E-5
1959-03-11,7.994031965666122E-5
1959-03-12,1.071985919303397E-4
1959-03-13,7.85381541954398E-5
1959-03-14,3.5900589077194364E-5
1959-03-15,1.93394154797083E-5
1959-03-16,8.812664829163472E-6
1959-03-17,8.782154811484983E-6
1959-03-18,2.4164164246760633E-5
1959-03-19,7.88148954783678E-5
1959-03-20,1.9099815690737334E-7
1959-03-21,9.001920269503997E-7
1959-03-22,4.477864477226322E-5
1959-03-23,0.0011635550393208536
1959-03-24,0.005995831801826828
1959-03-25,0.01369618920228624
1959-03-26,0.019783868906077095
1959-03-27,0.029475392073162254
1959-03-28,0.008168879579838131
1959-03-29,0.00514446379196314
1959-03-30,0.010238995593967654
1959-03-31,0.012742752483514579
1959-04-01,0.00723655834698329
1959-04-02,7.38655627771771E-4
1959-04-03,1.8995185503628507E-5
1959-04-04,7.17981446342866E-6
1959-04-05,3.8352322395260134E-5
1959-04-06,1.1619954620053748E-4
1959-04-07,6.991694201259296E-6
1959-04-08,9.23689814976756E-7
1959-04-09,7.811893969215918E-6
1959-04-10,6.449633795096642E-5
1959-04-11,0.003010684981426328
1959-04-12,0.002762587274204607
1959-04-13,0.0012592622385721808
1959-04-14,0.004897278732811661
1959-04-15,0.006246756846358105
1959-04-16,0.006354123262730055
1959-04-17,0.014377167785607221
1959-04-18,0.017368851464523716
1959-04-19,0.01519435215339678
1959-04-20,0.009407489731665723
1959-04-21,0.0038280873007957255
1959-04-22,0.001764325197095293
1959-04-23,0.004910596350798632
1959-04-24,0.002171399127996374
1959-04-25,0.0011109758975364266
1959-04-26,0.0012440723118953584
1959-04-27,5.739890744875542E-4
1959-04-28,0.0011738343859745354
1959-04-29,0.009970247117835243
1959-04-30,0.011433969918063901
1959-05-01,0.006146602482874937
1959-05-02,0.002622051986780336
1959-05-03,0.0068611386076456
1959-05-04,0.016822560576191508
1959-05-05,0.01579401658750461
1959-05-06,0.016948257644580404
1959-05-07,0.015691312706796356
1959-05-08,0.009875687763447567
1959-05-09,0.00792522322375101
1959-05-10,0.009529907759159736
1959-05-11,0.0074153902980917084
1959-05-12,0.012698492975655704
1959-05-13,0.017952719515991034
1959-05-14,0.021798630201405267
1959-05-15,0.02223294423608247
1959-05-16,0.011589218334923245
1959-05-17,0.007776023596215984
1959-05-18,0.0050856591264607405
1959-05-19,0.004740918138258098
1959-05-20,0.003989345466181377
1959-05-21,0.007582871012601159
1959-05-22,0.005556519512880053
1959-05-23,0.012828043111498636
1959-05-24,0.022703932995723524
1959-05-25,0.02043026802238134
1959-05-26,0.04243939050841973
1959-05-27,0.052310664517331164
1959-05-28,0.02322216253572704
1959-05-29,0.02169780722464909
1959-05-30,0.026751998548753455
1959-05-31,0.019636328505878535
1959-06-01,0.017170756874708377
1959-06-02,0.015150726462077225
1959-06-03,0.0035707910181209043
1959-06-04,0.004555149492780732
1959-06-05,0.005642555544652571
1959-06-06,0.007885313135150248
1959-06-07,0.013979792052785243
1959-06-08,0.024745321784631725
1959-06-09,0.01960027591475497
1959-06-10,0.024290599834442487
1959-06-11,0.026712563325819828
1959-06-12,0.03446293766608789
1959-06-13,0.05515925123152339
1959-06-14,0.033804809622264384
1959-06-15,0.01720236195053566
1959-06-16,0.009934339037826397
1959-06-17,0.010899925553628
1959-06-18,0.015472340276226779
1959-06-19,0.018604156658510937
1959-06-20,0.011205778690934209
1959-06-21,0.00730939400968982
1959-06-22,0.010689366288055273
1959-06-23,0.030639024840181047
1959-06-24,0.01735009007155053
1959-06-25,0.013396334215221666
1959-06-26,0.007846837021722564
1959-06-27,0.009662964858827195
1959-06-28,0.018985707052643172
1959-06-29,0.01587142582779836
1959-06-30,0.020902644881654532
1959-07-01,0.018799395032578867
1959-07-02,0.018511787212645403
1959-07-03,0.012676688457039533
1959-07-04,0.012679870325049473
1959-07-05,0.019439497413649497
1959-07-06,0.018675117055584677
1959-07-07,0.025990181751722182
1959-07-08,0.03684745788680103
1959-07-09,0.014804609649732594
1959-07-10,0.018758782199486648
1959-07-11,0.0174933277698102
1959-07-12,0.01448033147884265
1959-07-13,0.009053366431126923
1959-07-14,0.004848621285452098
1959-07-15,0.00976705438976311
1959-07-16,0.014930110938742538
1959-07-17,0.011790309244259858
1959-07-18,0.009857427562454016
1959-07-19,0.011816661100369412
1959-07-20,0.015487192665563606
1959-07-21,0.015527470821242851
1959-07-22,0.015702490596918174
1959-07-23,0.01487329606298535
1959-07-24,0.023406352982145714
1959-07-25,0.030081876722133805
1959-07-26,0.017980912097771036
1959-07-27,0.015071174629059285
1959-07-28,0.01678687714733328
1959-07-29,0.007844604948747332
1959-07-30,0.008839629199304708
1959-07-31,0.009763943734901324
1959-08-01,0.019218459008119665
1959-08-02,0.02614737302363209
1959-08-03,0.0159150311106012
1959-08-04,0.011457554963553114
1959-08-05,0.010387819863802276
1959-08-06,0.009230240383257518
1959-08-07,0.018841770847896042
1959-08-08,0.021437895677460055
1959-08-09,0.0176049139053579
1959-08-10,0.015793142454193575
1959-08-11,0.023195057952048678
1959-08-12,0.03183005902553643
1959-08-13,0.03820746044731806
1959-08-14,0.030208936904244692
1959-08-15,0.02173737871806961
1959-08-16,0.036757911141286084
1959-08-17,0.04284267345768269
1959-08-18,0.019447504160147754
1959-08-19,0.009165600636137462
1959-08-20,0.009910429320803217
1959-08-21,0.01190618814851313
1959-08-22,0.005255021313529538
1959-08-23,0.0051278231450074515
1959-08-24,0.008912053950342058
1959-08-25,0.004695279844990589
1959-08-26,0.00604549273395182
1959-08-27,0.0073841161795654515
1959-08-28,0.005767594475741514
1959-08-29,0.014166393944183378
1959-08-30,0.008550505282059119
1959-08-31,0.005312787455664697
1959-09-01,0.009712727162717797
1959-09-02,0.012251806134526751
1959-09-03,0.01265067771863738
1959-09-04,0.014351070118609604
1959-09-05,0.014298211922549594
1959-09-06,0.019277840893309205
1959-09-07,0.0322872812751008
1959-09-08,0.021651805421561608
1959-09-09,0.008356630632257403
1959-09-10,0.017641310375849845
1959-09-11,0.02375055512155709
1959-09-12,0.021631736205068766
1959-09-13,0.018545254559919337
1959-09-14,0.018953414187204906
1959-09-15,0.012019624623008242
1959-09-16,0.003491615563944944
1959-09-17,0.011716166179460835
1959-09-18,0.02410314775603071
1959-09-19,0.032974041810662325
1959-09-20,0.029150649492831956
1959-09-21,0.020069199687973036
1959-09-22,0.012927606115750416
1959-09-23,0.005085292938700738
1959-09-24,0.004682202857368357
1959-09-25,0.005921758622232539
1959-09-26,0.004996566195068423
1959-09-27,0.012241279623070823
1959-09-28,0.012325471188953895
1959-09-29,0.011806873938257828
1959-09-30,0.03173427501419781
1959-10-01,0.036339860132423615
1959-10-02,0.05013353911671538
1959-10-03,0.04426320641180748
1959-10-04,0.03111812951287461
1959-10-05,0.02637836978951783
1959-10-06,0.013447314224205337
1959-10-07,0.004553307392738011
1959-10-08,0.014271339095513952
1959-10-09,0.015992143838687647
1959-10-10,0.01873955567452469
1959-10-11,0.010821707691322183
1959-10-12,0.008857270014067147
1959-10-13,0.007617769548525848
1959-10-14,0.011313797055187326
1959-10-15,0.017908969933718637
1959-10-16,0.01331751004154501
1959-10-17,0.005483893731202992
1959-10-18,0.0016086856629912662
1959-10-19,8.685773624298104E-4
1959-10-20,0.0015734802229915568
1959-10-21,0.0036651494606889856
1959-10-22,0.009884704913052784
1959-10-23,0.01103675845257194
1959-10-24,0.004289309418145242
1959-10-25,0.0014231616142430174
1959-10-26,0.005756883272772515
1959-10-27,0.0024332779127533804
1959-10-28,0.013955897013716387
1959-10-29,0.07758723765470137
1959-10-30,0.016192205001219876
1959-10-31,9.02255019999429E-4
1959-11-01,5.21291873598323E-4
1959-11-02,1.465301946449208E-4
1959-11-03,1.0146449553633479E-4
1959-11-04,2.150509342435237E-5
1959-11-05,2.037980993069363E-5
1959-11-06,1.2854262801278163E-4
1959-11-07,5.194120226711187E-4
1959-11-08,6.663929860840303E-4
1959-11-09,4.1978784011275337E-4
1959-11-10,3.238306342607976E-4
1959-11-11,3.782353258073186E-4
1959-11-12,4.613309575574203E-4
1959-11-13,4.50777512236827E-4
1959-11-14,4.207995773250393E-4
1959-11-15,1.4314450696765186E-4
1959-11-16,2.066700376820947E-4
1959-11-17,4.0172681140607106E-4
1959-11-18,1.9209406583726462E-4
1959-11-19,4.752402150443874E-5
1959-11-20,7.869773016730662E-5
1959-11-21,4.211805811897821E-5
1959-11-22,7.762392025867846E-5
1959-11-23,2.9148244434916464E-4
1959-11-24,8.588862175605784E-5
1959-11-25,7.4898744080102664E-6
1959-11-26,1.6738494165337882E-6
1959-11-27,1.892076838312375E-6
1959-11-28,2.2230292377626134E-5
1959-11-29,1.683509791203605E-4
1959-11-30,5.585866146482955E-4
1959-12-01,2.1877647545434168E-4
1959-12-02,7.150227730632834E-5
1959-12-03,8.128322525724668E-6
1959-12-04,8.32700833158807E-6
1959-12-05,4.120385494810715E-6
1959-12-06,3.835421904412083E-4
1959-12-07,0.0016383148141732615
1959-12-08,3.4207400358695614E-4
1959-12-09,2.174614818274824E-4
1959-12-10,3.572518072585798E-5
1959-12-11,5.833108788929982E-6
1959-12-12,3.5743591233117556E-6
1959-12-13,4.391546737821428E-6
1959-12-14,3.764446727770814E-6
1959-12-15,3.3822850758974314E-6
1959-12-16,3.3890112108599907E-6
1959-12-17,3.917763349574298E-6
1959-12-18,4.3029193909855116E-5
1959-12-19,3.215809737233569E-5
1959-12-20,8.042114269356969E-6
1959-12-21,5.402656950952475E-6
1959-12-22,2.629879809815646E-6
1959-12-23,5.841397824973795E-6
1959-12-24,4.340815552598339E-4
1959-12-25,1.1309142154896142E-4
1959-12-26,8.673971836701923E-5
1959-12-27,3.479868952910437E-5
1959-12-28,1.2707107218288781E-5
1959-12-29,4.878021617290685E-6
1959-12-30,4.774050033993771E-5
1959-12-31,7.980597376740536E-6
1960-01-01,1.0944110179129315E-5
1960-01-02,5.333122072246407E-6
1960-01-03,7.767647806553155E-6
1960-01-04,7.384228084494672E-5
1960-01-05,1.6377749615366575E-4
1960-01-06,1.0616745017374353E-4
1960-01-07,5.140653002582681E-5
1960-01-08,3.20159787523538E-5
1960-01-09,2.0466144691005468E-5
1960-01-10,6.39956550885282E-6
1960-01-11,1.866316787361614E-5
1960-01-12,5.933045160962336E-5
1960-01-13,4.559292328897409E-5
1960-01-14,9.495425997389107E-6
1960-01-15,7.894354809275648E-6
1960-01-16,2.3917890112477387E-6
1960-01-17,3.9362406734300334E-5
1960-01-18,2.6643058030155404E-5
1960-01-19,7.301179329528257E-7
1960-01-20,1.3388965743167595E-6
1960-01-21,5.941707897575369E-7
1960-01-22,1.2445130998375852E-6
1960-01-23,1.608040889566558E-7
1960-01-24,1.789931758364486E-6
1960-01-25,1.006426468231884E-5
1960-01-26,2.1824618072306887E-5
1960-01-27,7.864383291074054E-5
1960-01-28,9.56202509105294E-5
1960-01-29,4.0446143761371316E-5
1960-01-30,6.523266157199219E-5
1960-01-31,3.359199005926125E-5
1960-02-01,1.3928310575793258E-6
1960-02-02,5.378089089010077E-6
1960-02-03,4.9453479561231704E-5
1960-02-04,2.5087106503330896E-5
1960-02-05,1.2544273944067023E-4
1960-02-06,2.563450628287585E-4
1960-02-07,8.12493717267587E-5
1960-02-08,5.704271083231289E-5
1960-02-09,1.0424742626940864E-5
1960-02-10,2.8978274674355705E-5
1960-02-11,6.446250806066092E-5
1960-02-12,5.768239828297094E-4
1960-02-13,0.001103585473837007
1960-02-14,2.6730766027007873E-4
1960-02-15,5.254603782842469E-4
1960-02-16,6.490886069851096E-4
1960-02-17,9.503111022615515E-5
1960-02-18,4.088909057278814E-5
1960-02-19,4.925691612480868E-4
1960-02-20,1.9054338957591024E-5
1960-02-21,1.5010289197444672E-5
1960-02-22,1.3110587374856433E-6
1960-02-23,1.8262447802541364E-5
1960-02-24,1.3504647768601113E-5
1960-02-25,1.0931005978555283E-5
1960-02-26,2.2553286957660517E-5
1960-02-27,2.9652732428527665E-5
1960-02-28,3.298613740206702E-4
1960-02-29,0.007154544809557428
1960-03-01,0.006953656148666391
1960-03-02,0.0023052189571850243
1960-03-03,0.0013072765641217769
1960-03-04,3.996853273035059E-5
1960-03-05,0.0014785259616318734
1960-03-06,0.009571369402334993
1960-03-07,0.007170793448045496
1960-03-08,0.0015175203247671787
1960-03-09,5.38989094773928E-4
1960-03-10,9.1827341868041E-5
1960-03-11,0.0011071119687342177
1960-03-12,0.006272978491889249
1960-03-13,4.529014787108173E-4
1960-03-14,0.0010792213158019419
1960-03-15,8.972661420367386E-5
1960-03-16,5.8390417155091735E-5
1960-03-17,1.0963425047513528E-4
1960-03-18,3.051477663761144E-5
1960-03-19,3.1033458445727275E-5
1960-03-20,4.59194006223078E-5
1960-03-21,9.700490466740942E-5
1960-03-22,0.0017828022759968246
1960-03-23,6.471035085243943E-4
1960-03-24,5.354819064897501E-6
1960-03-25,1.4994516684223906E-6
1960-03-26,0.0
1960-03-27,3.000510270562311E-6
1960-03-28,1.4063391740599087E-6
1960-03-29,2.1468283636560812E-6
1960-03-30,2.6130086690468424E-6
1960-03-31,8.245081151076918E-6
1960-04-01,5.6054531737241595E-5
1960-04-02,7.491232943322442E-5
1960-04-03,6.285024551402158E-5
1960-04-04,6.609065824934896E-6
1960-04-05,5.7675761670644805E-6
1960-04-06,3.6262779768255914E-4
1960-04-07,1.072828327256173E-4
1960-04-08,8.87500387627824E-5
1960-04-09,0.0010178669585448718
1960-04-10,0.005312335382425302
1960-04-11,0.0094485412846054
1960-04-12,0.0014080575088934047
1960-04-13,4.5209273460181847E-4
1960-04-14,1.0949424839525653E-4
1960-04-15,1.9971959290845497E-4
1960-04-16,1.6278044456147822E-4
1960-04-17,2.247894003354685E-4
1960-04-18,5.007643509954442E-4
1960-04-19,7.358942247005913E-4
1960-04-20,0.001049809271309504
1960-04-21,0.0012878720641884252
1960-04-22,0.0014584210629570082
1960-04-23,0.007914088459643013
1960-04-24,0.0051190753718309105
1960-04-25,0.0021128065201616144
1960-04-26,5.803488821277589E-4
1960-04-27,1.4895757340958842E-5
1960-04-28,1.066791842568645E-7
1960-04-29,1.2877628536746798E-6
1960-04-30,9.689969709636018E-7
1960-05-01,3.7432124717562854E-4
1960-05-02,0.0016860473114915552
1960-05-03,0.001243203071011921
1960-05-04,0.0071263613379068304
1960-05-05,0.004291290529261201
1960-05-06,0.0014554533747376216
1960-05-07,6.959801108504775E-4
1960-05-08,2.484505053966175E-4
1960-05-09,0.0012582715021729246
1960-05-10,0.0036088439616669323
1960-05-11,0.005231070918520807
1960-05-12,0.011594093804972734
1960-05-13,0.009463640607187632
1960-05-14,0.008242749154983568
1960-05-15,0.006352077669689304
1960-05-16,0.009044553572179845
1960-05-17,0.005839221656024376
1960-05-18,0.009821574025279207
1960-05-19,0.017479511383191076
1960-05-20,0.02803046818546752
1960-05-21,0.03669248399719912
1960-05-22,0.024960294024399473
1960-05-23,0.02181646687306588
1960-05-24,0.024787822722192526
1960-05-25,0.02292348513049651
1960-05-26,0.02067041991617327
1960-05-27,0.01671587896956585
1960-05-28,0.04582167251319549
1960-05-29,0.029973554834894466
1960-05-30,0.004290618588484704
1960-05-31,0.003578213809466011
1960-06-01,0.003690329996400863
1960-06-02,0.005047842652546435
1960-06-03,0.004864601120609882
1960-06-04,0.005442988727653899
1960-06-05,0.006516076355366995
1960-06-06,0.009569990631643746
1960-06-07,0.008096590124716273
1960-06-08,0.00946394228278136
1960-06-09,0.01606788662868698
1960-06-10,0.040959174226461344
1960-06-11,0.051049723018031096
1960-06-12,0.05965809321742644
1960-06-13,0.025184513385761883
1960-06-14,0.025860764776037423
1960-06-15,0.016771595862008947
1960-06-16,0.013387626881458115
1960-06-17,0.013710243945478876
1960-06-18,0.012603571948012154
1960-06-19,0.012382024587013126
1960-06-20,0.009831962956693502
1960-06-21,0.012668568936583016
1960-06-22,0.00786938340552214
1960-06-23,0.007310110769603502
1960-06-24,0.006057796966422708
1960-06-25,0.007167064604641473
1960-06-26,0.008953219447216167
1960-06-27,0.008233648663786846
1960-06-28,0.005178315269131756
1960-06-29,0.005678124148899665
1960-06-30,0.011402866175294592
1960-07-01,0.009881549995446786
1960-07-02,0.04967706372786002
1960-07-03,0.02683637747191954
1960-07-04,0.015144547417217697
1960-07-05,0.015195368241178137
1960-07-06,0.018579125274361875
1960-07-07,0.017907354673431124
1960-07-08,0.028287347256552
1960-07-09,0.05415092946337966
1960-07-10,0.03509900342160047
1960-07-11,0.03954914417674757
1960-07-12,0.03178244405180378
1960-07-13,0.03172594938668544
1960-07-14,0.02477459970972537
1960-07-15,0.021063053028760128
1960-07-16,0.0163019894975132
1960-07-17,0.018075614247485768
1960-07-18,0.03573085338696242
1960-07-19,0.032023611452479964
1960-07-20,0.03777553459974008
1960-07-21,0.029976127098349497
1960-07-22,0.025162854478420857
1960-07-23,0.01833409086594666
1960-07-24,0.012516898438626326
1960-07-25,0.009726225330698054
1960-07-26,0.012738660755371263
1960-07-27,0.00989113558824228
1960-07-28,0.00849420460002877
1960-07-29,0.009849216424308624
1960-07-30,0.014392287756912836
1960-07-31,0.01534579112645818
1960-08-01,0.017532824541067787
1960-08-02,0.02036457932705567
1960-08-03,0.016634114720095197
1960-08-04,0.017365433094371892
1960-08-05,0.015479625744307621
1960-08-06,0.016651821703927056
1960-08-07,0.010710581913089082
1960-08-08,0.013863524027109454
1960-08-09,0.00755727768807354
1960-08-10,0.01015600657083725
1960-08-11,0.015224589863593794
1960-08-12,0.01028688376917241
1960-08-13,0.011350815927539693
1960-08-14,0.011518494190885735
1960-08-15,0.022569692742621175
1960-08-16,0.029137674158716986
1960-08-17,0.014525680481703385
1960-08-18,0.0055610479655418465
1960-08-19,0.01415987120453973
1960-08-20,0.012908961761993194
1960-08-21,0.010842816913132401
1960-08-22,0.017098335085164194
1960-08-23,0.01797857702081404
1960-08-24,0.015050691231336321
1960-08-25,0.01503325481784403
1960-08-26,0.020650798895331876
1960-08-27,0.021577915298970428
1960-08-28,0.011910522379794534
1960-08-29,0.022047479480071054
1960-08-30,0.03296563894936473
1960-08-31,0.05218383637071988
1960-09-01,0.020814107008404983
1960-09-02,0.01935638983169377
1960-09-03,0.02079412056285017
1960-09-04,0.012466121542183609
1960-09-05,0.012792996569810788
1960-09-06,0.010192047673258955
1960-09-07,0.014841545206181752
1960-09-08,0.017477406115194057
1960-09-09,0.019205837686561377
1960-09-10,0.01228308846708171
1960-09-11,0.010819288357047837
1960-09-12,0.019815390426050898
1960-09-13,0.0387119417357021
1960-09-14,0.042202331734415136
1960-09-15,0.02852083215755775
1960-09-16,0.02198280188356799
1960-09-17,0.007192183096263204
1960-09-18,0.005668794722456228
1960-09-19,0.003073645580117052
1960-09-20,0.00388390777445716
1960-09-21,0.007424194884625958
1960-09-22,0.0053505078882852605
1960-09-23,0.011260408606452579
1960-09-24,0.019302292611592747
1960-09-25,0.017753344992381747
1960-09-26,0.023762091168901017
1960-09-27,0.014476988949050631
1960-09-28,0.00893631208286997
1960-09-29,0.01110882419199801
1960-09-30,0.024022621479353804
1960-10-01,0.007066718851500353
1960-10-02,0.0013204655200417198
1960-10-03,0.0038491109983532124
1960-10-04,0.004946863947182093
1960-10-05,0.0040651351857144
1960-10-06,0.005897066693198674
1960-10-07,0.005144670929178039
1960-10-08,0.0035309376583245243
1960-10-09,0.013922586115735205
1960-10-10,0.03918371274656509
1960-10-11,0.03537426417663191
1960-10-12,0.004831300541945166
1960-10-13,0.004782095159956437
1960-10-14,0.0026555542579332473
1960-10-15,0.002222358655223951
1960-10-16,0.0026100694642183725
1960-10-17,0.0013483957984002108
1960-10-18,0.001863295585976371
1960-10-19,0.001419596931066594
1960-10-20,5.87491689166731E-4
1960-10-21,5.537976431344379E-4
1960-10-22,9.084458433270192E-4
1960-10-23,0.0017571449831321531
1960-10-24,0.0012147712824927509
1960-10-25,9.672938062521277E-4
1960-10-26,4.8257727875514867E-4
1960-10-27,3.122141340544506E-4
1960-10-28,3.264581645903952E-4
1960-10-29,6.026978026011795E-4
1960-10-30,0.0027096973825736044
1960-10-31,0.019174473118002033
1960-11-01,0.007461708352436834
1960-11-02,7.945465471722478E-4
1960-11-03,5.740585916970569E-4
1960-11-04,5.799804304523475E-4
1960-11-05,0.0013346366340462113
1960-11-06,9.30265434520418E-4
1960-11-07,4.0546190255299304E-4
1960-11-08,4.1788442311188904E-4
1960-11-09,2.503481319273681E-4
1960-11-10,5.403271350246911E-4
1960-11-11,3.926867597006527E-4
1960-11-12,5.206202377988666E-4
1960-11-13,7.478893961829416E-4
1960-11-14,4.958094029238601E-4
1960-11-15,3.0606898795671725E-4
1960-11-16,2.499267265730215E-4
1960-11-17,1.2001762929352418E-4
1960-11-18,1.9049686488241836E-4
1960-11-19,1.0378724282619577E-4
1960-11-20,2.0657523902142347E-4
1960-11-21,2.6474903426692317E-4
1960-11-22,3.2494407479239555E-4
1960-11-23,2.9954628491735906E-4
1960-11-24,1.498671053307374E-4
1960-11-25,3.5188524328763115E-5
1960-11-26,2.096351767590836E-6
1960-11-27,1.2605027234931825E-6
1960-11-28,2.5118182803707885E-4
1960-11-29,0.001271404943095095
1960-11-30,4.604941967731735E-4
1960-12-01,6.542831289539466E-4
1960-12-02,8.212681010249946E-4
1960-12-03,2.742096063701622E-4
1960-12-04,2.6624953688962773E-4
1960-12-05,3.236387136676937E-4
1960-12-06,6.679987831067294E-4
1960-12-07,4.413544157992821E-4
1960-12-08,2.564609466582317E-4
1960-12-09,1.973636667020336E-4
1960-12-10,1.4074930156573816E-4
1960-12-11,6.954944215063461E-5
1960-12-12,1.3557487147668964E-5
1960-12-13,1.0537399101072568E-4
1960-12-14,1.2576198268584817E-4
1960-12-15,7.615428473483073E-5
1960-12-16,8.086263837732683E-5
1960-12-17,1.59697915643555E-4
1960-12-18,2.639765957539229E-4
1960-12-19,2.9224137686378676E-4
1960-12-20,4.500060417825772E-4
1960-12-21,4.0030232058238784E-4
1960-12-22,3.239177505345801E-4
1960-12-23,3.239123987074273E-4
1960-12-24,2.9188185125362355E-4
1960-12-25,3.253486603356566E-4
1960-12-26,1.939494020133501E-4
1960-12-27,7.696231720687287E-5
1960-12-28,6.316165996543659E-5
1960-12-29,2.3061159053323743E-5
1960-12-30,5.7910474005655066E-5
1960-12-31,5.599443846332595E-5
1961-01-01,0.0012064817834152662
1961-01-02,4.923601867265739E-4
1961-01-03,0.0021191346933605534
1961-01-04,0.0045492596208145265
1961-01-05,1.3390805471347398E-4
1961-01-06,1.5017716321787126E-5
1961-01-07,3.300102144636033E-5
1961-01-08,3.449013837569554E-5
1961-01-09,2.5771617367255253E-5
1961-01-10,6.0703145643786864E-6
1961-01-11,4.677949651961351E-6
1961-01-12,1.290510322093965E-5
1961-01-13,2.212010409529148E-5
1961-01-14,1.3429357769631315E-5
1961-01-15,1.3944094090486695E-5
1961-01-16,1.280689672868364E-4
1961-01-17,4.756964293117671E-4
1961-01-18,4.18205851485334E-4
1961-01-19,0.0014987531045047029
1961-01-20,5.206641912247349E-4
1961-01-21,0.001000586232369456
1961-01-22,0.0011246883858807987
1961-01-23,5.719870268608395E-5
1961-01-24,5.38127510409326E-7
1961-01-25,7.005504564530346E-6
1961-01-26,1.2888655563236211E-5
1961-01-27,9.71838625578243E-6
1961-01-28,1.7664022409038898E-5
1961-01-29,8.606527163367951E-6
1961-01-30,4.191814684340408E-5
1961-01-31,3.608389233362171E-4
1961-02-01,0.0029518860885658065
1961-02-02,0.00967467027009908
1961-02-03,0.005037460326543321
1961-02-04,8.787432270391762E-4
1961-02-05,0.0010296347086303234
1961-02-06,0.0025029589713980996
1961-02-07,0.004811163663966069
1961-02-08,0.006924727729320566
1961-02-09,4.211784646162776E-4
1961-02-10,1.2632781050205705E-5
1961-02-11,4.925113041200086E-6
1961-02-12,1.7766585955856863E-5
1961-02-13,0.001820784760789927
1961-02-14,0.0013627620802945334
1961-02-15,9.609251542202724E-5
1961-02-16,2.2728800692702182E-6
1961-02-17,3.707971718317241E-6
1961-02-18,9.445238576570822E-7
1961-02-19,1.337071774911503E-4
1961-02-20,2.803933321529894E-4
1961-02-21,8.268597410419795E-5
1961-02-22,8.841178443407074E-5
1961-02-23,3.567355959741441E-5
1961-02-24,1.2309286924702703E-5
1961-02-25,1.8770134198033194E-5
1961-02-26,2.6719986523558613E-5
1961-02-27,1.713879543499182E-4
1961-02-28,0.0010063363615241802
1961-03-01,0.0031748220842663607
1961-03-02,0.009874199568927468
1961-03-03,0.00855916392482724
1961-03-04,0.0029421355331195006
1961-03-05,0.007979448916350896
1961-03-06,0.011804384374035807
1961-03-07,0.0023768885177122097
1961-03-08,1.8876570383296275E-4
1961-03-09,1.3557717123572677E-5
1961-03-10,3.001020256462335E-6
1961-03-11,0.0015412773922430889
1961-03-12,0.007128882215950537
1961-03-13,0.005499661596583657
1961-03-14,7.392543871962347E-4
1961-03-15,0.0020320520575280044
1961-03-16,0.007263722129428264
1961-03-17,0.004893532814121466
1961-03-18,0.024458803682533083
1961-03-19,0.031024294498668243
1961-03-20,0.010961749904156586
1961-03-21,0.007438640919295856
1961-03-22,0.003192626646489081
1961-03-23,9.697541205356421E-4
1961-03-24,0.0010950238937524727
1961-03-25,0.0028592404043224365
1961-03-26,0.004934191278108672
1961-03-27,0.001457117817159789
1961-03-28,0.003389610410784198
1961-03-29,0.002894759914127729
1961-03-30,0.0022872513734107655
1961-03-31,0.0018454453451050973
1961-04-01,0.003096187061758472
1961-04-02,0.007403032661197722
1961-04-03,0.009524839467053155
1961-04-04,0.006013990334968228
1961-04-05,0.006678149759689531
1961-04-06,0.002584932540762496
1961-04-07,0.001046591563964963
1961-04-08,0.003002902412623255
1961-04-09,6.25960549141254E-4
1961-04-10,0.007637416724110731
1961-04-11,0.0036647718548775995
1961-04-12,8.901683912571445E-4
1961-04-13,7.452425145886445E-4
1961-04-14,4.914969583590225E-4
1961-04-15,1.8789204480040885E-4
1961-04-16,2.710156983335392E-4
1961-04-17,0.004831684022832997
1961-04-18,0.0149831134028837
1961-04-19,0.007865762141435494
1961-04-20,0.0113493872409629
1961-04-21,0.01354727398425251
1961-04-22,0.0058483905227088955
1961-04-23,0.001722484333465311
1961-04-24,0.0016832726283800361
1961-04-25,6.365802661965411E-4
1961-04-26,0.001460452952829103
1961-04-27,0.005296480819123628
1961-04-28,0.013492123100333491
1961-04-29,0.023027502566595852
1961-04-30,0.01818834626526487
1961-05-01,0.015785698517253404
1961-05-02,0.010666947237033462
1961-05-03,0.01754319104732625
1961-05-04,0.014197071211494355
1961-05-05,0.004044239137712158
1961-05-06,0.0038692122116612687
1961-05-07,0.001998997950353441
1961-05-08,0.008131881752335323
1961-05-09,0.05076830541599923
1961-05-10,0.008895865860394574
1961-05-11,0.010164888705816718
1961-05-12,0.0077579134766626295
1961-05-13,0.009759103687295606
1961-05-14,0.007708162172230702
1961-05-15,0.004837265765230367
1961-05-16,0.0036716998792581286
1961-05-17,0.005402863806929171
1961-05-18,0.00711547765450818
1961-05-19,0.00411335682431298
1961-05-20,0.010203794358189371
1961-05-21,0.01852267752723006
1961-05-22,0.02630216697929707
1961-05-23,0.015422711639120472
1961-05-24,0.010652021258597582
1961-05-25,0.007212375229525178
1961-05-26,0.0046463490130425975
1961-05-27,0.003427969178865569
1961-05-28,0.00986484722755885
1961-05-29,0.018620777006895645
1961-05-30,0.04956302273080294
1961-05-31,0.026490507392178075
1961-06-01,0.0271015918667535
1961-06-02,0.030035352357718585
1961-06-03,0.025960425408544343
1961-06-04,0.016072400345343418
1961-06-05,0.0191789202805903
1961-06-06,0.020510317305674007
1961-06-07,0.012161111408841558
1961-06-08,0.019762962944638626
1961-06-09,0.018656633202773023
1961-06-10,0.022051768101189227
1961-06-11,0.021730632250903614
1961-06-12,0.023236651185592996
1961-06-13,0.0192439066360003
1961-06-14,0.023168738764844946
1961-06-15,0.0666592941560876
1961-06-16,0.041745580383306245
1961-06-17,0.020101421665307102
1961-06-18,0.011989857630611944
1961-06-19,0.010915970900234337
1961-06-20,0.00820721588609516
1961-06-21,0.004908917924526412
1961-06-22,0.0057944448978871094
1961-06-23,0.005104950791597888
1961-06-24,0.0026406640679034364
1961-06-25,0.0027848276113909384
1961-06-26,0.0066283966709129
1961-06-27,0.017452668271149004
1961-06-28,0.015430707482363137
1961-06-29,0.02040547416436662
1961-06-30,0.008650489329824469
1961-07-01,0.009182800139671267
1961-07-02,0.009685496680103618
1961-07-03,0.007374960127786083
1961-07-04,0.014079283704701875
1961-07-05,0.01905826498178074
1961-07-06,0.016751969446551208
1961-07-07,0.022419411520764727
1961-07-08,0.012573603935330713
1961-07-09,0.014121255892252441
1961-07-10,0.012168166554075852
1961-07-11,0.01441851263138611
1961-07-12,0.018053799824901642
1961-07-13,0.029354982001905415
1961-07-14,0.03093766656913261
1961-07-15,0.022599641164311093
1961-07-16,0.016334278644047844
1961-07-17,0.008638742218036156
1961-07-18,0.006254190748457357
1961-07-19,0.005902142610389912
1961-07-20,0.006885270822493815
1961-07-21,0.0105346356038232
1961-07-22,0.009139995584777842
1961-07-23,0.004167350507456395
1961-07-24,0.004549316445066367
1961-07-25,0.00767830483228682
1961-07-26,0.00543631715356222
1961-07-27,0.009796126498407866
1961-07-28,0.012211648441400672
1961-07-29,0.007564816227922934
1961-07-30,0.00968100130719752
1961-07-31,0.012956758903077981
1961-08-01,0.01523915942360538
1961-08-02,0.013675281619490741
1961-08-03,0.01883848232616942
1961-08-04,0.023536320329916104
1961-08-05,0.012537045141237897
1961-08-06,0.01143976295090085
1961-08-07,0.015112694873923688
1961-08-08,0.0161210878382852
1961-08-09,0.014203950222180213
1961-08-10,0.012451641699491853
1961-08-11,0.010371944171215588
1961-08-12,0.011213063829735873
1961-08-13,0.010367877158599506
1961-08-14,0.011285195948546578
1961-08-15,0.014146655526096362
1961-08-16,0.013500546061527306
1961-08-17,0.00908769272476457
1961-08-18,0.004413742014913079
1961-08-19,0.01261649704885429
1961-08-20,0.01612974417654167
1961-08-21,0.009946871228378987
1961-08-22,0.010032352346848853
1961-08-23,0.02038593167093937
1961-08-24,0.013390014085868231
1961-08-25,0.0071994945451794145
1961-08-26,0.0041543273951737125
1961-08-27,0.01016554308292012
1961-08-28,0.014292658778129219
1961-08-29,0.02111578517703168
1961-08-30,0.023072876202255992
1961-08-31,0.019504959324476684
1961-09-01,0.015411975100569934
1961-09-02,0.007883447912142204
1961-09-03,0.011011798950026368
1961-09-04,0.011226656508799043
1961-09-05,0.006562354132654823
1961-09-06,0.008303499771245846
1961-09-07,0.007794454837003555
1961-09-08,0.007129126101637456
1961-09-09,0.0061646359511992955
1961-09-10,0.005748231881631117
1961-09-11,0.004161517827480925
1961-09-12,0.0028347303612991604
1961-09-13,0.006234228310442555
1961-09-14,0.010607673455054794
1961-09-15,0.009462077297805483
1961-09-16,0.012986379552207402
1961-09-17,0.014471156950287655
1961-09-18,0.01713757288171897
1961-09-19,0.012520689007451678
1961-09-20,0.011868199669048502
1961-09-21,0.014737364352505724
1961-09-22,0.01639656248976123
1961-09-23,0.00993121251739158
1961-09-24,0.009076958273696863
1961-09-25,0.013031572773151168
1961-09-26,0.013367626136973591
1961-09-27,0.006365281883169941
1961-09-28,0.0073395258208927795
1961-09-29,0.008695116378478399
1961-09-30,0.010800667001719165
1961-10-01,0.011838010311012278
1961-10-02,0.010409429569589373
1961-10-03,0.004872832955848374
1961-10-04,0.006613455968888827
1961-10-05,0.005458339068585179
1961-10-06,0.00915166294693002
1961-10-07,0.007172906866406012
1961-10-08,0.0026912141826109836
1961-10-09,0.0029183100523616054
1961-10-10,0.005250459441376889
1961-10-11,0.005239314793434872
1961-10-12,0.013564521703211563
1961-10-13,0.008434956211695785
1961-10-14,0.002919938842904739
1961-10-15,0.007549083155475293
1961-10-16,0.010785218589871115
1961-10-17,0.008778983961152082
1961-10-18,0.0038105981275827765
1961-10-19,8.379459701757613E-4
1961-10-20,7.767002316286929E-4
1961-10-21,2.0153540541510435E-4
1961-10-22,0.0015723797136728691
1961-10-23,0.0022001830353736134
1961-10-24,0.00451468424223692
1961-10-25,0.009036347826215306
1961-10-26,0.004998301507911756
1961-10-27,8.357570116057331E-4
1961-10-28,3.642899185544304E-4
1961-10-29,8.949086519121631E-4
1961-10-30,0.0038225565682663536
1961-10-31,8.12698405595529E-4
1961-11-01,4.381712880828746E-4
1961-11-02,0.001118364434720364
1961-11-03,0.0022879187614394236
1961-11-04,0.0011657905216311479
1961-11-05,0.005497558208618629
1961-11-06,0.013767851585789477
1961-11-07,0.008668967923439628
1961-11-08,0.005130183025209165
1961-11-09,0.001350800948023844
1961-11-10,6.873143949765482E-4
1961-11-11,3.015667477747958E-4
1961-11-12,7.235733150905967E-4
1961-11-13,0.0018065362230913187
1961-11-14,5.140311560068631E-4
1961-11-15,5.144003221315759E-4
1961-11-16,6.64087854668054E-4
1961-11-17,7.866543014192715E-4
1961-11-18,5.696770798240776E-4
1961-11-19,5.114341815966988E-6
1961-11-20,2.2238392009233825E-6
1961-11-21,7.286424218430509E-6
1961-11-22,1.827282744544917E-5
1961-11-23,1.791456958028096E-4
1961-11-24,4.4527751351890275E-4
1961-11-25,3.398952575094042E-4
1961-11-26,2.6551236344366746E-5
1961-11-27,2.5284890798356652E-5
1961-11-28,2.0350737484337552E-5
1961-11-29,7.001260357205766E-5
1961-11-30,1.049469181045347E-4
1961-12-01,2.549041319492502E-4
1961-12-02,4.8582705109779037E-4
1961-12-03,1.849496527800952E-4
1961-12-04,2.474783373261973E-4
1961-12-05,3.624721052384829E-4
1961-12-06,3.6864447050771575E-4
1961-12-07,4.28805008707881E-4
1961-12-08,5.912978543232085E-4
1961-12-09,3.7355956543278906E-4
1961-12-10,2.4578298353173853E-4
1961-12-11,1.5356159787492644E-4
1961-12-12,3.881902514775213E-4
1961-12-13,5.051348009092791E-4
1961-12-14,0.001839355939470031
1961-12-15,3.112905996563802E-4
1961-12-16,3.568485776438718E-5
1961-12-17,1.1984643242866182E-5
1961-12-18,3.610431702190019E-4
1961-12-19,3.065537754007549E-4
1961-12-20,8.423814945787532E-5
1961-12-21,7.551098315399026E-6
1961-12-22,3.491970426651692E-6
1961-12-23,1.9810729173735825E-5
1961-12-24,5.739610457628722E-5
1961-12-25,3.169955948344627E-5
1961-12-26,1.0504864342215883E-5
1961-12-27,2.773948416603292E-6
1961-12-28,1.5043205258474126E-4
1961-12-29,5.8186819143664474E-5
1961-12-30,2.113836553607396E-5
1961-12-31,2.298544277372798E-5
1962-01-01,9.963920939895678E-5
1962-01-02,5.817548429268188E-5
1962-01-03,2.659176753491319E-6
1962-01-04,8.183249675292655E-7
1962-01-05,1.1587156049496515E-5
1962-01-06,1.6832052883318304E-4
1962-01-07,1.6982898794995652E-5
1962-01-08,7.207444760453364E-6
1962-01-09,2.2552329183230666E-6
1962-01-10,8.967723923615913E-6
1962-01-11,2.0338260193808726E-4
1962-01-12,4.754154421799905E-4
1962-01-13,3.0359936709631016E-4
1962-01-14,1.6780215770451028E-4
1962-01-15,6.631397225757316E-5
1962-01-16,6.0051367651574215E-5
1962-01-17,7.29399436655616E-6
1962-01-18,9.249256400108734E-6
1962-01-19,1.902556900671956E-5
1962-01-20,1.3099503230945755E-6
1962-01-21,1.3617006207694955E-6
1962-01-22,4.084787381790812E-6
1962-01-23,5.9572850995474824E-5
1962-01-24,4.7991590173317506E-5
1962-01-25,6.179905480912911E-6
1962-01-26,4.0416819198448777E-4
1962-01-27,0.014865882122755145
1962-01-28,0.0028294771047545158
1962-01-29,1.0591929570294253E-4
1962-01-30,1.086884918991769E-4
1962-01-31,4.542370714765364E-5
1962-02-01,3.2602206185919863E-5
1962-02-02,3.652269281754993E-5
1962-02-03,1.9132752586942336E-5
1962-02-04,6.980030840989619E-6
1962-02-05,1.0686428947958395E-5
1962-02-06,4.975304965097321E-5
1962-02-07,0.0020423916463167603
1962-02-08,0.011839674329871597
1962-02-09,0.0010339671454236508
1962-02-10,6.095724148461244E-4
1962-02-11,7.407198855651059E-5
1962-02-12,2.2150845428781267E-4
1962-02-13,1.7502707032617028E-4
1962-02-14,4.393966256653738E-5
1962-02-15,1.65749370310896E-5
1962-02-16,1.1569931461419764E-5
1962-02-17,2.3340369220065363E-5
1962-02-18,3.290991559251865E-5
1962-02-19,1.0903063900218625E-4
1962-02-20,7.688378964926906E-4
1962-02-21,5.111091626211296E-4
1962-02-22,3.6546291082883504E-4
1962-02-23,7.078532218736188E-4
1962-02-24,6.797521815768856E-4
1962-02-25,0.0032814265441147507
1962-02-26,0.00361271041119088
1962-02-27,0.006164577657790098
1962-02-28,6.918397159284288E-4
1962-03-01,2.974545604540352E-5
1962-03-02,6.405708667235485E-5
1962-03-03,1.3288082904224728E-4
1962-03-04,3.852372259245535E-5
1962-03-05,6.374246134923687E-4
1962-03-06,0.0027180733932745723
1962-03-07,4.070463725219936E-4
1962-03-08,5.415182437216119E-5
1962-03-09,2.9761257950443078E-5
1962-03-10,0.0021598793196996855
1962-03-11,4.6624454762244814E-4
1962-03-12,3.5830378963429537E-4
1962-03-13,1.6327809574064973E-5
1962-03-14,6.315160795480009E-7
1962-03-15,3.7411502609050804E-6
1962-03-16,2.595956126019713E-5
1962-03-17,1.8515273645878297E-5
1962-03-18,1.429657296312044E-5
1962-03-19,1.2710342386240653E-5
1962-03-20,9.028994565647763E-5
1962-03-21,5.8293900871131666E-5
1962-03-22,2.195786177181006E-6
1962-03-23,9.913631782696315E-6
1962-03-24,4.594615228210908E-7
1962-03-25,5.679363333992964E-7
1962-03-26,4.5838369999630485E-7
1962-03-27,3.2658942280013134E-7
1962-03-28,1.578656329017583E-5
1962-03-29,3.965461639604757E-6
1962-03-30,9.358099957747621E-7
1962-03-31,1.6539201286012037E-5
1962-04-01,0.0010366223681883462
1962-04-02,0.006335646390493271
1962-04-03,0.0080552874056307
1962-04-04,0.006013428303698174
1962-04-05,0.009350450190108207
1962-04-06,0.024776176147715042
1962-04-07,0.012862449028517117
1962-04-08,0.0065650386031117485
1962-04-09,0.008350232334028013
1962-04-10,0.005779884813610972
1962-04-11,0.0018296716698650518
1962-04-12,2.8314268896782995E-4
1962-04-13,1.595278715878257E-4
1962-04-14,6.234416405116545E-4
1962-04-15,0.004402134257903338
1962-04-16,0.002667675931072477
1962-04-17,0.0030769697372413684
1962-04-18,0.0020473121011778065
1962-04-19,0.005718144451401153
1962-04-20,0.00552249615047217
1962-04-21,0.0022348342986460543
1962-04-22,0.002905708904674581
1962-04-23,3.482082176249675E-4
1962-04-24,1.752334880724366E-4
1962-04-25,6.970812471273313E-4
1962-04-26,0.006429128157137619
1962-04-27,0.011890606038432505
1962-04-28,0.008337947437431131
1962-04-29,0.012435863702107728
1962-04-30,0.018345990756734636
1962-05-01,0.020314608122540743
1962-05-02,0.02547031841740048
1962-05-03,0.016564042504217513
1962-05-04,0.021113683317027458
1962-05-05,0.01606903336593459
1962-05-06,0.005602435430028848
1962-05-07,0.0038718231981316434
1962-05-08,0.006657915637985756
1962-05-09,0.005590193761282151
1962-05-10,0.007321690989161584
1962-05-11,0.006482870581014205
1962-05-12,0.0021099339286315306
1962-05-13,0.0010238239848244634
1962-05-14,9.146308741229226E-4
1962-05-15,0.006588460936508138
1962-05-16,0.01069249725858925
1962-05-17,0.00841425266582497
1962-05-18,0.00796936219336982
1962-05-19,0.007357976333246349
1962-05-20,0.009439281324154655
1962-05-21,0.008289464174498275
1962-05-22,0.004218353225774949
1962-05-23,0.0018045956020058354
1962-05-24,0.004417185444655077
1962-05-25,0.010514197977733883
1962-05-26,0.0190747575476213
1962-05-27,0.023792460019554425
1962-05-28,0.02275465359582001
1962-05-29,0.02709114124580353
1962-05-30,0.043849303038590595
1962-05-31,0.031383082534186875
1962-06-01,0.020088941702242843
1962-06-02,0.005914936914704936
1962-06-03,0.002974836290918495
1962-06-04,0.010706556194129531
1962-06-05,0.017671295164593814
1962-06-06,0.017170972885927054
1962-06-07,0.016187556816206386
1962-06-08,0.025141382036836118
1962-06-09,0.06870398086925507
1962-06-10,0.07119468549598525
1962-06-11,0.04934410709046435
1962-06-12,0.01743046241638241
1962-06-13,0.011229776161007678
1962-06-14,0.01544740167860673
1962-06-15,0.01492436504735782
1962-06-16,0.013800326664725561
1962-06-17,0.01566333599804899
1962-06-18,0.01338184950686796
1962-06-19,0.007499500186410484
1962-06-20,0.01615401129292551
1962-06-21,0.014634281912642221
1962-06-22,0.012368260452861367
1962-06-23,0.012281474460793227
1962-06-24,0.015360972787998145
1962-06-25,0.027485804834081418
1962-06-26,0.04800942226102997
1962-06-27,0.023173889568545623
1962-06-28,0.019561531637810152
1962-06-29,0.014052914920246849
1962-06-30,0.011302459015975779
1962-07-01,0.01117879683877815
1962-07-02,0.009593784051662167
1962-07-03,0.006243572140832874
1962-07-04,0.011824938946158135
1962-07-05,0.007112511288962076
1962-07-06,0.005576372773014525
1962-07-07,0.004977691503599695
1962-07-08,0.005280422146095127
1962-07-09,0.006581320255763911
1962-07-10,0.0040911100513435165
1962-07-11,0.008020346303626621
1962-07-12,0.00824022587283181
1962-07-13,0.007672307082036898
1962-07-14,0.019238231760656685
1962-07-15,0.021951628774790243
1962-07-16,0.020340746724802482
1962-07-17,0.01919102754891995
1962-07-18,0.012017223174460618
1962-07-19,0.002768338188127534
1962-07-20,0.0123082963276868
1962-07-21,0.00902433887242903
1962-07-22,0.00944148788521891
1962-07-23,0.012143100395334025
1962-07-24,0.019006112160419267
1962-07-25,0.013180576401784851
1962-07-26,0.013334587409351919
1962-07-27,0.02118543278134145
1962-07-28,0.018773538702566584
1962-07-29,0.017242588970858494
1962-07-30,0.010557078243314576
1962-07-31,0.006747744505177429
1962-08-01,0.01301340986884639
1962-08-02,0.010545313503956068
1962-08-03,0.02203541359884567
1962-08-04,0.015053303596103457
1962-08-05,0.011260117319581759
1962-08-06,0.01031108561851263
1962-08-07,0.014501007198829201
1962-08-08,0.01589389618744692
1962-08-09,0.01142118383565987
1962-08-10,0.014119346714622002
1962-08-11,0.011773116255092485
1962-08-12,0.016221356110591216
1962-08-13,0.01679465060943842
1962-08-14,0.012140936651378584
1962-08-15,0.010165411539679547
1962-08-16,0.009620261770954819
1962-08-17,0.011155923632988365
1962-08-18,0.026805895823667547
1962-08-19,0.04708151464431175
1962-08-20,0.03031600073893932
1962-08-21,0.0112412184178963
1962-08-22,0.008958894190770656
1962-08-23,0.012866704594902724
1962-08-24,0.013610475392680918
1962-08-25,0.009032115154406122
1962-08-26,0.012366455189853872
1962-08-27,0.014795837172976589
1962-08-28,0.014140941439384937
1962-08-29,0.006943959559719035
1962-08-30,0.006778932220854654
1962-08-31,0.00343677161461085
1962-09-01,0.00620310297373226
1962-09-02,0.01014685314047771
1962-09-03,0.007091287927022951
1962-09-04,0.005384042974993752
1962-09-05,0.00664952167782493
1962-09-06,0.00689717331133039
1962-09-07,0.004967741116929456
1962-09-08,0.002658850240503452
1962-09-09,0.010482957461117841
1962-09-10,0.011916587891352312
1962-09-11,0.00659543607602082
1962-09-12,0.00857868309372181
1962-09-13,0.00877609990718235
1962-09-14,0.006342707424119522
1962-09-15,0.008820014836475532
1962-09-16,0.010267122059318274
1962-09-17,0.006295120874743971
1962-09-18,0.006563050666212139
1962-09-19,0.007586887370361919
1962-09-20,0.005889096639038312
1962-09-21,0.02000346943219927
1962-09-22,0.013378813607701802
1962-09-23,0.006141663507723219
1962-09-24,0.005120245545002355
1962-09-25,0.00404733884767266
1962-09-26,0.004204255702058584
1962-09-27,0.003984294188964185
1962-09-28,0.003065201000316769
1962-09-29,0.006585125892155247
1962-09-30,0.01850899751861844
1962-10-01,0.024590704516741155
1962-10-02,0.015066089734156869
1962-10-03,0.00206514335767417
1962-10-04,0.0017027723846838093
1962-10-05,0.003363924382185389
1962-10-06,0.006144030311767735
1962-10-07,0.0045477896135777095
1962-10-08,2.5187291276741064E-4
1962-10-09,9.5741529336671E-5
1962-10-10,1.0683806794956252E-4
1962-10-11,0.0015610611921088847
1962-10-12,0.006987651677691557
1962-10-13,0.0019929571612207686
1962-10-14,0.0011610197351965138
1962-10-15,0.0027406293673072376
1962-10-16,0.0017952050000254103
1962-10-17,0.00124587352064887
1962-10-18,3.254261352586368E-4
1962-10-19,2.0354601144818626E-4
1962-10-20,5.9572511054655E-4
1962-10-21,8.806311387659874E-4
1962-10-22,0.0012637019512884721
1962-10-23,6.082632669300283E-4
1962-10-24,5.929294059784686E-4
1962-10-25,0.003596797825249552
1962-10-26,0.0042609780270805
1962-10-27,0.0024780974806545915
1962-10-28,0.0061667714438359755
1962-10-29,0.02039454450049152
1962-10-30,0.039752404042969154
1962-10-31,0.0016704870148159321
1962-11-01,2.975552830305757E-4
1962-11-02,1.2277025068720707E-4
1962-11-03,8.513908498973061E-5
1962-11-04,5.764451656302882E-5
1962-11-05,1.4792511150690335E-4
1962-11-06,3.872767167357711E-4
1962-11-07,2.0826223517365325E-4
1962-11-08,1.3923183101077486E-4
1962-11-09,5.808281733384393E-5
1962-11-10,1.1951672592565577E-4
1962-11-11,2.5858815075651846E-4
1962-11-12,4.030940829618567E-4
1962-11-13,2.712054288747084E-4
1962-11-14,1.8175227684578315E-4
1962-11-15,1.8344406712507297E-4
1962-11-16,1.3773289284096363E-4
1962-11-17,1.771326626322582E-4
1962-11-18,2.8140739545837244E-4
1962-11-19,2.4487570789354676E-4
1962-11-20,9.691917311136197E-5
1962-11-21,7.013558293422717E-5
1962-11-22,4.102794060245556E-5
1962-11-23,8.473390316458068E-5
1962-11-24,3.459678470143482E-5
1962-11-25,3.623329306212031E-5
1962-11-26,3.97875947137898E-6
1962-11-27,3.362533923490858E-6
1962-11-28,6.966991640246222E-6
1962-11-29,2.0480573508900665E-5
1962-11-30,3.463432606444615E-5
1962-12-01,4.838347694569087E-5
1962-12-02,2.834294934843654E-4
1962-12-03,2.2109988538775277E-4
1962-12-04,9.907899521693586E-5
1962-12-05,2.8311636216808546E-5
1962-12-06,6.91285619071907E-5
1962-12-07,1.2800123138345556E-4
1962-12-08,1.0217602804183607E-4
1962-12-09,2.0801906996454372E-4
1962-12-10,5.955238537206218E-5
1962-12-11,1.4582280588113224E-4
1962-12-12,3.706561284449481E-4
1962-12-13,1.1273175110793048E-4
1962-12-14,7.472630902719313E-5
1962-12-15,7.134224013501372E-5
1962-12-16,1.5042483297684255E-5
1962-12-17,4.29926424227324E-6
1962-12-18,1.193865387199605E-5
1962-12-19,2.55491055959694E-5
1962-12-20,4.52217327999317E-5
1962-12-21,5.871845006543323E-5
1962-12-22,3.308679429566396E-5
1962-12-23,2.460065059038591E-5
1962-12-24,7.280072364548968E-6
1962-12-25,5.170872847939758E-6
1962-12-26,7.138035986060779E-7
1962-12-27,3.713927587028386E-7
1962-12-28,3.579972911077769E-6
1962-12-29,1.6346837045841147E-5
1962-12-30,2.3488458489614486E-6
1962-12-31,2.1805413745012957E-5
1963-01-01,4.121998805202052E-6
1963-01-02,7.870394931468146E-6
1963-01-03,7.762515690084075E-6
1963-01-04,2.9049670248249457E-6
1963-01-05,1.135271462818576E-6
1963-01-06,1.350917641434727E-6
1963-01-07,3.9120725568119685E-6
1963-01-08,8.435136999355211E-6
1963-01-09,1.6071204989922673E-5
1963-01-10,2.0259570880803452E-5
1963-01-11,1.0571190157651194E-5
1963-01-12,1.502877516107259E-5
1963-01-13,3.833715229257343E-6
1963-01-14,7.45615707110162E-7
1963-01-15,1.3810329888339278E-5
1963-01-16,1.081960710144351E-4
1963-01-17,9.21373554479579E-5
1963-01-18,1.0008753394718556E-5
1963-01-19,2.305631436790015E-6
1963-01-20,6.282026147585321E-7
1963-01-21,1.0242289285608556E-6
1963-01-22,4.4217520848995227E-7
1963-01-23,7.475662788368987E-6
1963-01-24,4.71437058298955E-6
1963-01-25,1.1144265241685073E-5
1963-01-26,5.683193652466879E-5
1963-01-27,1.1314468555748582E-4
1963-01-28,6.124727264636115E-5
1963-01-29,2.875332736067901E-5
1963-01-30,3.7789849294937715E-5
1963-01-31,4.255758018553394E-5
1963-02-01,3.3601233908128604E-6
1963-02-02,4.924379571243853E-6
1963-02-03,1.1065283420411768E-5
1963-02-04,3.0514095482610048E-6
1963-02-05,4.6172128809137304E-7
1963-02-06,4.8796162810048585E-6
1963-02-07,3.605650572782046E-5
1963-02-08,2.462652046591107E-5
1963-02-09,1.378318602575957E-4
1963-02-10,2.2577773418752838E-4
1963-02-11,1.2704374732294013E-4
1963-02-12,1.1176887234262006E-5
1963-02-13,4.844506917440034E-4
1963-02-14,0.0013551689914593496
1963-02-15,1.4031661508861256E-4
1963-02-16,3.765409422981602E-5
1963-02-17,8.632728540203287E-5
1963-02-18,5.8325422120823676E-5
1963-02-19,2.5498152754551184E-5
1963-02-20,5.244006128253396E-7
1963-02-21,1.720681950700964E-6
1963-02-22,1.394238723215345E-5
1963-02-23,9.1093259822222E-5
1963-02-24,2.0218675895985043E-4
1963-02-25,1.5636101665853183E-5
1963-02-26,3.752726259877338E-6
1963-02-27,4.306176694273369E-5
1963-02-28,6.59105937856715E-5
1963-03-01,7.384553546355082E-4
1963-03-02,3.3061655767733134E-4
1963-03-03,2.142713269679637E-5
1963-03-04,6.608628773109207E-6
1963-03-05,1.9939378354737986E-4
1963-03-06,8.855179289172058E-4
1963-03-07,8.153744392900494E-4
1963-03-08,8.750216426803312E-4
1963-03-09,0.0010027830822971436
1963-03-10,0.0053805582439367455
1963-03-11,0.015667249945509536
1963-03-12,0.006283532170678226
1963-03-13,2.1567074525886309E-4
1963-03-14,1.5490196694877754E-5
1963-03-15,4.059805255394825E-6
1963-03-16,1.428394365031068E-6
1963-03-17,2.336942242497845E-4
1963-03-18,9.85860375572687E-4
1963-03-19,3.4038737683273016E-4
1963-03-20,0.0015808712606790348
1963-03-21,5.646879558661423E-4
1963-03-22,3.2673590968596494E-4
1963-03-23,2.2631628034581084E-4
1963-03-24,6.663599298257984E-5
1963-03-25,8.176793421795891E-4
1963-03-26,3.608231599709022E-5
1963-03-27,2.2313500506810863E-6
1963-03-28,6.682736522741711E-6
1963-03-29,1.0575647221901947E-6
1963-03-30,4.3609362340858354E-7
1963-03-31,2.2012975007053805E-6
1963-04-01,7.599802463081789E-5
1963-04-02,0.001542276948576358
1963-04-03,0.00547046070173869
1963-04-04,0.0037451190339621958
1963-04-05,0.0010131898779967697
1963-04-06,0.0026243607291018497
1963-04-07,0.003030464393275931
1963-04-08,0.0032484275197129635
1963-04-09,0.017642808430635613
1963-04-10,0.02023193339487057
1963-04-11,0.002379673866041306
1963-04-12,0.0011648957829251555
1963-04-13,8.522288448083609E-4
1963-04-14,0.007650917120266905
1963-04-15,0.022969449037212694
1963-04-16,0.02892802764633132
1963-04-17,0.027828714367278982
1963-04-18,0.02306414135170796
1963-04-19,0.01596630371655774
1963-04-20,0.008196464247302266
1963-04-21,0.009546238819534526
1963-04-22,0.00859338452838912
1963-04-23,0.002856400535555597
1963-04-24,6.472197493878802E-4
1963-04-25,0.001973101022172769
1963-04-26,0.0045237256712867
1963-04-27,0.0031089582241319706
1963-04-28,0.006911274808157007
1963-04-29,0.01416706541196541
1963-04-30,0.011536579826251739
1963-05-01,0.018596977153629513
1963-05-02,0.018071887253364977
1963-05-03,0.019070244985367184
1963-05-04,0.022146852989183344
1963-05-05,0.015326988078603292
1963-05-06,0.0027950277884783736
1963-05-07,0.011710762786225374
1963-05-08,0.009199755794423727
1963-05-09,0.009457035994655243
1963-05-10,0.00614280121363522
1963-05-11,0.008495137945224484
1963-05-12,0.005155909100798435
1963-05-13,0.008077329187281755
1963-05-14,0.011880260906399797
1963-05-15,0.012448880309212497
1963-05-16,0.009507838180303086
1963-05-17,0.006007275430811748
1963-05-18,0.006081834987319909
1963-05-19,0.006553354539120927
1963-05-20,0.008224300468623928
1963-05-21,0.013376214980178547
1963-05-22,0.014314843259513618
1963-05-23,0.0132783138173823
1963-05-24,0.012722564158790889
1963-05-25,0.008701667756333884
1963-05-26,0.00398615639103253
1963-05-27,0.010651697902697254
1963-05-28,0.029454490701926826
1963-05-29,0.03618280539583491
1963-05-30,0.01617447123083187
1963-05-31,0.005427068491325645
1963-06-01,0.005436636013120067
1963-06-02,0.006466097213362295
1963-06-03,0.008021264121917676
1963-06-04,0.007533057870189121
1963-06-05,0.014495344765494569
1963-06-06,0.030089329977369093
1963-06-07,0.07002397394576976
1963-06-08,0.048903963632674324
1963-06-09,0.04197289090979647
1963-06-10,0.05113802542721632
1963-06-11,0.028050553019280132
1963-06-12,0.01849073530627486
1963-06-13,0.020919209737162946
1963-06-14,0.011146068381773228
1963-06-15,0.015456546827940707
1963-06-16,0.015149361399761812
1963-06-17,0.0212061006413411
1963-06-18,0.03161554152235646
1963-06-19,0.0510511954473216
1963-06-20,0.03224493752323902
1963-06-21,0.01582386155294581
1963-06-22,0.003517789422830347
1963-06-23,0.004195198562459973
1963-06-24,0.007072685482362599
1963-06-25,0.010927878763468919
1963-06-26,0.009670412480377328
1963-06-27,0.01406185853299215
1963-06-28,0.012379600955625842
1963-06-29,0.013487064050980614
1963-06-30,0.012508607855857367
1963-07-01,0.014191661988019352
1963-07-02,0.011785480130816761
1963-07-03,0.012789366494977647
1963-07-04,0.007847055080310144
1963-07-05,0.012550659746431646
1963-07-06,0.014713539394600536
1963-07-07,0.021066774242287416
1963-07-08,0.029330120939055633
1963-07-09,0.023065271025253624
1963-07-10,0.024565916171506243
1963-07-11,0.02801714905648768
1963-07-12,0.038240568822755935
1963-07-13,0.028601156223204468
1963-07-14,0.013218527473212694
1963-07-15,0.00916198045843419
1963-07-16,0.002797001828017387
1963-07-17,0.005492709612211629
1963-07-18,0.010468600559802924
1963-07-19,0.019128943890813
1963-07-20,0.028932562940973083
1963-07-21,0.02223721676521006
1963-07-22,0.009022255259296995
1963-07-23,0.012889443930352228
1963-07-24,0.017462685936319975
1963-07-25,0.019045844297315494
1963-07-26,0.0133460406483151
1963-07-27,0.007360739120664666
1963-07-28,0.0195311931725524
1963-07-29,0.027864988435254427
1963-07-30,0.013540188992197293
1963-07-31,0.010117597796682727
1963-08-01,0.012356424166223968
1963-08-02,0.010754169208127138
1963-08-03,0.011494927315443602
1963-08-04,0.017120952696631116
1963-08-05,0.010698513303847705
1963-08-06,0.009564695539305338
1963-08-07,0.010753027765489491
1963-08-08,0.011743458741185656
1963-08-09,0.013228257915171269
1963-08-10,0.018555348363642536
1963-08-11,0.016495624012111014
1963-08-12,0.01476431884407903
1963-08-13,0.00927116048680582
1963-08-14,0.009004251363932896
1963-08-15,0.008970266651739852
1963-08-16,0.009027866411124897
1963-08-17,0.007442058955890486
1963-08-18,0.011495480883637653
1963-08-19,0.015966219527230235
1963-08-20,0.014686457809765043
1963-08-21,0.010442461376048102
1963-08-22,0.010393950839856453
1963-08-23,0.012960294096694226
1963-08-24,0.012048578058016316
1963-08-25,0.015121141849506619
1963-08-26,0.014577178138991927
1963-08-27,0.009818601162214934
1963-08-28,0.010380699177707642
1963-08-29,0.007320781461193747
1963-08-30,0.00596637203780348
1963-08-31,0.007667234177023867
1963-09-01,0.017889664045327335
1963-09-02,0.021424980230934036
1963-09-03,0.012331565562883439
1963-09-04,0.005320779574863896
1963-09-05,0.001679766770835378
1963-09-06,0.0013270191293099285
1963-09-07,0.001976267238988823
1963-09-08,0.0016041021012391868
1963-09-09,0.002633767187056684
1963-09-10,0.007056793777657962
1963-09-11,0.006955708831184844
1963-09-12,0.011615021022660862
1963-09-13,0.015897750695986874
1963-09-14,0.013344915123358784
1963-09-15,0.007307868738313737
1963-09-16,0.008991059666155193
1963-09-17,0.009085996061935959
1963-09-18,0.004510769891801751
1963-09-19,0.008456244686259363
1963-09-20,0.005767081622519975
1963-09-21,0.0016161623112918402
1963-09-22,0.001269886840577742
1963-09-23,0.0011019921991178782
1963-09-24,0.0012838710893254958
1963-09-25,0.009290566693169576
1963-09-26,0.018592551706696107
1963-09-27,0.015740915352636612
1963-09-28,0.02052326398004957
1963-09-29,0.01637949802139592
1963-09-30,0.009889884012041977
1963-10-01,0.005215899585588951
1963-10-02,0.008501955635682741
1963-10-03,0.005537668443389734
1963-10-04,0.006594174114667505
1963-10-05,0.009431623795866028
1963-10-06,0.015037430624267848
1963-10-07,0.02654468911493112
1963-10-08,0.01623266504256488
1963-10-09,0.0017990941030066802
1963-10-10,0.0039655156261795685
1963-10-11,0.002703729587782084
1963-10-12,0.002849816683695704
1963-10-13,0.008029414058560466
1963-10-14,0.004593104989927191
1963-10-15,0.0018612330038069924
1963-10-16,7.333574373535384E-4
1963-10-17,9.892580700886558E-4
1963-10-18,9.540953517302123E-4
1963-10-19,8.335361754329678E-4
1963-10-20,8.119083710268099E-4
1963-10-21,5.506302486104314E-4
1963-10-22,5.708834644844312E-4
1963-10-23,0.010821023497610568
1963-10-24,0.05167883351133021
1963-10-25,0.050195107124373056
1963-10-26,0.011852179150089398
1963-10-27,0.0022872633594136008
1963-10-28,7.465179586901485E-4
1963-10-29,0.004137693102741127
1963-10-30,0.004389179145542697
1963-10-31,0.00362231067399958
1963-11-01,0.0033955268057229335
1963-11-02,0.0041561273291757725
1963-11-03,0.005072019036836703
1963-11-04,0.0022545830456862557
1963-11-05,7.270443495659984E-4
1963-11-06,1.921946323534367E-4
1963-11-07,1.8068928966425567E-5
1963-11-08,9.651451070884773E-5
1963-11-09,4.917166499185987E-5
1963-11-10,1.2035552663830719E-4
1963-11-11,6.080803364907555E-4
1963-11-12,9.4699491975338E-4
1963-11-13,5.829581661506537E-4
1963-11-14,6.735421678245136E-5
1963-11-15,4.098099151424045E-4
1963-11-16,3.483025161615215E-4
1963-11-17,3.322650961289632E-4
1963-11-18,1.611705660500349E-4
1963-11-19,4.262079997862439E-5
1963-11-20,1.6595251654460013E-5
1963-11-21,4.197419152238376E-5
1963-11-22,1.8888684472730065E-4
1963-11-23,0.0011798177942831567
1963-11-24,3.0858164777849094E-4
1963-11-25,1.5548807479757715E-5
1963-11-26,1.7262697618848365E-5
1963-11-27,3.670746314458947E-5
1963-11-28,1.7242996502274746E-4
1963-11-29,1.7211915339274597E-4
1963-11-30,2.508475437662041E-4
1963-12-01,7.828580290599632E-4
1963-12-02,1.8467971088540513E-4
1963-12-03,3.3152726209515866E-5
1963-12-04,1.0333975322725988E-4
1963-12-05,1.7286357727163519E-4
1963-12-06,2.431095724607875E-5
1963-12-07,4.8191298254102286E-4
1963-12-08,8.077722342654571E-4
1963-12-09,7.089158902269214E-5
1963-12-10,4.75472658387005E-5
1963-12-11,3.2624412509659715E-4
1963-12-12,4.2183986354581496E-4
1963-12-13,5.678922950142706E-4
1963-12-14,5.156796411641693E-4
1963-12-15,5.247884455779682E-4
1963-12-16,2.056803220044273E-4
1963-12-17,1.616201021057283E-4
1963-12-18,1.587673280515444E-5
1963-12-19,6.220555527569645E-6
1963-12-20,2.9082399813714875E-6
1963-12-21,1.5109757953603388E-5
1963-12-22,2.0803573441541745E-4
1963-12-23,1.8688422434276494E-4
1963-12-24,6.141921449313967E-5
1963-12-25,1.2163653305509736E-5
1963-12-26,5.9722741090086215E-6
1963-12-27,2.383914089351792E-6
1963-12-28,3.6785801639228464E-7
1963-12-29,1.5300824064163164E-4
1963-12-30,6.573261966995085E-4
1963-12-31,5.424131975933489E-4
1964-01-01,3.446964257115406E-4
1964-01-02,9.102102982192705E-5
1964-01-03,2.5254046831296903E-5
1964-01-04,2.4578855763704543E-5
1964-01-05,1.0205393023301026E-5
1964-01-06,1.867317220217888E-5
1964-01-07,1.7732176403221491E-6
1964-01-08,4.008840392525303E-6
1964-01-09,5.24764634908889E-6
1964-01-10,3.4352999575530677E-5
1964-01-11,2.9815180905509433E-5
1964-01-12,5.297784966434181E-4
1964-01-13,3.408108346304461E-4
1964-01-14,9.592326048184413E-5
1964-01-15,3.0339718494334613E-4
1964-01-16,9.988752071081166E-5
1964-01-17,1.957149601908416E-5
1964-01-18,1.0290057840275543E-5
1964-01-19,2.85712517764854E-6
1964-01-20,2.7722021956698937E-6
1964-01-21,2.9330872972262836E-5
1964-01-22,0.0010431747103781927
1964-01-23,8.156735013946759E-4
1964-01-24,1.6888457668590875E-4
1964-01-25,4.805483402609205E-4
1964-01-26,2.1115085085169556E-4
1964-01-27,2.178292284025893E-6
1964-01-28,1.7151387973830642E-6
1964-01-29,1.9371165073138375E-6
1964-01-30,2.156175211315709E-6
1964-01-31,1.2863000559587915E-6
1964-02-01,9.607896274742328E-5
1964-02-02,1.0874788736884925E-5
1964-02-03,9.909100505313307E-6
1964-02-04,9.58873080358751E-4
1964-02-05,7.709452023762622E-6
1964-02-06,4.2308961334240215E-5
1964-02-07,9.587486937199126E-4
1964-02-08,1.5623142988272236E-4
1964-02-09,2.4852281786678214E-6
1964-02-10,4.27545223458002E-5
1964-02-11,3.6422097574732424E-5
1964-02-12,2.7046629026270035E-6
1964-02-13,2.133665515138933E-6
1964-02-14,2.5712011722359983E-6
1964-02-15,2.5734502505957773E-6
1964-02-16,2.2184981198585696E-6
1964-02-17,1.415293736593542E-5
1964-02-18,5.796064448167669E-6
1964-02-19,1.0952604363167872E-5
1964-02-20,2.6776388732226912E-5
1964-02-21,1.4839984938728599E-5
1964-02-22,0.0015058115404649238
1964-02-23,0.005176579096547868
1964-02-24,0.008980615620446185
1964-02-25,0.0015396528409725193
1964-02-26,2.566303786642291E-4
1964-02-27,2.754230951714512E-4
1964-02-28,1.6731531096682544E-4
1964-02-29,3.1949516454848176E-4
1964-03-01,4.4806132730864495E-4
1964-03-02,7.328334324280313E-4
1964-03-03,3.854857307876785E-4
1964-03-04,0.0035431086354446124
1964-03-05,0.0011882734823945996
1964-03-06,1.5872634118377192E-4
1964-03-07,8.633551223814156E-6
1964-03-08,2.0205373148006777E-5
1964-03-09,7.174579497149961E-7
1964-03-10,1.7278271116083488E-6
1964-03-11,0.0
1964-03-12,2.2203183583726746E-6
1964-03-13,2.0004926654785755E-5
1964-03-14,1.2872181332769408E-4
1964-03-15,1.5283844900838118E-4
1964-03-16,9.244141410573105E-5
1964-03-17,0.0038877814569788787
1964-03-18,0.005306563950860551
1964-03-19,0.004131910183951513
1964-03-20,0.007664608210538566
1964-03-21,0.004504049023860697
1964-03-22,0.0020369028183034087
1964-03-23,2.5199182179660534E-4
1964-03-24,7.377627325572196E-5
1964-03-25,1.3211387837160806E-4
1964-03-26,5.9045464864593E-4
1964-03-27,0.001184252247391581
1964-03-28,0.0016199203902710231
1964-03-29,9.893231816300936E-4
1964-03-30,4.4479766774714103E-4
1964-03-31,9.370050643761365E-4
1964-04-01,0.009627648442998597
1964-04-02,0.01125245299209468
1964-04-03,0.014436112878899957
1964-04-04,0.018818263692387437
1964-04-05,0.00785815478552763
1964-04-06,0.0028695641939980553
1964-04-07,0.004303639413243848
1964-04-08,0.0029944871946068316
1964-04-09,0.0034777056260118185
1964-04-10,0.0031651688812596728
1964-04-11,0.008482198674464628
1964-04-12,0.018401089443452954
1964-04-13,0.018351688471859594
1964-04-14,0.017679957628315455
1964-04-15,0.02347324890475516
1964-04-16,0.028334838560711798
1964-04-17,0.02006313043435249
1964-04-18,0.013057417686632935
1964-04-19,0.003868807925821251
1964-04-20,0.0028587191873626332
1964-04-21,0.0038067666085690273
1964-04-22,0.00466976610221759
1964-04-23,0.008629941054674354
1964-04-24,0.003299969099451651
1964-04-25,0.002303335026603374
1964-04-26,0.00640339501573023
1964-04-27,0.006078212399402487
1964-04-28,0.0028785067602821266
1964-04-29,0.006868224026314972
1964-04-30,0.01254472085645246
1964-05-01,0.03374902177967642
1964-05-02,0.020651697201942956
1964-05-03,0.022521180854825684
1964-05-04,0.034780330313124934
1964-05-05,0.03340565690645443
1964-05-06,0.018886394231062375
1964-05-07,0.015439254442447384
1964-05-08,0.00679221165210138
1964-05-09,0.007874497066230618
1964-05-10,0.018347911485075176
1964-05-11,0.007272304884331974
1964-05-12,0.006089492875192901
1964-05-13,0.004261690085802506
1964-05-14,0.004529425110294052
1964-05-15,0.006069753954559473
1964-05-16,0.006872111868094233
1964-05-17,0.008112954596520852
1964-05-18,0.017255742929311545
1964-05-19,0.021400322264427177
1964-05-20,0.007719489021573891
1964-05-21,0.008247209111671414
1964-05-22,0.003729864379153604
1964-05-23,0.0032947637379839145
1964-05-24,0.0038908507687846496
1964-05-25,0.0017782768459357673
1964-05-26,3.517807495158141E-4
1964-05-27,8.280783704475306E-5
1964-05-28,1.9145730346518787E-4
1964-05-29,0.0017129022227888382
1964-05-30,0.006540546544162512
1964-05-31,0.005427580325343936
1964-06-01,0.010158630995011231
1964-06-02,0.011363974881614478
1964-06-03,0.016729350606713652
1964-06-04,0.02048687529922809
1964-06-05,0.009213321199731409
1964-06-06,0.009118951643017025
1964-06-07,0.006949959682518491
1964-06-08,0.005567177709600219
1964-06-09,0.006802614236984123
1964-06-10,0.00910391773221645
1964-06-11,0.016319585075391715
1964-06-12,0.017278111014841637
1964-06-13,0.03352352593878832
1964-06-14,0.031709068181052576
1964-06-15,0.034337871439426404
1964-06-16,0.028697753786026268
1964-06-17,0.02340020617433439
1964-06-18,0.020043897615300437
1964-06-19,0.015626794171940604
1964-06-20,0.012480511871650677
1964-06-21,0.011676354910888892
1964-06-22,0.015076670598139273
1964-06-23,0.01025371242142212
1964-06-24,0.00862736468056487
1964-06-25,0.017007087463150293
1964-06-26,0.01408214154569294
1964-06-27,0.011729176154481666
1964-06-28,0.016568851561681874
1964-06-29,0.022958943884778416
1964-06-30,0.011827484400264994
1964-07-01,0.011648593741176128
1964-07-02,0.010575979346524399
1964-07-03,0.007936401718403796
1964-07-04,0.015776208446506443
1964-07-05,0.023006077344919013
1964-07-06,0.0201965021526796
1964-07-07,0.023854456539801016
1964-07-08,0.017856649282087248
1964-07-09,0.015502556460938259
1964-07-10,0.0292594861542961
1964-07-11,0.012444091106313107
1964-07-12,0.011870929817229377
1964-07-13,0.015072747489984738
1964-07-14,0.02311593802796848
1964-07-15,0.025371746440207787
1964-07-16,0.028298650419816086
1964-07-17,0.03425066342959545
1964-07-18,0.01467373554623628
1964-07-19,0.006892034465031649
1964-07-20,0.007040031684592973
1964-07-21,0.007459078152870701
1964-07-22,0.015406555736398845
1964-07-23,0.024928378009652884
1964-07-24,0.01808654018703348
1964-07-25,0.01249312306393116
1964-07-26,0.011428437424068618
1964-07-27,0.019314671774574858
1964-07-28,0.030287673036278565
1964-07-29,0.04489243195592164
1964-07-30,0.04229820538558851
1964-07-31,0.027982329995084522
1964-08-01,0.01764037486415967
1964-08-02,0.01956900653317432
1964-08-03,0.013689235074561802
1964-08-04,0.009625110019746893
1964-08-05,0.012162894691619809
1964-08-06,0.00796546853408652
1964-08-07,0.006551230270434054
1964-08-08,0.0062718376865469865
1964-08-09,0.011140496845948547
1964-08-10,0.011022371679894187
1964-08-11,0.010536522900039291
1964-08-12,0.0070432933607211335
1964-08-13,0.011758423363757922
1964-08-14,0.010263716239214838
1964-08-15,0.012133566444739775
1964-08-16,0.005677873519623309
1964-08-17,0.00626123330253391
1964-08-18,0.0069462852418781034
1964-08-19,0.01743953180392087
1964-08-20,0.02271292101385976
1964-08-21,0.014309408943461827
1964-08-22,0.016649808917205897
1964-08-23,0.022336105807993535
1964-08-24,0.010672828079300851
1964-08-25,0.00697062513388229
1964-08-26,0.020232690881926245
1964-08-27,0.012521980144932212
1964-08-28,0.002315013784851122
1964-08-29,0.005552803077946216
1964-08-30,0.0076686093553818046
1964-08-31,0.009637876142213665
1964-09-01,0.013759476145866645
1964-09-02,0.020013829967911498
1964-09-03,0.014124854872094582
1964-09-04,0.01568860743634418
1964-09-05,0.014573975146878209
1964-09-06,0.014085582751043026
1964-09-07,0.014599991234663618
1964-09-08,0.017620591472690017
1964-09-09,0.015464200640488826
1964-09-10,0.006361810586247622
1964-09-11,0.008124689710038442
1964-09-12,0.007429450932079339
1964-09-13,0.009463127892173793
1964-09-14,0.013710823496631018
1964-09-15,0.008779606835838075
1964-09-16,0.0073911382830747175
1964-09-17,0.014907221083136609
1964-09-18,0.014512221928447156
1964-09-19,0.01402048402062825
1964-09-20,0.018639236197084325
1964-09-21,0.013814337335218104
1964-09-22,0.010844161458277624
1964-09-23,0.009112161181000913
1964-09-24,0.010301106339848884
1964-09-25,0.003947077008918685
1964-09-26,0.007818439145787004
1964-09-27,0.003826177773232276
1964-09-28,0.008506887698332483
1964-09-29,0.008311310938774172
1964-09-30,0.00913161594216088
1964-10-01,0.004238986314015899
1964-10-02,0.0011811461140910514
1964-10-03,0.011502871976215709
1964-10-04,0.022077788429132626
1964-10-05,0.03985821839651085
1964-10-06,0.05951754307393399
1964-10-07,0.02658087553706311
1964-10-08,0.010887084269722283
1964-10-09,0.013199685658509075
1964-10-10,0.014770227079476592
1964-10-11,0.01159783265722774
1964-10-12,0.004552629657429542
1964-10-13,0.0018189560781065566
1964-10-14,0.001594123340818623
1964-10-15,0.001986252719404838
1964-10-16,0.003041772411684684
1964-10-17,0.004232716388348403
1964-10-18,0.013257016973912279
1964-10-19,0.018883156038543465
1964-10-20,0.016083982184395884
1964-10-21,0.006945216342520027
1964-10-22,0.007423621912571889
1964-10-23,0.001271099894603085
1964-10-24,2.324487661398415E-4
1964-10-25,0.004593696427699658
1964-10-26,0.012504820533884456
1964-10-27,0.008235809317365776
1964-10-28,0.0015966672574077956
1964-10-29,6.757884209561345E-4
1964-10-30,3.9993942411832714E-4
1964-10-31,1.9033287033783905E-4
1964-11-01,3.513405050303569E-4
1964-11-02,5.963128141037449E-4
1964-11-03,6.338757221607053E-4
1964-11-04,3.7440185500550434E-4
1964-11-05,1.7602747021576188E-4
1964-11-06,2.867540287450903E-4
1964-11-07,1.6322959895442578E-4
1964-11-08,6.2368864260253E-5
1964-11-09,6.839555439134147E-5
1964-11-10,9.651347046291093E-5
1964-11-11,1.135151117037722E-4
1964-11-12,2.0631576926339316E-4
1964-11-13,6.353434346588851E-4
1964-11-14,0.0012300600638964461
1964-11-15,0.007655431998479617
1964-11-16,0.009916274899093983
1964-11-17,5.656803126777056E-4
1964-11-18,7.403211368892057E-5
1964-11-19,0.0029805340577252625
1964-11-20,0.0023946266119247283
1964-11-21,3.735373287029184E-4
1964-11-22,4.143912162261841E-4
1964-11-23,9.06960262757989E-4
1964-11-24,0.0020663447766095565
1964-11-25,0.002185104349621132
1964-11-26,0.004577161305539776
1964-11-27,0.001126496103100944
1964-11-28,8.44892628268332E-4
1964-11-29,4.7603500896214036E-4
1964-11-30,1.5939971469425902E-4
1964-12-01,5.836405555079447E-5
1964-12-02,1.3800627186418577E-5
1964-12-03,9.829176893870229E-5
1964-12-04,5.057286464993156E-4
1964-12-05,6.248545424580809E-4
1964-12-06,5.349627454225341E-4
1964-12-07,3.4021812125016056E-4
1964-12-08,7.227897189713443E-5
1964-12-09,1.3539767888372058E-5
1964-12-10,2.9686896770196768E-6
1964-12-11,5.576104855168136E-6
1964-12-12,9.915736430836225E-6
1964-12-13,5.668650026677967E-5
1964-12-14,2.4119282062986307E-4
1964-12-15,8.720882582303778E-5
1964-12-16,2.665839409420643E-5
1964-12-17,2.2930210334640354E-6
1964-12-18,3.5156601130127485E-7
1964-12-19,1.881683135110372E-5
1964-12-20,5.568034927361088E-6
1964-12-21,5.67911950078325E-5
1964-12-22,1.1432837036621933E-5
1964-12-23,5.4935389971623104E-5
1964-12-24,2.301637110957603E-4
1964-12-25,1.7371606539517826E-4
1964-12-26,9.446802185813688E-6
1964-12-27,1.68137246574488E-6
1964-12-28,8.855348856204116E-7
1964-12-29,2.5948812640014956E-6
1964-12-30,6.0974331044252E-6
1964-12-31,8.119321599708923E-6
1965-01-01,6.433693623508165E-6
1965-01-02,3.4435706592134933E-6
1965-01-03,6.402162992207782E-6
1965-01-04,1.9212872442241913E-5
1965-01-05,1.418101886676389E-4
1965-01-06,1.736807388769544E-4
1965-01-07,2.6375615355440066E-5
1965-01-08,1.0937402852516075E-5
1965-01-09,2.217544029121928E-6
1965-01-10,4.117323859588527E-6
1965-01-11,1.7286074804528416E-5
1965-01-12,7.709311047829947E-5
1965-01-13,2.996667321826053E-4
1965-01-14,3.174357499899629E-4
1965-01-15,2.1521090001511448E-5
1965-01-16,6.39231577606423E-6
1965-01-17,4.820952474419007E-5
1965-01-18,7.97017407074489E-5
1965-01-19,7.88494254074761E-5
1965-01-20,6.48074288346978E-5
1965-01-21,2.7212221020540535E-4
1965-01-22,3.353402840276935E-5
1965-01-23,2.1096767434188073E-6
1965-01-24,5.050662348289023E-6
1965-01-25,2.348456718862405E-6
1965-01-26,3.6470058796115574E-8
1965-01-27,8.343152800338515E-7
1965-01-28,6.047500613426306E-6
1965-01-29,1.8694255523002936E-8
1965-01-30,1.439081020469367E-6
1965-01-31,1.4358039071774396E-6
1965-02-01,7.700164303396163E-6
1965-02-02,7.308747843305843E-5
1965-02-03,3.3148647129128977E-4
1965-02-04,0.0019658403887301257
1965-02-05,0.007488195760532463
1965-02-06,0.013318712976416321
1965-02-07,0.013742893599720713
1965-02-08,6.492222096283236E-4
1965-02-09,1.9887915966803092E-4
1965-02-10,9.884735696059365E-5
1965-02-11,2.5617307851552333E-6
1965-02-12,3.108409825524897E-6
1965-02-13,8.813821683775529E-7
1965-02-14,4.5084830100642725E-7
1965-02-15,3.843107776116105E-5
1965-02-16,9.120200499491986E-6
1965-02-17,8.783662929248216E-6
1965-02-18,1.2066311931373834E-5
1965-02-19,0.002070675592858843
1965-02-20,0.0024433454559644437
1965-02-21,2.4554187300142966E-4
1965-02-22,1.625577632000884E-5
1965-02-23,2.9918116991613844E-6
1965-02-24,1.8862449799991531E-6
1965-02-25,2.1513405549947097E-6
1965-02-26,3.7113381376634137E-6
1965-02-27,9.149210408540102E-6
1965-02-28,1.5226810989634609E-5
1965-03-01,8.635888874318084E-6
1965-03-02,2.491150775267805E-4
1965-03-03,0.0067573868248651334
1965-03-04,0.0010586267679182904
1965-03-05,1.5061958286655081E-5
1965-03-06,3.3419036422722453E-6
1965-03-07,2.2384927179078393E-6
1965-03-08,1.6914508458988414E-4
1965-03-09,1.286265093361255E-4
1965-03-10,3.5510914118292178E-6
1965-03-11,4.490713454286878E-7
1965-03-12,5.48501067085538E-7
1965-03-13,8.576933562715123E-7
1965-03-14,4.954211301414827E-6
1965-03-15,5.109630461582659E-5
1965-03-16,4.798743557522467E-5
1965-03-17,3.228713680279E-5
1965-03-18,2.600752508628235E-6
1965-03-19,1.403088768528032E-4
1965-03-20,2.2226819914404709E-4
1965-03-21,0.0011350843468601515
1965-03-22,6.629037096244755E-4
1965-03-23,0.01373230950444168
1965-03-24,0.008310391575578394
1965-03-25,8.922040341510045E-4
1965-03-26,0.0020005637954052537
1965-03-27,0.00824056271167333
1965-03-28,0.012822893209043356
1965-03-29,0.0029323382497098817
1965-03-30,0.005604807932144272
1965-03-31,0.0015192949218872098
1965-04-01,0.003940282100402043
1965-04-02,0.010976460730506352
1965-04-03,0.0062807833570534275
1965-04-04,2.8871278938408793E-4
1965-04-05,4.6201127487411215E-4
1965-04-06,2.108388194065564E-4
1965-04-07,0.002095522977339052
1965-04-08,0.0039487194424588255
1965-04-09,0.009943938018252824
1965-04-10,0.006819638679267913
1965-04-11,9.479896602765275E-4
1965-04-12,0.0032995836356206655
1965-04-13,0.010603152639560541
1965-04-14,0.004089017970989876
1965-04-15,0.003158736461414608
1965-04-16,0.003561818497622277
1965-04-17,0.0035053003801137797
1965-04-18,0.0015169323845521838
1965-04-19,0.004112999569692298
1965-04-20,0.005195064252949926
1965-04-21,6.620007990026547E-4
1965-04-22,0.0014544021570491014
1965-04-23,9.075833366259803E-4
1965-04-24,0.0018706087318171676
1965-04-25,0.002262678700782998
1965-04-26,0.0010620251991816188
1965-04-27,0.0023025186879823117
1965-04-28,9.545159382550845E-4
1965-04-29,2.6308619695120897E-4
1965-04-30,2.9814318400221744E-4
1965-05-01,2.60910661936026E-4
1965-05-02,0.00500543632750722
1965-05-03,0.018685162592788573
1965-05-04,0.02604771687918854
1965-05-05,0.015983590467229924
1965-05-06,0.013924366801561958
1965-05-07,0.01068205672105404
1965-05-08,0.00726162176870984
1965-05-09,0.0014823506645965168
1965-05-10,0.008321011494426562
1965-05-11,0.031129478266836836
1965-05-12,0.03319104257287892
1965-05-13,0.003214448682514036
1965-05-14,0.0030248745171761304
1965-05-15,0.00219678576676082
1965-05-16,0.003192460885613277
1965-05-17,0.004652311160148576
1965-05-18,0.008031520721636994
1965-05-19,0.011205431740261894
1965-05-20,0.015174778523549821
1965-05-21,0.013119063721332832
1965-05-22,0.006232533878444253
1965-05-23,0.007366263778509375
1965-05-24,0.005311185414772473
1965-05-25,0.005034760597633054
1965-05-26,0.004065329205522926
1965-05-27,0.004623917361892233
1965-05-28,0.007474941413937011
1965-05-29,0.011024111219033248
1965-05-30,0.010780012454865992
1965-05-31,0.017643963331462325
1965-06-01,0.05015872405996961
1965-06-02,0.027011687181018967
1965-06-03,0.016812829074487407
1965-06-04,0.018386571826467187
1965-06-05,0.012398182296338723
1965-06-06,0.006636020056936809
1965-06-07,0.0030704939235977917
1965-06-08,0.0032583215767840743
1965-06-09,0.0016801877593853065
1965-06-10,6.634822808676437E-4
1965-06-11,0.0030670916568822076
1965-06-12,0.006199589624156076
1965-06-13,0.011491949487001607
1965-06-14,0.03440239749450124
1965-06-15,0.04962791338966108
1965-06-16,0.0536791777149954
1965-06-17,0.053539735079934245
1965-06-18,0.04305567980201595
1965-06-19,0.024535446301754252
1965-06-20,0.022772382374340802
1965-06-21,0.02377578556921444
1965-06-22,0.032575437764698914
1965-06-23,0.021536654153796988
1965-06-24,0.01597026796576499
1965-06-25,0.008080809054909037
1965-06-26,0.01986361863946078
1965-06-27,0.014954277452939278
1965-06-28,0.013457937917915039
1965-06-29,0.029021469848190207
1965-06-30,0.047508144374048475
1965-07-01,0.03876418972365801
1965-07-02,0.01501317250879068
1965-07-03,0.005580427919776483
1965-07-04,0.006376558484944785
1965-07-05,0.009793628802584482
1965-07-06,0.025423731809763265
1965-07-07,0.02956488030063892
1965-07-08,0.04037188332404799
1965-07-09,0.049185542268385556
1965-07-10,0.020285460640589042
1965-07-11,0.0068540234663482125
1965-07-12,0.007393010867558333
1965-07-13,0.0029528361737943425
1965-07-14,0.006616303622555005
1965-07-15,0.0070984077363034056
1965-07-16,0.005681698706458621
1965-07-17,0.011007908195443703
1965-07-18,0.013796558869393582
1965-07-19,0.014148118435654597
1965-07-20,0.007790531675670672
1965-07-21,0.007075023784079421
1965-07-22,0.006736130748188503
1965-07-23,0.012392967367432305
1965-07-24,0.02019776189273699
1965-07-25,0.01117149934060129
1965-07-26,0.013685749387992966
1965-07-27,0.011320859611960544
1965-07-28,0.037499681831630674
1965-07-29,0.03049638120637582
1965-07-30,0.01846838256533768
1965-07-31,0.015348317492846876
1965-08-01,0.016389320159629028
1965-08-02,0.01029898782872776
1965-08-03,0.014335678375148863
1965-08-04,0.010116380412799171
1965-08-05,0.01743274165233482
1965-08-06,0.017999817288263685
1965-08-07,0.014773616471519799
1965-08-08,0.009580033135062657
1965-08-09,0.011610543936251069
1965-08-10,0.018747436661149853
1965-08-11,0.02210811187540663
1965-08-12,0.017168015477997484
1965-08-13,0.018631422688486977
1965-08-14,0.017775454611748533
1965-08-15,0.02251208459533246
1965-08-16,0.027780586944778078
1965-08-17,0.0106723966582714
1965-08-18,0.0064213771874883155
1965-08-19,0.009156858099350814
1965-08-20,0.007534373320785241
1965-08-21,0.011777630789814267
1965-08-22,0.015430697145963073
1965-08-23,0.024878950233230796
1965-08-24,0.02358012018968371
1965-08-25,0.02386082579535191
1965-08-26,0.022418289080180363
1965-08-27,0.01735363403954212
1965-08-28,0.012197322703182998
1965-08-29,0.005105740768260109
1965-08-30,0.0045036262187388805
1965-08-31,0.0055393515374811755
1965-09-01,0.0038881769963799023
1965-09-02,0.001664954902390841
1965-09-03,0.0017146977275462408
1965-09-04,0.01320604840001104
1965-09-05,0.01492743734607121
1965-09-06,0.007076565529389085
1965-09-07,0.01003421716155184
1965-09-08,0.012418086996122018
1965-09-09,0.01249269734159169
1965-09-10,0.008062651570138272
1965-09-11,0.011673631988241957
1965-09-12,0.009826511837973851
1965-09-13,0.007057167181859032
1965-09-14,0.00529926300270812
1965-09-15,0.005077178155078012
1965-09-16,0.0060846069761263735
1965-09-17,0.01005525619949204
1965-09-18,0.017232857525770324
1965-09-19,0.01514360470056006
1965-09-20,0.016045232561139485
1965-09-21,0.01022000398214444
1965-09-22,0.005688369493842028
1965-09-23,0.0056882425510087434
1965-09-24,0.011174391089173775
1965-09-25,0.013291441574734785
1965-09-26,0.017691596911838532
1965-09-27,0.011490550077436193
1965-09-28,0.007189495896785417
1965-09-29,0.004058555399864619
1965-09-30,0.004968650592921311
1965-10-01,0.005613853493323222
1965-10-02,0.0034474307343961732
1965-10-03,0.0016463210917060551
1965-10-04,0.004146801457214835
1965-10-05,0.0059996269346481255
1965-10-06,0.006389841956058649
1965-10-07,0.009808000262135604
1965-10-08,0.004505873374341993
1965-10-09,0.0034061223375004912
1965-10-10,0.002254079105143533
1965-10-11,9.80212251288119E-4
1965-10-12,0.0011400667624887134
1965-10-13,0.001679361848270107
1965-10-14,0.0010603207722992517
1965-10-15,0.0018593041899325321
1965-10-16,6.718123115616772E-4
1965-10-17,3.53044244983803E-4
1965-10-18,0.002255483124671293
1965-10-19,0.005671160636432024
1965-10-20,0.012448602984902734
1965-10-21,0.027582142280233278
1965-10-22,0.042966704737606436
1965-10-23,0.012048940097396162
1965-10-24,0.0012266837618730745
1965-10-25,3.005456590037325E-4
1965-10-26,0.001386264904192551
1965-10-27,4.1867161731495915E-4
1965-10-28,2.8396467129717734E-4
1965-10-29,7.532954550183092E-4
1965-10-30,0.00431912521204947
1965-10-31,0.004384379422632405
1965-11-01,0.009607982860097454
1965-11-02,0.004849774811732069
1965-11-03,0.002263465556332612
1965-11-04,0.0032065028677754335
1965-11-05,0.0022053217842435166
1965-11-06,0.0021096152639899627
1965-11-07,0.001177419053052268
1965-11-08,1.39156560562389E-4
1965-11-09,8.152187308203348E-5
1965-11-10,4.180317550907665E-5
1965-11-11,2.6538259400658806E-5
1965-11-12,1.8562618558480708E-5
1965-11-13,5.450853189359476E-6
1965-11-14,3.64205384779849E-5
1965-11-15,7.398115314981814E-5
1965-11-16,1.2826029881757121E-4
1965-11-17,4.066327658689291E-5
1965-11-18,3.2379177264917944E-5
1965-11-19,4.692370735752673E-5
1965-11-20,1.6606529019966417E-5
1965-11-21,3.0659111437582724E-6
1965-11-22,2.3995045274316024E-5
1965-11-23,1.7240194928729442E-4
1965-11-24,4.603225143305138E-5
1965-11-25,8.549753844742186E-5
1965-11-26,3.5560636338380946E-5
1965-11-27,1.668616588804328E-5
1965-11-28,3.114234932933281E-5
1965-11-29,1.7518788053940582E-5
1965-11-30,5.5807136334774975E-6
1965-12-01,1.4850342902572766E-5
1965-12-02,1.5488895103819646E-4
1965-12-03,1.6914610802362543E-4
1965-12-04,1.1863393670906927E-4
1965-12-05,3.515572525972276E-5
1965-12-06,7.69122711664405E-6
1965-12-07,1.1154419720510129E-4
1965-12-08,0.00467419545964148
1965-12-09,2.7483139226410354E-4
1965-12-10,1.990013418473803E-5
1965-12-11,6.940511834794473E-5
1965-12-12,0.002632530073068724
1965-12-13,0.011830698266072415
1965-12-14,0.023148268592977153
1965-12-15,0.014892472582011805
1965-12-16,0.0018912419510269055
1965-12-17,4.645932768334549E-4
1965-12-18,2.4029831523696593E-4
1965-12-19,9.683616213403856E-6
1965-12-20,3.7693709980528353E-6
1965-12-21,3.1424458703054193E-6
1965-12-22,3.1305277786627682E-6
1965-12-23,1.7021200020231692E-6
1965-12-24,6.966540751561422E-4
1965-12-25,7.788253558526208E-5
1965-12-26,2.3013530570311062E-5
1965-12-27,2.804125944572982E-5
1965-12-28,6.316765556918822E-5
1965-12-29,8.555022953226547E-5
1965-12-30,1.0821148286074836E-5
1965-12-31,5.676578052952955E-6
1966-01-01,2.1306520225020724E-5
1966-01-02,1.12151819105619E-5
1966-01-03,0.006386298076317289
1966-01-04,0.014818434359730837
1966-01-05,0.0012019333431387217
1966-01-06,1.1528647400005608E-4
1966-01-07,5.9242601856610725E-5
1966-01-08,5.219541562699706E-5
1966-01-09,2.3631466145502435E-5
1966-01-10,1.9462650756713488E-5
1966-01-11,1.599839113693009E-4
1966-01-12,2.4224648636644078E-5
1966-01-13,8.713111278583479E-5
1966-01-14,1.1556403753098276E-4
1966-01-15,4.379196397301962E-5
1966-01-16,2.2124473316732647E-5
1966-01-17,1.1101318526227014E-5
1966-01-18,2.4619870619094737E-5
1966-01-19,5.4050771748371054E-6
1966-01-20,1.8830368913821591E-6
1966-01-21,1.0200574531744522E-5
1966-01-22,8.46760210391763E-6
1966-01-23,1.288136259507185E-5
1966-01-24,8.729162809351667E-6
1966-01-25,4.746273995839094E-6
1966-01-26,4.1498451389297003E-4
1966-01-27,8.896156584953719E-4
1966-01-28,9.864315691588248E-5
1966-01-29,1.5769876791611802E-4
1966-01-30,4.691979294198545E-5
1966-01-31,5.8630347120809486E-6
1966-02-01,2.3773871976327276E-6
1966-02-02,4.526091383012089E-7
1966-02-03,1.0070345892315645E-6
1966-02-04,1.3579182796238246E-6
1966-02-05,4.4229015553120235E-6
1966-02-06,7.354949157202331E-6
1966-02-07,7.1184201052931495E-6
1966-02-08,2.8867096887350724E-6
1966-02-09,4.926866453533108E-5
1966-02-10,3.36168494803818E-4
1966-02-11,3.4046946557586186E-4
1966-02-12,2.3456863064294105E-4
1966-02-13,7.075843733960227E-4
1966-02-14,0.0013462012919476468
1966-02-15,6.969795753572561E-4
1966-02-16,9.147892307901649E-4
1966-02-17,4.020900105919207E-4
1966-02-18,9.478729346962833E-5
1966-02-19,2.668575971576834E-5
1966-02-20,2.838610146477045E-7
1966-02-21,4.7028601551094535E-6
1966-02-22,7.808749781313309E-6
1966-02-23,7.54146604643574E-6
1966-02-24,2.9498617516805526E-6
1966-02-25,2.100487203207645E-6
1966-02-26,1.25512650830588E-7
1966-02-27,2.5095175481569954E-6
1966-02-28,0.0023100024954974554
1966-03-01,0.0017596189733854275
1966-03-02,4.529260248495951E-5
1966-03-03,9.599764693491609E-5
1966-03-04,3.9293082512507865E-5
1966-03-05,9.341885277264035E-4
1966-03-06,0.0019210381032698932
1966-03-07,2.1713937661161606E-4
1966-03-08,2.8417041107563607E-6
1966-03-09,4.3169517977481245E-7
1966-03-10,2.1517276422855502E-6
1966-03-11,9.126063616541388E-7
1966-03-12,4.0506454245888194E-6
1966-03-13,4.709690365948386E-7
1966-03-14,8.608732682730453E-7
1966-03-15,3.725051964339805E-6
1966-03-16,2.1548809455418204E-6
1966-03-17,1.7138420598143462E-6
1966-03-18,7.969468132359033E-5
1966-03-19,0.003472526753126032
1966-03-20,0.007726840537892263
1966-03-21,0.002449618483593431
1966-03-22,7.88687472648365E-5
1966-03-23,2.5156527541664654E-5
1966-03-24,3.335684498772748E-5
1966-03-25,5.113665710883904E-6
1966-03-26,1.2715818958551606E-5
1966-03-27,3.94514738645059E-6
1966-03-28,6.097902119560022E-6
1966-03-29,1.786027405707681E-5
1966-03-30,2.668762940638525E-6
1966-03-31,2.5359727650031135E-7
1966-04-01,2.066121896024719E-6
1966-04-02,4.0388845034462897E-4
1966-04-03,8.280318566247686E-4
1966-04-04,0.0014125599427779142
1966-04-05,9.130320611406628E-4
1966-04-06,0.0013594655546660115
1966-04-07,0.0034750737581282455
1966-04-08,6.540941882190371E-4
1966-04-09,9.701388024156869E-4
1966-04-10,7.930955628238987E-4
1966-04-11,5.763609996894659E-5
1966-04-12,5.937916139015804E-4
1966-04-13,3.56588240733507E-4
1966-04-14,6.403428888994511E-4
1966-04-15,0.0017016574813436926
1966-04-16,0.003695851642544675
1966-04-17,0.0024813317844754714
1966-04-18,0.0027006719602312287
1966-04-19,0.00904595555244564
1966-04-20,0.0027643072941574503
1966-04-21,0.001732554863189487
1966-04-22,0.014675165533218714
1966-04-23,0.010624978912393305
1966-04-24,0.00939167501815888
1966-04-25,0.003177264276642018
1966-04-26,0.001907113350582356
1966-04-27,0.003871934123756833
1966-04-28,0.0016745358713333711
1966-04-29,1.65618946235664E-4
1966-04-30,2.0564652725724728E-4
1966-05-01,8.413431117705174E-5
1966-05-02,5.936101586086646E-5
1966-05-03,5.836328135374493E-5
1966-05-04,0.005092529249625329
1966-05-05,0.011095879843150948
1966-05-06,0.012581840736715633
1966-05-07,0.014562057123017771
1966-05-08,0.011596819808570014
1966-05-09,0.029916526517703303
1966-05-10,0.02105287778389038
1966-05-11,0.004161625298462445
1966-05-12,0.0014855812827996413
1966-05-13,5.553337572827248E-4
1966-05-14,1.384115697158988E-4
1966-05-15,1.4536063137414526E-5
1966-05-16,3.371940986069174E-5
1966-05-17,2.809925005072862E-4
1966-05-18,2.9577717716058974E-4
1966-05-19,1.5441322152010158E-4
1966-05-20,0.0017622025522924453
1966-05-21,0.004006947118374281
1966-05-22,0.009629753428391057
1966-05-23,0.01038568057163804
1966-05-24,0.011777357034208537
1966-05-25,0.018833465206404915
1966-05-26,0.0180151387660844
1966-05-27,0.017666777938877314
1966-05-28,0.014418917050780421
1966-05-29,0.013882528065937875
1966-05-30,0.01152052898183581
1966-05-31,0.010157468576916124
1966-06-01,0.008801341077308258
1966-06-02,0.0070197308147398
1966-06-03,0.015543353354796646
1966-06-04,0.024883737793824662
1966-06-05,0.017312583394131307
1966-06-06,0.017494585490822487
1966-06-07,0.01855958540164041
1966-06-08,0.016405037847577568
1966-06-09,0.0178147058087698
1966-06-10,0.02294330657650946
1966-06-11,0.030013772227280203
1966-06-12,0.05146999104262627
1966-06-13,0.029220656383544565
1966-06-14,0.021321714027363558
1966-06-15,0.017192933185878896
1966-06-16,0.020191199304079196
1966-06-17,0.03234343116090171
1966-06-18,0.04927965685188145
1966-06-19,0.03816400435158521
1966-06-20,0.026193679935540882
1966-06-21,0.023333616311667298
1966-06-22,0.01915232447917692
1966-06-23,0.013998105327129765
1966-06-24,0.009205291751813149
1966-06-25,0.00959525640870018
1966-06-26,0.006037964145411037
1966-06-27,0.009785810315290409
1966-06-28,0.013244777422820412
1966-06-29,0.02372026853812099
1966-06-30,0.04767561230941344
1966-07-01,0.036772356421408005
1966-07-02,0.024445308478801313
1966-07-03,0.01757222161017694
1966-07-04,0.009477562512953317
1966-07-05,0.016144523989408886
1966-07-06,0.021933573036040575
1966-07-07,0.011474547104489929
1966-07-08,0.0037270010350357067
1966-07-09,0.007326465189338109
1966-07-10,0.012532934647763347
1966-07-11,0.02641970207296687
1966-07-12,0.019621005830877055
1966-07-13,0.015135968095039587
1966-07-14,0.011747398571711132
1966-07-15,0.009887902299371577
1966-07-16,0.005540479441598377
1966-07-17,0.012699875745277206
1966-07-18,0.014854867068863237
1966-07-19,0.025693050227153607
1966-07-20,0.01946577676978706
1966-07-21,0.011525992888646778
1966-07-22,0.0067760642965043845
1966-07-23,0.0069390359683833055
1966-07-24,0.007589281428036618
1966-07-25,0.011397212722159926
1966-07-26,0.007438538697759336
1966-07-27,0.006936489678095985
1966-07-28,0.005443136911628002
1966-07-29,0.01916900190874976
1966-07-30,0.015532176799775534
1966-07-31,0.015518735524821973
1966-08-01,0.011907213671757094
1966-08-02,0.008478976941169404
1966-08-03,0.006163049767667921
1966-08-04,0.007964650608841925
1966-08-05,0.007554674348678756
1966-08-06,0.013045319783183186
1966-08-07,0.02297006053157252
1966-08-08,0.012427855699088605
1966-08-09,0.016809662552131007
1966-08-10,0.017849492581580556
1966-08-11,0.015032663394810533
1966-08-12,0.011353620001980376
1966-08-13,0.013363366599211977
1966-08-14,0.013976055402666637
1966-08-15,0.009485380614291872
1966-08-16,0.01768451862694229
1966-08-17,0.01373325105457766
1966-08-18,0.006761616643961576
1966-08-19,0.00818842007654507
1966-08-20,0.013004689349869017
1966-08-21,0.01807614635128715
1966-08-22,0.0322239941392428
1966-08-23,0.0427037652679936
1966-08-24,0.02208682251601823
1966-08-25,0.012959382382752422
1966-08-26,0.010168416919484112
1966-08-27,0.01740854300045002
1966-08-28,0.022326713878288836
1966-08-29,0.02903341954526335
1966-08-30,0.018025068085833214
1966-08-31,0.012622100645918035
1966-09-01,0.011732258467098612
1966-09-02,0.006006004316014364
1966-09-03,0.0058150216626535346
1966-09-04,0.009013427919997447
1966-09-05,0.009412574277907098
1966-09-06,0.013191888446701081
1966-09-07,0.01424203515511843
1966-09-08,0.011195005457535653
1966-09-09,0.005328719792909278
1966-09-10,0.0054981507512075695
1966-09-11,0.009269033901164191
1966-09-12,0.007944893893992376
1966-09-13,0.010532194249634782
1966-09-14,0.011830984273709877
1966-09-15,0.011012213854983391
1966-09-16,0.012879697086663333
1966-09-17,0.01966350510441944
1966-09-18,0.014388055427273446
1966-09-19,0.007285674048207908
1966-09-20,0.004585249169373942
1966-09-21,0.005041223913988741
1966-09-22,0.004309684374967888
1966-09-23,0.008229626538896128
1966-09-24,0.005337379679798338
1966-09-25,0.004873147623686878
1966-09-26,0.00564058003165248
1966-09-27,0.00624656521399915
1966-09-28,0.006391520213782884
1966-09-29,0.0065259193859313076
1966-09-30,0.028937667551464614
1966-10-01,0.07660315547186938
1966-10-02,0.0029378829846520758
1966-10-03,0.0027544222717330903
1966-10-04,0.0029121254024846127
1966-10-05,0.003446917167783518
1966-10-06,0.0015071252014560745
1966-10-07,5.896122194206545E-4
1966-10-08,4.595099604775819E-4
1966-10-09,0.0012166794216279218
1966-10-10,0.002314716818389738
1966-10-11,0.003913885706713705
1966-10-12,0.012460438393901903
1966-10-13,0.008619762181062592
1966-10-14,0.012528152478620923
1966-10-15,0.01681025738675435
1966-10-16,0.006440373433253358
1966-10-17,0.0016288224958535742
1966-10-18,0.0015689302709890542
1966-10-19,0.001945169932895719
1966-10-20,0.001567310683726889
1966-10-21,0.001852768431153789
1966-10-22,8.78413526700481E-4
1966-10-23,4.6392709251787925E-4
1966-10-24,5.468630670986342E-4
1966-10-25,1.7202786847539698E-4
1966-10-26,1.4774133803218217E-4
1966-10-27,8.390997602593366E-5
1966-10-28,1.7287223138210303E-4
1966-10-29,1.40856804737157E-4
1966-10-30,1.1152466228625788E-4
1966-10-31,1.0954105914329049E-4
1966-11-01,7.504465301353606E-5
1966-11-02,1.464024922832754E-4
1966-11-03,2.4224488704909457E-4
1966-11-04,4.273354021854472E-4
1966-11-05,3.6041776817986626E-4
1966-11-06,2.92279692355284E-4
1966-11-07,4.408615860502317E-4
1966-11-08,3.6949419503402126E-4
1966-11-09,2.2365062593313317E-4
1966-11-10,3.3384551843591165E-4
1966-11-11,3.4726312175011335E-4
1966-11-12,1.3547711943262344E-4
1966-11-13,6.601897573643169E-5
1966-11-14,1.2586752397385494E-4
1966-11-15,1.8478827794297383E-4
1966-11-16,4.5489747264136854E-4
1966-11-17,8.618247484757488E-5
1966-11-18,1.6960205684690526E-4
1966-11-19,0.0014039314406449352
1966-11-20,0.0025526465375833376
1966-11-21,0.005552007756037038
1966-11-22,0.013718649897531712
1966-11-23,0.01023086628651733
1966-11-24,0.0017098558818042682
1966-11-25,5.954540827234479E-4
1966-11-26,4.239426429267882E-4
1966-11-27,1.5418854639881365E-4
1966-11-28,3.746010306815513E-4
1966-11-29,3.071656257527819E-4
1966-11-30,2.0456818147002897E-4
1966-12-01,6.015558917002313E-4
1966-12-02,0.004658594696948094
1966-12-03,8.966669145121264E-4
1966-12-04,1.7080109619444075E-4
1966-12-05,2.803714714136455E-5
1966-12-06,1.0976293384824615E-5
1966-12-07,5.594979223741176E-6
1966-12-08,1.0318019717713417E-5
1966-12-09,1.0243003198739135E-5
1966-12-10,3.1748353252586005E-5
1966-12-11,0.004099581810550556
1966-12-12,0.038363261831003206
1966-12-13,0.0013387244125520731
1966-12-14,2.0777711382670257E-4
1966-12-15,4.18011914300534E-5
1966-12-16,2.5808982165304738E-5
1966-12-17,1.9578555743353153E-5
1966-12-18,1.4971054572648466E-5
1966-12-19,8.173860862924402E-6
1966-12-20,7.182989063301094E-6
1966-12-21,1.9052391305873727E-5
1966-12-22,3.562407060847775E-5
1966-12-23,1.323853848712234E-4
1966-12-24,6.819100195396989E-5
1966-12-25,1.1682750278948886E-5
1966-12-26,2.876711746915356E-5
1966-12-27,9.169246111880151E-5
1966-12-28,8.983330124171442E-6
1966-12-29,3.4127299124549313E-6
1966-12-30,2.5198373734173598E-6
1966-12-31,1.7398485399791344E-5
1967-01-01,4.23442186705851E-5
1967-01-02,2.462050953395546E-5
1967-01-03,2.9016945326449394E-5
1967-01-04,0.0029015267862347806
1967-01-05,3.755838640479428E-4
1967-01-06,4.793967464042928E-4
1967-01-07,0.01206707449066037
1967-01-08,0.011978059150011593
1967-01-09,0.0015966756648553182
1967-01-10,0.0025443866173028695
1967-01-11,5.336015274776581E-4
1967-01-12,6.52676195151479E-4
1967-01-13,3.850166430802447E-4
1967-01-14,9.285589406847105E-6
1967-01-15,2.45800992654468E-6
1967-01-16,4.112057229451957E-4
1967-01-17,3.4815196711198375E-4
1967-01-18,9.688480765554464E-4
1967-01-19,2.5323014622553695E-4
1967-01-20,4.852828813867984E-5
1967-01-21,3.5439191580047983E-6
1967-01-22,2.4876622520341814E-6
1967-01-23,1.3649771111089282E-6
1967-01-24,1.8003027741702134E-6
1967-01-25,3.4877691233154847E-5
1967-01-26,2.320574853331798E-4
1967-01-27,5.745978812235837E-4
1967-01-28,7.605625517718001E-4
1967-01-29,1.7154971905415715E-4
1967-01-30,3.277594366126621E-5
1967-01-31,3.689851557185346E-5
1967-02-01,3.0267481937316047E-5
1967-02-02,2.766327807429203E-5
1967-02-03,2.9004655061750593E-6
1967-02-04,1.3905568626313764E-4
1967-02-05,7.786128970845178E-4
1967-02-06,9.157040794126362E-4
1967-02-07,0.001449923544856012
1967-02-08,0.0011936378074104618
1967-02-09,5.253525947544979E-4
1967-02-10,2.0322881615558556E-4
1967-02-11,3.0324643826248102E-5
1967-02-12,0.001983139214773143
1967-02-13,2.281298660513482E-4
1967-02-14,1.780929674790929E-5
1967-02-15,1.0339667036972324E-5
1967-02-16,8.069376724691824E-7
1967-02-17,6.637035751355573E-6
1967-02-18,1.1119424211851054E-4
1967-02-19,4.4316393958288773E-4
1967-02-20,0.0027448488136655124
1967-02-21,7.367810682789508E-4
1967-02-22,0.004009280643289326
1967-02-23,3.307073337867335E-4
1967-02-24,2.339975999553191E-5
1967-02-25,6.367554025948163E-6
1967-02-26,2.0717109429386418E-6
1967-02-27,5.259525339835657E-6
1967-02-28,1.6457070035114788E-6
1967-03-01,2.883687684368098E-6
1967-03-02,2.3899172993237618E-6
1967-03-03,6.063392283618853E-4
1967-03-04,3.0686701301951206E-4
1967-03-05,3.384855885709975E-4
1967-03-06,0.00333328347354074
1967-03-07,0.0015495750020750334
1967-03-08,0.007323155257920258
1967-03-09,0.005299496961235794
1967-03-10,0.0017898457393380881
1967-03-11,1.2572697999073756E-5
1967-03-12,0.0030751630136717305
1967-03-13,0.005868002608471977
1967-03-14,0.011328755504461172
1967-03-15,0.01142822622134212
1967-03-16,0.005914866266984626
1967-03-17,0.0015475822527630213
1967-03-18,0.007690281953380763
1967-03-19,0.005754931409217457
1967-03-20,0.016667434151587866
1967-03-21,0.019618677658710896
1967-03-22,6.678513674693338E-4
1967-03-23,0.0047312407589617965
1967-03-24,0.0037477263706014504
1967-03-25,8.642598735273301E-4
1967-03-26,0.0031823106224689586
1967-03-27,0.00743273891424924
1967-03-28,0.005840385237566472
1967-03-29,8.973780946619023E-4
1967-03-30,2.947448736497706E-4
1967-03-31,5.071194784383454E-4
1967-04-01,2.0645695351779412E-4
1967-04-02,2.0133885179077343E-4
1967-04-03,1.2712473604023904E-4
1967-04-04,1.98175245481974E-5
1967-04-05,7.794642043154962E-7
1967-04-06,1.6529475182652128E-4
1967-04-07,7.695328810434043E-5
1967-04-08,3.790887921361826E-5
1967-04-09,3.7928032893732755E-5
1967-04-10,4.732938985694496E-6
1967-04-11,3.40909237728131E-5
1967-04-12,0.0013277763674297933
1967-04-13,0.001519637142151432
1967-04-14,0.013228639745126882
1967-04-15,0.027290343245425168
1967-04-16,0.031477628928849505
1967-04-17,0.014033756296811443
1967-04-18,0.02635939852412788
1967-04-19,0.01671408165344672
1967-04-20,0.00950263992564496
1967-04-21,0.007729057250301367
1967-04-22,0.004334868247602124
1967-04-23,0.0016568510002480442
1967-04-24,0.007818758068425587
1967-04-25,0.006858961480927083
1967-04-26,0.0036349225464919273
1967-04-27,0.0025426331898379105
1967-04-28,0.00755549818926491
1967-04-29,0.016990735987330766
1967-04-30,0.010032543252838703
1967-05-01,0.013402108264262342
1967-05-02,0.01019457858237183
1967-05-03,0.007976087377141486
1967-05-04,0.016296007802981342
1967-05-05,0.02413317838011742
1967-05-06,0.020702512073235105
1967-05-07,0.007003800740688561
1967-05-08,0.004637216484732714
1967-05-09,0.011991570065306408
1967-05-10,0.02030586378156013
1967-05-11,0.02325757570918933
1967-05-12,0.02469996515916653
1967-05-13,0.014058832811828946
1967-05-14,0.009137818038024678
1967-05-15,0.0012191982550552036
1967-05-16,7.545198858868396E-4
1967-05-17,0.002103032252225171
1967-05-18,0.01347085011702022
1967-05-19,0.012340010384124132
1967-05-20,0.013372314031102374
1967-05-21,0.025822112140471545
1967-05-22,0.028071309253983042
1967-05-23,0.012204641443873421
1967-05-24,0.008274381424894133
1967-05-25,0.011611750837134302
1967-05-26,0.0036590804924344304
1967-05-27,0.0010734679914931767
1967-05-28,3.3187087356581886E-4
1967-05-29,3.1141241273890014E-4
1967-05-30,9.690090333429661E-4
1967-05-31,0.0022570918994845265
1967-06-01,0.006101056201529763
1967-06-02,0.011544324043151158
1967-06-03,0.013856599067107195
1967-06-04,0.008729199375392523
1967-06-05,0.011513655923843423
1967-06-06,0.004995066259781301
1967-06-07,0.008235836129810608
1967-06-08,0.014340716430287321
1967-06-09,0.03526061643329223
1967-06-10,0.028013135556055974
1967-06-11,0.039511373270855875
1967-06-12,0.04380094453812284
1967-06-13,0.04728011918161544
1967-06-14,0.023043701104601362
1967-06-15,0.010937120728743166
1967-06-16,0.011455405800629984
1967-06-17,0.020136559842910174
1967-06-18,0.01616438169146791
1967-06-19,0.01424849519000653
1967-06-20,0.01826667632199632
1967-06-21,0.01336669206067339
1967-06-22,0.008136449584785311
1967-06-23,0.005187416999915421
1967-06-24,0.005843722063581217
1967-06-25,0.005103895795179498
1967-06-26,0.006625922974954629
1967-06-27,0.007638020675010536
1967-06-28,0.006569086734817274
1967-06-29,0.013279200518808579
1967-06-30,0.011335775886567048
1967-07-01,0.011837555710045683
1967-07-02,0.018875721972050282
1967-07-03,0.013264158333258615
1967-07-04,0.006761113056440765
1967-07-05,0.01246102769518616
1967-07-06,0.029191303475146247
1967-07-07,0.045036654749415664
1967-07-08,0.04491778584056504
1967-07-09,0.040609006985279764
1967-07-10,0.013339716748520001
1967-07-11,0.010340536199426785
1967-07-12,0.009103963833359248
1967-07-13,0.008254165787195861
1967-07-14,0.012061185217285943
1967-07-15,0.021686910280161106
1967-07-16,0.025745631659079646
1967-07-17,0.023120216932681244
1967-07-18,0.012519518804412402
1967-07-19,0.0034104963476305405
1967-07-20,0.003021808124381297
1967-07-21,0.005850857467293743
1967-07-22,0.014754601670159309
1967-07-23,0.015982230382441485
1967-07-24,0.009525601785854524
1967-07-25,0.011416190199925841
1967-07-26,0.01212962785656352
1967-07-27,0.012222480012460442
1967-07-28,0.011433944443305089
1967-07-29,0.0076994359955141435
1967-07-30,0.007992265456032585
1967-07-31,0.006947668715628368
1967-08-01,0.011948049261586697
1967-08-02,0.00877271566004237
1967-08-03,0.009152572538852042
1967-08-04,0.01305576500262574
1967-08-05,0.013757384403707766
1967-08-06,0.017993546053816926
1967-08-07,0.04372016977488314
1967-08-08,0.030601553850860032
1967-08-09,0.015058871604639309
1967-08-10,0.009575907865272034
1967-08-11,0.009257240429581518
1967-08-12,0.010061823882920637
1967-08-13,0.008632655921114094
1967-08-14,0.008479334345501634
1967-08-15,0.008271438975015985
1967-08-16,0.007017984979817206
1967-08-17,0.012747902637901806
1967-08-18,0.012037516107720978
1967-08-19,0.009659853084042807
1967-08-20,0.015928452806131407
1967-08-21,0.02104310000326625
1967-08-22,0.006591112618258128
1967-08-23,0.011862055385653518
1967-08-24,0.013569308510448273
1967-08-25,0.014684655024462933
1967-08-26,0.005963489572100827
1967-08-27,0.00479647332980083
1967-08-28,0.014429741964156424
1967-08-29,0.011843706584363674
1967-08-30,0.012830026193073794
1967-08-31,0.00975487803872841
1967-09-01,0.007303454434832209
1967-09-02,0.00848567094259061
1967-09-03,0.011223062377417908
1967-09-04,0.011540014642344162
1967-09-05,0.0041053619870211515
1967-09-06,0.0076074329995531615
1967-09-07,0.0068890444953101275
1967-09-08,0.00757856150164226
1967-09-09,0.015267188358835776
1967-09-10,0.015867846594740418
1967-09-11,0.013269497124853388
1967-09-12,0.008723975602661138
1967-09-13,0.00661167304450205
1967-09-14,0.00866294651065435
1967-09-15,0.011992129068803052
1967-09-16,0.023179885314458804
1967-09-17,0.016599054227795784
1967-09-18,0.019075153713407844
1967-09-19,0.0067909244734139
1967-09-20,0.006543797100469039
1967-09-21,0.010623968455682798
1967-09-22,0.014980952778657294
1967-09-23,0.009412297443221014
1967-09-24,0.0050055908722167015
1967-09-25,0.01037061165140432
1967-09-26,0.0172382992448304
1967-09-27,0.012388738177010377
1967-09-28,0.016995151012083345
1967-09-29,0.04248333492626767
1967-09-30,0.013876872868511327
1967-10-01,0.007645820284399464
1967-10-02,0.013230508127997778
1967-10-03,0.020717087368866877
1967-10-04,0.011779255165853268
1967-10-05,0.002626699649186242
1967-10-06,9.230516408528882E-4
1967-10-07,0.004502732996294554
1967-10-08,0.007314475147900483
1967-10-09,0.012957664572154812
1967-10-10,0.02153630257063615
1967-10-11,0.026111406932666413
1967-10-12,0.002854113521243413
1967-10-13,0.002419150894191273
1967-10-14,5.934638859391865E-4
1967-10-15,8.96598556818865E-5
1967-10-16,1.1841161740030757E-4
1967-10-17,4.527205737378082E-4
1967-10-18,2.8533206237836263E-4
1967-10-19,1.7819474747000146E-4
1967-10-20,5.473726751296249E-4
1967-10-21,0.001188757213775645
1967-10-22,4.856438398529378E-4
1967-10-23,0.01597674803030855
1967-10-24,0.002552080873614447
1967-10-25,2.464246130300878E-4
1967-10-26,5.2761915980899025E-5
1967-10-27,8.302452552224667E-5
1967-10-28,1.4284590824306813E-4
1967-10-29,3.144809723177465E-4
1967-10-30,4.3871039573849106E-4
1967-10-31,3.410469875067807E-4
1967-11-01,1.2170532673842968E-4
1967-11-02,5.999632639994558E-4
1967-11-03,4.725452486423125E-4
1967-11-04,1.356836368042631E-4
1967-11-05,1.3852603878963232E-4
1967-11-06,2.448568436761211E-4
1967-11-07,2.1575930816086937E-4
1967-11-08,2.2751622587823531E-4
1967-11-09,1.4524687246945137E-4
1967-11-10,9.084342341432344E-5
1967-11-11,7.44105310386787E-5
1967-11-12,7.629876951480201E-5
1967-11-13,3.269785012527019E-4
1967-11-14,6.619416562272298E-4
1967-11-15,3.928244870537353E-4
1967-11-16,4.7058532524252533E-4
1967-11-17,7.332114937007226E-4
1967-11-18,3.7573454573314977E-4
1967-11-19,0.0017115804445735623
1967-11-20,9.988679808918507E-4
1967-11-21,2.878475956024837E-4
1967-11-22,4.7396598636152573E-4
1967-11-23,4.592492357380721E-4
1967-11-24,5.101414533999587E-4
1967-11-25,0.0027137099170040065
1967-11-26,8.299773427481239E-4
1967-11-27,1.1768695855450938E-4
1967-11-28,6.435899803208095E-5
1967-11-29,1.374486550875591E-4
1967-11-30,1.6957421389283313E-4
1967-12-01,7.300097893228683E-5
1967-12-02,3.59225509493194E-6
1967-12-03,1.6305323201016645E-6
1967-12-04,9.613255088017117E-5
1967-12-05,7.855366766096507E-5
1967-12-06,1.2200815926279869E-5
1967-12-07,1.5471965051333677E-5
1967-12-08,1.4070075572134632E-4
1967-12-09,7.657914046164989E-5
1967-12-10,3.737214055391995E-5
1967-12-11,8.429216948831166E-4
1967-12-12,6.197538553869858E-4
1967-12-13,2.9837549814508874E-4
1967-12-14,3.482306772432912E-4
1967-12-15,3.0916459054492954E-4
1967-12-16,1.3578765199432526E-4
1967-12-17,6.0425273077246584E-5
1967-12-18,2.1408738389330252E-4
1967-12-19,1.507521004502515E-4
1967-12-20,1.1206200795337799E-4
1967-12-21,7.31810184776311E-5
1967-12-22,1.6379574901086852E-4
1967-12-23,5.342634230698827E-5
1967-12-24,1.1779309918321435E-4
1967-12-25,0.0010106827639516903
1967-12-26,3.0340297885362097E-4
1967-12-27,1.2375249090847083E-4
1967-12-28,5.93842152271211E-4
1967-12-29,6.717592733573476E-4
1967-12-30,2.2798701325264223E-4
1967-12-31,1.6723733206955123E-4
1968-01-01,0.001020440920496554
1968-01-02,2.369609367044816E-4
1968-01-03,5.575539016856196E-6
1968-01-04,3.2982654647159333E-6
1968-01-05,2.0771277136397847E-5
1968-01-06,5.9882480939645795E-5
1968-01-07,0.0029941918954285774
1968-01-08,0.0017796751593597217
1968-01-09,9.397336402384171E-5
1968-01-10,0.0019452892959795124
1968-01-11,0.010052722288258206
1968-01-12,2.7827763077278595E-4
1968-01-13,6.121379329242612E-5
1968-01-14,0.005540788905622878
1968-01-15,0.003787566074516766
1968-01-16,5.529669421863697E-4
1968-01-17,5.01041450578595E-5
1968-01-18,4.500385523845673E-5
1968-01-19,4.7379191048588253E-5
1968-01-20,1.3641803786779188E-4
1968-01-21,2.1934017909048357E-4
1968-01-22,5.842090489430535E-4
1968-01-23,7.079868108842113E-4
1968-01-24,1.2295753701897956E-4
1968-01-25,1.78461531774165E-4
1968-01-26,5.902113009364446E-5
1968-01-27,4.709584204232881E-6
1968-01-28,1.7369280096936308E-4
1968-01-29,3.967898982254832E-4
1968-01-30,0.0011534935195908849
1968-01-31,0.001014514702218687
1968-02-01,5.66589015731394E-5
1968-02-02,5.896479582941475E-6
1968-02-03,1.510032738508449E-5
1968-02-04,1.165647732924261E-5
1968-02-05,1.3671901875977847E-5
1968-02-06,1.4551953604074749E-5
1968-02-07,1.5592443853029714E-5
1968-02-08,5.8279174702295194E-5
1968-02-09,4.8806181547389585E-4
1968-02-10,3.8852552882502817E-4
1968-02-11,2.7606316718542685E-5
1968-02-12,0.0026605275300036696
1968-02-13,5.897600178250911E-6
1968-02-14,9.577188541774307E-6
1968-02-15,0.004055467185668585
1968-02-16,0.0038680746982347053
1968-02-17,1.534129567185869E-4
1968-02-18,2.140260927828279E-4
1968-02-19,5.481349507742981E-4
1968-02-20,8.200718059697571E-4
1968-02-21,0.004219123836817284
1968-02-22,0.0027429764814884895
1968-02-23,2.689361788811682E-4
1968-02-24,1.5346828425070037E-5
1968-02-25,1.2217858275013235E-4
1968-02-26,1.3319314065073834E-6
1968-02-27,1.866472146280709E-5
1968-02-28,6.644569634184959E-4
1968-02-29,0.002879602914496839
1968-03-01,2.2816183552972814E-4
1968-03-02,9.240403126458443E-6
1968-03-03,3.078216718913536E-6
1968-03-04,4.074092094367526E-4
1968-03-05,5.74280385981853E-4
1968-03-06,1.2702017870544266E-5
1968-03-07,1.9824125078881865E-5
1968-03-08,6.645357083243156E-5
1968-03-09,9.028903344024961E-5
1968-03-10,9.913885524729546E-6
1968-03-11,8.112509804106932E-5
1968-03-12,8.755611079210239E-4
1968-03-13,1.8407788932549754E-4
1968-03-14,7.9468542821055E-5
1968-03-15,1.0694151574145739E-4
1968-03-16,0.002989138910597888
1968-03-17,0.009807678154551759
1968-03-18,0.014527752999653688
1968-03-19,0.015340650967012617
1968-03-20,0.01474132851931691
1968-03-21,0.014302938017577484
1968-03-22,0.01929214712773402
1968-03-23,0.002760872031508371
1968-03-24,1.9865999702365898E-4
1968-03-25,2.524685409399504E-4
1968-03-26,8.301510699878987E-4
1968-03-27,0.003162414580025829
1968-03-28,0.0013749881178230989
1968-03-29,0.0028710771379583263
1968-03-30,3.53622260958833E-4
1968-03-31,1.627076536130783E-5
1968-04-01,1.033955072235752E-6
1968-04-02,0.008130315329745353
1968-04-03,0.009044582072440946
1968-04-04,0.006907371133575615
1968-04-05,0.0017536383054025106
1968-04-06,0.007749194004311773
1968-04-07,0.020825326023353775
1968-04-08,0.016262167718253284
1968-04-09,0.006686447452718799
1968-04-10,0.003771050600366259
1968-04-11,0.008351490609421648
1968-04-12,0.008269556378129856
1968-04-13,0.014091531603136096
1968-04-14,0.024106186917505597
1968-04-15,0.023224518022192865
1968-04-16,0.015056179083531043
1968-04-17,0.005403143656930963
1968-04-18,5.449730386415994E-4
1968-04-19,2.644000955984465E-4
1968-04-20,3.9263771029397934E-5
1968-04-21,6.232159487087816E-5
1968-04-22,2.058314233912485E-4
1968-04-23,0.00607264804962617
1968-04-24,0.007912040446054454
1968-04-25,0.00959240303813292
1968-04-26,0.0062673411257590655
1968-04-27,0.0035779404699888646
1968-04-28,0.0068037703532858925
1968-04-29,0.00866467325555319
1968-04-30,0.005356811710585445
1968-05-01,0.004961293192726094
1968-05-02,0.006111390545517218
1968-05-03,0.007517255210991026
1968-05-04,0.0051747530508698195
1968-05-05,0.002459108350839168
1968-05-06,0.001676314598441427
1968-05-07,4.910238571783275E-4
1968-05-08,4.942891338654467E-4
1968-05-09,0.009159166153066655
1968-05-10,0.013500186214308827
1968-05-11,0.003656999070498639
1968-05-12,0.009218262247504853
1968-05-13,0.019898008719351136
1968-05-14,0.03343541002524409
1968-05-15,0.03427465528867425
1968-05-16,0.017200132813585383
1968-05-17,0.015464216637261323
1968-05-18,0.02975644902060353
1968-05-19,0.02564322996550083
1968-05-20,0.023699889499605012
1968-05-21,0.028655734322188632
1968-05-22,0.02718906270061882
1968-05-23,0.01676108118219991
1968-05-24,0.014254765510199678
1968-05-25,0.016982788833439476
1968-05-26,0.012954470919094505
1968-05-27,0.01929909650835172
1968-05-28,0.021372175530882775
1968-05-29,0.035945842595767406
1968-05-30,0.04628047865174094
1968-05-31,0.022394859541449666
1968-06-01,0.009063908577257277
1968-06-02,0.008627775897680072
1968-06-03,0.015314493976778133
1968-06-04,0.010604510456654294
1968-06-05,0.011293865054709699
1968-06-06,0.016645541241985452
1968-06-07,0.016580413930546593
1968-06-08,0.02379092247317823
1968-06-09,0.04176823159420615
1968-06-10,0.03474779149511697
1968-06-11,0.015825697945392188
1968-06-12,0.014667129512943584
1968-06-13,0.028314416223407343
1968-06-14,0.028810920929192196
1968-06-15,0.023838054414354024
1968-06-16,0.016872942685324573
1968-06-17,0.02202553363680116
1968-06-18,0.040791777598163485
1968-06-19,0.06090592008541149
1968-06-20,0.03687969574975546
1968-06-21,0.027192406363211855
1968-06-22,0.03972820634815759
1968-06-23,0.02186289582870723
1968-06-24,0.014209672149043203
1968-06-25,0.017570174895190447
1968-06-26,0.01706939753341103
1968-06-27,0.013789306561981313
1968-06-28,0.009056386385874656
1968-06-29,0.009367751764662539
1968-06-30,0.009426033386113152
1968-07-01,0.007389705458549574
1968-07-02,0.004594629573143858
1968-07-03,0.006155105024204679
1968-07-04,0.012609487136389848
1968-07-05,0.012066592889772344
1968-07-06,0.027417161110385054
1968-07-07,0.030644411290052305
1968-07-08,0.029932949972589502
1968-07-09,0.039470892685421394
1968-07-10,0.04809091392890957
1968-07-11,0.029644967446150933
1968-07-12,0.020592415696104108
1968-07-13,0.015169367475417434
1968-07-14,0.011813293705068964
1968-07-15,0.009149831256033759
1968-07-16,0.011319304569956478
1968-07-17,0.01016441692121429
1968-07-18,0.009970250704033979
1968-07-19,0.008214020847278944
1968-07-20,0.013013737061339733
1968-07-21,0.01071793973160052
1968-07-22,0.008804750311598948
1968-07-23,0.0067827926613921365
1968-07-24,0.010820798184219415
1968-07-25,0.01213008892523767
1968-07-26,0.010403192677335315
1968-07-27,0.013745227886472759
1968-07-28,0.010802744378774976
1968-07-29,0.017363143472195895
1968-07-30,0.018440800838542017
1968-07-31,0.013624665489664274
1968-08-01,0.015867339968624324
1968-08-02,0.013218193392171153
1968-08-03,0.009376068702478523
1968-08-04,0.00956433598084896
1968-08-05,0.009614461558740644
1968-08-06,0.009355173525481703
1968-08-07,0.014975786332472502
1968-08-08,0.015725328124285853
1968-08-09,0.012911949286031236
1968-08-10,0.019137979075369373
1968-08-11,0.013201224196932976
1968-08-12,0.013511299595682537
1968-08-13,0.020592548653667185
1968-08-14,0.010423116483027167
1968-08-15,0.009406767568427014
1968-08-16,0.018212773013467094
1968-08-17,0.010157178913535706
1968-08-18,0.010940111111978637
1968-08-19,0.007901991830440639
1968-08-20,0.00529124390750665
1968-08-21,0.007325955828299085
1968-08-22,0.010494767836313316
1968-08-23,0.013025046754028687
1968-08-24,0.015971135505977226
1968-08-25,0.019024470611427736
1968-08-26,0.02333202600436357
1968-08-27,0.01835561936852005
1968-08-28,0.01407585541080345
1968-08-29,0.007527036940441064
1968-08-30,0.007613310992532446
1968-08-31,0.0036694607397528356
1968-09-01,0.0023678605056234197
1968-09-02,0.003150047723950137
1968-09-03,0.005057696198345325
1968-09-04,0.006764675330261318
1968-09-05,0.003958803312541843
1968-09-06,0.0025633459233707196
1968-09-07,0.005490602664728581
1968-09-08,0.013254653972874857
1968-09-09,0.014218162742217351
1968-09-10,0.005993749023023848
1968-09-11,0.009573567133396355
1968-09-12,0.011548879914160398
1968-09-13,0.013793323160867099
1968-09-14,0.022070203582768753
1968-09-15,0.01390915005619445
1968-09-16,0.012207041743163496
1968-09-17,0.01063973207841343
1968-09-18,0.003256786224314502
1968-09-19,0.007084562672840965
1968-09-20,0.010329153682618246
1968-09-21,0.008350185144413411
1968-09-22,0.009885215108775774
1968-09-23,0.009032081078914124
1968-09-24,0.011780073410729206
1968-09-25,0.011274831170139835
1968-09-26,0.01110495352801295
1968-09-27,0.005801327235531371
1968-09-28,0.004404009480247146
1968-09-29,0.005238356229471959
1968-09-30,0.006021209963710911
1968-10-01,0.006396620232237242
1968-10-02,0.01086066358648441
1968-10-03,0.016752259993643204
1968-10-04,0.0067210024901122635
1968-10-05,0.010301891443824021
1968-10-06,0.004960958160339181
1968-10-07,0.002539263433938934
1968-10-08,0.003337756920050313
1968-10-09,0.003569075840107625
1968-10-10,0.0026741731481745193
1968-10-11,0.0014020746835750764
1968-10-12,8.346444364274138E-4
1968-10-13,0.0013627857437367094
1968-10-14,5.571217968129632E-4
1968-10-15,8.15293479078588E-4
1968-10-16,2.4302358267597266E-4
1968-10-17,1.816471509416318E-4
1968-10-18,1.5913513846825032E-4
1968-10-19,1.1549135821660802E-4
1968-10-20,1.8341204572232419E-4
1968-10-21,2.2227421611544014E-4
1968-10-22,5.591624042400901E-4
1968-10-23,0.005650722225838884
1968-10-24,0.01063560941726855
1968-10-25,0.003603886352004032
1968-10-26,0.003174135460357308
1968-10-27,0.004502416753030316
1968-10-28,0.007720235500427902
1968-10-29,0.008692776614609581
1968-10-30,0.005204978400169345
1968-10-31,0.005152091705078812
1968-11-01,0.005073322417760882
1968-11-02,0.0012301804282740154
1968-11-03,5.093843877344726E-4
1968-11-04,3.090406815405935E-4
1968-11-05,2.07544435553528E-4
1968-11-06,3.0811948065725356E-4
1968-11-07,2.1141148880249078E-4
1968-11-08,1.2809047596292486E-4
1968-11-09,2.9391962701500704E-4
1968-11-10,2.432455603157355E-4
1968-11-11,1.5906562122729395E-4
1968-11-12,6.094127004138166E-4
1968-11-13,7.495430772696535E-4
1968-11-14,0.002466167625346964
1968-11-15,0.00342982055886511
1968-11-16,0.0017050985900407096
1968-11-17,9.529613968672812E-4
1968-11-18,5.489313163591174E-4
1968-11-19,8.032211710616571E-5
1968-11-20,3.0853999119504406E-5
1968-11-21,1.7372334585401556E-5
1968-11-22,2.0603139954991348E-5
1968-11-23,1.863320466784031E-5
1968-11-24,3.4421674765702366E-6
1968-11-25,2.195620230929646E-6
1968-11-26,1.571353360227962E-6
1968-11-27,3.871024864854565E-6
1968-11-28,1.3882253069879497E-4
1968-11-29,3.5656141614020766E-4
1968-11-30,4.490155536468589E-4
1968-12-01,6.920228631371893E-4
1968-12-02,1.8645625496382207E-4
1968-12-03,5.4289759689334795E-6
1968-12-04,7.2391343560400456E-6
1968-12-05,2.8782980212829602E-5
1968-12-06,2.2555596457112647E-5
1968-12-07,2.1667502030494278E-5
1968-12-08,3.716493396238799E-5
1968-12-09,7.297207951310642E-6
1968-12-10,2.7422573600425616E-6
1968-12-11,3.605412917601606E-6
1968-12-12,2.1132427974640187E-6
1968-12-13,2.05351877066178E-6
1968-12-14,2.3306555535351474E-6
1968-12-15,6.154792982932235E-6
1968-12-16,6.238472757153468E-6
1968-12-17,7.88956726958619E-6
1968-12-18,3.6024542159679412E-6
1968-12-19,6.866020018279914E-6
1968-12-20,4.153427690602196E-6
1968-12-21,8.434875381369167E-6
1968-12-22,9.379881904930273E-6
1968-12-23,5.5146352731507524E-6
1968-12-24,5.220529165921438E-6
1968-12-25,1.2624080005494732E-5
1968-12-26,4.8802019680890054E-5
1968-12-27,7.709040695307948E-4
1968-12-28,2.533292035894345E-4
1968-12-29,4.237956892743121E-5
1968-12-30,2.2362885908952185E-6
1968-12-31,1.8758540346543205E-6
1969-01-01,1.8375260876591528E-6
1969-01-02,2.259688147561793E-6
1969-01-03,8.858899090402027E-6
1969-01-04,1.489459694256357E-5
1969-01-05,4.606318420909031E-6
1969-01-06,1.269763807185643E-6
1969-01-07,1.0672970884944063E-6
1969-01-08,2.0246016920826152E-5
1969-01-09,7.506089496346718E-5
1969-01-10,1.4124632070434062E-4
1969-01-11,1.2608960963434191E-4
1969-01-12,1.9049964637547243E-5
1969-01-13,0.0017381224460440534
1969-01-14,0.004809200396030086
1969-01-15,9.117991305379684E-5
1969-01-16,7.514199802656928E-6
1969-01-17,1.76307277784642E-6
1969-01-18,4.62192716754701E-6
1969-01-19,2.302598942336231E-6
1969-01-20,3.7742264246523926E-5
1969-01-21,2.5185616421334868E-6
1969-01-22,2.1657163209806712E-6
1969-01-23,5.202406029546257E-6
1969-01-24,1.7721920065885738E-5
1969-01-25,3.790146455015611E-5
1969-01-26,1.3247042750245674E-5
1969-01-27,1.664462646430378E-5
1969-01-28,0.0030402654544720103
1969-01-29,0.005368615978211014
1969-01-30,3.2180267739571753E-4
1969-01-31,7.883446136631006E-5
1969-02-01,2.278711168021925E-5
1969-02-02,1.8101098297172545E-4
1969-02-03,2.3444845659324675E-4
1969-02-04,2.676308254439804E-4
1969-02-05,0.0020087219846533205
1969-02-06,1.2778644040670122E-4
1969-02-07,1.0967622258415154E-5
1969-02-08,2.4560989074022628E-6
1969-02-09,2.3197947539641972E-6
1969-02-10,2.5098965220657067E-6
1969-02-11,6.0275744114275764E-6
1969-02-12,1.3004125712827206E-6
1969-02-13,2.31991933251041E-6
1969-02-14,1.0692995390654924E-4
1969-02-15,1.1468886332005997E-5
1969-02-16,1.7273742032343128E-5
1969-02-17,2.9058799734984824E-5
1969-02-18,2.7100623929777725E-6
1969-02-19,1.5864135309035304E-6
1969-02-20,6.911180370443776E-7
1969-02-21,3.1077337149428536E-6
1969-02-22,6.374025766706627E-7
1969-02-23,2.001342109186428E-6
1969-02-24,3.486529767177738E-6
1969-02-25,1.1448746187929305E-5
1969-02-26,4.52021779747578E-5
1969-02-27,2.462762920459897E-5
1969-02-28,5.796102231411255E-5
1969-03-01,2.764092554270058E-4
1969-03-02,9.504915942102215E-5
1969-03-03,4.53615720557952E-7
1969-03-04,2.1583626535982783E-6
1969-03-05,1.2877752882842762E-6
1969-03-06,4.352122094677316E-7
1969-03-07,3.135584586285909E-5
1969-03-08,4.930538462818146E-4
1969-03-09,5.996398786663155E-4
1969-03-10,6.009137023229178E-4
1969-03-11,1.9106580095039623E-4
1969-03-12,1.4832389657159508E-4
1969-03-13,1.8296261605839024E-5
1969-03-14,1.5668541617832698E-4
1969-03-15,6.288635608255244E-4
1969-03-16,0.005976348456414324
1969-03-17,0.009060597495888377
1969-03-18,0.010854415728130621
1969-03-19,0.017875410360977107
1969-03-20,0.012598457898660884
1969-03-21,0.006760565621029104
1969-03-22,0.002483038753473155
1969-03-23,0.0014559213037187563
1969-03-24,0.006033188443139178
1969-03-25,0.002129025124307145
1969-03-26,0.005638869042795309
1969-03-27,0.004340025564048237
1969-03-28,0.0014692212915351634
1969-03-29,3.4372349691455203E-4
1969-03-30,7.726785230190095E-6
1969-03-31,3.4009602214927578E-6
1969-04-01,1.6726237869656654E-6
1969-04-02,3.271964176639092E-6
1969-04-03,7.288592796203038E-5
1969-04-04,1.959107459513835E-5
1969-04-05,7.347721840529871E-4
1969-04-06,0.0016762330158457547
1969-04-07,0.00459023721054615
1969-04-08,7.934182551780962E-4
1969-04-09,9.832601583268676E-4
1969-04-10,6.882168498911376E-4
1969-04-11,0.0022069158446309045
1969-04-12,0.007300981088393352
1969-04-13,0.010746420536579747
1969-04-14,0.02413031804755932
1969-04-15,0.008347164528788564
1969-04-16,0.009071787571872556
1969-04-17,0.027110816076435
1969-04-18,0.021242132303197585
1969-04-19,0.014273201660286087
1969-04-20,0.007796142701711176
1969-04-21,0.010931138219386655
1969-04-22,0.009077637053122584
1969-04-23,0.007202769143106812
1969-04-24,9.520506665930814E-4
1969-04-25,9.069457814519854E-4
1969-04-26,8.71510089750696E-4
1969-04-27,0.0015721255086600086
1969-04-28,0.0032127224853750595
1969-04-29,0.014180855096943444
1969-04-30,0.009024088527292055
1969-05-01,0.0012798540474715766
1969-05-02,0.004859832274029554
1969-05-03,0.001349292466748167
1969-05-04,8.171402304135663E-4
1969-05-05,3.330582347844161E-4
1969-05-06,1.3567283393554539E-4
1969-05-07,4.837062805450139E-4
1969-05-08,0.0037308364541358448
1969-05-09,0.002340930493978822
1969-05-10,8.006327720726644E-4
1969-05-11,4.6314580860765255E-4
1969-05-12,6.772307929501356E-4
1969-05-13,0.0020666654312668166
1969-05-14,0.0017793008940781786
1969-05-15,0.0011636081202579935
1969-05-16,0.0011478742028702095
1969-05-17,0.003241812881411853
1969-05-18,0.002237153419569136
1969-05-19,0.005767094656665145
1969-05-20,0.006065334579949021
1969-05-21,0.007694456604423902
1969-05-22,0.00735133893542437
1969-05-23,0.007490430705185051
1969-05-24,0.008935967645506325
1969-05-25,0.013078424225003523
1969-05-26,0.010644202744178393
1969-05-27,0.01772276776842206
1969-05-28,0.004768144524660719
1969-05-29,0.0037897082417632016
1969-05-30,0.0034742294540522746
1969-05-31,0.006045798036802745
1969-06-01,0.004166583121349097
1969-06-02,0.011394698960977534
1969-06-03,0.01605459753297633
1969-06-04,0.015388947686344098
1969-06-05,0.014535938524274185
1969-06-06,0.018758397950657802
1969-06-07,0.04144237050459231
1969-06-08,0.030050841471520463
1969-06-09,0.01286449371291069
1969-06-10,0.009571665711133517
1969-06-11,0.01579668764655724
1969-06-12,0.015987954674739097
1969-06-13,0.009610901273973129
1969-06-14,0.008182744641400232
1969-06-15,0.008261743693968789
1969-06-16,0.007860457856349621
1969-06-17,0.008953154006684392
1969-06-18,0.0206175776969246
1969-06-19,0.017663718592100707
1969-06-20,0.04711006473402688
1969-06-21,0.05930402201689285
1969-06-22,0.024105796761811023
1969-06-23,0.02557414043247082
1969-06-24,0.01744637045498731
1969-06-25,0.00654284408951472
1969-06-26,0.0066809038372586905
1969-06-27,0.006191755283680859
1969-06-28,0.005970423462392862
1969-06-29,0.009746476757458041
1969-06-30,0.011162657161245254
1969-07-01,0.010781628945277576
1969-07-02,0.010150039074751243
1969-07-03,0.011832102299491125
1969-07-04,0.019865367491134454
1969-07-05,0.017475021577992203
1969-07-06,0.010086731489140768
1969-07-07,0.014271711694612417
1969-07-08,0.017413858168271776
1969-07-09,0.023810929726224596
1969-07-10,0.02101084074279308
1969-07-11,0.009500352475659505
1969-07-12,0.006842873869672905
1969-07-13,0.012427036560324926
1969-07-14,0.00859544163834749
1969-07-15,0.01043873901714381
1969-07-16,0.017186043709735102
1969-07-17,0.01923327507890892
1969-07-18,0.020485336813498404
1969-07-19,0.009600128029695875
1969-07-20,0.012208230657480699
1969-07-21,0.007646170084802986
1969-07-22,0.009723622897761408
1969-07-23,0.013295628508454243
1969-07-24,0.009109023087426555
1969-07-25,0.008075155795659844
1969-07-26,0.00631130568265351
1969-07-27,0.007943181936630399
1969-07-28,0.008599647483791432
1969-07-29,0.007556949329734393
1969-07-30,0.008682940095583448
1969-07-31,0.013053911537142445
1969-08-01,0.024394143357831154
1969-08-02,0.028072882897458268
1969-08-03,0.006114763726670866
1969-08-04,0.005749131142900364
1969-08-05,0.0092119196901696
1969-08-06,0.009165151460925872
1969-08-07,0.01237906695132104
1969-08-08,0.015623815686373114
1969-08-09,0.015376850012710658
1969-08-10,0.012721250342976517
1969-08-11,0.012038522342103213
1969-08-12,0.012806044786202566
1969-08-13,0.01201374021824727
1969-08-14,0.011579563222173708
1969-08-15,0.016249555631269803
1969-08-16,0.024443709459167934
1969-08-17,0.04020121469645798
1969-08-18,0.04031688345906474
1969-08-19,0.025368352569342962
1969-08-20,0.016453428355343185
1969-08-21,0.013353010180945578
1969-08-22,0.010546905601282531
1969-08-23,0.008521584769966539
1969-08-24,0.006719821849905229
1969-08-25,0.006907302970894111
1969-08-26,0.008429238701594174
1969-08-27,0.007948997875400751
1969-08-28,0.010254667863763679
1969-08-29,0.008787746026086835
1969-08-30,0.007247907652056451
1969-08-31,0.0037640857277178447
1969-09-01,0.004230031236707914
1969-09-02,0.0031517797089443966
1969-09-03,0.002990179263326696
1969-09-04,0.008126392210191919
1969-09-05,0.016959026187943357
1969-09-06,0.01033693185513384
1969-09-07,0.010314902427685268
1969-09-08,0.007824120409587462
1969-09-09,0.010403757119528439
1969-09-10,0.008960149656734855
1969-09-11,0.006711912984613479
1969-09-12,0.008315909240595784
1969-09-13,0.007742094226995229
1969-09-14,0.005888496521606228
1969-09-15,0.003715417815466081
1969-09-16,0.001713395388264992
1969-09-17,0.0014226898229883357
1969-09-18,0.002911462222787261
1969-09-19,0.008314957883957997
1969-09-20,0.005421913237970229
1969-09-21,0.001910366063203887
1969-09-22,0.002871218732637987
1969-09-23,0.012130836464644027
1969-09-24,0.015384668088878551
1969-09-25,0.03114358018494736
1969-09-26,0.017406762376949148
1969-09-27,0.0011373180419425033
1969-09-28,0.0018975560945922129
1969-09-29,0.0018101286475322212
1969-09-30,0.0026557276674842455
1969-10-01,0.004641755153179329
1969-10-02,0.005962530749827414
1969-10-03,0.0028558172140636024
1969-10-04,0.0037660547304616027
1969-10-05,0.004588904391629353
1969-10-06,0.00546932734438202
1969-10-07,0.006316550702006726
1969-10-08,0.0073073915236055685
1969-10-09,0.007322237299091024
1969-10-10,0.00835156843940469
1969-10-11,0.015237292520176771
1969-10-12,0.0027180322849188945
1969-10-13,8.241042280317957E-4
1969-10-14,8.971110696991038E-4
1969-10-15,6.750705534174659E-4
1969-10-16,3.303694687225623E-4
1969-10-17,4.0738750262605335E-4
1969-10-18,4.877856969511911E-4
1969-10-19,3.3864594767407614E-4
1969-10-20,1.9703222478765922E-4
1969-10-21,2.602623438142071E-4
1969-10-22,3.7380186935664174E-4
1969-10-23,9.492990737011389E-4
1969-10-24,7.483125961292344E-4
1969-10-25,5.28871331408983E-4
1969-10-26,6.44471194323011E-4
1969-10-27,0.001288478862663456
1969-10-28,0.002032220561299055
1969-10-29,4.2363001199461275E-4
1969-10-30,2.3234804745768118E-4
1969-10-31,2.5654626306420754E-4
1969-11-01,1.1375168327855544E-4
1969-11-02,2.2504816526262274E-5
1969-11-03,1.6408173679565853E-5
1969-11-04,8.81484803119014E-6
1969-11-05,4.485478751961594E-4
1969-11-06,4.0003861530913884E-4
1969-11-07,1.044205522172084E-4
1969-11-08,1.0639798889370116E-4
1969-11-09,4.56161869205081E-5
1969-11-10,2.9557809498929617E-4
1969-11-11,0.011003977032432236
1969-11-12,0.008562097276641867
1969-11-13,0.0023349338715423417
1969-11-14,7.105092809986539E-4
1969-11-15,6.001672099258618E-4
1969-11-16,1.7228725640395972E-4
1969-11-17,1.9350738536821736E-4
1969-11-18,2.3314661598610985E-4
1969-11-19,3.024250457614974E-4
1969-11-20,2.5925209813576E-4
1969-11-21,1.9959251667371332E-4
1969-11-22,1.6212008362851817E-4
1969-11-23,7.117623311896917E-5
1969-11-24,1.2120552240034237E-4
1969-11-25,3.1935021551649976E-4
1969-11-26,3.8109449462194785E-4
1969-11-27,2.2356810949493718E-4
1969-11-28,5.5573226829799286E-5
1969-11-29,4.568032769226022E-5
1969-11-30,4.9691225946934166E-5
1969-12-01,6.154825972577551E-5
1969-12-02,1.2741538686297666E-4
1969-12-03,1.925124411573631E-4
1969-12-04,2.023662448448808E-4
1969-12-05,3.139510493118502E-4
1969-12-06,3.109330704237127E-4
1969-12-07,1.1528341534692642E-4
1969-12-08,8.01625369545427E-6
1969-12-09,2.536524329020866E-6
1969-12-10,1.3100860992402884E-5
1969-12-11,3.256656943888161E-5
1969-12-12,9.864665394113671E-6
1969-12-13,2.004047543881329E-5
1969-12-14,1.2065867305212357E-4
1969-12-15,1.032524064283846E-4
1969-12-16,1.2813392055777268E-5
1969-12-17,2.835918884892526E-5
1969-12-18,2.0516507908199444E-4
1969-12-19,2.737129151367442E-4
1969-12-20,1.3699450681233758E-4
1969-12-21,8.02827186747589E-5
1969-12-22,2.2551980722464127E-5
1969-12-23,5.73853025517582E-6
1969-12-24,1.992498279657254E-6
1969-12-25,8.572421961136888E-6
1969-12-26,5.326409613129238E-6
1969-12-27,1.7857990478010735E-6
1969-12-28,1.2251360373469655E-6
1969-12-29,1.4449782364637624E-6
1969-12-30,2.4789023111251933E-6
1969-12-31,2.3322725319616933E-6
1970-01-01,3.9990755270836236E-6
1970-01-02,1.2565544174714311E-6
1970-01-03,2.603410056566898E-6
1970-01-04,2.2336737851700452E-6
1970-01-05,3.915016752278662E-6
1970-01-06,1.7851067284216195E-5
1970-01-07,4.620914972206239E-4
1970-01-08,7.913518152208429E-5
1970-01-09,3.481666768023722E-5
1970-01-10,4.29012423435367E-5
1970-01-11,9.222936075876565E-5
1970-01-12,0.0027409574202868396
1970-01-13,1.2852251044537694E-4
1970-01-14,6.2880262363849744E-6
1970-01-15,5.548203749966527E-6
1970-01-16,2.8821709293513694E-5
1970-01-17,4.0619128503644695E-5
1970-01-18,4.213992717858771E-5
1970-01-19,9.877481869481083E-6
1970-01-20,5.799475807849778E-4
1970-01-21,0.008681584225030974
1970-01-22,0.0010924149200930505
1970-01-23,3.2476727115081155E-4
1970-01-24,2.4928659766410005E-4
1970-01-25,5.846932064340373E-5
1970-01-26,7.964236517092512E-4
1970-01-27,0.0027861448228819136
1970-01-28,2.87084052467786E-4
1970-01-29,1.5878278477887607E-5
1970-01-30,4.4541392106537257E-7
1970-01-31,7.710711950784713E-6
1970-02-01,8.903130946426211E-5
1970-02-02,2.2793346490372258E-4
1970-02-03,4.6209376952102776E-5
1970-02-04,1.8191239837549833E-6
1970-02-05,3.177445287855101E-6
1970-02-06,1.2637567906765732E-5
1970-02-07,8.206921607814563E-6
1970-02-08,2.5611604161851027E-6
1970-02-09,3.6922038212279787E-6
1970-02-10,1.3261400718569613E-5
1970-02-11,7.68551419863499E-6
1970-02-12,8.64482363565365E-7
1970-02-13,3.3535085946590465E-5
1970-02-14,2.6241986170241824E-5
1970-02-15,2.565919203334488E-6
1970-02-16,5.256922463784563E-6
1970-02-17,1.3658393720599374E-4
1970-02-18,4.8917647348172584E-5
1970-02-19,0.0021634363650307508
1970-02-20,0.0053217815707856265
1970-02-21,0.0010158320311256979
1970-02-22,0.0028914284937615483
1970-02-23,0.004871379970587943
1970-02-24,0.009483407908085174
1970-02-25,0.004248147696805983
1970-02-26,0.0032975308514379483
1970-02-27,6.11720749103861E-4
1970-02-28,4.61209834621008E-4
1970-03-01,4.9759643008049E-5
1970-03-02,3.244445745381114E-5
1970-03-03,0.0011880574316275895
1970-03-04,0.0013532957642910408
1970-03-05,0.0022046595909204626
1970-03-06,4.913322289046824E-4
1970-03-07,3.244334381273951E-5
1970-03-08,2.6770227868510105E-5
1970-03-09,3.6767184881849144E-5
1970-03-10,4.1953629205582754E-5
1970-03-11,0.0038144350353609027
1970-03-12,6.401575954662108E-4
1970-03-13,0.0012057649147405025
1970-03-14,0.001037926975170446
1970-03-15,3.646012667906444E-4
1970-03-16,8.082871949344032E-5
1970-03-17,5.95300774423256E-6
1970-03-18,1.40257648802004E-6
1970-03-19,8.471064224779557E-7
1970-03-20,7.0946727858985765E-6
1970-03-21,3.6889116939389613E-6
1970-03-22,3.0980828366770555E-6
1970-03-23,0.0020552833526100924
1970-03-24,0.0029749293167154805
1970-03-25,4.8631453928340705E-4
1970-03-26,0.003646094407304592
1970-03-27,0.00672606233636381
1970-03-28,0.006291608482005494
1970-03-29,0.005225854651363886
1970-03-30,0.01037295740106221
1970-03-31,0.006673039220814601
1970-04-01,0.005220290669303991
1970-04-02,7.340331239903265E-4
1970-04-03,3.195838708821084E-4
1970-04-04,5.460374291733987E-4
1970-04-05,8.837224392656589E-5
1970-04-06,1.517527087212989E-5
1970-04-07,2.301525658667652E-4
1970-04-08,8.653853119390213E-4
1970-04-09,0.008338381994283007
1970-04-10,0.007429392675983353
1970-04-11,0.006739816187996918
1970-04-12,1.671526434267423E-4
1970-04-13,0.002106136024542081
1970-04-14,0.0029599977747782704
1970-04-15,0.014442032864571656
1970-04-16,0.024912587131362365
1970-04-17,0.011346434192219874
1970-04-18,0.005625633913979238
1970-04-19,0.003272931014943211
1970-04-20,0.002916489698750971
1970-04-21,0.0010701089141324936
1970-04-22,5.644781815157025E-4
1970-04-23,4.010072422590887E-4
1970-04-24,0.00200905433227001
1970-04-25,0.0016707053398356997
1970-04-26,0.0017665062347320022
1970-04-27,0.0023597047642268626
1970-04-28,0.004808746478608789
1970-04-29,0.006333886520956254
1970-04-30,0.005176009296262331
1970-05-01,0.0021921605812994295
1970-05-02,0.0030921142438816163
1970-05-03,0.00212762537466496
1970-05-04,0.0026246358639675383
1970-05-05,7.550334080833682E-4
1970-05-06,0.004374359855642153
1970-05-07,0.004655488300567373
1970-05-08,0.006445877961673006
1970-05-09,0.0032838080122491345
1970-05-10,0.0024065431471098127
1970-05-11,0.002570024367102733
1970-05-12,0.002406716271312795
1970-05-13,0.006822092829114385
1970-05-14,0.009829787650578336
1970-05-15,0.01880609400417399
1970-05-16,0.017256620129936413
1970-05-17,0.027101790336957858
1970-05-18,0.02102180495097801
1970-05-19,0.014275642641726921
1970-05-20,0.0016057712652347935
1970-05-21,5.885788508086196E-4
1970-05-22,0.0028008699485262737
1970-05-23,0.008046143482024917
1970-05-24,0.0071011124569928296
1970-05-25,0.006747563296412257
1970-05-26,0.007530984835439465
1970-05-27,0.007224183769691161
1970-05-28,0.007469141780471432
1970-05-29,0.005628800047691536
1970-05-30,0.005204327758944783
1970-05-31,0.009839783377356784
1970-06-01,0.012576582336814432
1970-06-02,0.015662247748733767
1970-06-03,0.020301611369506374
1970-06-04,0.015297514132019612
1970-06-05,0.01372706385047045
1970-06-06,0.02257156385372351
1970-06-07,0.033416655062629204
1970-06-08,0.02371944690711014
1970-06-09,0.013727722172477176
1970-06-10,0.01227658341659694
1970-06-11,0.010601358839193125
1970-06-12,0.007426883648560268
1970-06-13,0.006269359678937963
1970-06-14,0.004574118425806442
1970-06-15,0.011883267779600462
1970-06-16,0.0155213197538185
1970-06-17,0.012485873550019577
1970-06-18,0.018771730490253016
1970-06-19,0.023438525982338074
1970-06-20,0.01261764055613855
1970-06-21,0.02352368111359323
1970-06-22,0.037948306341190376
1970-06-23,0.04302595339022291
1970-06-24,0.020786615580552153
1970-06-25,0.01086243361690558
1970-06-26,0.008658314338973397
1970-06-27,0.006190303524807465
1970-06-28,0.006561207211305764
1970-06-29,0.008173155811269784
1970-06-30,0.009560400215042961
1970-07-01,0.010653256395896328
1970-07-02,0.011676451216870372
1970-07-03,0.006097968855918462
1970-07-04,0.004253920545060356
1970-07-05,0.010871517096937932
1970-07-06,0.00841854217630753
1970-07-07,0.010562812700786618
1970-07-08,0.016072573358226882
1970-07-09,0.015723080726122416
1970-07-10,0.01824083022656674
1970-07-11,0.031631193773438766
1970-07-12,0.053570478982155514
1970-07-13,0.023077078844758275
1970-07-14,0.023761038193172407
1970-07-15,0.011577834215129205
1970-07-16,0.006008732488397922
1970-07-17,0.01243741306322209
1970-07-18,0.01650201261663719
1970-07-19,0.0211513910173613
1970-07-20,0.016134303142343688
1970-07-21,0.030957546205742682
1970-07-22,0.02707675180654404
1970-07-23,0.031844865773343126
1970-07-24,0.02533654913093366
1970-07-25,0.022788329400973025
1970-07-26,0.014229430659619256
1970-07-27,0.011889308339777558
1970-07-28,0.010030416122249164
1970-07-29,0.014122588986647465
1970-07-30,0.015427404121684484
1970-07-31,0.01326585420050828
1970-08-01,0.014311105094725676
1970-08-02,0.01054972496808399
1970-08-03,0.007408914801320173
1970-08-04,0.008929499125602182
1970-08-05,0.008437689572637035
1970-08-06,0.011531869230079199
1970-08-07,0.012336664826768623
1970-08-08,0.016171948783078833
1970-08-09,0.012701703436831538
1970-08-10,0.00715043030088478
1970-08-11,0.010980333432525283
1970-08-12,0.022112900285247487
1970-08-13,0.009545259204905964
1970-08-14,0.0037052440525279814
1970-08-15,0.013350896788808722
1970-08-16,0.01399220474752331
1970-08-17,0.007704972856760381
1970-08-18,0.004235098338607114
1970-08-19,0.003866707427296214
1970-08-20,0.0048065859271852265
1970-08-21,0.013640195163335003
1970-08-22,0.011347852163819385
1970-08-23,0.013239841327391026
1970-08-24,0.010785243167319842
1970-08-25,0.010863984281298537
1970-08-26,0.010461005906454776
1970-08-27,0.010508197516228222
1970-08-28,0.009426093219301062
1970-08-29,0.023654085580047335
1970-08-30,0.013809009668254085
1970-08-31,0.010809787462190757
1970-09-01,0.018037123541549394
1970-09-02,0.016700117031812334
1970-09-03,0.006901466439864428
1970-09-04,0.005425973920578628
1970-09-05,0.005900202399551632
1970-09-06,0.001474739422862243
1970-09-07,0.004446931799958859
1970-09-08,0.016357772867942093
1970-09-09,0.014902337015470614
1970-09-10,0.009404218931311771
1970-09-11,0.006526973990044768
1970-09-12,0.01589106481939582
1970-09-13,0.0134111027760454
1970-09-14,0.013441983070446702
1970-09-15,0.010988055601146667
1970-09-16,0.007887703032800009
1970-09-17,0.007765572107824658
1970-09-18,0.006916305328123554
1970-09-19,0.0045644624502984895
1970-09-20,0.009529317016598373
1970-09-21,0.007853968007924308
1970-09-22,0.0060474818077031695
1970-09-23,0.007122819597132612
1970-09-24,0.007200823686423362
1970-09-25,0.009420017384866534
1970-09-26,0.007187228426374784
1970-09-27,0.00516947786554492
1970-09-28,0.012259110995000178
1970-09-29,0.014258477544995245
1970-09-30,0.02157231698965534
1970-10-01,0.026889116661730703
1970-10-02,0.03247271087817196
1970-10-03,0.028951992591553986
1970-10-04,0.01113383558263778
1970-10-05,0.009205968656398443
1970-10-06,0.010795521615538187
1970-10-07,0.009947559733363578
1970-10-08,0.004468103002285047
1970-10-09,0.004965073472412672
1970-10-10,0.002739888329912103
1970-10-11,0.0019122988732425787
1970-10-12,0.005184176516925496
1970-10-13,0.0037805076860809653
1970-10-14,0.0016623483135027011
1970-10-15,0.0010612145013066399
1970-10-16,2.4641579952105287E-4
1970-10-17,4.4894562238879476E-4
1970-10-18,1.5598326934760146E-4
1970-10-19,4.263784095503732E-4
1970-10-20,3.371990150457793E-4
1970-10-21,0.009147100141163203
1970-10-22,0.032944701664472394
1970-10-23,0.05982249474182437
1970-10-24,0.008037149073468818
1970-10-25,0.0015423220121168891
1970-10-26,5.9138611454369E-4
1970-10-27,3.667928954894056E-4
1970-10-28,0.00257617974547452
1970-10-29,0.006500572985533051
1970-10-30,0.010185535016415705
1970-10-31,0.007335127380127018
1970-11-01,0.005437883434141477
1970-11-02,0.0019593972921414502
1970-11-03,0.001083615829301259
1970-11-04,0.003932666142900756
1970-11-05,0.006467440164826656
1970-11-06,4.635315802399618E-4
1970-11-07,8.828709095906733E-4
1970-11-08,0.0019704349132929704
1970-11-09,4.4380586079505467E-4
1970-11-10,7.506753886903902E-4
1970-11-11,0.003089873004822343
1970-11-12,0.030552522108404787
1970-11-13,0.015718980889589115
1970-11-14,0.0011776460000204399
1970-11-15,2.2369131406682304E-4
1970-11-16,7.414587840614179E-5
1970-11-17,8.757157562627316E-5
1970-11-18,6.023340638180882E-5
1970-11-19,5.227296522716192E-5
1970-11-20,8.120669377347277E-5
1970-11-21,1.7529407436343017E-4
1970-11-22,7.241925222882783E-5
1970-11-23,1.4010050974467834E-5
1970-11-24,7.755927625393907E-5
1970-11-25,2.748761418255284E-4
1970-11-26,2.1223113142889718E-4
1970-11-27,1.2526997780609392E-4
1970-11-28,2.877260149476252E-5
1970-11-29,9.14430505160531E-5
1970-11-30,2.832254225652938E-4
1970-12-01,3.7033267294294164E-5
1970-12-02,3.210476679420554E-5
1970-12-03,2.7130340634206053E-5
1970-12-04,2.295800840849797E-5
1970-12-05,4.405160632309419E-5
1970-12-06,1.2797797249960102E-5
1970-12-07,1.8798680569868471E-6
1970-12-08,6.05220022079048E-7
1970-12-09,4.825422404897566E-5
1970-12-10,2.404517785773793E-5
1970-12-11,1.2870887583902435E-4
1970-12-12,3.712703151926842E-4
1970-12-13,1.056365035077665E-4
1970-12-14,1.7435132569187437E-6
1970-12-15,1.9320369388242895E-6
1970-12-16,2.188078146295132E-6
1970-12-17,5.776910122163224E-5
1970-12-18,1.7251776064586003E-4
1970-12-19,1.5306070550646087E-4
1970-12-20,4.427004989807384E-5
1970-12-21,5.001108112557897E-5
1970-12-22,3.4369467891736365E-5
1970-12-23,8.636754200251053E-6
1970-12-24,3.6202790357850604E-6
1970-12-25,3.712491328844931E-6
1970-12-26,4.613887067545791E-6
1970-12-27,3.501000013925518E-5
1970-12-28,1.2836861605740197E-4
1970-12-29,1.5815647376749099E-4
1970-12-30,1.879199804315177E-4
1970-12-31,2.3424191645807465E-4
1971-01-01,1.7217986199663545E-4
1971-01-02,2.782578079905445E-5
1971-01-03,8.16236337162153E-6
1971-01-04,5.541015703635064E-6
1971-01-05,2.1281754906559313E-5
1971-01-06,1.0167236964656107E-4
1971-01-07,4.075124370227732E-5
1971-01-08,5.449238029595052E-6
1971-01-09,3.443565558660897E-5
1971-01-10,4.070613937619295E-6
1971-01-11,1.0888153038205405E-6
1971-01-12,7.258737500337707E-5
1971-01-13,2.4247416903055826E-5
1971-01-14,5.91260534396491E-5
1971-01-15,1.7248893009929778E-4
1971-01-16,6.690209599443552E-5
1971-01-17,8.258121226444246E-4
1971-01-18,4.1141985873850066E-4
1971-01-19,1.6918006599619777E-4
1971-01-20,4.247330862524746E-5
1971-01-21,1.2205017974214097E-4
1971-01-22,9.587717659678901E-4
1971-01-23,7.51215104544944E-5
1971-01-24,5.779305378424841E-5
1971-01-25,4.6517545132004044E-4
1971-01-26,0.00927369221773748
1971-01-27,0.003235783746470261
1971-01-28,0.0020063394471056158
1971-01-29,3.7931649823852686E-4
1971-01-30,4.3306262454975845E-5
1971-01-31,2.8674469003888613E-5
1971-02-01,4.564538907804843E-5
1971-02-02,2.9861438156328186E-5
1971-02-03,1.446334576606218E-5
1971-02-04,4.0492570732967456E-5
1971-02-05,8.475973293147416E-5
1971-02-06,6.719169219389095E-5
1971-02-07,1.3125565166399153E-6
1971-02-08,1.344320761032118E-5
1971-02-09,1.3466996720589154E-4
1971-02-10,6.497935362991482E-4
1971-02-11,0.002196402925409194
1971-02-12,0.0062728971765478305
1971-02-13,2.33466635268984E-4
1971-02-14,8.831042250054335E-5
1971-02-15,8.522519997540441E-6
1971-02-16,2.5721415113366675E-6
1971-02-17,2.8164072738286086E-6
1971-02-18,7.660085939212953E-6
1971-02-19,6.366715695770403E-5
1971-02-20,3.2115588049060577E-4
1971-02-21,5.399431431531396E-4
1971-02-22,5.21622084689146E-4
1971-02-23,0.0014896579070230909
1971-02-24,5.142528573959676E-4
1971-02-25,1.5146848083021097E-4
1971-02-26,2.6026306178906655E-5
1971-02-27,1.559279349331688E-5
1971-02-28,0.0020553715307640883
1971-03-01,5.405927146622698E-4
1971-03-02,4.7553541661554555E-5
1971-03-03,1.5559783998549187E-6
1971-03-04,1.1666506297945009E-5
1971-03-05,9.116037801834302E-5
1971-03-06,1.5456770929084783E-4
1971-03-07,8.828053606461852E-5
1971-03-08,1.502954034726304E-6
1971-03-09,1.0963167962879789E-6
1971-03-10,4.351138045421976E-7
1971-03-11,2.5985397770064323E-6
1971-03-12,2.5538982536285045E-6
1971-03-13,3.613554306128421E-6
1971-03-14,2.1347586383710337E-5
1971-03-15,3.917117191037428E-5
1971-03-16,6.100298565070972E-5
1971-03-17,6.819976962192099E-5
1971-03-18,1.5972759896661166E-4
1971-03-19,5.7048804396482E-5
1971-03-20,6.728265745904479E-5
1971-03-21,1.501113536014785E-4
1971-03-22,5.97545175852654E-4
1971-03-23,0.0010721023354896171
1971-03-24,7.736178189182395E-4
1971-03-25,7.229589434277197E-4
1971-03-26,0.0011706461411411006
1971-03-27,0.006770245128479405
1971-03-28,0.009690725552007399
1971-03-29,0.008144873202252784
1971-03-30,0.007612774796778949
1971-03-31,0.00679353975232616
1971-04-01,0.0031011146293277447
1971-04-02,0.01596012995425081
1971-04-03,0.01484802017010359
1971-04-04,0.006019409966996334
1971-04-05,0.01718138352321875
1971-04-06,0.014963765867613603
1971-04-07,0.02412634032120074
1971-04-08,0.0034200281705202935
1971-04-09,0.0019028374534972128
1971-04-10,0.008844653888755289
1971-04-11,0.02089428771646761
1971-04-12,0.036270168962215514
1971-04-13,0.02508806574462755
1971-04-14,0.014575231990550217
1971-04-15,0.016805888507594763
1971-04-16,0.009163767796921409
1971-04-17,0.00661577092793947
1971-04-18,0.004809033691752013
1971-04-19,0.003896346202738982
1971-04-20,0.0018810652754642032
1971-04-21,0.005457416608791012
1971-04-22,0.006403392014744895
1971-04-23,0.004807905445664521
1971-04-24,0.006765303508602891
1971-04-25,0.006587085435663318
1971-04-26,0.0014611960850403334
1971-04-27,0.002379042010486649
1971-04-28,0.004549574744871862
1971-04-29,0.00466624278369509
1971-04-30,0.008616622977690164
1971-05-01,0.018370598944291598
1971-05-02,0.024301433671328036
1971-05-03,0.013028916162527718
1971-05-04,0.003057660128228086
1971-05-05,0.0022147621193556563
1971-05-06,0.0034714523733523944
1971-05-07,0.031232799423037406
1971-05-08,0.025961294829149228
1971-05-09,0.02280552715093967
1971-05-10,0.020729932525380385
1971-05-11,0.014974134535941168
1971-05-12,0.008523015509558179
1971-05-13,0.005396985433753806
1971-05-14,0.004615261989005216
1971-05-15,0.005295458200853366
1971-05-16,0.0035223501095559564
1971-05-17,0.00347820062713739
1971-05-18,0.0026850301873474437
1971-05-19,0.0015901775764955019
1971-05-20,0.0014809506234764488
1971-05-21,0.0019160415260699708
1971-05-22,0.006379255727218652
1971-05-23,0.007363995020833915
1971-05-24,0.007766984484742828
1971-05-25,0.009440040417445303
1971-05-26,0.01216930584933865
1971-05-27,0.011676487007663513
1971-05-28,0.006247792926432075
1971-05-29,0.009491808681118154
1971-05-30,0.009781859049062088
1971-05-31,0.009444635072065064
1971-06-01,0.009987598462348174
1971-06-02,0.01190526299178989
1971-06-03,0.012907470633327254
1971-06-04,0.011256332788678042
1971-06-05,0.009622466477263048
1971-06-06,0.014217549717237207
1971-06-07,0.012617631758577106
1971-06-08,0.015376275209800814
1971-06-09,0.013093309705293342
1971-06-10,0.012835112832565748
1971-06-11,0.014450450923904568
1971-06-12,0.0175042348169952
1971-06-13,0.013036277543232836
1971-06-14,0.009831036654355483
1971-06-15,0.012061547448382776
1971-06-16,0.010958452758766103
1971-06-17,0.005250613520149921
1971-06-18,0.0060810263435167764
1971-06-19,0.007577436430622929
1971-06-20,0.01210134722699207
1971-06-21,0.012274031120983808
1971-06-22,0.015875156818182384
1971-06-23,0.022183742496003724
1971-06-24,0.018839464666975024
1971-06-25,0.022264406406492614
1971-06-26,0.03256903467425688
1971-06-27,0.029604186887393982
1971-06-28,0.01764983531964921
1971-06-29,0.013095967106367176
1971-06-30,0.014200659567540528
1971-07-01,0.011761246258133178
1971-07-02,0.01795833263108279
1971-07-03,0.014740511865164022
1971-07-04,0.020134696609521403
1971-07-05,0.017372733484342106
1971-07-06,0.009898542130219871
1971-07-07,0.004559915618539689
1971-07-08,0.005310345134842772
1971-07-09,0.00999716092677269
1971-07-10,0.014055241101330416
1971-07-11,0.012149371051744266
1971-07-12,0.012184330845466702
1971-07-13,0.005503423341556626
1971-07-14,0.013471022368381347
1971-07-15,0.030924381709390998
1971-07-16,0.023622433682528362
1971-07-17,0.01625757520967486
1971-07-18,0.013004343702745549
1971-07-19,0.013379531006771627
1971-07-20,0.024958802667741226
1971-07-21,0.027037377990564684
1971-07-22,0.01709993774123702
1971-07-23,0.017827589398780763
1971-07-24,0.00744428291420022
1971-07-25,0.034139081583630396
1971-07-26,0.015598930793489662
1971-07-27,0.012031900014814459
1971-07-28,0.004484871649263884
1971-07-29,0.014101394242672304
1971-07-30,0.030599906099311878
1971-07-31,0.02421674330346052
1971-08-01,0.02198017279481601
1971-08-02,0.009681735376301499
1971-08-03,0.006855355125730723
1971-08-04,0.006752299683228114
1971-08-05,0.007692278311632422
1971-08-06,0.01177869084988747
1971-08-07,0.01322490392717853
1971-08-08,0.018273203533539877
1971-08-09,0.015080541935870842
1971-08-10,0.008754492066885479
1971-08-11,0.019559049985774023
1971-08-12,0.017320124653373504
1971-08-13,0.01625748845730293
1971-08-14,0.015887091683468427
1971-08-15,0.025156582052121543
1971-08-16,0.020987039691263115
1971-08-17,0.03412758969604817
1971-08-18,0.02790851227739815
1971-08-19,0.018364470202172155
1971-08-20,0.012938919438590843
1971-08-21,0.0052812533208708825
1971-08-22,0.01255748326995036
1971-08-23,0.011386593874265357
1971-08-24,0.015785122864190766
1971-08-25,0.014784319100871706
1971-08-26,0.0184083376586658
1971-08-27,0.023677231178879977
1971-08-28,0.02673516466750091
1971-08-29,0.027627222105706846
1971-08-30,0.01617063832157454
1971-08-31,0.011043678672360543
1971-09-01,0.010661570342012587
1971-09-02,0.008245129830367086
1971-09-03,0.01262653990563341
1971-09-04,0.012939135410718727
1971-09-05,0.014890708945188078
1971-09-06,0.013816664426506883
1971-09-07,0.009926211540925335
1971-09-08,0.005447526571030544
1971-09-09,0.010358243248178717
1971-09-10,0.012360925325016044
1971-09-11,0.011561677156743175
1971-09-12,0.007717858769937076
1971-09-13,0.0024096625383171126
1971-09-14,0.0020217673838051403
1971-09-15,0.0025190036609273442
1971-09-16,0.0012234317411886702
1971-09-17,0.0021391930945518375
1971-09-18,0.0044833872617814794
1971-09-19,0.008507778706001837
1971-09-20,0.013355156330610298
1971-09-21,0.010975133497482758
1971-09-22,0.013447612516234556
1971-09-23,0.011947751444614444
1971-09-24,0.007191947414639338
1971-09-25,0.012346683900942944
1971-09-26,0.01032140887052184
1971-09-27,0.00679535987578219
1971-09-28,0.013838570093106293
1971-09-29,0.013832106522435163
1971-09-30,0.019385313494685977
1971-10-01,0.0039109233943703855
1971-10-02,0.013544397225174094
1971-10-03,0.017543957020558706
1971-10-04,0.00994136069560349
1971-10-05,0.004920224671691753
1971-10-06,0.00663783191109325
1971-10-07,0.009297031994949455
1971-10-08,0.009486382368490845
1971-10-09,0.009115548634291345
1971-10-10,0.009414419772818617
1971-10-11,0.012730620607616436
1971-10-12,0.013551799986933198
1971-10-13,0.009300093876040126
1971-10-14,0.006294879322892104
1971-10-15,0.003526356288007604
1971-10-16,0.004031598662950206
1971-10-17,0.002229577682386753
1971-10-18,0.0014201844667524153
1971-10-19,0.0027528647524676926
1971-10-20,0.002786374954452083
1971-10-21,0.0021654766315202375
1971-10-22,0.0013974074120014267
1971-10-23,4.914293681451722E-4
1971-10-24,8.519420888161776E-4
1971-10-25,8.923752785883171E-4
1971-10-26,0.002087286516404464
1971-10-27,0.001042495551086175
1971-10-28,3.5854887149658105E-4
1971-10-29,0.0020827029280759196
1971-10-30,0.008631605991685939
1971-10-31,0.012767177572460988
1971-11-01,0.006052622583618012
1971-11-02,0.002569253126385953
1971-11-03,0.0035533590842160663
1971-11-04,0.002808330559703548
1971-11-05,0.021198279856450196
1971-11-06,0.041210109380345715
1971-11-07,0.001435659892003473
1971-11-08,4.7434255302388314E-4
1971-11-09,1.4768826004408133E-4
1971-11-10,6.374912903355027E-5
1971-11-11,2.8601159710216385E-4
1971-11-12,2.4609792173452575E-4
1971-11-13,3.79545794780654E-5
1971-11-14,1.5408798986956846E-4
1971-11-15,6.32178950862328E-4
1971-11-16,0.0015128198682653317
1971-11-17,0.002819345607438876
1971-11-18,0.0012833357448224518
1971-11-19,6.317642080649067E-4
1971-11-20,3.0025263294652677E-4
1971-11-21,1.3413920617665909E-5
1971-11-22,3.7954564129293636E-5
1971-11-23,6.43947316895266E-5
1971-11-24,2.834420836744378E-5
1971-11-25,2.073037545133368E-5
1971-11-26,1.923341634337359E-5
1971-11-27,5.29133630321955E-5
1971-11-28,5.615515617042074E-6
1971-11-29,3.4350471675742954E-6
1971-11-30,1.1610500206216715E-6
1971-12-01,3.6354196626407143E-6
1971-12-02,9.1821925157263E-6
1971-12-03,1.409960433698331E-6
1971-12-04,3.70526592944495E-6
1971-12-05,5.832456471105558E-6
1971-12-06,2.407165678591731E-5
1971-12-07,2.581971945043774E-5
1971-12-08,7.154063867753658E-5
1971-12-09,4.981521979738791E-5
1971-12-10,1.9679041762436682E-6
1971-12-11,1.551781033361933E-6
1971-12-12,5.695616708386304E-7
1971-12-13,3.425046128890233E-6
1971-12-14,3.769966922805358E-6
1971-12-15,4.695196590427235E-5
1971-12-16,2.89190201949132E-4
1971-12-17,2.221599140312605E-6
1971-12-18,1.1715730277325811E-5
1971-12-19,2.8585314173110296E-5
1971-12-20,1.0950088984563E-5
1971-12-21,6.596871473732497E-6
1971-12-22,8.644692976981121E-5
1971-12-23,4.798344470932699E-4
1971-12-24,0.0025850302721486945
1971-12-25,5.403478042006866E-4
1971-12-26,2.0616331525068166E-4
1971-12-27,1.5239245093196416E-4
1971-12-28,1.1416400931814673E-4
1971-12-29,6.075994337123266E-5
1971-12-30,1.5601898709706368E-4
1971-12-31,9.898684936646398E-5
1972-01-01,1.1739094985930118E-4
1972-01-02,8.488794892184052E-4
1972-01-03,7.955213581545006E-4
1972-01-04,4.943021772736376E-4
1972-01-05,3.7360472099566387E-4
1972-01-06,2.830852545604056E-4
1972-01-07,1.656221578581234E-4
1972-01-08,3.9404569706752406E-5
1972-01-09,6.861993188445085E-5
1972-01-10,1.8471651495028768E-4
1972-01-11,1.493108916976741E-4
1972-01-12,1.114414396836682E-4
1972-01-13,6.144974562548584E-6
1972-01-14,5.1257664756908025E-6
1972-01-15,5.149978627760113E-4
1972-01-16,6.455077369494842E-4
1972-01-17,1.1246465425617029E-4
1972-01-18,5.6418347259748234E-5
1972-01-19,1.6194406576571893E-6
1972-01-20,7.634268004404407E-7
1972-01-21,1.6033466629870649E-6
1972-01-22,7.885416604549176E-6
1972-01-23,2.2715739102049576E-4
1972-01-24,1.356950946514309E-5
1972-01-25,4.636821638545681E-6
1972-01-26,9.326116010735962E-6
1972-01-27,1.2801353009263828E-4
1972-01-28,4.8105662795721514E-4
1972-01-29,0.0027228632427647318
1972-01-30,7.891015514267286E-4
1972-01-31,2.2191682135554053E-4
1972-02-01,4.3316396874347224E-4
1972-02-02,4.054364704329822E-4
1972-02-03,0.01008850591702249
1972-02-04,0.007824827859318827
1972-02-05,0.015693950089081046
1972-02-06,0.006607238795598281
1972-02-07,1.4405481391281357E-4
1972-02-08,8.016031150105319E-5
1972-02-09,1.975120413776654E-4
1972-02-10,1.286972072189586E-5
1972-02-11,1.602235445018519E-5
1972-02-12,2.2144660714009813E-5
1972-02-13,0.00214589962528705
1972-02-14,0.0011868094668962394
1972-02-15,8.356899838882703E-5
1972-02-16,1.575865992310503E-4
1972-02-17,5.517808472582895E-5
1972-02-18,6.689304488611636E-5
1972-02-19,2.947282600531689E-5
1972-02-20,7.065907874610844E-6
1972-02-21,1.492474932006518E-5
1972-02-22,1.81578749817704E-5
1972-02-23,4.6298644293028125E-5
1972-02-24,7.973040828000835E-5
1972-02-25,7.675082978451108E-5
1972-02-26,3.257605006471679E-5
1972-02-27,1.2983333752597527E-5
1972-02-28,1.8935470115381134E-6
1972-02-29,3.920449198201483E-6
1972-03-01,6.089618636009206E-6
1972-03-02,2.2168853838577025E-6
1972-03-03,5.082076469435625E-6
1972-03-04,5.904242535241821E-6
1972-03-05,8.617965023376398E-5
1972-03-06,6.443439291445082E-4
1972-03-07,1.0708678246919116E-4
1972-03-08,2.5402845325626045E-5
1972-03-09,3.05782305431404E-5
1972-03-10,8.377950503932447E-5
1972-03-11,4.74794870939989E-6
1972-03-12,2.531777642359394E-6
1972-03-13,8.81430561957943E-6
1972-03-14,0.0014051420861601798
1972-03-15,9.039658825482793E-4
1972-03-16,0.00144234034919031
1972-03-17,8.368726715842558E-4
1972-03-18,9.997809180781042E-4
1972-03-19,2.9762891723390946E-4
1972-03-20,6.045624053495981E-4
1972-03-21,0.001394399343881
1972-03-22,0.0013512283046321937
1972-03-23,0.001955322991070708
1972-03-24,5.916881524056889E-4
1972-03-25,1.2132540531330627E-4
1972-03-26,0.0012374216141894806
1972-03-27,0.008527857835416947
1972-03-28,0.007884500324709937
1972-03-29,0.0032107715407062956
1972-03-30,0.005894122971203477
1972-03-31,0.012434128724425862
1972-04-01,0.00795787111700439
1972-04-02,0.006531696569597575
1972-04-03,0.007003731773021493
1972-04-04,0.006954543127333557
1972-04-05,0.011146232272601048
1972-04-06,0.010931976876526089
1972-04-07,0.00484382464479604
1972-04-08,0.0022202214346364315
1972-04-09,0.004396324517890867
1972-04-10,0.004871019063498821
1972-04-11,0.0011250845238055778
1972-04-12,0.005180683083657063
1972-04-13,0.010484358581607607
1972-04-14,0.0070331017238731645
1972-04-15,0.00577727263256934
1972-04-16,0.006362105241701584
1972-04-17,0.011060206783261637
1972-04-18,0.018175969033670417
1972-04-19,0.004123502408313472
1972-04-20,0.002130243437314009
1972-04-21,6.522755496040145E-4
1972-04-22,5.769552653074971E-4
1972-04-23,5.260611293669267E-4
1972-04-24,0.002988787577972666
1972-04-25,0.003136663184631988
1972-04-26,0.0036022953376540073
1972-04-27,0.014985001539712151
1972-04-28,0.019460254316337047
1972-04-29,0.01404583150404298
1972-04-30,0.007042695199085043
1972-05-01,0.005661438171894686
1972-05-02,0.00877912680681446
1972-05-03,0.004577580161324681
1972-05-04,0.006973404726973797
1972-05-05,0.005226490851871236
1972-05-06,0.0030851114893691947
1972-05-07,0.006368525755788486
1972-05-08,0.0061907968046119016
1972-05-09,0.003008224157084524
1972-05-10,0.0025118192210458663
1972-05-11,0.0031923112336827214
1972-05-12,0.002995311324775198
1972-05-13,0.002380498794194308
1972-05-14,0.0020381672117356794
1972-05-15,0.002551800366124985
1972-05-16,0.0026916507021571795
1972-05-17,0.005053815077708668
1972-05-18,0.014366419176151111
1972-05-19,0.03196947501942017
1972-05-20,0.04451224548850716
1972-05-21,0.03551022041155878
1972-05-22,0.015674996765700226
1972-05-23,0.013955805284615454
1972-05-24,0.01230232259014994
1972-05-25,0.012766053483686987
1972-05-26,0.016996402262950284
1972-05-27,0.011740319024538707
1972-05-28,0.006533578662478423
1972-05-29,0.004136053348892278
1972-05-30,0.0032149313016892516
1972-05-31,0.003564172464790657
1972-06-01,0.0036961408485296048
1972-06-02,0.0034000413988812777
1972-06-03,0.008489535309732673
1972-06-04,0.006080129907071089
1972-06-05,0.011628328955167178
1972-06-06,0.007004447384353198
1972-06-07,0.002801898967037715
1972-06-08,0.0017108874785225422
1972-06-09,9.710289735839747E-4
1972-06-10,0.0023107775288337146
1972-06-11,0.006527915226888843
1972-06-12,0.010076152509848784
1972-06-13,0.02622253296445654
1972-06-14,0.03091846213428649
1972-06-15,0.034515009025546155
1972-06-16,0.04825975645393205
1972-06-17,0.05615004754445518
1972-06-18,0.05246434747299074
1972-06-19,0.057081396399973436
1972-06-20,0.023723408518508307
1972-06-21,0.016291542094728818
1972-06-22,0.013302254856145085
1972-06-23,0.018996618087011842
1972-06-24,0.015389420785672733
1972-06-25,0.019355316784303137
1972-06-26,0.00770323011351698
1972-06-27,0.005792248008644811
1972-06-28,0.005522965626176443
1972-06-29,0.007169927657407033
1972-06-30,0.01643334524184491
1972-07-01,0.010318385332467428
1972-07-02,0.010033566880935967
1972-07-03,0.008841726745951437
1972-07-04,0.009560839960952949
1972-07-05,0.013811326897951882
1972-07-06,0.009769356936127236
1972-07-07,0.00998438927108304
1972-07-08,0.0055343991277266216
1972-07-09,0.003846842481989365
1972-07-10,0.005278733955434719
1972-07-11,0.007175740999815108
1972-07-12,0.005536581032005072
1972-07-13,0.0073028542144072325
1972-07-14,0.012446159696291238
1972-07-15,0.008632236066937358
1972-07-16,0.010920737406695177
1972-07-17,0.012709888710043834
1972-07-18,0.01343846058990347
1972-07-19,0.013854517908531552
1972-07-20,0.013710705641508957
1972-07-21,0.022430358056754772
1972-07-22,0.015105439631821918
1972-07-23,0.013613381925633033
1972-07-24,0.02161680325199009
1972-07-25,0.023565791196022166
1972-07-26,0.01527471271275508
1972-07-27,0.017838995704684897
1972-07-28,0.017372284557294306
1972-07-29,0.008804008750694444
1972-07-30,0.012450415834040196
1972-07-31,0.013500831785540818
1972-08-01,0.012343965055622647
1972-08-02,0.010122660522339011
1972-08-03,0.010126862945591173
1972-08-04,0.01592421313904604
1972-08-05,0.016849729683482213
1972-08-06,0.024862005555303563
1972-08-07,0.019374403323142244
1972-08-08,0.014307298137095897
1972-08-09,0.015260091010789394
1972-08-10,0.013319321773751308
1972-08-11,0.01680340286604609
1972-08-12,0.018504934806981666
1972-08-13,0.014257082565894787
1972-08-14,0.017695186136813975
1972-08-15,0.02489880851149069
1972-08-16,0.016938529124469318
1972-08-17,0.009800574173641895
1972-08-18,0.008213932077427247
1972-08-19,0.007593318501565413
1972-08-20,0.007670085894262295
1972-08-21,0.013716412362275368
1972-08-22,0.01469032175846781
1972-08-23,0.01147197639952445
1972-08-24,0.015736070310147114
1972-08-25,0.017421290483452707
1972-08-26,0.013289435324831594
1972-08-27,0.02094586131639257
1972-08-28,0.010070895100389067
1972-08-29,0.0043151237669248515
1972-08-30,0.006191154590728631
1972-08-31,0.007336788405308428
1972-09-01,0.004619923927986711
1972-09-02,0.011098889193152647
1972-09-03,0.01310424306991419
1972-09-04,0.012238640886735805
1972-09-05,0.014534909753852571
1972-09-06,0.010000882306915959
1972-09-07,0.0038542721585699265
1972-09-08,0.0054489693926189865
1972-09-09,0.007408528086386391
1972-09-10,0.013363583354861557
1972-09-11,0.016437880311316933
1972-09-12,0.0057843143884801305
1972-09-13,0.0011022164560356709
1972-09-14,9.678994937831985E-4
1972-09-15,0.0015394118375917979
1972-09-16,0.0025118082858293393
1972-09-17,0.002643195232969969
1972-09-18,0.0014436184208093733
1972-09-19,7.890916053530969E-4
1972-09-20,0.001840219492066334
1972-09-21,0.012494726009455734
1972-09-22,0.014923272543016251
1972-09-23,0.006379607157984441
1972-09-24,0.0025506683219470743
1972-09-25,0.005867583031455486
1972-09-26,0.00677763326765512
1972-09-27,0.0026198408168082313
1972-09-28,0.003246636943062502
1972-09-29,0.006681110566224112
1972-09-30,0.0052368801043224155
1972-10-01,0.002179636145673845
1972-10-02,0.0011235062955382597
1972-10-03,6.833810488097715E-4
1972-10-04,0.003465556251577304
1972-10-05,0.007005064570855021
1972-10-06,0.012841531338312076
1972-10-07,0.012035104513375998
1972-10-08,0.013707145740543911
1972-10-09,0.009522268716618494
1972-10-10,0.002428487211346394
1972-10-11,8.567789519496333E-4
1972-10-12,3.2996007004196503E-4
1972-10-13,7.145604071255014E-4
1972-10-14,6.768797716234316E-4
1972-10-15,9.863202733445381E-4
1972-10-16,0.0013356117778288476
1972-10-17,0.0018110358373305243
1972-10-18,0.0018301290254405375
1972-10-19,6.109714056615653E-4
1972-10-20,3.904444682987599E-4
1972-10-21,1.445121579729848E-4
1972-10-22,3.5158406680053076E-4
1972-10-23,9.112394132256274E-4
1972-10-24,5.180133974764068E-4
1972-10-25,1.4169742309312367E-4
1972-10-26,5.1130288406867615E-5
1972-10-27,4.075726565567721E-5
1972-10-28,7.341032727344664E-5
1972-10-29,2.2351204561396775E-4
1972-10-30,0.003292556175367999
1972-10-31,0.0015333380124756826
1972-11-01,8.5172660102559E-4
1972-11-02,3.712889707463933E-4
1972-11-03,2.8801250439324774E-4
1972-11-04,4.334095441677903E-4
1972-11-05,8.627780745279586E-4
1972-11-06,4.7184832271217065E-4
1972-11-07,1.4290382833430306E-4
1972-11-08,6.013363868363575E-5
1972-11-09,3.575039481883233E-5
1972-11-10,6.02810781200969E-5
1972-11-11,1.1688359088485108E-4
1972-11-12,7.984358146041776E-4
1972-11-13,9.946948025400767E-4
1972-11-14,4.2605432548848126E-4
1972-11-15,3.917580649529495E-4
1972-11-16,2.7529732590889317E-4
1972-11-17,1.5932625871866428E-4
1972-11-18,1.4514385745473745E-4
1972-11-19,5.8921348351178754E-5
1972-11-20,4.364948064864963E-5
1972-11-21,9.663718889023317E-5
1972-11-22,3.765370001220469E-5
1972-11-23,3.417494404518627E-5
1972-11-24,7.465612273929804E-5
1972-11-25,1.5962338841776148E-4
1972-11-26,0.005945046400206386
1972-11-27,0.0024775128314909905
1972-11-28,5.117579875962848E-4
1972-11-29,3.6881732669988564E-4
1972-11-30,2.92597830828063E-4
1972-12-01,2.4241569629070736E-4
1972-12-02,1.5160716999929664E-5
1972-12-03,1.5615322661211187E-6
1972-12-04,3.6721733018876535E-6
1972-12-05,3.619586922241616E-6
1972-12-06,1.462083171170507E-6
1972-12-07,1.7325227046190904E-6
1972-12-08,3.665318606250544E-6
1972-12-09,6.811812396708435E-6
1972-12-10,6.171036675260197E-7
1972-12-11,1.1761548514083944E-5
1972-12-12,2.825111526889866E-4
1972-12-13,2.887350102290502E-4
1972-12-14,1.1583960886216147E-4
1972-12-15,2.5404952612431545E-4
1972-12-16,1.5209019056603766E-4
1972-12-17,1.5490161528843268E-4
1972-12-18,1.0071350517141488E-4
1972-12-19,5.0006406751610524E-5
1972-12-20,1.7658516834207137E-4
1972-12-21,4.71493187097123E-4
1972-12-22,5.89359200953376E-4
1972-12-23,1.4360723681751224E-4
1972-12-24,3.8637009679208725E-5
1972-12-25,1.836551137094774E-5
1972-12-26,2.2461665272102798E-5
1972-12-27,2.5240699418394883E-5
1972-12-28,2.070735049672429E-5
1972-12-29,4.374117484635048E-5
1972-12-30,1.0015456544080014E-4
1972-12-31,1.0283649554359118E-4
1973-01-01,3.7639563213237023E-4
1973-01-02,1.0446415604493791E-4
1973-01-03,5.166667841958878E-5
1973-01-04,5.08996714781036E-5
1973-01-05,3.626875192699508E-5
1973-01-06,3.184985817054276E-5
1973-01-07,1.737023985794837E-5
1973-01-08,2.816685887576951E-5
1973-01-09,0.0013085123127352274
1973-01-10,2.4800049104376073E-4
1973-01-11,1.3114918054287854E-5
1973-01-12,1.4018928535908254E-4
1973-01-13,0.0043557604522004925
1973-01-14,5.238289484813365E-4
1973-01-15,2.5311668455789226E-4
1973-01-16,1.018272645113646E-4
1973-01-17,3.639373155388838E-5
1973-01-18,8.75844041169271E-5
1973-01-19,2.878434671588906E-5
1973-01-20,3.04655353455493E-6
1973-01-21,0.001430162880514214
1973-01-22,0.0011948847260595864
1973-01-23,1.1496066688729277E-4
1973-01-24,3.9260260420002335E-5
1973-01-25,7.550481150966412E-6
1973-01-26,6.16506886072025E-6
1973-01-27,2.146979746474254E-5
1973-01-28,2.9406359622408476E-4
1973-01-29,2.1939136770532714E-4
1973-01-30,3.238332688201048E-4
1973-01-31,2.574023787924894E-4
1973-02-01,0.0013881253573717266
1973-02-02,1.3329157001394754E-4
1973-02-03,7.335086048973912E-6
1973-02-04,4.486143089384953E-7
1973-02-05,2.062238084505737E-4
1973-02-06,2.2755747169050426E-4
1973-02-07,6.491844504206467E-5
1973-02-08,1.8194606450438178E-6
1973-02-09,3.405231443121619E-5
1973-02-10,2.4077835901421743E-5
1973-02-11,5.2528490601472996E-5
1973-02-12,1.190972678309595E-4
1973-02-13,2.9269644083716956E-4
1973-02-14,1.977883828933557E-4
1973-02-15,6.385184905357779E-4
1973-02-16,0.0033147481899847395
1973-02-17,0.004263475689181156
1973-02-18,0.0014963335862057511
1973-02-19,7.512525813598811E-4
1973-02-20,2.6782009969018628E-5
1973-02-21,1.3806304891823642E-5
1973-02-22,8.983292327773886E-6
1973-02-23,3.972322407495088E-6
1973-02-24,9.446355742569228E-6
1973-02-25,3.7488009476667505E-4
1973-02-26,0.007913218123996167
1973-02-27,0.023294763211047596
1973-02-28,0.008125674614333889
1973-03-01,0.006000319689026943
1973-03-02,4.263507185088046E-4
1973-03-03,0.0014057673571198908
1973-03-04,0.0019921236129406585
1973-03-05,1.2525874617136726E-4
1973-03-06,2.3959999449626876E-4
1973-03-07,0.004217736710796208
1973-03-08,0.0019088282659019738
1973-03-09,7.256892741490511E-4
1973-03-10,4.55765887644298E-4
1973-03-11,0.0012096333843621347
1973-03-12,0.0027960540015891026
1973-03-13,3.448439759838154E-4
1973-03-14,5.791096764086977E-6
1973-03-15,1.818217877650999E-6
1973-03-16,1.5429803439756835E-6
1973-03-17,2.1780491792136204E-6
1973-03-18,2.8923068088107024E-6
1973-03-19,2.7291574563393987E-5
1973-03-20,4.5243419117511235E-6
1973-03-21,2.0692551619328785E-4
1973-03-22,1.0160124549259544E-4
1973-03-23,2.8898222586482816E-4
1973-03-24,6.228098396394256E-5
1973-03-25,4.3907561338857136E-5
1973-03-26,1.2384317661059014E-5
1973-03-27,3.6427164393207335E-4
1973-03-28,8.767630579635072E-4
1973-03-29,1.5063215050400335E-4
1973-03-30,5.7732561557891E-4
1973-03-31,2.9088602949151857E-4
1973-04-01,9.931052818774316E-5
1973-04-02,5.020706807801011E-5
1973-04-03,3.962020776162704E-5
1973-04-04,6.418250067897361E-5
1973-04-05,6.482517369444813E-6
1973-04-06,3.415034392987648E-4
1973-04-07,6.156133615017594E-4
1973-04-08,0.001243082552811172
1973-04-09,0.005910239598212791
1973-04-10,0.0017198361806887114
1973-04-11,0.015933448747756176
1973-04-12,0.025352355082009212
1973-04-13,0.023675877329155885
1973-04-14,0.012401608240752485
1973-04-15,0.004670326545802107
1973-04-16,0.005129380202988844
1973-04-17,0.0026602839416614782
1973-04-18,0.002115395676072196
1973-04-19,0.0029702158989267013
1973-04-20,0.01133130275334184
1973-04-21,0.013120207581310907
1973-04-22,0.01919488354859703
1973-04-23,0.025415245571999732
1973-04-24,0.020562682760666435
1973-04-25,0.015260245059344757
1973-04-26,0.006019583857615394
1973-04-27,0.009827338954557379
1973-04-28,0.01806850466184554
1973-04-29,0.014254846731188738
1973-04-30,0.0068445216562871775
1973-05-01,0.009030681050147423
1973-05-02,0.00768871890247
1973-05-03,0.009926990604428662
1973-05-04,0.008375897319304606
1973-05-05,0.034717651135428504
1973-05-06,0.026771585459593315
1973-05-07,0.01587526357047983
1973-05-08,0.03732628697141659
1973-05-09,0.03841730003502832
1973-05-10,0.038106250507590485
1973-05-11,0.02550985964514317
1973-05-12,0.013206529011497556
1973-05-13,0.008840877856595384
1973-05-14,0.004201522557623527
1973-05-15,0.0028864103729616037
1973-05-16,0.010736019735982738
1973-05-17,0.011364127290450159
1973-05-18,0.009118261326496544
1973-05-19,0.013278620180836097
1973-05-20,0.008392799167444008
1973-05-21,0.010807536794188824
1973-05-22,0.01577961722477865
1973-05-23,0.014519233583089671
1973-05-24,0.02099816861935182
1973-05-25,0.017330362695949564
1973-05-26,0.022528201290433668
1973-05-27,0.024817036476077765
1973-05-28,0.02711900226966989
1973-05-29,0.01686524590578534
1973-05-30,0.010281136994705741
1973-05-31,0.011747674739589471
1973-06-01,0.005420502492997648
1973-06-02,0.0056818907980765235
1973-06-03,0.009561379802570488
1973-06-04,0.020095438182794363
1973-06-05,0.024765950263491633
1973-06-06,0.034214619801063884
1973-06-07,0.023166883688644
1973-06-08,0.008945966643352872
1973-06-09,0.006600834340225586
1973-06-10,0.01599412211497881
1973-06-11,0.01931527544076526
1973-06-12,0.012692591761884186
1973-06-13,0.025492546850630977
1973-06-14,0.035039299587730714
1973-06-15,0.047215403325052294
1973-06-16,0.022883769503777164
1973-06-17,0.017981770687704426
1973-06-18,0.03142073182707569
1973-06-19,0.020934612827304147
1973-06-20,0.010940647423757235
1973-06-21,0.011387874030266408
1973-06-22,0.0167979186960222
1973-06-23,0.013658578091129999
1973-06-24,0.01635514906927447
1973-06-25,0.018842426872751363
1973-06-26,0.0319843508410132
1973-06-27,0.019728846634010352
1973-06-28,0.023869733759193427
1973-06-29,0.014732496759079212
1973-06-30,0.00931888430209077
1973-07-01,0.007443091868825189
1973-07-02,0.009980652518830629
1973-07-03,0.011403208329936396
1973-07-04,0.013301424370707447
1973-07-05,0.01028487523452747
1973-07-06,0.010004332887066278
1973-07-07,0.005546249276203168
1973-07-08,0.008277681804261819
1973-07-09,0.006380496491387301
1973-07-10,0.02747901211372651
1973-07-11,0.025168304152007662
1973-07-12,0.00819358965604462
1973-07-13,0.012502571548982289
1973-07-14,0.015453147635736072
1973-07-15,0.00732555651446848
1973-07-16,0.005935435080450704
1973-07-17,0.007309161751842572
1973-07-18,0.010424852648865146
1973-07-19,0.009989126067469236
1973-07-20,0.00883936071960614
1973-07-21,0.010515544490826085
1973-07-22,0.013504929540005713
1973-07-23,0.017492893035132386
1973-07-24,0.0204258666871188
1973-07-25,0.018612883525351977
1973-07-26,0.027651173086016313
1973-07-27,0.044258029249981845
1973-07-28,0.02761241707399873
1973-07-29,0.019224210315041068
1973-07-30,0.019424513380312636
1973-07-31,0.015551744154866794
1973-08-01,0.011897548534270249
1973-08-02,0.01056293652645819
1973-08-03,0.01079787051154214
1973-08-04,0.013412993242915986
1973-08-05,0.016341138357030494
1973-08-06,0.017901652053049947
1973-08-07,0.01774542839228446
1973-08-08,0.011630508194878294
1973-08-09,0.013317450877685091
1973-08-10,0.01950444912981315
1973-08-11,0.013241956662409382
1973-08-12,0.009558008951483656
1973-08-13,0.012058599378147189
1973-08-14,0.009931171505096882
1973-08-15,0.010185603398236017
1973-08-16,0.01094358676669369
1973-08-17,0.0127379142630482
1973-08-18,0.010892282673444588
1973-08-19,0.010085522345233877
1973-08-20,0.012479221309220391
1973-08-21,0.015718890481496484
1973-08-22,0.004413221636856198
1973-08-23,0.00719200738754087
1973-08-24,0.008856794570501989
1973-08-25,0.00829888134908352
1973-08-26,0.01021247377038432
1973-08-27,0.006319909738902803
1973-08-28,0.007198069594222551
1973-08-29,0.01537490461797543
1973-08-30,0.009606479403148077
1973-08-31,0.01046222601545306
1973-09-01,0.007215797371206556
1973-09-02,0.009934997181896983
1973-09-03,0.010065359541665141
1973-09-04,0.011120734648193088
1973-09-05,0.01180638319468534
1973-09-06,0.009950245293366135
1973-09-07,0.006779400552224542
1973-09-08,0.006506489628198821
1973-09-09,0.012998706093152786
1973-09-10,0.011357153297575818
1973-09-11,0.010501872371544263
1973-09-12,0.010694025098916494
1973-09-13,0.00969421267512309
1973-09-14,0.01308959991022038
1973-09-15,0.015148396473469545
1973-09-16,0.016550422078305305
1973-09-17,0.009963419546112677
1973-09-18,0.005494345048891996
1973-09-19,0.005869613667708311
1973-09-20,0.005877512200214828
1973-09-21,0.01485229691723437
1973-09-22,0.02339364012617348
1973-09-23,0.018312230981410837
1973-09-24,0.010716288217536738
1973-09-25,0.007573632888562889
1973-09-26,0.005363453482683294
1973-09-27,0.002649309227106982
1973-09-28,0.004218547390116498
1973-09-29,0.008764564961383588
1973-09-30,0.014687398342330129
1973-10-01,0.016631187841546345
1973-10-02,0.0145195732530705
1973-10-03,0.008448059725473767
1973-10-04,0.0010449974925962014
1973-10-05,0.001510295689782609
1973-10-06,0.0046139052443014686
1973-10-07,0.003048093014608857
1973-10-08,0.001139147114243185
1973-10-09,0.0010697794903668889
1973-10-10,0.011770947803319965
1973-10-11,0.013116790862351567
1973-10-12,0.008780956784815552
1973-10-13,0.006884762125021878
1973-10-14,0.004106513624584669
1973-10-15,0.003970841667088168
1973-10-16,0.004150466768005843
1973-10-17,0.0027891307917092523
1973-10-18,0.002315927498218121
1973-10-19,0.0010384132993628411
1973-10-20,9.102319669457267E-4
1973-10-21,0.0014239550609110331
1973-10-22,0.0016982027509334513
1973-10-23,0.004457245494273381
1973-10-24,0.00916755485241917
1973-10-25,0.007265121776450908
1973-10-26,0.0037310551732421295
1973-10-27,0.001398863835377251
1973-10-28,0.008233560617041481
1973-10-29,0.011973380710587149
1973-10-30,7.226965488362145E-4
1973-10-31,2.181113718739627E-4
1973-11-01,0.0028554540123186386
1973-11-02,0.009020617218091378
1973-11-03,0.0081258369060128
1973-11-04,0.0017478413766813946
1973-11-05,0.004741990537956251
1973-11-06,0.017644966387129687
1973-11-07,0.024178624909073663
1973-11-08,0.014091982066208897
1973-11-09,0.0044951194355361355
1973-11-10,0.0018538880496215423
1973-11-11,7.570765971430518E-4
1973-11-12,2.0933733895556265E-4
1973-11-13,2.649541301725541E-4
1973-11-14,3.90445902166787E-4
1973-11-15,0.001861175820975731
1973-11-16,0.003150831572583214
1973-11-17,0.020381581734762455
1973-11-18,0.020977356956877868
1973-11-19,0.004954881598652122
1973-11-20,6.67596438923431E-4
1973-11-21,9.180062595102916E-5
1973-11-22,6.524999122707019E-5
1973-11-23,1.2868674362346384E-4
1973-11-24,1.5079712348335355E-4
1973-11-25,1.551919846824698E-4
1973-11-26,4.509851576144681E-5
1973-11-27,2.811718051577151E-5
1973-11-28,4.816040232885554E-5
1973-11-29,4.645799963363688E-5
1973-11-30,1.3943700425563671E-5
1973-12-01,2.1688652750760616E-5
1973-12-02,8.066840662023941E-5
1973-12-03,3.2981219063627245E-5
1973-12-04,9.722891528405723E-5
1973-12-05,6.710968878773125E-5
1973-12-06,8.581637314261713E-6
1973-12-07,2.3452999307536234E-5
1973-12-08,0.005338826920818289
1973-12-09,0.04287938953067557
1973-12-10,0.0019509360567688666
1973-12-11,3.0204744570635594E-4
1973-12-12,3.146744408729273E-5
1973-12-13,1.129749019720326E-5
1973-12-14,3.715707379384439E-5
1973-12-15,2.9278134115408778E-5
1973-12-16,1.1892413237471108E-5
1973-12-17,6.171680904483329E-5
1973-12-18,1.423323411214027E-4
1973-12-19,1.5932597864767772E-4
1973-12-20,4.034217352236026E-5
1973-12-21,1.015676702944361E-5
1973-12-22,7.354747810368109E-6
1973-12-23,8.97139015186365E-5
1973-12-24,1.5951091926883458E-4
1973-12-25,8.87944083594913E-5
1973-12-26,7.968074854969483E-5
1973-12-27,2.122649344293775E-5
1973-12-28,1.238829545958266E-4
1973-12-29,4.4568832249646694E-4
1973-12-30,8.210093750267301E-4
1973-12-31,2.81587935477484E-4
1974-01-01,9.507302708676374E-5
1974-01-02,7.928396696036912E-5
1974-01-03,2.6375533340238263E-5
1974-01-04,1.6234525109127012E-6
1974-01-05,1.6507783284994613E-6
1974-01-06,2.8823996758260718E-6
1974-01-07,8.533595751320462E-6
1974-01-08,1.4464193069302155E-4
1974-01-09,3.980219189862947E-4
1974-01-10,4.505583368092043E-4
1974-01-11,2.345178997504518E-4
1974-01-12,2.512315584869149E-4
1974-01-13,4.195545162013975E-5
1974-01-14,0.0023715751666761858
1974-01-15,0.005051551023257797
1974-01-16,3.85170517309653E-4
1974-01-17,6.869422547499621E-5
1974-01-18,2.0320217957360133E-4
1974-01-19,1.209207239355742E-4
1974-01-20,9.368559246780804E-6
1974-01-21,1.298796734461878E-5
1974-01-22,2.5191724287346574E-4
1974-01-23,5.476611421419206E-4
1974-01-24,6.434473745024593E-4
1974-01-25,2.0712032981504952E-4
1974-01-26,1.6697003516008487E-6
1974-01-27,1.3590286125842564E-4
1974-01-28,5.916340738394911E-4
1974-01-29,3.8172913509201015E-4
1974-01-30,9.796481579199782E-5
1974-01-31,4.944640849465158E-5
1974-02-01,1.5372233513897005E-5
1974-02-02,1.2513924644448502E-5
1974-02-03,2.1002765027989967E-4
1974-02-04,0.0010911276329773796
1974-02-05,4.31648677563875E-4
1974-02-06,4.40397695790239E-6
1974-02-07,2.318397293415944E-6
1974-02-08,6.580679267697658E-7
1974-02-09,2.8994882323734132E-6
1974-02-10,2.248073507158562E-6
1974-02-11,2.174510628149233E-5
1974-02-12,6.775454228650492E-4
1974-02-13,1.7625864041750618E-4
1974-02-14,1.1386211913679021E-4
1974-02-15,6.922796670830266E-5
1974-02-16,1.8172565775671008E-5
1974-02-17,3.4967695726090365E-5
1974-02-18,8.724913124396413E-5
1974-02-19,5.03389162514957E-5
1974-02-20,1.8745887371432947E-5
1974-02-21,2.8462394794098705E-6
1974-02-22,5.728737599935177E-6
1974-02-23,6.213787166075661E-6
1974-02-24,2.318528394363378E-6
1974-02-25,1.2260435154067992E-6
1974-02-26,2.0183404793091257E-6
1974-02-27,2.7605584984817893E-6
1974-02-28,1.5766719370938468E-6
1974-03-01,0.003885916928308018
1974-03-02,5.191465860529713E-4
1974-03-03,7.221395113076163E-4
1974-03-04,0.006918498758635399
1974-03-05,0.007609374277263566
1974-03-06,6.725369634066057E-4
1974-03-07,4.2383881117321775E-5
1974-03-08,2.8741183058075898E-5
1974-03-09,8.161427145925463E-5
1974-03-10,1.3859156563639141E-5
1974-03-11,2.2422703317675107E-6
1974-03-12,1.545698825588899E-6
1974-03-13,5.941292853746994E-7
1974-03-14,1.185211858818475E-6
1974-03-15,1.6871142172822972E-6
1974-03-16,1.6252343992887405E-6
1974-03-17,1.0690791485249252E-4
1974-03-18,0.0057203382833239565
1974-03-19,0.0015489243666287685
1974-03-20,0.003992259266688955
1974-03-21,0.0010706784148334153
1974-03-22,6.256925621870275E-4
1974-03-23,0.0022755528254080996
1974-03-24,0.01809112311852255
1974-03-25,0.02116513715687151
1974-03-26,0.02130415372228887
1974-03-27,0.01638420704044239
1974-03-28,0.00842506551651786
1974-03-29,0.0023847302646102598
1974-03-30,0.017598342960415604
1974-03-31,0.003851614695365881
1974-04-01,0.01132210986352838
1974-04-02,0.017719969086654633
1974-04-03,0.013664603646671334
1974-04-04,0.01098918413438712
1974-04-05,0.008824037358145815
1974-04-06,0.002656570240127169
1974-04-07,0.009310455043608312
1974-04-08,0.0059927361078072425
1974-04-09,0.005346322877719262
1974-04-10,0.006357184798097766
1974-04-11,0.004798502655765929
1974-04-12,0.0026335765564787536
1974-04-13,0.007993956464014323
1974-04-14,0.0032910602869526593
1974-04-15,3.4669075777120497E-4
1974-04-16,0.0010676590622552698
1974-04-17,0.020145896307799335
1974-04-18,0.02352917431324656
1974-04-19,0.00880147919477143
1974-04-20,0.0057323015813744785
1974-04-21,0.004337486706766484
1974-04-22,0.002300732177344096
1974-04-23,0.007232679658343407
1974-04-24,0.004934405441274014
1974-04-25,0.003963382407519151
1974-04-26,0.005039526055638006
1974-04-27,0.00421737401432263
1974-04-28,0.0073480539182027805
1974-04-29,0.01575955001990146
1974-04-30,0.011012670618354273
1974-05-01,0.01080384846128373
1974-05-02,0.009758155563556832
1974-05-03,0.015490325662246994
1974-05-04,0.02481306402682989
1974-05-05,0.01693074352208868
1974-05-06,0.012056022036167765
1974-05-07,0.012440304772550226
1974-05-08,0.019938015421280375
1974-05-09,0.03156077315914514
1974-05-10,0.02791481171403592
1974-05-11,0.02333292959159398
1974-05-12,0.016518214400489895
1974-05-13,0.012445407430298185
1974-05-14,0.015016426995265505
1974-05-15,0.014903788133693224
1974-05-16,0.0070874634320219464
1974-05-17,0.009354762845563714
1974-05-18,0.008130555341410491
1974-05-19,0.006758467825392866
1974-05-20,0.0038443283360566497
1974-05-21,0.0017027732244606528
1974-05-22,9.629586428814258E-4
1974-05-23,0.0027425196466739333
1974-05-24,0.00311465906837478
1974-05-25,0.005685572165200433
1974-05-26,0.011237171774828211
1974-05-27,0.011298375987103997
1974-05-28,0.008319175608033713
1974-05-29,0.006007839314062969
1974-05-30,0.01563782811229954
1974-05-31,0.05181457949932554
1974-06-01,0.06793116865699537
1974-06-02,0.01995665660084824
1974-06-03,0.01437985611416111
1974-06-04,0.018473478717369953
1974-06-05,0.019566161068873586
1974-06-06,0.014272422663706612
1974-06-07,0.006476681781958012
1974-06-08,0.0031853950357490918
1974-06-09,0.002648369304955888
1974-06-10,0.003919033313034321
1974-06-11,0.008385715869858508
1974-06-12,0.008348430110368352
1974-06-13,0.00640904441002668
1974-06-14,0.0038663503238685485
1974-06-15,0.011077264861460323
1974-06-16,0.021226967511769206
1974-06-17,0.016930143139533962
1974-06-18,0.01172973881989219
1974-06-19,0.01579846154824177
1974-06-20,0.0322332446801898
1974-06-21,0.04869860794752259
1974-06-22,0.02449410790671006
1974-06-23,0.013825020756685305
1974-06-24,0.006123059825844586
1974-06-25,0.008443392000005257
1974-06-26,0.009593293597198465
1974-06-27,0.011890883343879596
1974-06-28,0.011463903978109615
1974-06-29,0.009491745218505375
1974-06-30,0.010864915161630365
1974-07-01,0.01622758406628666
1974-07-02,0.02389300006285028
1974-07-03,0.024206399020150968
1974-07-04,0.018278898618257943
1974-07-05,0.015881515222538254
1974-07-06,0.017711062981853497
1974-07-07,0.017291392621967085
1974-07-08,0.01328363795134576
1974-07-09,0.0093220745039646
1974-07-10,0.0108759761042698
1974-07-11,0.010715820114020294
1974-07-12,0.013430620197820722
1974-07-13,0.02147272024532903
1974-07-14,0.026854798695668175
1974-07-15,0.021567305078087563
1974-07-16,0.02235178836584097
1974-07-17,0.021721753888466696
1974-07-18,0.017418812320725664
1974-07-19,0.024836144368745545
1974-07-20,0.011520363285656799
1974-07-21,0.015161263369436663
1974-07-22,0.021421023652933035
1974-07-23,0.027072638661813458
1974-07-24,0.03245023814071603
1974-07-25,0.0300038181642777
1974-07-26,0.020791106925642212
1974-07-27,0.018788750088729534
1974-07-28,0.02594242988279667
1974-07-29,0.016334104135051056
1974-07-30,0.010534258671198563
1974-07-31,0.009640761601776
1974-08-01,0.013939926607143596
1974-08-02,0.009169947316291893
1974-08-03,0.01261514925871862
1974-08-04,0.0075157393941326185
1974-08-05,0.010954865263658463
1974-08-06,0.006986802344256282
1974-08-07,0.007198606746673675
1974-08-08,0.00830557145028273
1974-08-09,0.007781892382869064
1974-08-10,0.013667762730326488
1974-08-11,0.009651203246161108
1974-08-12,0.0123796345715455
1974-08-13,0.00981357880706023
1974-08-14,0.007838084252449244
1974-08-15,0.007803070217601627
1974-08-16,0.0080261976251615
1974-08-17,0.01039144377810452
1974-08-18,0.02651768656426776
1974-08-19,0.027409672338820194
1974-08-20,0.016085436210703682
1974-08-21,0.006898595647380649
1974-08-22,0.007722742269343163
1974-08-23,0.010374291064469776
1974-08-24,0.013970905874600283
1974-08-25,0.01698424072483726
1974-08-26,0.012938950102954665
1974-08-27,0.015334401110806507
1974-08-28,0.022787840974512013
1974-08-29,0.034211874174162396
1974-08-30,0.020911547991020747
1974-08-31,0.01831832906953648
1974-09-01,0.008165892768294342
1974-09-02,0.0033476578312859567
1974-09-03,0.00346879342431649
1974-09-04,0.003289844123535219
1974-09-05,0.002444108816521959
1974-09-06,0.0016892630763722372
1974-09-07,0.005849298536816338
1974-09-08,0.015727167816458033
1974-09-09,0.01067387644409784
1974-09-10,0.013835887766185924
1974-09-11,0.0161363289457841
1974-09-12,0.01790170178849564
1974-09-13,0.02263097286523358
1974-09-14,0.024704309514000822
1974-09-15,0.010753755781205993
1974-09-16,0.010374862819037777
1974-09-17,0.011154142137317656
1974-09-18,0.008542902879492487
1974-09-19,0.0058916075144949944
1974-09-20,0.008873712431524156
1974-09-21,0.009617116767470337
1974-09-22,0.010534098955975837
1974-09-23,0.005589139339236204
1974-09-24,0.0031560371776291514
1974-09-25,0.0010088826577160904
1974-09-26,0.0026861304247294683
1974-09-27,0.010713515198944997
1974-09-28,0.015972429281848586
1974-09-29,0.01951950182284083
1974-09-30,0.03269972468891761
1974-10-01,0.015402611403225968
1974-10-02,0.009239066763794946
1974-10-03,0.007635720907185931
1974-10-04,0.00796117404644489
1974-10-05,0.006832816481362052
1974-10-06,0.004490793505637197
1974-10-07,0.0036369527435133634
1974-10-08,0.003579316457710547
1974-10-09,7.737644056056664E-4
1974-10-10,6.346984668568201E-4
1974-10-11,0.0013699996924845213
1974-10-12,0.0022767192378357337
1974-10-13,0.0017626928900386003
1974-10-14,0.004129725254791497
1974-10-15,0.006993661892148414
1974-10-16,0.005198264770368681
1974-10-17,0.00305843352059297
1974-10-18,0.0012499677270633818
1974-10-19,0.0023922947332362266
1974-10-20,0.0033328693857070553
1974-10-21,0.005607163768496047
1974-10-22,0.010616409515651848
1974-10-23,0.012119088723024125
1974-10-24,0.008082067097242705
1974-10-25,0.004771392291708782
1974-10-26,0.010058053668007534
1974-10-27,0.005180865506158334
1974-10-28,0.003620748225043558
1974-10-29,0.004221160295588463
1974-10-30,0.0022388821957075433
1974-10-31,6.080294415698401E-4
1974-11-01,4.997474562327537E-4
1974-11-02,4.150275229759005E-4
1974-11-03,1.3840396177710516E-4
1974-11-04,7.898444583940386E-5
1974-11-05,1.131289778700443E-5
1974-11-06,3.199139281176671E-6
1974-11-07,4.136628135983558E-5
1974-11-08,7.482206649751916E-5
1974-11-09,3.990977408881911E-5
1974-11-10,2.3559438361927577E-5
1974-11-11,7.212000520783317E-5
1974-11-12,0.0024313585206284407
1974-11-13,0.0011778189252925908
1974-11-14,0.004053461961776368
1974-11-15,0.002936846315586678
1974-11-16,9.05324910837768E-4
1974-11-17,3.878890887418232E-4
1974-11-18,2.892939738657966E-4
1974-11-19,5.387164116484666E-4
1974-11-20,0.0026702786344838868
1974-11-21,0.0018436961909225318
1974-11-22,0.001338721192284362
1974-11-23,2.0197806606362087E-4
1974-11-24,8.196079837855487E-4
1974-11-25,6.810250911359714E-4
1974-11-26,0.0025243971735714674
1974-11-27,0.010624530174108252
1974-11-28,0.025427426302809544
1974-11-29,0.004055086932289119
1974-11-30,4.687840597050783E-4
1974-12-01,7.936710004742754E-5
1974-12-02,6.4754838960117425E-6
1974-12-03,1.0546554073953026E-5
1974-12-04,2.7795539623667393E-5
1974-12-05,7.542583215540209E-5
1974-12-06,2.4557523951379513E-4
1974-12-07,4.7185949647639364E-5
1974-12-08,9.895988309384302E-5
1974-12-09,8.454757684365624E-5
1974-12-10,1.5235803859714973E-4
1974-12-11,7.511258723890512E-5
1974-12-12,6.726081332233362E-5
1974-12-13,8.908653984473874E-5
1974-12-14,2.665810236587395E-4
1974-12-15,2.7385783968377305E-4
1974-12-16,6.338267410611899E-5
1974-12-17,2.8029380465396766E-5
1974-12-18,2.1008490128842378E-4
1974-12-19,1.5006063438712826E-4
1974-12-20,3.982640694706403E-5
1974-12-21,2.605969206643355E-5
1974-12-22,1.0015868686808318E-5
1974-12-23,2.6207055477272853E-5
1974-12-24,5.576416171407038E-5
1974-12-25,3.992484060778692E-6
1974-12-26,1.209511100279278E-5
1974-12-27,1.4796059773741036E-5
1974-12-28,5.501699061741083E-6
1974-12-29,3.268901831888497E-5
1974-12-30,1.9000019968010756E-4
1974-12-31,1.7153275050959814E-4
1975-01-01,7.042599488109621E-5
1975-01-02,2.4168957176708733E-4
1975-01-03,4.404443487227862E-5
1975-01-04,5.424230964720346E-5
1975-01-05,1.2020912792334587E-4
1975-01-06,2.8234548438479507E-5
1975-01-07,6.969394579261218E-5
1975-01-08,3.776178865422224E-6
1975-01-09,8.187680285293839E-6
1975-01-10,3.803266021111936E-5
1975-01-11,2.0850188186521823E-4
1975-01-12,5.271064975399486E-4
1975-01-13,5.285047909157245E-4
1975-01-14,1.851459700049049E-4
1975-01-15,5.300993123006154E-5
1975-01-16,7.52588143936601E-6
1975-01-17,1.346261950971667E-4
1975-01-18,5.7342211747304675E-5
1975-01-19,1.2764585566733645E-5
1975-01-20,1.1143627862822314E-5
1975-01-21,6.3824188131936856E-6
1975-01-22,2.1485415554066623E-4
1975-01-23,1.7412210913013784E-4
1975-01-24,9.531379860130828E-4
1975-01-25,1.9566332199521294E-4
1975-01-26,6.187638023145732E-5
1975-01-27,1.4021819176727922E-6
1975-01-28,1.579226164327566E-5
1975-01-29,1.1056873091904115E-5
1975-01-30,1.0500310236546274E-6
1975-01-31,1.0102037887098297E-4
1975-02-01,0.0020232961325476057
1975-02-02,0.001211343598893152
1975-02-03,2.1691112994094347E-4
1975-02-04,4.2134991506097196E-5
1975-02-05,2.9953893432940904E-6
1975-02-06,4.001085120262646E-5
1975-02-07,1.7710397982031287E-4
1975-02-08,1.178971644029123E-4
1975-02-09,9.301043722594903E-5
1975-02-10,9.083246122864024E-4
1975-02-11,0.006281624730973442
1975-02-12,0.0029635513508499568
1975-02-13,1.1946962004093314E-4
1975-02-14,9.707614766153367E-4
1975-02-15,0.0023447523529393885
1975-02-16,0.0012985662091745758
1975-02-17,6.108136951298146E-4
1975-02-18,2.6035447192948437E-5
1975-02-19,1.8195997097224575E-6
1975-02-20,4.351138613856165E-7
1975-02-21,5.0613282896771134E-8
1975-02-22,4.593801607902986E-5
1975-02-23,5.610609500706002E-4
1975-02-24,2.2258094072524692E-5
1975-02-25,2.5989226503681047E-5
1975-02-26,1.8269246173400137E-5
1975-02-27,7.095251455325097E-5
1975-02-28,5.4891297594994464E-5
1975-03-01,3.4291735067734214E-5
1975-03-02,0.006884818347343623
1975-03-03,8.53207738160279E-4
1975-03-04,1.2072386234340906E-4
1975-03-05,2.9241162182157244E-4
1975-03-06,0.004795777785113023
1975-03-07,0.002351597311854147
1975-03-08,0.0012571339829791325
1975-03-09,5.530152696376264E-4
1975-03-10,5.740628285855696E-4
1975-03-11,1.6289341491537463E-4
1975-03-12,2.498836438629378E-4
1975-03-13,3.2092200299475354E-5
1975-03-14,1.1763546365738187E-7
1975-03-15,1.3003089617473804E-6
1975-03-16,1.0939965088849767E-6
1975-03-17,2.621208051052232E-6
1975-03-18,3.1082880191059413E-5
1975-03-19,1.5809254479828087E-4
1975-03-20,9.445302477796295E-5
1975-03-21,4.626981261086942E-4
1975-03-22,5.236040644618185E-4
1975-03-23,3.483719464133533E-4
1975-03-24,0.0010318623963217525
1975-03-25,0.0016306727966623827
1975-03-26,1.9197356816809546E-4
1975-03-27,1.0501325655773418E-5
1975-03-28,9.09567846695553E-7
1975-03-29,3.8488506522552744E-5
1975-03-30,1.9063669793166043E-5
1975-03-31,1.578713956291793E-4
1975-04-01,1.6467842511712165E-4
1975-04-02,1.4999038724633998E-6
1975-04-03,1.339986152303101E-5
1975-04-04,1.0909764487780804E-5
1975-04-05,4.008652426478763E-4
1975-04-06,0.0016052090613795811
1975-04-07,0.0014199783501067206
1975-04-08,9.987277650910628E-4
1975-04-09,0.0026831826065135973
1975-04-10,0.0015558030794948093
1975-04-11,5.849828287450805E-4
1975-04-12,0.0016106525380160503
1975-04-13,0.005181854096313957
1975-04-14,0.01724660913854041
1975-04-15,0.02922701240675517
1975-04-16,0.02206207056491772
1975-04-17,0.00969877834512604
1975-04-18,3.8789069892242905E-4
1975-04-19,9.27034690886895E-4
1975-04-20,0.003727761286092211
1975-04-21,0.004905471347171737
1975-04-22,0.008985812196041372
1975-04-23,0.011457827103855256
1975-04-24,0.014288971021220224
1975-04-25,0.011966326358279933
1975-04-26,0.010614290126310797
1975-04-27,0.012149231864090075
1975-04-28,0.004591128453457578
1975-04-29,0.0014649531578092485
1975-04-30,0.0015620846132594355
1975-05-01,0.0034730671716348624
1975-05-02,0.00820274935766934
1975-05-03,0.009030738282669272
1975-05-04,0.006633693419205021
1975-05-05,0.0016284836567685877
1975-05-06,0.0028196815924379395
1975-05-07,0.0034418690985626916
1975-05-08,0.001813253155092246
1975-05-09,0.00536918385841996
1975-05-10,0.01290647417082384
1975-05-11,0.019042950975486004
1975-05-12,0.026663924969320945
1975-05-13,0.027253098849725092
1975-05-14,0.03465872388944612
1975-05-15,0.016675996461412514
1975-05-16,0.005230362189078689
1975-05-17,0.0036084142170731246
1975-05-18,0.013136751981484299
1975-05-19,0.01154673867456574
1975-05-20,0.007530424966981285
1975-05-21,0.008853176744843247
1975-05-22,0.013816452509568443
1975-05-23,0.0091414027866414
1975-05-24,0.0030719396586944793
1975-05-25,0.00607892431626346
1975-05-26,0.0069309429310856555
1975-05-27,0.009662166730222268
1975-05-28,0.017167889429626382
1975-05-29,0.023427546402475387
1975-05-30,0.05592702064124306
1975-05-31,0.026097852827120807
1975-06-01,0.01031511392329246
1975-06-02,0.003982660165103691
1975-06-03,0.0016233755424451268
1975-06-04,0.006334261149758441
1975-06-05,0.008528645555622431
1975-06-06,0.031139574582041682
1975-06-07,0.03746069740314984
1975-06-08,0.014793126867307922
1975-06-09,0.006712047089256025
1975-06-10,0.006556297979218456
1975-06-11,0.013225092950895315
1975-06-12,0.008457195724195248
1975-06-13,0.005825408883892222
1975-06-14,0.005841126858813846
1975-06-15,0.013650255827637398
1975-06-16,0.021894921867300056
1975-06-17,0.027121406156021224
1975-06-18,0.01678404905668032
1975-06-19,0.013781512183287868
1975-06-20,0.018196281316089583
1975-06-21,0.013632288404973155
1975-06-22,0.005247975053519637
1975-06-23,0.007352003970904376
1975-06-24,0.005421635858507822
1975-06-25,0.007337025701544858
1975-06-26,0.013945301830448401
1975-06-27,0.007090101579731863
1975-06-28,0.006388448693214728
1975-06-29,0.009353108111911961
1975-06-30,0.010029431366911676
1975-07-01,0.01291857522964009
1975-07-02,0.01650963064932789
1975-07-03,0.00745970493213349
1975-07-04,0.004636315624020022
1975-07-05,0.00637707027070931
1975-07-06,0.008509517793639352
1975-07-07,0.015191267407552346
1975-07-08,0.012725584946993846
1975-07-09,0.009545405641432783
1975-07-10,0.006167563884147131
1975-07-11,0.010957171537650438
1975-07-12,0.017956889141952592
1975-07-13,0.016351420544359268
1975-07-14,0.025493001342649087
1975-07-15,0.03771340394323016
1975-07-16,0.03524621953821331
1975-07-17,0.023194515806906842
1975-07-18,0.023559918845770567
1975-07-19,0.030204279655824146
1975-07-20,0.033276225571623755
1975-07-21,0.024085997429042636
1975-07-22,0.01018594695323261
1975-07-23,0.005571462286060666
1975-07-24,0.015194483531120824
1975-07-25,0.02619003567399522
1975-07-26,0.04035840014284997
1975-07-27,0.03124078192068897
1975-07-28,0.016283976762661117
1975-07-29,0.006110128827322953
1975-07-30,0.006047541798178618
1975-07-31,0.0037312918631508744
1975-08-01,0.0035899374135328677
1975-08-02,0.006852300578006326
1975-08-03,0.01671067105404911
1975-08-04,0.010300069326509224
1975-08-05,0.007990718031741232
1975-08-06,0.0084688818131688
1975-08-07,0.006803044040052837
1975-08-08,0.006770825944986496
1975-08-09,0.008760677757141119
1975-08-10,0.009320034064241174
1975-08-11,0.01102021118529627
1975-08-12,0.003369898378460766
1975-08-13,0.0063845662157374534
1975-08-14,0.009035573701429761
1975-08-15,0.006518689405901484
1975-08-16,0.010365649191103953
1975-08-17,0.009527419361335466
1975-08-18,0.022932809034811992
1975-08-19,0.01428848529265918
1975-08-20,0.004429912455259153
1975-08-21,0.008847113706434451
1975-08-22,0.006834551082968704
1975-08-23,0.006588389348922353
1975-08-24,0.0054219108431291605
1975-08-25,0.002587305699714327
1975-08-26,0.0035178656156503673
1975-08-27,0.015532938800970201
1975-08-28,0.011300161061136758
1975-08-29,0.011944423338132545
1975-08-30,0.021712133840787122
1975-08-31,0.016682024682615634
1975-09-01,0.013481053747889462
1975-09-02,0.008823067778956759
1975-09-03,0.009690910787991197
1975-09-04,0.010388839278012024
1975-09-05,0.010365246366696517
1975-09-06,0.00923538374386715
1975-09-07,0.009836620597856444
1975-09-08,0.007830882291043978
1975-09-09,0.011570990968635545
1975-09-10,0.014527980802801582
1975-09-11,0.011450223420554108
1975-09-12,0.00867046806266186
1975-09-13,0.014023804339257023
1975-09-14,0.022196358848726255
1975-09-15,0.023873975189303148
1975-09-16,0.01073440024620541
1975-09-17,0.008598028351070945
1975-09-18,0.011860447906891586
1975-09-19,0.0050205499788211925
1975-09-20,0.003342423017594024
1975-09-21,0.003460874667636746
1975-09-22,0.008559091232502002
1975-09-23,0.0139111735634803
1975-09-24,0.009471137429083598
1975-09-25,0.01139716852890257
1975-09-26,0.00809060784286796
1975-09-27,0.0027813655183526187
1975-09-28,0.003702633058639175
1975-09-29,0.0053540914422921275
1975-09-30,0.006734495232746455
1975-10-01,0.005438729086219966
1975-10-02,0.009101503531932844
1975-10-03,0.010114687695079647
1975-10-04,0.007450050483926526
1975-10-05,0.006548680737183156
1975-10-06,0.005956814919191555
1975-10-07,0.014478772259179335
1975-10-08,0.022752182183863396
1975-10-09,0.03175090149381528
1975-10-10,0.037161769421003174
1975-10-11,0.016547834373700505
1975-10-12,0.004097525059406381
1975-10-13,0.0035259322155168555
1975-10-14,8.03001615833139E-4
1975-10-15,0.004979517487631759
1975-10-16,0.008682458250304925
1975-10-17,0.005918333546826877
1975-10-18,0.005906448625648201
1975-10-19,0.00394378704575692
1975-10-20,0.00273956024433848
1975-10-21,0.001845180672272835
1975-10-22,0.0012443925759695357
1975-10-23,0.0014838800070383666
1975-10-24,9.310056772312842E-4
1975-10-25,8.479737231554634E-4
1975-10-26,0.0012472253226639735
1975-10-27,9.006082736017628E-4
1975-10-28,0.0011057347187841222
1975-10-29,0.004853414559836532
1975-10-30,0.003985938858060308
1975-10-31,0.0038120046642083683
1975-11-01,0.008874824039636927
1975-11-02,0.004309927443012444
1975-11-03,0.01156164106471096
1975-11-04,0.004037412687621321
1975-11-05,0.0014377560307977616
1975-11-06,0.0010077045654714723
1975-11-07,7.398124393115408E-4
1975-11-08,3.003902013603069E-4
1975-11-09,0.005293646795041316
1975-11-10,0.007929480537266215
1975-11-11,0.02052981541959542
1975-11-12,0.0067147353403518885
1975-11-13,4.128960491229984E-4
1975-11-14,2.7827318762109124E-4
1975-11-15,3.3520936450070007E-4
1975-11-16,4.488692227849347E-4
1975-11-17,2.8490949687162085E-4
1975-11-18,1.6455939054020957E-4
1975-11-19,1.2368619427868658E-4
1975-11-20,5.368374190911879E-5
1975-11-21,3.826177783956029E-5
1975-11-22,3.646630142624693E-5
1975-11-23,7.926749582487928E-5
1975-11-24,3.535377189492326E-4
1975-11-25,3.226671821085308E-4
1975-11-26,1.613405936491269E-4
1975-11-27,5.06402600613381E-4
1975-11-28,0.0012838322114950944
1975-11-29,2.772875516763188E-4
1975-11-30,6.113822670203845E-5
1975-12-01,1.1448221881740426E-5
1975-12-02,1.0577958032827356E-5
1975-12-03,1.0770140175012555E-5
1975-12-04,1.5794620371885388E-5
1975-12-05,9.281927931530948E-5
1975-12-06,1.697551334002425E-4
1975-12-07,2.4173875565651332E-4
1975-12-08,1.717646510982859E-4
1975-12-09,9.359367690768414E-5
1975-12-10,4.6563777237719505E-5
1975-12-11,3.108595837229273E-5
1975-12-12,2.867380991607588E-4
1975-12-13,5.575410612205278E-4
1975-12-14,2.620202141942159E-4
1975-12-15,1.3515774116452627E-4
1975-12-16,1.2185079360397323E-4
1975-12-17,3.3441720868767054E-4
1975-12-18,4.6526974827959403E-4
1975-12-19,1.225396421694394E-4
1975-12-20,8.919020939650862E-6
1975-12-21,1.8475562254412718E-6
1975-12-22,4.217904094279382E-6
1975-12-23,1.9940161728187485E-5
1975-12-24,7.735692117315805E-5
1975-12-25,1.7996021679785914E-6
1975-12-26,1.0808859617694406E-6
1975-12-27,1.4972634974729007E-6
1975-12-28,1.2707474372780271E-6
1975-12-29,1.1771572424485931E-5
1975-12-30,1.0778286041634103E-4
1975-12-31,1.7255945783656561E-4
1976-01-01,2.4961243201026907E-5
1976-01-02,9.628806739150157E-5
1976-01-03,2.0222563082067371E-4
1976-01-04,2.2480088707540927E-4
1976-01-05,1.3964841028171602E-4
1976-01-06,2.553306495976578E-4
1976-01-07,3.5137731422157784E-4
1976-01-08,3.414950819516408E-4
1976-01-09,1.7869197169054132E-5
1976-01-10,4.404960040727675E-5
1976-01-11,2.4180798329685666E-5
1976-01-12,1.1023804283170345E-5
1976-01-13,2.5847663846699618E-5
1976-01-14,7.444117355113996E-5
1976-01-15,1.0487876612646635E-4
1976-01-16,8.596064518735025E-5
1976-01-17,1.942980898885932E-5
1976-01-18,9.779959468721872E-5
1976-01-19,1.0335520365421963E-4
1976-01-20,3.8825029140083134E-4
1976-01-21,4.319901384622167E-4
1976-01-22,2.597492570052484E-5
1976-01-23,6.363553330153216E-5
1976-01-24,3.15321483834656E-4
1976-01-25,4.831327613783131E-4
1976-01-26,2.693233289909644E-5
1976-01-27,3.54333124467666E-5
1976-01-28,2.099440904773956E-5
1976-01-29,2.5012722607463663E-5
1976-01-30,7.516948697393619E-6
1976-01-31,1.6271911927383088E-4
1976-02-01,0.0023915588164345305
1976-02-02,0.003350982612791786
1976-02-03,7.464366908221318E-4
1976-02-04,5.603323824074542E-4
1976-02-05,0.01084978469380971
1976-02-06,0.008556594466666182
1976-02-07,5.573755813289642E-4
1976-02-08,4.713403269758834E-6
1976-02-09,4.103913271207199E-5
1976-02-10,5.440758169230661E-4
1976-02-11,4.7906725840654466E-4
1976-02-12,5.4665835973401064E-5
1976-02-13,1.6301559523653844E-4
1976-02-14,6.428040826489572E-4
1976-02-15,7.638028502646197E-4
1976-02-16,7.322827549507898E-4
1976-02-17,0.0019834875777347757
1976-02-18,4.3412520031455964E-4
1976-02-19,1.9187828027951572E-4
1976-02-20,1.1812613138236067E-5
1976-02-21,9.163656056673336E-6
1976-02-22,9.881114035904872E-6
1976-02-23,5.890944865202566E-6
1976-02-24,5.618894001887067E-6
1976-02-25,1.8853640310904122E-5
1976-02-26,7.217336425483842E-4
1976-02-27,3.490612440732825E-4
1976-02-28,6.513432913509718E-5
1976-02-29,1.916726862680515E-6
1976-03-01,1.7171165040963388E-6
1976-03-02,4.073666737558353E-5
1976-03-03,2.3675029911756837E-4
1976-03-04,0.0010455249234179766
1976-03-05,0.0059621374041362385
1976-03-06,0.01058537957714586
1976-03-07,0.005513785246385935
1976-03-08,0.003305952059730899
1976-03-09,0.004973155802635016
1976-03-10,0.002988391773605826
1976-03-11,3.922849535276064E-4
1976-03-12,1.1824951545369997E-4
1976-03-13,2.7576111652653806E-5
1976-03-14,1.0298433776423907E-4
1976-03-15,2.2924947237092867E-5
1976-03-16,3.0359504311522323E-6
1976-03-17,8.468819802404466E-6
1976-03-18,6.096333264677305E-5
1976-03-19,8.57800056229982E-5
1976-03-20,3.859095292104022E-5
1976-03-21,0.0013233423892631433
1976-03-22,0.007150200486060676
1976-03-23,0.001873427034490913
1976-03-24,7.763690507863909E-4
1976-03-25,2.346019367656269E-4
1976-03-26,7.350903907983232E-5
1976-03-27,1.5547847067712807E-4
1976-03-28,4.6845446260816704E-4
1976-03-29,1.0360664609027954E-4
1976-03-30,9.056830432444705E-5
1976-03-31,4.478245431373525E-5
1976-04-01,1.531314644219269E-4
1976-04-02,4.247608950852014E-5
1976-04-03,2.102399314074255E-5
1976-04-04,2.869871136497671E-4
1976-04-05,2.0062628320362043E-6
1976-04-06,2.057258064103454E-5
1976-04-07,0.001996749978411834
1976-04-08,0.005575550664187813
1976-04-09,0.009751060181396837
1976-04-10,0.023407692112246227
1976-04-11,0.014795826419189743
1976-04-12,0.002193993099662216
1976-04-13,7.353750159343452E-4
1976-04-14,2.2946467697316448E-4
1976-04-15,5.4368222259132E-4
1976-04-16,3.2890266928642343E-4
1976-04-17,1.0039467730462887E-4
1976-04-18,0.004092513227611268
1976-04-19,0.0018421859277053128
1976-04-20,0.0019334307111859028
1976-04-21,0.012583148634028587
1976-04-22,0.013534537175765955
1976-04-23,0.0043859259930477176
1976-04-24,0.004139568789889994
1976-04-25,0.009279358985532454
1976-04-26,0.01695013151634435
1976-04-27,0.0109015315007234
1976-04-28,0.011677004065250511
1976-04-29,0.011371668513466125
1976-04-30,0.009054356297397908
1976-05-01,0.0030605854961904847
1976-05-02,8.082806082468385E-4
1976-05-03,2.999113118646514E-4
1976-05-04,9.873976793539046E-4
1976-05-05,0.008075152642885794
1976-05-06,0.011475561154086626
1976-05-07,0.02102275411005474
1976-05-08,0.033094360516489445
1976-05-09,0.023914255348409897
1976-05-10,0.013479016081069342
1976-05-11,0.026997489366715987
1976-05-12,0.012815224872957841
1976-05-13,0.01059581882555277
1976-05-14,0.006352232380483481
1976-05-15,0.009353607005509867
1976-05-16,0.010305410553691156
1976-05-17,0.014267503286718464
1976-05-18,0.006358554518062022
1976-05-19,0.007720005125085267
1976-05-20,0.003683098888354355
1976-05-21,0.003285656546101955
1976-05-22,0.0038760104310907855
1976-05-23,0.0045995921291361284
1976-05-24,0.004340970560911058
1976-05-25,0.007556983960288195
1976-05-26,0.008576963782470847
1976-05-27,0.009095031450078759
1976-05-28,0.0033029527707316487
1976-05-29,0.0028396111490171373
1976-05-30,0.00497451639458494
1976-05-31,0.01030273089741436
1976-06-01,0.022947910139293523
1976-06-02,0.040780914575536543
1976-06-03,0.02064345563578939
1976-06-04,0.008446473563244
1976-06-05,0.011273098362001457
1976-06-06,0.01245808891959234
1976-06-07,0.028816661740827074
1976-06-08,0.06167023611237707
1976-06-09,0.05101693154024988
1976-06-10,0.06853923819821002
1976-06-11,0.07428587301807606
1976-06-12,0.03868547387975918
1976-06-13,0.02052988955293741
1976-06-14,0.015374533119656645
1976-06-15,0.014572860905619118
1976-06-16,0.00944161562328156
1976-06-17,0.007449305040240926
1976-06-18,0.00737717650644182
1976-06-19,0.005787560650863207
1976-06-20,0.007073006930728446
1976-06-21,0.006232607183359968
1976-06-22,0.006957790385003781
1976-06-23,0.008652597872806787
1976-06-24,0.010165187701735098
1976-06-25,0.008925613044579346
1976-06-26,0.011521734842639686
1976-06-27,0.012876141420377261
1976-06-28,0.02238536938237392
1976-06-29,0.029057173166242695
1976-06-30,0.025688151599064235
1976-07-01,0.02000801541311684
1976-07-02,0.023214999218350803
1976-07-03,0.027380885686660913
1976-07-04,0.014469737118838278
1976-07-05,0.007470375575757271
1976-07-06,0.012301808750857712
1976-07-07,0.019339285511810158
1976-07-08,0.02117777886313585
1976-07-09,0.018701652301711124
1976-07-10,0.032522577780686686
1976-07-11,0.021096780684059655
1976-07-12,0.014674889186184262
1976-07-13,0.01230636409872275
1976-07-14,0.011252399567024994
1976-07-15,0.014883100575747338
1976-07-16,0.011857517524336806
1976-07-17,0.014410550173662379
1976-07-18,0.016025405367176036
1976-07-19,0.007898804408485002
1976-07-20,0.010175333460434135
1976-07-21,0.012598417403929758
1976-07-22,0.011289216459927939
1976-07-23,0.006387860294380787
1976-07-24,0.006365340832218461
1976-07-25,0.006785979587372291
1976-07-26,0.009168360144516387
1976-07-27,0.011187678603244528
1976-07-28,0.010147874743782252
1976-07-29,0.012741593886377486
1976-07-30,0.016354877147568222
1976-07-31,0.011110986440902127
1976-08-01,0.011972014772145422
1976-08-02,0.011345576183366093
1976-08-03,0.026060877924431982
1976-08-04,0.013871332173441346
1976-08-05,0.011818835443999342
1976-08-06,0.01624939632122625
1976-08-07,0.011362012875785255
1976-08-08,0.007811798236007983
1976-08-09,0.01085945622504699
1976-08-10,0.011353385197428475
1976-08-11,0.012875891232775112
1976-08-12,0.013155184997802879
1976-08-13,0.019554778134161156
1976-08-14,0.014143627711611218
1976-08-15,0.015617458128164462
1976-08-16,0.033821526857131856
1976-08-17,0.020759028541419543
1976-08-18,0.008489996285945425
1976-08-19,0.009552904167211294
1976-08-20,0.008111069788609865
1976-08-21,0.009337712012568711
1976-08-22,0.0065025382374893186
1976-08-23,0.004242932240057261
1976-08-24,0.00673799206651578
1976-08-25,0.006499595427501881
1976-08-26,0.004987262378780194
1976-08-27,0.008303498691554015
1976-08-28,0.01062916133283134
1976-08-29,0.0192630218210564
1976-08-30,0.019914070703242425
1976-08-31,0.008560811624977394
1976-09-01,0.005840917729529321
1976-09-02,0.0088632643076246
1976-09-03,0.005775653197608099
1976-09-04,0.004349747340910066
1976-09-05,0.004276721379590586
1976-09-06,0.0023421690698840294
1976-09-07,0.006021378533401726
1976-09-08,0.005671724868883223
1976-09-09,0.013971780364404428
1976-09-10,0.013700671243605318
1976-09-11,0.013060844909453393
1976-09-12,0.008428265731221025
1976-09-13,0.007918085751872932
1976-09-14,0.007918865337259356
1976-09-15,0.0048052945617121385
1976-09-16,0.00599857707683198
1976-09-17,0.0022438352045597897
1976-09-18,0.001252143247515801
1976-09-19,6.070986274492437E-4
1976-09-20,4.3977231831761766E-4
1976-09-21,8.182451369755263E-4
1976-09-22,0.0036830616697407703
1976-09-23,0.00583515226672338
1976-09-24,0.006548607730173128
1976-09-25,0.010068447460864651
1976-09-26,0.011961578824187573
1976-09-27,0.007134438205398527
1976-09-28,0.007392772300794867
1976-09-29,0.0029432263881614545
1976-09-30,0.0011076127689565712
1976-10-01,0.003768714715010119
1976-10-02,0.005149594985246292
1976-10-03,0.002629113580365647
1976-10-04,0.0030890598207891987
1976-10-05,0.0034033460447320087
1976-10-06,0.004955699116442077
1976-10-07,0.006861452338511736
1976-10-08,0.002775995473646895
1976-10-09,0.001326987131573036
1976-10-10,0.001068252575666313
1976-10-11,8.17225082577571E-4
1976-10-12,4.0852584026491924E-4
1976-10-13,2.7252208167717027E-4
1976-10-14,2.2744781607084483E-4
1976-10-15,3.3992866484865554E-4
1976-10-16,4.7847050692677106E-4
1976-10-17,6.852970196050167E-4
1976-10-18,0.0034695866867899775
1976-10-19,0.011545452278851146
1976-10-20,0.025760691614126908
1976-10-21,0.007807493152620533
1976-10-22,0.0015660591164459814
1976-10-23,0.0018642869108191913
1976-10-24,4.5774945372443993E-4
1976-10-25,3.1961095818541503E-4
1976-10-26,2.2384848360019563E-4
1976-10-27,1.7021673119907278E-5
1976-10-28,1.3948787996231952E-5
1976-10-29,4.245066844946146E-5
1976-10-30,2.9316607093823284E-5
1976-10-31,9.529164597865346E-6
1976-11-01,1.5670635225145333E-5
1976-11-02,2.1049102717673966E-4
1976-11-03,0.0020966066035021133
1976-11-04,0.0012675029506113594
1976-11-05,3.838810216143062E-4
1976-11-06,1.2056571746104715E-4
1976-11-07,3.219903625503068E-4
1976-11-08,4.452377409789365E-4
1976-11-09,9.299368588379369E-4
1976-11-10,3.611260436004917E-4
1976-11-11,1.926665487517357E-4
1976-11-12,2.6303812295497086E-4
1976-11-13,2.7871518622310347E-4
1976-11-14,3.548632853413748E-4
1976-11-15,3.576946847056372E-4
1976-11-16,5.318172890490179E-4
1976-11-17,1.5079787624046174E-4
1976-11-18,7.358667925450293E-5
1976-11-19,4.039742374754474E-5
1976-11-20,1.3139193364419775E-4
1976-11-21,1.4487216159840186E-4
1976-11-22,4.0557462330491834E-5
1976-11-23,2.1738360715037864E-4
1976-11-24,6.900636617737088E-4
1976-11-25,0.0034912031749434395
1976-11-26,0.012807081254438
1976-11-27,0.00854775198054262
1976-11-28,0.003904043520889486
1976-11-29,0.002631889984967233
1976-11-30,4.088643436453653E-4
1976-12-01,2.6072640565993736E-4
1976-12-02,3.945262760557576E-4
1976-12-03,2.485879994295473E-4
1976-12-04,2.892677480409047E-4
1976-12-05,2.0741879766056863E-4
1976-12-06,9.197471318271682E-5
1976-12-07,9.910628015181239E-5
1976-12-08,6.539080433503218E-5
1976-12-09,1.5163836600840395E-4
1976-12-10,2.2560748471801693E-4
1976-12-11,8.933121829151505E-5
1976-12-12,4.471915698268903E-5
1976-12-13,4.0789718588410804E-6
1976-12-14,9.043337298683961E-5
1976-12-15,5.221427091312435E-5
1976-12-16,5.566816376055197E-6
1976-12-17,1.1111966348497313E-6
1976-12-18,3.2327760891539404E-6
1976-12-19,4.142096268250535E-6
1976-12-20,2.0217278020885873E-6
1976-12-21,7.098711517435445E-7
1976-12-22,2.8757632163595088E-6
1976-12-23,1.3560036069770952E-5
1976-12-24,1.4243934584467227E-5
1976-12-25,1.9011710610727997E-5
1976-12-26,1.2813055114066142E-5
1976-12-27,2.4969799471111448E-5
1976-12-28,6.278945694300177E-5
1976-12-29,5.032082673507517E-5
1976-12-30,1.8558613884588814E-5
1976-12-31,1.7886428447779802E-5
1977-01-01,4.340617811110355E-6
1977-01-02,3.3197109260753683E-6
1977-01-03,6.159684148214876E-6
1977-01-04,4.5555466589892975E-6
1977-01-05,8.646024305281397E-5
1977-01-06,3.321006398806337E-4
1977-01-07,8.484884429149622E-5
1977-01-08,7.246857781951501E-5
1977-01-09,3.247809979838188E-5
1977-01-10,5.451522853789797E-5
1977-01-11,1.393934551684449E-5
1977-01-12,2.7271328104237678E-5
1977-01-13,1.039590906366142E-4
1977-01-14,2.5644070359442204E-5
1977-01-15,1.013726409560105E-5
1977-01-16,0.002808654749194244
1977-01-17,2.4248953016404076E-4
1977-01-18,3.0073929663643466E-5
1977-01-19,6.117603610587598E-4
1977-01-20,0.0018245429179217705
1977-01-21,2.7221115535869326E-4
1977-01-22,1.3841262890311765E-6
1977-01-23,1.3048431775471765E-6
1977-01-24,1.734425871687057E-6
1977-01-25,2.619726853841239E-6
1977-01-26,1.6303249807484716E-6
1977-01-27,0.0011711365545891363
1977-01-28,0.002771568836947981
1977-01-29,6.0263837304432835E-5
1977-01-30,2.882511431960296E-6
1977-01-31,2.295545413558369E-6
1977-02-01,3.69317028471076E-6
1977-02-02,6.839074527337949E-6
1977-02-03,5.075083666396733E-6
1977-02-04,1.0640314848154931E-4
1977-02-05,8.206766818762463E-4
1977-02-06,3.1633457089146787E-4
1977-02-07,7.325911436816452E-4
1977-02-08,9.992481670597912E-7
1977-02-09,3.6603930366690373E-6
1977-02-10,6.015830710929398E-6
1977-02-11,4.629637034360234E-6
1977-02-12,1.0564750379939206E-5
1977-02-13,7.344260094700371E-6
1977-02-14,8.603548949377786E-7
1977-02-15,5.377582648584681E-6
1977-02-16,1.9662207203520664E-6
1977-02-17,4.828639923632477E-6
1977-02-18,7.3958552291238116E-6
1977-02-19,1.1874848285650167E-4
1977-02-20,3.316106819681809E-4
1977-02-21,6.382927766132413E-4
1977-02-22,0.002819555410234466
1977-02-23,0.008055072726149111
1977-02-24,0.017887224555910828
1977-02-25,0.008534423962958363
1977-02-26,2.939810708516644E-4
1977-02-27,3.2715781480648444E-5
1977-02-28,5.6673443370502975E-5
1977-03-01,9.657611965473833E-6
1977-03-02,3.1088424912407342E-6
1977-03-03,1.940595112841745E-6
1977-03-04,4.605423754678713E-6
1977-03-05,7.797097185698145E-6
1977-03-06,2.1742109532318313E-4
1977-03-07,1.7471548021827045E-6
1977-03-08,2.0885569134850793E-5
1977-03-09,6.677912047324116E-5
1977-03-10,7.041442832143775E-4
1977-03-11,0.0027713371411195536
1977-03-12,0.001143830961258045
1977-03-13,0.00498713196117924
1977-03-14,0.002466190792163298
1977-03-15,0.00140931476653225
1977-03-16,0.0030843361099502442
1977-03-17,7.830027908772943E-4
1977-03-18,2.1621937104975892E-4
1977-03-19,6.945983354869766E-5
1977-03-20,5.633259032357098E-5
1977-03-21,0.0015994809211288595
1977-03-22,1.8631807890875042E-4
1977-03-23,2.8228740949695555E-5
1977-03-24,1.3250765129325207E-5
1977-03-25,4.2877076420002545E-4
1977-03-26,0.0013475683667097383
1977-03-27,0.002515215490630062
1977-03-28,0.00501876673566904
1977-03-29,0.0011826929214589683
1977-03-30,7.888051126068373E-4
1977-03-31,0.009714443647780183
1977-04-01,0.02140924972258549
1977-04-02,0.03356376001879284
1977-04-03,0.023086707196577728
1977-04-04,0.03256442528816134
1977-04-05,0.021525389370341166
1977-04-06,0.016697764229498258
1977-04-07,0.015632974761289945
1977-04-08,0.019021082902821212
1977-04-09,0.017738484807099567
1977-04-10,0.016372093891003834
1977-04-11,0.016809528049742426
1977-04-12,0.018327317194561005
1977-04-13,0.015197188346728238
1977-04-14,0.020251573522279912
1977-04-15,0.013464975809928633
1977-04-16,0.00185934111245138
1977-04-17,0.002152201776493631
1977-04-18,6.806805102308873E-4
1977-04-19,0.001666697115223595
1977-04-20,0.0037095363671180307
1977-04-21,0.01160967474412752
1977-04-22,0.008553083551772622
1977-04-23,0.006405079999327812
1977-04-24,0.008568079755080914
1977-04-25,0.00734236230884306
1977-04-26,0.012790576003571438
1977-04-27,0.012192566743715492
1977-04-28,0.014593388963514243
1977-04-29,0.020529037043292488
1977-04-30,0.01339484206548255
1977-05-01,0.03317005369634367
1977-05-02,0.017056600765558854
1977-05-03,0.006083802662134751
1977-05-04,0.008203271740115332
1977-05-05,0.010152811276073972
1977-05-06,0.00993523724443101
1977-05-07,0.0022374801186584494
1977-05-08,0.0010048171319374808
1977-05-09,2.874123620071528E-4
1977-05-10,1.4328141249104817E-4
1977-05-11,9.909269950677715E-4
1977-05-12,0.015703137554311908
1977-05-13,0.03827074247511524
1977-05-14,0.008194391788500177
1977-05-15,0.0054940467041489855
1977-05-16,0.007057470800369165
1977-05-17,0.012537277255110715
1977-05-18,0.025426789184947656
1977-05-19,0.0076451859074128155
1977-05-20,0.013242973554046798
1977-05-21,0.014663744201555407
1977-05-22,0.006003444930218386
1977-05-23,0.0046545616946652045
1977-05-24,0.0046525228937846835
1977-05-25,0.005323866660178081
1977-05-26,0.006471584076774881
1977-05-27,0.008585566432032057
1977-05-28,0.014299579799207414
1977-05-29,0.019013873116185787
1977-05-30,0.019449687520612834
1977-05-31,0.01443060338578727
1977-06-01,0.020224646811348976
1977-06-02,0.019703097365165664
1977-06-03,0.01828781741918149
1977-06-04,0.018895676547077876
1977-06-05,0.020065257995789988
1977-06-06,0.015114819997178862
1977-06-07,0.02010251572214638
1977-06-08,0.019467570347386817
1977-06-09,0.008625180924215221
1977-06-10,0.009912285769273508
1977-06-11,0.006782435081383685
1977-06-12,0.011800237574160596
1977-06-13,0.009716043311275518
1977-06-14,0.0072416413817637726
1977-06-15,0.018855987846371967
1977-06-16,0.021656064826164906
1977-06-17,0.01578928554835576
1977-06-18,0.012194338719928761
1977-06-19,0.009926882949702318
1977-06-20,0.006412990644929207
1977-06-21,0.010032549682267019
1977-06-22,0.011181370972012737
1977-06-23,0.01607675288797356
1977-06-24,0.014899947652072242
1977-06-25,0.028154166573360458
1977-06-26,0.038204000046820646
1977-06-27,0.020310323373528838
1977-06-28,0.018926072636621365
1977-06-29,0.009779447452927048
1977-06-30,0.0029801644092479576
1977-07-01,0.007953453445426419
1977-07-02,0.011183678121093513
1977-07-03,0.008766741324316063
1977-07-04,0.006923707146221725
1977-07-05,0.014883521710413737
1977-07-06,0.012913900109979374
1977-07-07,0.0074110775948138
1977-07-08,0.015451022637028794
1977-07-09,0.0200800915449607
1977-07-10,0.015557518074842487
1977-07-11,0.005758081027948603
1977-07-12,0.007538518899007336
1977-07-13,0.018846688232206855
1977-07-14,0.03057212629035735
1977-07-15,0.018622795937168903
1977-07-16,0.01283821943707889
1977-07-17,0.007259122970736333
1977-07-18,0.005813538073518105
1977-07-19,0.006136227720417667
1977-07-20,0.005316713598372214
1977-07-21,0.0043337774914432355
1977-07-22,0.006634052226704408
1977-07-23,0.04813231216846147
1977-07-24,0.019293665719797563
1977-07-25,0.010593875950116705
1977-07-26,0.009973508296607326
1977-07-27,0.015293446079797723
1977-07-28,0.019577837847837128
1977-07-29,0.018568565929188784
1977-07-30,0.017951805202511294
1977-07-31,0.019313086400797003
1977-08-01,0.008586638226306058
1977-08-02,0.010739270331251202
1977-08-03,0.004479480381323451
1977-08-04,0.007884690136865718
1977-08-05,0.007261487787055907
1977-08-06,0.013024868905919541
1977-08-07,0.013092541795478115
1977-08-08,0.004046802560375212
1977-08-09,0.0057010889899490385
1977-08-10,0.004599228150499555
1977-08-11,0.004685833516846938
1977-08-12,0.005546339687570726
1977-08-13,0.004233000377570753
1977-08-14,0.006436711008242955
1977-08-15,0.011059294199542687
1977-08-16,0.01716900098424211
1977-08-17,0.007223546194854629
1977-08-18,0.004636983420149247
1977-08-19,0.005118872493025747
1977-08-20,0.011583005689974413
1977-08-21,0.013268081002173443
1977-08-22,0.012549743243553806
1977-08-23,0.01397743856483466
1977-08-24,0.019244505843956986
1977-08-25,0.020810939089385302
1977-08-26,0.013521967036254022
1977-08-27,0.01838343539788027
1977-08-28,0.01459785552036201
1977-08-29,0.010386983604892264
1977-08-30,0.009820388042380793
1977-08-31,0.01561015454263051
1977-09-01,0.009714753039850532
1977-09-02,0.008353003644965643
1977-09-03,0.005133628438938088
1977-09-04,0.004408347149731941
1977-09-05,0.0031809402106942443
1977-09-06,0.005310920078297431
1977-09-07,0.012127303751994821
1977-09-08,0.01512047296964853
1977-09-09,0.009225110107542567
1977-09-10,0.006538076882604894
1977-09-11,0.010843594638477378
1977-09-12,0.008058087325937296
1977-09-13,0.0023363929059285206
1977-09-14,0.006088175715085762
1977-09-15,0.013938392005638444
1977-09-16,0.007672791281283219
1977-09-17,0.005906432513262142
1977-09-18,0.006847672646799683
1977-09-19,0.007649711651489871
1977-09-20,0.010009437054480316
1977-09-21,0.010752997916612486
1977-09-22,0.0042695795124420705
1977-09-23,0.0024576192524271806
1977-09-24,0.0032659395129241895
1977-09-25,0.006707764493418028
1977-09-26,0.005365019692915839
1977-09-27,0.004130018100151667
1977-09-28,0.004175692175000194
1977-09-29,0.003755694612939896
1977-09-30,0.008980588610038894
1977-10-01,0.009775606771538065
1977-10-02,0.008034900556657242
1977-10-03,0.0098146322461451
1977-10-04,0.009164427970811127
1977-10-05,0.009578445767740367
1977-10-06,0.004262086612600105
1977-10-07,0.0019393692772407798
1977-10-08,0.0014471393345327898
1977-10-09,0.0010636581748490732
1977-10-10,0.0018818483574679179
1977-10-11,0.0017887625453208117
1977-10-12,0.002834684431029514
1977-10-13,0.003158414771035029
1977-10-14,0.002746151051707715
1977-10-15,0.0028211136801432907
1977-10-16,0.002040580977212967
1977-10-17,5.321726622201782E-4
1977-10-18,1.3812278252028044E-4
1977-10-19,2.0064164322293113E-4
1977-10-20,4.3159012624053493E-4
1977-10-21,7.96429510339594E-4
1977-10-22,3.741357436067153E-4
1977-10-23,1.0661973712516663E-4
1977-10-24,2.8178825882818094E-4
1977-10-25,0.001328012149542856
1977-10-26,0.01055575025648594
1977-10-27,0.0012740358053633237
1977-10-28,2.9634173431438164E-4
1977-10-29,2.01025255462311E-4
1977-10-30,0.009854727563194289
1977-10-31,0.001034038746803531
1977-11-01,3.6095029890130894E-4
1977-11-02,3.2588588150922444E-4
1977-11-03,0.0015669272090749994
1977-11-04,0.009030400492107382
1977-11-05,0.00655763802211555
1977-11-06,0.0028856720385359138
1977-11-07,0.0010771528189456073
1977-11-08,2.1709660673476457E-4
1977-11-09,2.5874618292946055E-4
1977-11-10,3.720729010783533E-4
1977-11-11,2.3855190352319622E-4
1977-11-12,6.139373094793395E-4
1977-11-13,0.0011270991570339192
1977-11-14,3.11287321070233E-5
1977-11-15,9.36747278944198E-6
1977-11-16,4.9642322230922734E-5
1977-11-17,2.319977178279751E-4
1977-11-18,2.98467422879864E-4
1977-11-19,1.6571754490633524E-4
1977-11-20,3.569876320161836E-4
1977-11-21,0.00207903720701559
1977-11-22,6.880452715288292E-4
1977-11-23,0.0010889293540791473
1977-11-24,8.664038271173737E-4
1977-11-25,0.004705900413445099
1977-11-26,0.0036204438540685326
1977-11-27,3.4013217207978644E-4
1977-11-28,5.422700843190328E-4
1977-11-29,4.913020302619583E-4
1977-11-30,2.977599272789551E-4
1977-12-01,1.9481751159509302E-4
1977-12-02,2.1411972813423186E-4
1977-12-03,7.42788873160799E-5
1977-12-04,1.0503123602634873E-4
1977-12-05,1.8651064691840448E-4
1977-12-06,1.6691257357955954E-4
1977-12-07,1.8326734715196086E-4
1977-12-08,9.911536315096823E-5
1977-12-09,8.186474522602756E-5
1977-12-10,6.285408811545996E-5
1977-12-11,1.1168992381750204E-4
1977-12-12,1.2479628808201572E-4
1977-12-13,8.208954862103019E-5
1977-12-14,1.5283014446811977E-4
1977-12-15,2.3380374399515743E-4
1977-12-16,9.049091644476633E-5
1977-12-17,1.657904883577931E-5
1977-12-18,4.386228015925614E-7
1977-12-19,9.991350801932062E-7
1977-12-20,3.1847357393625783E-6
1977-12-21,3.939121289087138E-6
1977-12-22,1.8703069685921967E-5
1977-12-23,1.1281514559944404E-4
1977-12-24,2.238180390188673E-6
1977-12-25,1.3751106946689439E-6
1977-12-26,6.499984346828955E-6
1977-12-27,7.414121283632881E-4
1977-12-28,0.004176006247117154
1977-12-29,0.006905948989850056
1977-12-30,6.70632776116637E-4
1977-12-31,3.7403926854691805E-4
1978-01-01,1.5369932813747662E-4
1978-01-02,9.552632133479159E-5
1978-01-03,2.4155149028549762E-4
1978-01-04,1.4726308078253898E-5
1978-01-05,2.706735179523354E-5
1978-01-06,3.526933735983418E-5
1978-01-07,1.9901359217523403E-4
1978-01-08,5.8082389544693395E-5
1978-01-09,2.1120208205241962E-4
1978-01-10,4.5341088479398256E-4
1978-01-11,6.531096604934784E-5
1978-01-12,1.9160271876480878E-6
1978-01-13,1.8239302158948892E-5
1978-01-14,3.137374457979599E-5
1978-01-15,2.8996541009579615E-5
1978-01-16,9.315327622879215E-5
1978-01-17,1.5713519601058304E-4
1978-01-18,2.446074556766777E-4
1978-01-19,7.034879769196298E-5
1978-01-20,2.9584505719472607E-6
1978-01-21,1.8095154705983046E-5
1978-01-22,3.936751301884829E-4
1978-01-23,4.479866837934671E-6
1978-01-24,2.0487587713348387E-6
1978-01-25,3.941923470275914E-6
1978-01-26,7.764801459010944E-6
1978-01-27,3.8310930931821414E-5
1978-01-28,1.1201453864870522E-6
1978-01-29,2.524646816738354E-6
1978-01-30,2.6250391294570087E-5
1978-01-31,1.1710778654499202E-5
1978-02-01,1.6705322265300688E-5
1978-02-02,1.5082840792021625E-5
1978-02-03,1.2841979352767787E-4
1978-02-04,6.514857007953877E-5
1978-02-05,1.4627983596287125E-5
1978-02-06,6.471633090193933E-7
1978-02-07,8.921241048371337E-6
1978-02-08,3.90467788028234E-4
1978-02-09,4.670148677890267E-5
1978-02-10,1.1472381548944916E-5
1978-02-11,5.7141685701324535E-6
1978-02-12,1.4402865722099235E-5
1978-02-13,3.44949136574775E-5
1978-02-14,1.2871353132978396E-4
1978-02-15,5.447765119290511E-5
1978-02-16,2.754063080464904E-6
1978-02-17,1.7953087822210716E-4
1978-02-18,2.636213846526194E-4
1978-02-19,0.0013122862761138804
1978-02-20,0.0010153904979573261
1978-02-21,8.568948391727901E-5
1978-02-22,3.488463573811626E-5
1978-02-23,1.7177681735040318E-6
1978-02-24,4.357096865734239E-7
1978-02-25,7.412682434178307E-7
1978-02-26,1.6597385132953084E-5
1978-02-27,1.717431509951209E-6
1978-02-28,9.441783628087165E-6
1978-03-01,5.039060102357927E-6
1978-03-02,3.5262994722457664E-6
1978-03-03,4.9382247743338176E-5
1978-03-04,1.3747122810262347E-4
1978-03-05,2.2613090263681924E-4
1978-03-06,1.4329555781538648E-4
1978-03-07,1.6073190153828332E-5
1978-03-08,4.351138613856165E-7
1978-03-09,8.583068051848386E-7
1978-03-10,1.7297899798391379E-6
1978-03-11,9.38897832912927E-5
1978-03-12,4.5981750186922994E-4
1978-03-13,1.5253983449116149E-4
1978-03-14,1.0847407519684602E-4
1978-03-15,6.343088544708091E-6
1978-03-16,6.447012856433186E-6
1978-03-17,8.797428040553492E-7
1978-03-18,3.778776498478339E-5
1978-03-19,2.9737556714090705E-4
1978-03-20,8.523100997216293E-6
1978-03-21,6.942789667039688E-6
1978-03-22,0.001913733422941132
1978-03-23,1.4536811916579048E-4
1978-03-24,1.181261185433766E-6
1978-03-25,6.620464236300605E-4
1978-03-26,9.255253652159227E-4
1978-03-27,1.2311505203377952E-4
1978-03-28,5.334504371633878E-6
1978-03-29,0.008325019819238527
1978-03-30,0.026153421957686364
1978-03-31,0.0014631089288781763
1978-04-01,0.0018973754891779548
1978-04-02,0.0012044492611020122
1978-04-03,3.265452408569291E-4
1978-04-04,0.002709909392091058
1978-04-05,0.0022432883507371155
1978-04-06,2.2116610615082242E-4
1978-04-07,1.7256070009744206E-4
1978-04-08,3.6336338549729957E-4
1978-04-09,6.854909372943472E-7
1978-04-10,4.150016464811467E-5
1978-04-11,6.382767761210388E-4
1978-04-12,8.262378273381967E-4
1978-04-13,0.0018558085335220532
1978-04-14,0.006463470756379597
1978-04-15,0.004158887910044253
1978-04-16,0.019879422470075517
1978-04-17,0.004254245049027008
1978-04-18,0.011413187167224304
1978-04-19,0.006851857636040565
1978-04-20,0.0073360817354966405
1978-04-21,0.004805916133976285
1978-04-22,0.002175826918022559
1978-04-23,0.0024491768923076765
1978-04-24,9.21990367422869E-4
1978-04-25,0.005402533687280479
1978-04-26,0.004149436300397691
1978-04-27,0.0038168132843469107
1978-04-28,0.0028686909414370842
1978-04-29,0.00206043684796669
1978-04-30,0.003912486037557242
1978-05-01,0.0026265609282072077
1978-05-02,0.0037461701027031924
1978-05-03,0.007934870295060908
1978-05-04,0.0017925737097692776
1978-05-05,0.009671613431788588
1978-05-06,0.006348301056414636
1978-05-07,0.013288350594036057
1978-05-08,0.025652323671795495
1978-05-09,0.014573462843550659
1978-05-10,0.010881637776731325
1978-05-11,0.014372167462144694
1978-05-12,0.012349342041955442
1978-05-13,0.012248491817455331
1978-05-14,0.009068690991722231
1978-05-15,0.0075245907998086345
1978-05-16,0.0028666485952926818
1978-05-17,0.005194872350088494
1978-05-18,0.01172625372459999
1978-05-19,0.01960834704856281
1978-05-20,0.011572649256555823
1978-05-21,0.015601955149054261
1978-05-22,0.016328419987878477
1978-05-23,0.039175585898046164
1978-05-24,0.044296891569904816
1978-05-25,0.024718978526148374
1978-05-26,0.015708634332753168
1978-05-27,0.018190124970865227
1978-05-28,0.014672242260095374
1978-05-29,0.011440367558720962
1978-05-30,0.014248453247782365
1978-05-31,0.012419295308867711
1978-06-01,0.011833986604193538
1978-06-02,0.010259820493498138
1978-06-03,0.0055660020691607
1978-06-04,0.015996317939192775
1978-06-05,0.022954752725955027
1978-06-06,0.01986220200842098
1978-06-07,0.008799870431881754
1978-06-08,0.019836411163973753
1978-06-09,0.034997771210939485
1978-06-10,0.013507432216870575
1978-06-11,0.008346974664838311
1978-06-12,0.01567208918756494
1978-06-13,0.010288479325470883
1978-06-14,0.004229935663857446
1978-06-15,0.005069927015422092
1978-06-16,0.006607547074073261
1978-06-17,0.00752417560578408
1978-06-18,0.013124888741953845
1978-06-19,0.008842473972396785
1978-06-20,0.012099355680082755
1978-06-21,0.0111402684945066
1978-06-22,0.014855510030609568
1978-06-23,0.021016529060996693
1978-06-24,0.0382123161509301
1978-06-25,0.08041409267726002
1978-06-26,0.030018469040427646
1978-06-27,0.004343116716415369
1978-06-28,0.007184345693346286
1978-06-29,0.018472189847522035
1978-06-30,0.011786914366066211
1978-07-01,0.0031356697084395403
1978-07-02,0.0023501320993138584
1978-07-03,0.005983418075716295
1978-07-04,0.012329343766773507
1978-07-05,0.013160560509147485
1978-07-06,0.009985590543615856
1978-07-07,0.014073640930576397
1978-07-08,0.009272351776672867
1978-07-09,0.00742706999855015
1978-07-10,0.00817244047425474
1978-07-11,0.009066915851693835
1978-07-12,0.006101718570608628
1978-07-13,0.004907722050782232
1978-07-14,0.00702590619900233
1978-07-15,0.019646359116588605
1978-07-16,0.023288155448865387
1978-07-17,0.023789781525605413
1978-07-18,0.013832481882623138
1978-07-19,0.01132301646513216
1978-07-20,0.015903161412669224
1978-07-21,0.009882985978173681
1978-07-22,0.010474850905393027
1978-07-23,0.010374315701306808
1978-07-24,0.011798979850742684
1978-07-25,0.007352638422870832
1978-07-26,0.010769129038858224
1978-07-27,0.015413870445950308
1978-07-28,0.01039876203022802
1978-07-29,0.010611718500074344
1978-07-30,0.00939354813163625
1978-07-31,0.010775958703042056
1978-08-01,0.007704646642465365
1978-08-02,0.01645497751339465
1978-08-03,0.015489198014258528
1978-08-04,0.0173583508473137
1978-08-05,0.013533092430291866
1978-08-06,0.006180102893946837
1978-08-07,0.0062642463059646766
1978-08-08,0.012731827454850271
1978-08-09,0.015296389962543455
1978-08-10,0.010050608278629783
1978-08-11,0.013386226563873078
1978-08-12,0.003634493934710811
1978-08-13,0.008031874682638778
1978-08-14,0.009841857189946646
1978-08-15,0.007922977841732216
1978-08-16,0.005954634952637516
1978-08-17,0.006988226351883662
1978-08-18,0.009327013857555572
1978-08-19,0.011720071966324148
1978-08-20,0.011390301392733575
1978-08-21,0.01348343409894685
1978-08-22,0.01498859817472797
1978-08-23,0.008581305156132443
1978-08-24,0.006267965762433428
1978-08-25,0.00684012107239227
1978-08-26,0.006921026172037113
1978-08-27,0.0036516476442427738
1978-08-28,8.950576823775155E-4
1978-08-29,0.01566339807348423
1978-08-30,0.04441149511028008
1978-08-31,0.020641968818852434
1978-09-01,0.013992306282231198
1978-09-02,0.0097043232655159
1978-09-03,0.008470399362042984
1978-09-04,0.013774837017885287
1978-09-05,0.010382655004252084
1978-09-06,0.007770922727666664
1978-09-07,0.01362335451338289
1978-09-08,0.007550713527493596
1978-09-09,0.01781886830635622
1978-09-10,0.02227228209486156
1978-09-11,0.013775490998080578
1978-09-12,0.006822472348373343
1978-09-13,0.0068615261908868816
1978-09-14,0.01014307889859676
1978-09-15,0.011092678045755469
1978-09-16,0.005270642943221825
1978-09-17,0.00393227528325396
1978-09-18,0.006238814669304637
1978-09-19,0.0022889229614284556
1978-09-20,0.004263728554248769
1978-09-21,0.007748063165294566
1978-09-22,0.0024931503955178845
1978-09-23,0.009724476625566934
1978-09-24,0.020254031079646094
1978-09-25,0.020485703704623208
1978-09-26,0.018930128509477815
1978-09-27,0.00743175012153561
1978-09-28,0.004457918056669015
1978-09-29,0.009105678601398777
1978-09-30,0.007987134756831717
1978-10-01,0.014763412311718559
1978-10-02,0.005559699325524853
1978-10-03,0.006903054228193761
1978-10-04,0.009026563982832785
1978-10-05,0.0037263206643618194
1978-10-06,0.0012384981092645416
1978-10-07,0.0010475633197250412
1978-10-08,0.002464297675610219
1978-10-09,0.004661712770141028
1978-10-10,0.004342616435084247
1978-10-11,0.0018415967028034858
1978-10-12,7.573623884076756E-4
1978-10-13,0.001498544841387506
1978-10-14,0.002567878875124303
1978-10-15,0.0019564193265478825
1978-10-16,0.0021882295902640354
1978-10-17,0.0010674829237133391
1978-10-18,0.0011768496476723131
1978-10-19,0.0025222598187918765
1978-10-20,0.0021274177891177173
1978-10-21,6.785323345202616E-4
1978-10-22,7.733346650376041E-4
1978-10-23,5.994200692370736E-4
1978-10-24,4.65498115201963E-4
1978-10-25,3.112338945197663E-4
1978-10-26,1.7714572190036956E-4
1978-10-27,2.4664252374637356E-5
1978-10-28,5.795703095573782E-5
1978-10-29,0.0020249429126803324
1978-10-30,0.001423745908268453
1978-10-31,0.0013595638891224127
1978-11-01,0.0017040326038595534
1978-11-02,0.0027165880124354943
1978-11-03,8.223843514299046E-4
1978-11-04,2.4283548911083487E-4
1978-11-05,1.382801298987028E-4
1978-11-06,1.6978743101154746E-4
1978-11-07,7.10532764437325E-4
1978-11-08,6.41260505803683E-4
1978-11-09,1.7238381215443338E-4
1978-11-10,1.1212531849525753E-4
1978-11-11,1.7503943299686491E-4
1978-11-12,1.7522081494696646E-4
1978-11-13,9.415986141388526E-4
1978-11-14,0.0014407743968215174
1978-11-15,4.1719454816162977E-4
1978-11-16,3.24955363702411E-4
1978-11-17,7.304222445291918E-4
1978-11-18,5.211097596427211E-4
1978-11-19,2.4666543318281495E-4
1978-11-20,5.472374473639485E-4
1978-11-21,3.6773535603081117E-4
1978-11-22,4.960611011373755E-4
1978-11-23,5.307012177686039E-4
1978-11-24,9.107181225162018E-4
1978-11-25,7.485850169428938E-4
1978-11-26,6.065385716374609E-4
1978-11-27,5.533296498736656E-4
1978-11-28,2.1293964642690315E-4
1978-11-29,6.349066242409812E-5
1978-11-30,5.096790606100533E-6
1978-12-01,5.252306776893936E-6
1978-12-02,4.871202810426199E-5
1978-12-03,4.144004853164579E-5
1978-12-04,2.0027446244802696E-5
1978-12-05,2.280895382831862E-6
1978-12-06,8.785949065859287E-7
1978-12-07,2.3019169172945017E-6
1978-12-08,2.7720120457973907E-6
1978-12-09,5.427462389226102E-6
1978-12-10,6.002717958890103E-7
1978-12-11,1.0038256759488223E-6
1978-12-12,1.1591419167838274E-6
1978-12-13,1.6358596290376932E-6
1978-12-14,1.8138367965815218E-6
1978-12-15,2.034038072949838E-6
1978-12-16,1.957577904267138E-6
1978-12-17,8.349657891035197E-6
1978-12-18,2.3086317110636678E-5
1978-12-19,1.2542017800750974E-6
1978-12-20,1.314985648356842E-7
1978-12-21,6.113121831340749E-8
1978-12-22,8.866088019377405E-7
1978-12-23,8.084715364956369E-7
1978-12-24,4.207559159187579E-6
1978-12-25,1.069796405975929E-5
1978-12-26,2.521474784387951E-5
1978-12-27,2.1702728472218776E-5
1978-12-28,4.85389247003485E-6
1978-12-29,9.873882085065528E-6
1978-12-30,1.1075750902426176E-5
1978-12-31,2.9724647956853524E-6
1979-01-01,3.0880282932520134E-6
1979-01-02,2.2164590606920933E-6
1979-01-03,1.4577293713818945E-6
1979-01-04,1.6803199351053968E-6
1979-01-05,1.1046767106407532E-5
1979-01-06,1.6459919793401596E-6
1979-01-07,9.068568073199417E-7
1979-01-08,9.94106568327917E-7
1979-01-09,1.304633652419359E-7
1979-01-10,4.3603514947346596E-7
1979-01-11,1.743408428154966E-6
1979-01-12,9.289774260309521E-10
1979-01-13,3.5968268546536077E-6
1979-01-14,5.544792793390335E-6
1979-01-15,6.745947794964281E-7
1979-01-16,1.308586354819157E-6
1979-01-17,1.1596117413157502E-6
1979-01-18,2.1628598528465783E-5
1979-01-19,2.762618873779649E-4
1979-01-20,7.477974493319345E-4
1979-01-21,6.658796546472008E-5
1979-01-22,5.848701303441996E-5
1979-01-23,6.588962938350008E-5
1979-01-24,5.41373030095737E-5
1979-01-25,4.674539006367925E-5
1979-01-26,4.7249109371009865E-7
1979-01-27,7.134161765985485E-6
1979-01-28,2.988917456977188E-6
1979-01-29,3.60926645770009E-4
1979-01-30,0.001029709777988648
1979-01-31,3.347668574263396E-4
1979-02-01,0.001188153727030726
1979-02-02,0.0050112916408188305
1979-02-03,5.137505270360059E-4
1979-02-04,2.3195669943255267E-6
1979-02-05,1.0987470199994184E-6
1979-02-06,1.7346245092869393E-6
1979-02-07,0.002507697690253856
1979-02-08,0.0012950781877658908
1979-02-09,3.0960991089531867E-4
1979-02-10,8.519955455021401E-5
1979-02-11,1.2824270428546817E-4
1979-02-12,3.8273285195585204E-5
1979-02-13,1.4610881450245226E-6
1979-02-14,1.432854489641714E-6
1979-02-15,1.2904405366498395E-6
1979-02-16,4.5538709165308743E-7
1979-02-17,1.4745059488371138E-6
1979-02-18,2.298806934931812E-6
1979-02-19,1.5217069752075202E-4
1979-02-20,3.03157144151518E-4
1979-02-21,8.59075198989705E-6
1979-02-22,1.1411635446369595E-6
1979-02-23,1.7076817480497245E-6
1979-02-24,4.750721505570149E-7
1979-02-25,4.389988137665411E-7
1979-02-26,4.3818066171765066E-7
1979-02-27,1.991662950341737E-6
1979-02-28,2.5190426877621474E-6
1979-03-01,8.593478355578554E-7
1979-03-02,-2.0706352188426536E-9
1979-03-03,4.351138045421976E-7
1979-03-04,3.4219749522890197E-6
1979-03-05,1.2904404798064206E-6
1979-03-06,8.642444413453632E-7
1979-03-07,4.499616558955637E-6
1979-03-08,8.243715120752766E-4
1979-03-09,0.006923162910108183
1979-03-10,3.84532547932566E-4
1979-03-11,2.562999668498378E-6
1979-03-12,2.3328035029255344E-6
1979-03-13,2.5081645529375542E-6
1979-03-14,8.872907473363374E-7
1979-03-15,5.269248136790233E-4
1979-03-16,0.0011547055436992371
1979-03-17,9.35365077199617E-4
1979-03-18,0.00957121245852376
1979-03-19,0.005763866383497355
1979-03-20,0.003137891100471745
1979-03-21,0.003969020936766969
1979-03-22,4.086741251315985E-4
1979-03-23,7.005579900945721E-4
1979-03-24,7.606019585829265E-4
1979-03-25,5.441141411739457E-4
1979-03-26,5.268646061879885E-4
1979-03-27,7.584521864046385E-4
1979-03-28,0.00463047653471816
1979-03-29,0.0020851727637466793
1979-03-30,0.0021692484490355916
1979-03-31,0.00438231892059754
1979-04-01,0.002521578447907014
1979-04-02,9.512259999853419E-4
1979-04-03,2.3371010581136726E-5
1979-04-04,1.7115470388883746E-5
1979-04-05,0.002311977462691777
1979-04-06,0.001908183787353193
1979-04-07,0.003072518721877288
1979-04-08,1.267169653864574E-4
1979-04-09,0.0014896419269782015
1979-04-10,0.0026498030666198182
1979-04-11,0.0061541290423667
1979-04-12,0.007652258562163002
1979-04-13,6.650062523935998E-4
1979-04-14,0.001887339906568597
1979-04-15,0.0031282230053516764
1979-04-16,0.006451186494972301
1979-04-17,0.008796581945393418
1979-04-18,0.009744107810796637
1979-04-19,0.0025769911421546377
1979-04-20,0.0011423689869592996
1979-04-21,0.004613918138845078
1979-04-22,0.002319492570907052
1979-04-23,0.0026288359865652843
1979-04-24,1.2318159998547337E-4
1979-04-25,5.187009715949003E-6
1979-04-26,1.9225973116197232E-4
1979-04-27,0.001158607809012066
1979-04-28,4.082692652771343E-4
1979-04-29,0.003484857272350785
1979-04-30,0.015244739079772553
1979-05-01,0.030070261304336217
1979-05-02,0.018095402524289993
1979-05-03,0.0027397806535110485
1979-05-04,0.0014298814858642076
1979-05-05,8.264317848489793E-4
1979-05-06,9.447392528736976E-4
1979-05-07,0.0035250651090884435
1979-05-08,0.001834095818444947
1979-05-09,0.0030080296113272386
1979-05-10,0.003699637016646103
1979-05-11,0.005818434088795517
1979-05-12,0.006374389508725858
1979-05-13,0.004898547834765409
1979-05-14,0.005601147591422399
1979-05-15,0.0036517208187996984
1979-05-16,0.0032061746280867844
1979-05-17,0.0069351193207494565
1979-05-18,4.024760016391309E-4
1979-05-19,7.375033210921688E-5
1979-05-20,0.002267214730184408
1979-05-21,0.0034002171054473783
1979-05-22,0.005822103019192067
1979-05-23,0.003976626878315893
1979-05-24,7.221203579936061E-4
1979-05-25,9.610551402468359E-5
1979-05-26,5.129192159974922E-4
1979-05-27,0.003058477132211661
1979-05-28,0.0013147061954402344
1979-05-29,5.226423314981853E-4
1979-05-30,7.155342428922985E-5
1979-05-31,1.1027995649872112E-5
1979-06-01,5.270560888078206E-6
1979-06-02,1.0629373618741225E-4
1979-06-03,1.9267845036253153E-4
1979-06-04,4.100302530562792E-4
1979-06-05,0.0011046665720133868
1979-06-06,0.008852964004306376
1979-06-07,0.015894683322921425
1979-06-08,0.020916386402550176
1979-06-09,0.017432824961953284
1979-06-10,0.02532614987954178
1979-06-11,0.039160946034702535
1979-06-12,0.019143693480663186
1979-06-13,0.016118986393846256
1979-06-14,0.03092652783328663
1979-06-15,0.024512632138096874
1979-06-16,0.014283755038994731
1979-06-17,0.009123091137844843
1979-06-18,0.007111063977616998
1979-06-19,0.00508747398373575
1979-06-20,0.004007770281332225
1979-06-21,0.009000657499143715
1979-06-22,0.008320296201048709
1979-06-23,0.012627351114765657
1979-06-24,0.015155519720513488
1979-06-25,0.011567454133219504
1979-06-26,0.008232825882744745
1979-06-27,0.009702237521983967
1979-06-28,0.01748582441147502
1979-06-29,0.025909513029081087
1979-06-30,0.05377069556037722
1979-07-01,0.057168114058710834
1979-07-02,0.04074207934790427
1979-07-03,0.006750000919915948
1979-07-04,0.010307256469692477
1979-07-05,0.013493957805673341
1979-07-06,0.0032286308638376057
1979-07-07,0.009398915334468393
1979-07-08,0.013758649834470544
1979-07-09,0.01733458975941824
1979-07-10,0.015911684693749505
1979-07-11,0.010107299859713455
1979-07-12,0.013498934594065993
1979-07-13,0.021567233666810615
1979-07-14,0.020064683364322614
1979-07-15,0.012433613265055743
1979-07-16,0.02736690284403464
1979-07-17,0.021344053238289147
1979-07-18,0.018358940477397962
1979-07-19,0.026239104590477836
1979-07-20,0.017392718457342218
1979-07-21,0.008931882896031565
1979-07-22,0.010865448560955955
1979-07-23,0.015233911677976573
1979-07-24,0.010487409982014449
1979-07-25,0.009276848078174573
1979-07-26,0.012226009967047265
1979-07-27,0.009046519087786666
1979-07-28,0.00936544486818027
1979-07-29,0.0075766473012760585
1979-07-30,0.00722874760704731
1979-07-31,0.008555826509070639
1979-08-01,0.005088173793039351
1979-08-02,0.01012344123001629
1979-08-03,0.005759207639300685
1979-08-04,0.008174923812902178
1979-08-05,0.010726367490368965
1979-08-06,0.004264925126181511
1979-08-07,0.009475038909978655
1979-08-08,0.010422333374713974
1979-08-09,0.01090189831512357
1979-08-10,0.005461210586612908
1979-08-11,0.0054326959037462935
1979-08-12,0.00592038335105845
1979-08-13,0.011818716882257248
1979-08-14,0.04655953167856231
1979-08-15,0.054625374739363644
1979-08-16,0.010808074616727899
1979-08-17,0.007550033850577315
1979-08-18,0.007530592164918813
1979-08-19,0.016510456226477996
1979-08-20,0.03703579807524054
1979-08-21,0.0080614175783024
1979-08-22,0.007838556578901841
1979-08-23,0.006666163213749119
1979-08-24,0.014003756639091987
1979-08-25,0.02643182005868098
1979-08-26,0.020974082919953525
1979-08-27,0.010681086932383003
1979-08-28,0.008494266327623968
1979-08-29,0.008370788801726413
1979-08-30,0.006264673128409153
1979-08-31,0.006411469295298961
1979-09-01,0.008599225721060843
1979-09-02,0.015357134345714129
1979-09-03,0.01684842739734643
1979-09-04,0.018063252929316657
1979-09-05,0.013675816212388905
1979-09-06,0.009861673171035711
1979-09-07,0.011582571093965932
1979-09-08,0.014608459782542943
1979-09-09,0.01907060208384576
1979-09-10,0.03052684664727905
1979-09-11,0.021387476389922146
1979-09-12,0.010485682498669848
1979-09-13,0.0067542460731178575
1979-09-14,0.0035134482700389115
1979-09-15,0.002793796751479072
1979-09-16,0.001415158419843522
1979-09-17,0.0025749752259609906
1979-09-18,0.0024223974067768255
1979-09-19,0.001353436398258451
1979-09-20,0.001754005133870403
1979-09-21,0.0023333244588913233
1979-09-22,0.003306264868000351
1979-09-23,0.0035926201419212464
1979-09-24,0.0021103249972525655
1979-09-25,0.0025782115202782605
1979-09-26,0.006293682204442078
1979-09-27,0.014081150053861005
1979-09-28,0.016866647336302602
1979-09-29,0.01772669207664425
1979-09-30,0.008120157195544797
1979-10-01,0.005783757803582713
1979-10-02,0.0066014372704221854
1979-10-03,0.008369237558142591
1979-10-04,0.007715948346024351
1979-10-05,0.01371884609521058
1979-10-06,0.025184113492961
1979-10-07,0.004002248374217139
1979-10-08,0.002517734331121128
1979-10-09,0.003055100176999636
1979-10-10,0.005315748724337458
1979-10-11,0.004925681175109649
1979-10-12,0.002769384321861476
1979-10-13,0.001108298691413946
1979-10-14,5.390208086040352E-4
1979-10-15,2.7468789261869193E-4
1979-10-16,2.7568885727308234E-4
1979-10-17,3.0138677208621316E-4
1979-10-18,4.697166147620695E-4
1979-10-19,3.540972048208348E-4
1979-10-20,6.755306121246477E-5
1979-10-21,3.1568826408375725E-4
1979-10-22,1.3727464040200202E-4
1979-10-23,3.635345347709828E-5
1979-10-24,2.8571088008785996E-4
1979-10-25,3.8063249245424464E-4
1979-10-26,0.0016322289199199736
1979-10-27,0.0013192289703404857
1979-10-28,4.580144016218901E-4
1979-10-29,6.171720928094113E-4
1979-10-30,4.3447597385888706E-4
1979-10-31,2.3421797587361813E-4
1979-11-01,2.430632471548772E-4
1979-11-02,7.466206312367084E-4
1979-11-03,4.320176174531487E-4
1979-11-04,1.3569944973936332E-4
1979-11-05,4.209576227330059E-5
1979-11-06,1.2576890261220707E-4
1979-11-07,2.921341733085657E-4
1979-11-08,7.621646827170051E-5
1979-11-09,5.3337676509098653E-5
1979-11-10,7.883377597725562E-5
1979-11-11,4.5099036008095204E-5
1979-11-12,3.93756665407594E-6
1979-11-13,1.1768643224916945E-5
1979-11-14,1.869377934218027E-5
1979-11-15,4.035577003447472E-5
1979-11-16,1.085868266939623E-4
1979-11-17,9.133180156100642E-5
1979-11-18,1.3716430188493272E-4
1979-11-19,9.976420940223597E-4
1979-11-20,0.00352544573316035
1979-11-21,0.0012668780822374358
1979-11-22,7.768555835257006E-4
1979-11-23,5.763931453606027E-4
1979-11-24,6.865668676011296E-4
1979-11-25,5.658178784319134E-4
1979-11-26,0.0016364206976364894
1979-11-27,6.193155019084274E-4
1979-11-28,0.0052161713474871245
1979-11-29,0.008222773264262132
1979-11-30,0.017752272596403024
1979-12-01,0.014385940081750924
1979-12-02,0.0011370012597345166
1979-12-03,4.633661842099508E-4
1979-12-04,3.0789603968454145E-4
1979-12-05,2.9226056374465423E-5
1979-12-06,1.9295058824835163E-6
1979-12-07,8.320055730030363E-5
1979-12-08,0.002101399135835361
1979-12-09,3.1524769859336057E-4
1979-12-10,2.1428630342231183E-5
1979-12-11,2.4169042754314227E-5
1979-12-12,3.2483802214706026E-4
1979-12-13,0.0028372613388217955
1979-12-14,9.192808328026298E-4
1979-12-15,3.037398481650976E-4
1979-12-16,5.700779497551628E-4
1979-12-17,8.00570340427537E-4
1979-12-18,2.0392014740534803E-4
1979-12-19,1.2175957388161324E-4
1979-12-20,1.0253443424163125E-4
1979-12-21,2.577529672380832E-4
1979-12-22,8.910665883869523E-6
1979-12-23,2.1444347872058716E-6
1979-12-24,2.1379641705212187E-6
1979-12-25,4.326122876918443E-6
1979-12-26,1.8851261637885056E-5
1979-12-27,3.06280866559702E-4
1979-12-28,1.3985364700910282E-4
1979-12-29,6.50985102037633E-5
1979-12-30,9.003225935060845E-4
1979-12-31,9.842124352580663E-4
1980-01-01,1.3301220376826865E-4
1980-01-02,8.426632454801947E-4
1980-01-03,1.0726232169608803E-4
1980-01-04,7.331701726309491E-5
1980-01-05,3.306259089731962E-5
1980-01-06,3.227413526715951E-5
1980-01-07,1.80752081487177E-5
1980-01-08,5.485092419649625E-6
1980-01-09,4.857189845121415E-6
1980-01-10,2.0051890809113897E-5
1980-01-11,1.0245881339274846E-4
1980-01-12,1.267434912834755E-5
1980-01-13,3.6682670678022005E-6
1980-01-14,2.1637392984893623E-5
1980-01-15,4.189463705287025E-5
1980-01-16,1.2211412822073493E-5
1980-01-17,1.2795479161274767E-5
1980-01-18,2.27410870534827E-5
1980-01-19,1.3445841095260845E-5
1980-01-20,5.485939781229554E-5
1980-01-21,5.956227339786688E-5
1980-01-22,1.263903450947812E-4
1980-01-23,3.781273868576587E-4
1980-01-24,5.577939089715394E-4
1980-01-25,1.5028514112940706E-6
1980-01-26,4.305420493413493E-5
1980-01-27,1.4589640669288815E-4
1980-01-28,9.140068300261644E-4
1980-01-29,0.0013880532602193547
1980-01-30,5.777162791751287E-5
1980-01-31,4.1498199135946E-6
1980-02-01,9.353293038638555E-6
1980-02-02,5.15954693859483E-6
1980-02-03,4.449207382364693E-5
1980-02-04,0.0015834924565640374
1980-02-05,0.004178321497075094
1980-02-06,0.0016310717614108055
1980-02-07,2.642441924008301E-5
1980-02-08,7.5979319830075685E-6
1980-02-09,9.918211278680612E-7
1980-02-10,4.0605640738127555E-5
1980-02-11,1.1563588242136605E-5
1980-02-12,8.665192279666164E-7
1980-02-13,8.607399877291755E-7
1980-02-14,5.7488547747969925E-6
1980-02-15,1.1838341942376836E-5
1980-02-16,0.002781403783849244
1980-02-17,0.007901811677985038
1980-02-18,0.002092105358787685
1980-02-19,6.010177557116753E-4
1980-02-20,1.5522193809531845E-4
1980-02-21,6.340800061601488E-5
1980-02-22,3.316276683062248E-5
1980-02-23,0.0016012729783855463
1980-02-24,0.0025438247932199976
1980-02-25,0.003124739447893339
1980-02-26,1.6511282049511634E-5
1980-02-27,4.1105595317228375E-5
1980-02-28,6.932355514428414E-4
1980-02-29,0.009340468533363924
1980-03-01,0.017153907535095433
1980-03-02,0.012783316729847985
1980-03-03,0.002198379253727558
1980-03-04,0.011137430309670385
1980-03-05,0.0020718846050911195
1980-03-06,0.004376366049482489
1980-03-07,0.00468201828125378
1980-03-08,8.915731795352869E-4
1980-03-09,4.1446316192530976E-4
1980-03-10,2.3879618812813763E-4
1980-03-11,7.313015778393422E-5
1980-03-12,1.3832834889630723E-5
1980-03-13,4.5316119385149925E-6
1980-03-14,1.5292818744625395E-6
1980-03-15,3.205059233179857E-5
1980-03-16,2.6870184159004086E-4
1980-03-17,0.0023883028143983835
1980-03-18,0.0014979394391851984
1980-03-19,0.0044975740600692775
1980-03-20,0.0015719669944441051
1980-03-21,7.478041788638106E-5
1980-03-22,9.276730421889022E-4
1980-03-23,5.6357295488733E-4
1980-03-24,0.0012959934516057993
1980-03-25,0.004088180214986091
1980-03-26,0.0021764646177315447
1980-03-27,0.0015725655527761531
1980-03-28,2.8531166541236264E-4
1980-03-29,5.687421628733514E-4
1980-03-30,0.004639629150797064
1980-03-31,4.062367238571323E-4
1980-04-01,1.4854022485581998E-4
1980-04-02,3.0063279542875244E-4
1980-04-03,0.007300860385112833
1980-04-04,0.0040711212983606014
1980-04-05,0.003136371648833727
1980-04-06,2.4417613845786705E-4
1980-04-07,3.577495416969115E-4
1980-04-08,5.87139958745866E-4
1980-04-09,0.002922151188772999
1980-04-10,0.006806300189753696
1980-04-11,0.006197232537461359
1980-04-12,0.003636584500600155
1980-04-13,0.003936786642329283
1980-04-14,0.0018707048143562464
1980-04-15,9.285152959178488E-4
1980-04-16,3.8207415477218984E-4
1980-04-17,0.006752412908153664
1980-04-18,0.01164033665950129
1980-04-19,0.003850420992702857
1980-04-20,0.012506076142659821
1980-04-21,0.016653605496585195
1980-04-22,0.01522627610655299
1980-04-23,0.00861059528397886
1980-04-24,0.0048386250034619625
1980-04-25,0.0040481639759049545
1980-04-26,0.0045690484322885895
1980-04-27,0.0046945426939664
1980-04-28,0.00695712428344767
1980-04-29,0.011116442334878556
1980-04-30,0.006990081015334099
1980-05-01,0.004417944080581063
1980-05-02,0.007008021561249047
1980-05-03,0.017835634527092123
1980-05-04,0.023124762507932817
1980-05-05,0.03915277841030646
1980-05-06,0.03741401262004925
1980-05-07,0.03234531655908251
1980-05-08,0.02492134599747652
1980-05-09,0.02088299813043578
1980-05-10,0.022584555698070954
1980-05-11,0.013049402975801108
1980-05-12,0.011767203850746706
1980-05-13,0.013209471694739837
1980-05-14,0.0067086175165514735
1980-05-15,0.01524389002240969
1980-05-16,0.01969197802042308
1980-05-17,0.021519754530946393
1980-05-18,0.015055085724932492
1980-05-19,0.014033498526440863
1980-05-20,0.0066130494569208685
1980-05-21,0.0019579418585056515
1980-05-22,0.001884325274107879
1980-05-23,0.0021655267307281157
1980-05-24,0.0034231879088916775
1980-05-25,0.007652534200116286
1980-05-26,0.01088907561776115
1980-05-27,0.02037970211603182
1980-05-28,0.02092841235760845
1980-05-29,0.024411767797628565
1980-05-30,0.030006895455342165
1980-05-31,0.010024162297943468
1980-06-01,0.012245012968571256
1980-06-02,0.019535540995442822
1980-06-03,0.016544880438405647
1980-06-04,0.02345356722821519
1980-06-05,0.028347124643988867
1980-06-06,0.012385968168415275
1980-06-07,0.021584181423008084
1980-06-08,0.01625013629999685
1980-06-09,0.012664875591701904
1980-06-10,0.01668716714833793
1980-06-11,0.014178644734018486
1980-06-12,0.009157588286663913
1980-06-13,0.010835160439459975
1980-06-14,0.011158338668714648
1980-06-15,0.01272519667217325
1980-06-16,0.0248853850562247
1980-06-17,0.025998796318764575
1980-06-18,0.012375432042807728
1980-06-19,0.009278397354068213
1980-06-20,0.009033296256572936
1980-06-21,0.013222743327496416
1980-06-22,0.015328928117985918
1980-06-23,0.01139609227486858
1980-06-24,0.011820698236837242
1980-06-25,0.010475407379247967
1980-06-26,0.008577190567212681
1980-06-27,0.006766591204509863
1980-06-28,0.004367017678780539
1980-06-29,0.006290692865432137
1980-06-30,0.020378160990506638
1980-07-01,0.010909175125664427
1980-07-02,0.006512291988239071
1980-07-03,0.0045381061875195
1980-07-04,0.009233412418784712
1980-07-05,0.010353025235414454
1980-07-06,0.00974776452467074
1980-07-07,0.016602742159829823
1980-07-08,0.017811769468872286
1980-07-09,0.010603335636549787
1980-07-10,0.008078042642047301
1980-07-11,0.005236256395071459
1980-07-12,0.007820291119001689
1980-07-13,0.011436448618392553
1980-07-14,0.015430483563140144
1980-07-15,0.01991558919846347
1980-07-16,0.01627510845049198
1980-07-17,0.011348330831244948
1980-07-18,0.014842817531573278
1980-07-19,0.016814551877072266
1980-07-20,0.020039631563654414
1980-07-21,0.01797694576517351
1980-07-22,0.017180551559795046
1980-07-23,0.009716873662122323
1980-07-24,0.0104299584354069
1980-07-25,0.028889705621500263
1980-07-26,0.015022871534148522
1980-07-27,0.015311488248691328
1980-07-28,0.011386648105345142
1980-07-29,0.005494146167133581
1980-07-30,0.007305735558467438
1980-07-31,0.009472050207655644
1980-08-01,0.006836833744217837
1980-08-02,0.0070321347501603616
1980-08-03,0.01046897622553432
1980-08-04,0.010414220476151967
1980-08-05,0.015281554742414223
1980-08-06,0.01321877122200802
1980-08-07,0.01568755798039437
1980-08-08,0.011607226481182713
1980-08-09,0.01765778119103556
1980-08-10,0.011138718591806318
1980-08-11,0.014035671200556432
1980-08-12,0.008958206326014235
1980-08-13,0.007924832039030235
1980-08-14,0.01097170287989116
1980-08-15,0.006501669174593941
1980-08-16,0.006830234339800859
1980-08-17,0.009528622474078404
1980-08-18,0.007788554309098525
1980-08-19,0.00926010870444688
1980-08-20,0.010720382994056754
1980-08-21,0.012004761491978046
1980-08-22,0.010317589705452504
1980-08-23,0.007409228287462758
1980-08-24,0.011461535160690288
1980-08-25,0.008856757906201607
1980-08-26,0.014301761895442619
1980-08-27,0.019409124580929884
1980-08-28,0.006940452294096983
1980-08-29,0.006249051755667147
1980-08-30,0.009962797901385621
1980-08-31,0.0074424453551588604
1980-09-01,0.0062853026103592054
1980-09-02,0.01630815887224745
1980-09-03,0.016428977731647195
1980-09-04,0.0115365805116186
1980-09-05,0.010314257508620377
1980-09-06,0.00779896990823132
1980-09-07,0.0026937721917542653
1980-09-08,0.005044303194418057
1980-09-09,0.010460167833502634
1980-09-10,0.010491853912202025
1980-09-11,0.011197594157322157
1980-09-12,0.008798372802583793
1980-09-13,0.0057135679172866955
1980-09-14,0.0034644484406811007
1980-09-15,0.006954233934718974
1980-09-16,0.012260250341713462
1980-09-17,0.007037587606122316
1980-09-18,0.0047112928834743386
1980-09-19,0.004600593678260962
1980-09-20,0.006577508596847822
1980-09-21,0.009266259144305377
1980-09-22,0.013163235458443327
1980-09-23,0.012250396196419433
1980-09-24,0.005658057391845077
1980-09-25,0.00590073167959967
1980-09-26,0.007475413793847628
1980-09-27,0.0074068027193777645
1980-09-28,0.00386260126084765
1980-09-29,0.0035627822417739485
1980-09-30,0.0063890641006301135
1980-10-01,0.008501219701085397
1980-10-02,0.00918121568442603
1980-10-03,0.04516422010840672
1980-10-04,0.026246326223913735
1980-10-05,0.007903390773426965
1980-10-06,0.006330804810567633
1980-10-07,0.004766409213923585
1980-10-08,0.003556443297362267
1980-10-09,0.0010272377427162497
1980-10-10,6.356353874715525E-4
1980-10-11,7.541327390644372E-4
1980-10-12,7.190996371467705E-4
1980-10-13,0.00166143793538446
1980-10-14,0.0012601444294006326
1980-10-15,0.0011883861346520415
1980-10-16,7.957741679324231E-4
1980-10-17,0.0013754125319488878
1980-10-18,0.009690318293381212
1980-10-19,0.021778545488661857
1980-10-20,0.035124164150400934
1980-10-21,0.031815903592067214
1980-10-22,0.004040644496932718
1980-10-23,7.343388275947805E-4
1980-10-24,8.327084023401726E-4
1980-10-25,6.609001392401173E-4
1980-10-26,4.1827369399606866E-4
1980-10-27,3.2459485357533855E-4
1980-10-28,1.7819640392839075E-4
1980-10-29,6.577449111650224E-5
1980-10-30,3.4722874122495325E-5
1980-10-31,6.940580437243118E-6
1980-11-01,7.505535464657265E-6
1980-11-02,4.092703463555543E-5
1980-11-03,6.223748364535687E-5
1980-11-04,8.324546618513849E-5
1980-11-05,7.876637475257001E-5
1980-11-06,1.1499365850432616E-4
1980-11-07,9.916841610539608E-5
1980-11-08,2.3462509105084936E-5
1980-11-09,2.945188961652357E-6
1980-11-10,5.144387737434416E-6
1980-11-11,1.4560971327543465E-6
1980-11-12,3.899939634693613E-6
1980-11-13,5.691400929511839E-5
1980-11-14,5.2150648989527165E-5
1980-11-15,4.862820387478263E-5
1980-11-16,1.244334807849736E-5
1980-11-17,1.9651696459063617E-5
1980-11-18,3.16823047038048E-5
1980-11-19,4.349483737926879E-5
1980-11-20,1.4472980277740295E-4
1980-11-21,2.7367656933496768E-5
1980-11-22,2.2129088714452206E-4
1980-11-23,2.567981218439847E-4
1980-11-24,2.7820682887342993E-4
1980-11-25,5.6163013645621455E-5
1980-11-26,8.540084150079155E-5
1980-11-27,6.775600837037066E-5
1980-11-28,2.4932328810324306E-5
1980-11-29,3.481041522654957E-5
1980-11-30,1.724143429928374E-5
1980-12-01,1.6156073587699037E-6
1980-12-02,9.279586359556585E-7
1980-12-03,3.074883325737632E-6
1980-12-04,6.793198499362189E-6
1980-12-05,1.3150157746078205E-5
1980-12-06,2.3978832738766245E-5
1980-12-07,3.0640345620788393E-6
1980-12-08,6.355129430168067E-6
1980-12-09,8.266729489958185E-5
1980-12-10,5.904754466826601E-4
1980-12-11,2.825466176983519E-5
1980-12-12,3.90700145298753E-5
1980-12-13,8.248775083008943E-5
1980-12-14,1.5100114015130725E-4
1980-12-15,1.8317224662548368E-4
1980-12-16,2.866659428357117E-4
1980-12-17,3.82495687589584E-4
1980-12-18,1.82534471661729E-4
1980-12-19,3.8512658399423796E-4
1980-12-20,1.999253434101618E-4
1980-12-21,1.1003731987531693E-4
1980-12-22,1.1747466065089882E-5
1980-12-23,2.0694146766731034E-5
1980-12-24,4.370240178169349E-5
1980-12-25,7.557232035494646E-5
1980-12-26,3.9370858451193524E-5
1980-12-27,4.296231465290956E-5
1980-12-28,1.6415652143173493E-5
1980-12-29,2.1033942017206646E-6
1980-12-30,8.220147324259708E-6
1980-12-31,3.0444853715709818E-5
1981-01-01,6.568071095842703E-5
1981-01-02,7.260187240477946E-5
1981-01-03,5.312401008056896E-4
1981-01-04,0.0010012164530982502
1981-01-05,0.0010446763127308193
1981-01-06,0.0047189951311321695
1981-01-07,0.014037156657755132
1981-01-08,0.0011932767205842416
1981-01-09,1.150189525457253E-4
1981-01-10,2.1215070301192266E-5
1981-01-11,8.006135469070327E-4
1981-01-12,0.0016254813125182411
1981-01-13,0.004513458846421018
1981-01-14,0.002627105531799075
1981-01-15,9.049733406430976E-6
1981-01-16,1.5335588749777012E-6
1981-01-17,8.594133420438897E-7
1981-01-18,3.1029134508120444E-6
1981-01-19,8.894671718760338E-5
1981-01-20,2.160560967621879E-4
1981-01-21,8.141710714995182E-5
1981-01-22,3.816742047578836E-4
1981-01-23,7.478130150353283E-5
1981-01-24,2.3846004308101618E-4
1981-01-25,7.37195127571035E-4
1981-01-26,2.726563899265378E-4
1981-01-27,1.7239415797958203E-4
1981-01-28,3.2358792114649864E-5
1981-01-29,1.466551893668232E-4
1981-01-30,5.221599277036186E-4
1981-01-31,0.0037482900814119133
1981-02-01,0.004348624047561338
1981-02-02,5.634415665230255E-4
1981-02-03,6.536497598110422E-5
1981-02-04,1.2134960939717498E-5
1981-02-05,2.8156495598153726E-6
1981-02-06,1.4637438555897249E-6
1981-02-07,1.3326278763887446E-4
1981-02-08,3.4103050491662173E-4
1981-02-09,0.003136251428223859
1981-02-10,0.014922260171979939
1981-02-11,0.0015367390511419577
1981-02-12,1.5300502134246334E-4
1981-02-13,3.621966813735006E-5
1981-02-14,1.868299848413298E-4
1981-02-15,2.8317755990310393E-4
1981-02-16,4.6775596411368974E-4
1981-02-17,2.3182509143499755E-4
1981-02-18,1.4197116040758733E-5
1981-02-19,5.08534227580852E-6
1981-02-20,3.90646837501196E-6
1981-02-21,2.6208130225318366E-5
1981-02-22,1.223396565562732E-5
1981-02-23,5.746966435817967E-6
1981-02-24,3.5718080436341637E-6
1981-02-25,6.123343593774872E-6
1981-02-26,1.5032188437111703E-5
1981-02-27,2.056209291331135E-4
1981-02-28,6.418040654473727E-4
1981-03-01,0.005632801248022046
1981-03-02,0.004472840652295424
1981-03-03,0.0011884957255255068
1981-03-04,4.310099092811739E-7
1981-03-05,1.0528902650201317E-6
1981-03-06,1.0551650437904198E-5
1981-03-07,6.23197672347373E-4
1981-03-08,0.004013833262196668
1981-03-09,0.0022581515964578665
1981-03-10,0.001365306316716211
1981-03-11,0.0057018116420816615
1981-03-12,0.004879341578814351
1981-03-13,0.0027781593478016535
1981-03-14,0.0024007424967728286
1981-03-15,4.868979655660657E-4
1981-03-16,8.413511024431197E-4
1981-03-17,9.954562859841804E-4
1981-03-18,2.8658770510944846E-4
1981-03-19,1.2006911730608423E-4
1981-03-20,4.5445213635815626E-4
1981-03-21,0.0018931782956228466
1981-03-22,0.0013041943400144578
1981-03-23,0.005193550886480369
1981-03-24,0.002207197836945628
1981-03-25,0.002521004102322817
1981-03-26,0.004436165883476306
1981-03-27,0.006594730842045158
1981-03-28,0.0031021175722443966
1981-03-29,7.335502271550986E-4
1981-03-30,0.0036790853467329496
1981-03-31,0.01578338641692522
1981-04-01,0.023684403354436303
1981-04-02,0.003139466513742522
1981-04-03,0.004653934357354294
1981-04-04,0.017736391210149915
1981-04-05,0.00875068615661806
1981-04-06,0.002970592918458042
1981-04-07,6.004031293752931E-4
1981-04-08,5.011279661330406E-5
1981-04-09,0.004632816519299155
1981-04-10,0.008189486593183014
1981-04-11,0.012115424819312524
1981-04-12,0.024557141224710716
1981-04-13,0.0034386180344088153
1981-04-14,0.0032110340395425383
1981-04-15,0.008068924740689098
1981-04-16,0.0174542866510333
1981-04-17,0.027861650503789682
1981-04-18,0.02669679357973646
1981-04-19,0.02539815639831024
1981-04-20,0.00891721072623096
1981-04-21,1.6313955042826392E-4
1981-04-22,2.2002553913455766E-4
1981-04-23,7.163868182174498E-4
1981-04-24,0.0013780264037181688
1981-04-25,0.001009598929961701
1981-04-26,0.0013271749245525454
1981-04-27,0.004430840774996991
1981-04-28,0.00438550468187441
1981-04-29,0.006723318376136637
1981-04-30,0.009982415429161806
1981-05-01,0.006734870044089715
1981-05-02,0.007366155218060565
1981-05-03,0.0040903259218643
1981-05-04,0.00235529262582854
1981-05-05,0.0021573640823627036
1981-05-06,0.0025332581813078117
1981-05-07,0.0023344339583665063
1981-05-08,0.0013446343986661363
1981-05-09,0.001778470376371789
1981-05-10,0.004299147158530019
1981-05-11,0.006660266660647224
1981-05-12,0.00883183325126203
1981-05-13,0.005980910248871965
1981-05-14,0.0035374714400041272
1981-05-15,0.0165074023728432
1981-05-16,0.02050880705343775
1981-05-17,0.01657964148494264
1981-05-18,0.010779137249409368
1981-05-19,0.0023024323014217223
1981-05-20,0.0041692897635520094
1981-05-21,0.014430934309958772
1981-05-22,0.014042925510467633
1981-05-23,0.006311142308805645
1981-05-24,0.006262477368737065
1981-05-25,0.009682875018536844
1981-05-26,0.00894099394773776
1981-05-27,0.02405944392869446
1981-05-28,0.020135132949012067
1981-05-29,0.026129267497561476
1981-05-30,0.0366458917385199
1981-05-31,0.027743819483557943
1981-06-01,0.011959210186348788
1981-06-02,0.009997678996862614
1981-06-03,0.009960654027568381
1981-06-04,0.01251538972529434
1981-06-05,0.006785084168092258
1981-06-06,0.004773391749790804
1981-06-07,0.006480906198484509
1981-06-08,0.00508006600573588
1981-06-09,0.002986422984763667
1981-06-10,0.0024876640097169452
1981-06-11,0.004697530028911915
1981-06-12,0.006561880102630464
1981-06-13,0.007631222097848219
1981-06-14,0.01151913618105471
1981-06-15,0.010515129701148812
1981-06-16,0.010430492178737604
1981-06-17,0.005635035761272764
1981-06-18,0.008062441594864847
1981-06-19,0.009949541147062337
1981-06-20,0.014421523107256756
1981-06-21,0.012146606570157441
1981-06-22,0.010608799573609688
1981-06-23,0.008514130762739932
1981-06-24,0.008150586159283029
1981-06-25,0.009879106540713837
1981-06-26,0.010577661016850405
1981-06-27,0.0104769991686813
1981-06-28,0.012332530751345954
1981-06-29,0.01215962582297205
1981-06-30,0.019884452997004757
1981-07-01,0.02101643360212792
1981-07-02,0.022308800733544375
1981-07-03,0.016652341291030076
1981-07-04,0.009754426666031364
1981-07-05,0.010550432826077141
1981-07-06,0.00681823065117678
1981-07-07,0.008122256027525714
1981-07-08,0.00629067449912418
1981-07-09,0.005358720110569237
1981-07-10,0.0037896363886192283
1981-07-11,0.004946473583230254
1981-07-12,0.005751694448062289
1981-07-13,0.01022115568802175
1981-07-14,0.01842184565239053
1981-07-15,0.014237948917735341
1981-07-16,0.017503427060568538
1981-07-17,0.022574342323161394
1981-07-18,0.012763648081359196
1981-07-19,0.010636955413357577
1981-07-20,0.007833230435612695
1981-07-21,0.011715307295231972
1981-07-22,0.009588172603535224
1981-07-23,0.008656444903907554
1981-07-24,0.0065489567961616885
1981-07-25,0.005693899485621446
1981-07-26,0.01196511543760655
1981-07-27,0.014216361560880311
1981-07-28,0.00980754128758761
1981-07-29,0.015735604911297225
1981-07-30,0.03142886940143401
1981-07-31,0.013871024739136744
1981-08-01,0.008648524048030768
1981-08-02,0.008591646042149037
1981-08-03,0.012814298088141092
1981-08-04,0.009542550359223174
1981-08-05,0.004495361552289613
1981-08-06,0.01122438831500759
1981-08-07,0.012744289962396982
1981-08-08,0.009970768405638994
1981-08-09,0.009001697435817451
1981-08-10,0.007554261942453
1981-08-11,0.010557057561326829
1981-08-12,0.016816132350633072
1981-08-13,0.012310882107177741
1981-08-14,0.00875984925079764
1981-08-15,0.007536709887857341
1981-08-16,0.00400444075877357
1981-08-17,0.006044399078618204
1981-08-18,0.005374913673196553
1981-08-19,0.00951097589420231
1981-08-20,0.01070166602653002
1981-08-21,0.008879864583617772
1981-08-22,0.017793320393972616
1981-08-23,0.018753131554377512
1981-08-24,0.00937395313887939
1981-08-25,0.012338376134016789
1981-08-26,0.0066786780977976905
1981-08-27,0.007740972515778442
1981-08-28,0.008636116740447492
1981-08-29,0.004828485176700264
1981-08-30,0.006179706464368288
1981-08-31,0.0037227227198492283
1981-09-01,0.007288370255398833
1981-09-02,0.009406017255987543
1981-09-03,0.009223466620494484
1981-09-04,0.011591992806432312
1981-09-05,0.010940142141577012
1981-09-06,0.015214883584676962
1981-09-07,0.020641513214486172
1981-09-08,0.013728688269648114
1981-09-09,0.01028561039226545
1981-09-10,0.006657463928877969
1981-09-11,0.007116599385623811
1981-09-12,0.007644693237886053
1981-09-13,0.007257843114920338
1981-09-14,0.005508418554500742
1981-09-15,0.007033625422800438
1981-09-16,0.002012454986396083
1981-09-17,0.0028363556484726883
1981-09-18,0.002873231248172045
1981-09-19,0.0073217219990540285
1981-09-20,0.002205546144095682
1981-09-21,0.0023028471178677674
1981-09-22,0.001231125339488375
1981-09-23,0.001992942678473612
1981-09-24,0.0030837105454824924
1981-09-25,0.004493666239862047
1981-09-26,0.00508888707976902
1981-09-27,0.007856254904520356
1981-09-28,0.0029305130732571578
1981-09-29,0.0031427564066026773
1981-09-30,0.004713899392521539
1981-10-01,0.0026771149092013717
1981-10-02,0.0014065930399338766
1981-10-03,9.060788427564612E-4
1981-10-04,4.2516799115873045E-4
1981-10-05,6.367389131837911E-4
1981-10-06,5.468661420595361E-4
1981-10-07,2.4642515986223715E-4
1981-10-08,4.151203121371657E-4
1981-10-09,0.001094531338491455
1981-10-10,0.0015748743013204343
1981-10-11,0.001235555283415004
1981-10-12,6.10319071691512E-4
1981-10-13,0.0023313299823655136
1981-10-14,0.0036304021200794195
1981-10-15,0.0019138797994251665
1981-10-16,3.703398541093883E-4
1981-10-17,2.012248123973242E-4
1981-10-18,3.0278891830703167E-4
1981-10-19,2.5599133260743303E-4
1981-10-20,4.836293874543767E-4
1981-10-21,4.307425984726241E-4
1981-10-22,4.1640367722741345E-4
1981-10-23,2.6410898107212614E-4
1981-10-24,1.1740017391310621E-4
1981-10-25,2.2348914693861075E-4
1981-10-26,1.674622915084453E-4
1981-10-27,1.2737720555676835E-4
1981-10-28,1.3078738582080837E-4
1981-10-29,7.769363569952908E-5
1981-10-30,5.850605121755537E-5
1981-10-31,1.0785716911897401E-4
1981-11-01,4.75059213490072E-5
1981-11-02,7.657948519197037E-5
1981-11-03,1.0810623178631288E-4
1981-11-04,0.0012261959573128206
1981-11-05,0.0013432392138858311
1981-11-06,3.226138872179024E-4
1981-11-07,4.607766149726709E-4
1981-11-08,1.718541298458246E-4
1981-11-09,8.029156808069576E-4
1981-11-10,2.646473957647654E-4
1981-11-11,1.4536692484444432E-4
1981-11-12,1.3840798801450772E-4
1981-11-13,2.953422984357056E-4
1981-11-14,4.343572228850115E-4
1981-11-15,2.9354219743844923E-5
1981-11-16,5.021337072371073E-6
1981-11-17,9.325619411322676E-7
1981-11-18,1.3607906597488258E-5
1981-11-19,2.9060312080799204E-4
1981-11-20,0.001234728847239296
1981-11-21,0.0010944350582856846
1981-11-22,5.635050760358233E-4
1981-11-23,4.6342660621381706E-4
1981-11-24,4.81336968186056E-5
1981-11-25,6.613096218014179E-5
1981-11-26,7.518922637298412E-5
1981-11-27,1.866162804925783E-5
1981-11-28,9.536766774867294E-6
1981-11-29,7.859907652329525E-5
1981-11-30,1.0642064118943388E-4
1981-12-01,3.350034261391007E-4
1981-12-02,2.345624278144611E-4
1981-12-03,1.0511421136953486E-5
1981-12-04,3.1880963870916526E-5
1981-12-05,1.0821707725614114E-5
1981-12-06,6.3999163626232665E-6
1981-12-07,0.0011228653513279797
1981-12-08,0.0018747261927822341
1981-12-09,0.0016781252197142424
1981-12-10,0.013735525346028723
1981-12-11,0.0247774527650776
1981-12-12,6.11740163332533E-4
1981-12-13,1.0847978104232324E-4
1981-12-14,1.1430239653440285E-4
1981-12-15,1.5967282751644675E-4
1981-12-16,1.7765480667671646E-4
1981-12-17,9.145311791233417E-5
1981-12-18,3.41028041189577E-4
1981-12-19,1.386882888806892E-4
1981-12-20,4.0483947689287564E-5
1981-12-21,9.154129469218965E-5
1981-12-22,1.343072763627334E-5
1981-12-23,2.1847796556215044E-5
1981-12-24,6.211350278286526E-5
1981-12-25,4.653842771171237E-5
1981-12-26,1.797820207408636E-5
1981-12-27,3.798395957417902E-6
1981-12-28,5.861638199314297E-6
1981-12-29,1.9979147218108143E-5
1981-12-30,3.9437871615715E-5
1981-12-31,7.117458560272447E-6
1982-01-01,4.2445792761486256E-5
1982-01-02,1.4005757574731852E-4
1982-01-03,4.206746702487519E-5
1982-01-04,4.9391796252528116E-6
1982-01-05,1.8006090129951456E-5
1982-01-06,6.491257561525558E-5
1982-01-07,6.9225999830448E-5
1982-01-08,8.27866737472571E-5
1982-01-09,3.344288879518903E-5
1982-01-10,4.762912312916937E-5
1982-01-11,8.329555085818717E-5
1982-01-12,2.2888234970543678E-4
1982-01-13,3.4598640736786073E-5
1982-01-14,1.3172677690213724E-5
1982-01-15,2.4502375700587533E-5
1982-01-16,9.894662680836819E-5
1982-01-17,7.8621345663249E-5
1982-01-18,1.1363635826669457E-4
1982-01-19,1.5709345247744751E-4
1982-01-20,2.224543060928353E-4
1982-01-21,9.260943482422222E-5
1982-01-22,4.417465053030584E-5
1982-01-23,1.0192263246076677E-5
1982-01-24,2.5150829627983162E-5
1982-01-25,4.942200124981333E-7
1982-01-26,3.0029941626708023E-6
1982-01-27,1.766256631224305E-6
1982-01-28,1.1014762460754294E-5
1982-01-29,8.793224255725235E-6
1982-01-30,1.1689335107067376E-5
1982-01-31,2.0847915258024486E-5
1982-02-01,0.0010217429507889376
1982-02-02,0.0010007861988537725
1982-02-03,1.3505005119580305E-4
1982-02-04,3.5732617012047927E-4
1982-02-05,0.0016722746802319687
1982-02-06,9.211640995898959E-4
1982-02-07,2.76088611974533E-4
1982-02-08,0.0021964256928654296
1982-02-09,0.001109456420680998
1982-02-10,4.638703699726286E-5
1982-02-11,1.1082901203233732E-4
1982-02-12,8.881527056908544E-4
1982-02-13,0.0026925666069910668
1982-02-14,0.0024347184657078505
1982-02-15,1.791261397243828E-4
1982-02-16,2.693631509795942E-4
1982-02-17,0.0019133868997492046
1982-02-18,0.00684635663198168
1982-02-19,0.0012814870120859247
1982-02-20,2.8383456954517665E-4
1982-02-21,1.3755232081383777E-5
1982-02-22,1.0425745869620694E-5
1982-02-23,5.237191435954419E-6
1982-02-24,5.026998060600041E-6
1982-02-25,1.950848294566311E-6
1982-02-26,2.638329881021248E-6
1982-02-27,4.809010577974599E-7
1982-02-28,1.3024467547101353E-7
1982-03-01,1.340206259575733E-4
1982-03-02,0.0015368462099710257
1982-03-03,2.1543435019630901E-4
1982-03-04,1.6435185201606022E-5
1982-03-05,4.265296152026972E-4
1982-03-06,0.003942428462794871
1982-03-07,0.002828250301539307
1982-03-08,7.577515418014523E-5
1982-03-09,2.1638845939612016E-6
1982-03-10,8.345589396623669E-6
1982-03-11,1.1259175319611394E-4
1982-03-12,5.407201737412102E-4
1982-03-13,1.1891405297345267E-4
1982-03-14,3.4743821921873196E-6
1982-03-15,1.4042651063178206E-6
1982-03-16,4.0542354536074075E-5
1982-03-17,0.0020892485892389867
1982-03-18,0.006115736748161553
1982-03-19,0.005019060452076415
1982-03-20,0.0013768988148872814
1982-03-21,1.008684141644305E-5
1982-03-22,1.2040612264282109E-5
1982-03-23,6.535423910972091E-6
1982-03-24,1.0967831281472244E-4
1982-03-25,4.735088447041688E-5
1982-03-26,4.6878467133874596E-4
1982-03-27,7.03714119533203E-4
1982-03-28,1.4663164803395828E-5
1982-03-29,1.4493454502285735E-5
1982-03-30,1.1760809384270677E-4
1982-03-31,0.011631359666885027
1982-04-01,0.006319963264813075
1982-04-02,0.01128743424245133
1982-04-03,0.008454480734571989
1982-04-04,0.0014348422068430533
1982-04-05,0.0026709824349576004
1982-04-06,0.002895964873801949
1982-04-07,0.002904305385635937
1982-04-08,0.0077882561724625125
1982-04-09,7.664113256500805E-4
1982-04-10,9.165656035737644E-4
1982-04-11,0.004081200021934104
1982-04-12,0.009836510572868244
1982-04-13,0.0073468787585345635
1982-04-14,0.012461658514094311
1982-04-15,0.019536097215341646
1982-04-16,0.014897114520886032
1982-04-17,0.019688400191802596
1982-04-18,0.011505673646619308
1982-04-19,0.014648420963897617
1982-04-20,0.010797102576425608
1982-04-21,0.008707147608057483
1982-04-22,0.007517862270947069
1982-04-23,0.008913290451324182
1982-04-24,0.011774207113143505
1982-04-25,0.014009020545863508
1982-04-26,0.010066879989601471
1982-04-27,0.0111535127557354
1982-04-28,0.006647150457461295
1982-04-29,0.004847130752624116
1982-04-30,0.004403973245524215
1982-05-01,0.0066962435726612935
1982-05-02,0.008155366064386157
1982-05-03,0.008096064453005055
1982-05-04,0.006190241494701367
1982-05-05,0.002382709183888429
1982-05-06,7.227280401234136E-4
1982-05-07,0.004384244372244637
1982-05-08,0.005390010435749373
1982-05-09,0.005494200311296623
1982-05-10,0.007387859114680161
1982-05-11,0.010029716920485678
1982-05-12,0.010752231276968675
1982-05-13,0.008641636610813882
1982-05-14,0.004483473337040131
1982-05-15,0.0025485062470819897
1982-05-16,0.0028957236228584382
1982-05-17,0.003189283093144065
1982-05-18,4.8580305862451663E-4
1982-05-19,1.736609213542839E-4
1982-05-20,3.099489211100573E-4
1982-05-21,2.20634732070866E-4
1982-05-22,6.573166065087552E-4
1982-05-23,4.454610553310738E-4
1982-05-24,7.083680366705325E-4
1982-05-25,0.001365702662353498
1982-05-26,0.0037808628374854524
1982-05-27,0.008295110558571883
1982-05-28,0.009783783955370034
1982-05-29,0.007480194344448925
1982-05-30,0.007529680053430964
1982-05-31,0.005394985939394933
1982-06-01,0.0027259958747833184
1982-06-02,0.0110618531784433
1982-06-03,0.01655623170115479
1982-06-04,0.013320521233424882
1982-06-05,0.0014596543402347496
1982-06-06,0.0034733474877547362
1982-06-07,0.005497316383285478
1982-06-08,0.010166655358933817
1982-06-09,0.02163768264502709
1982-06-10,0.035637048044637354
1982-06-11,0.027913406746158935
1982-06-12,0.019960833143161476
1982-06-13,0.023460666852510755
1982-06-14,0.021413755034671696
1982-06-15,0.01221557969908004
1982-06-16,0.016245883868454162
1982-06-17,0.031486455702077996
1982-06-18,0.039234916284897954
1982-06-19,0.04230196821088028
1982-06-20,0.019600936580070394
1982-06-21,0.01104613239662602
1982-06-22,0.005770456006925369
1982-06-23,0.01140987537400705
1982-06-24,0.020074796790378144
1982-06-25,0.019380244138213442
1982-06-26,0.012021660512029415
1982-06-27,0.010088026569145201
1982-06-28,0.01575761537925294
1982-06-29,0.0100199239119981
1982-06-30,0.009709464448889968
1982-07-01,0.012490942000403972
1982-07-02,0.018425220125047256
1982-07-03,0.013935293127323691
1982-07-04,0.003970316939358352
1982-07-05,0.01441241343751536
1982-07-06,0.015005043141199053
1982-07-07,0.009017260989399133
1982-07-08,0.007770435558459136
1982-07-09,0.00857639540174041
1982-07-10,0.012529874019503518
1982-07-11,0.013323389491664008
1982-07-12,0.00956001169905662
1982-07-13,0.010580390234521692
1982-07-14,0.00580709684921081
1982-07-15,0.006053191911917122
1982-07-16,0.006939361248414588
1982-07-17,0.005851515430813332
1982-07-18,0.009362256934946609
1982-07-19,0.016461268702945567
1982-07-20,0.011644443670626206
1982-07-21,0.011014992540502616
1982-07-22,0.010613379502428152
1982-07-23,0.012988924708780077
1982-07-24,0.010534694320203444
1982-07-25,0.009654371849293924
1982-07-26,0.014611548428069571
1982-07-27,0.01253285066266886
1982-07-28,0.010942928318922119
1982-07-29,0.011759412636446696
1982-07-30,0.023337673164132933
1982-07-31,0.0156448267719775
1982-08-01,0.022405077184198284
1982-08-02,0.05156921374199333
1982-08-03,0.030262161696556225
1982-08-04,0.008283597405194845
1982-08-05,0.00915601188644581
1982-08-06,0.008494184465686082
1982-08-07,0.010314240396973142
1982-08-08,0.009710816588452992
1982-08-09,0.005816991625310386
1982-08-10,0.006110987635467672
1982-08-11,0.017824326299093314
1982-08-12,0.010039812864232684
1982-08-13,0.01037914204867195
1982-08-14,0.0077832325534419045
1982-08-15,0.005924346474104258
1982-08-16,0.004232884514685042
1982-08-17,0.011080779793600663
1982-08-18,0.0087363667940491
1982-08-19,0.00868664910310141
1982-08-20,0.010677638040983204
1982-08-21,0.011586227108369335
1982-08-22,0.017200191398770253
1982-08-23,0.01819054379405699
1982-08-24,0.009698160139272254
1982-08-25,0.008153144002711459
1982-08-26,0.009521725855796965
1982-08-27,0.010312819252518056
1982-08-28,0.009951034231666114
1982-08-29,0.010728825037930139
1982-08-30,0.01293540104355302
1982-08-31,0.004289480989544732
1982-09-01,0.001956902501442445
1982-09-02,0.0035565142691751828
1982-09-03,0.012365612274293853
1982-09-04,0.011068694440478265
1982-09-05,0.007131434901676446
1982-09-06,0.008931511308152238
1982-09-07,0.002486536609215885
1982-09-08,0.0028053162734106144
1982-09-09,0.014455415249421283
1982-09-10,0.01651165155401212
1982-09-11,0.013011500267469419
1982-09-12,0.008559987404026479
1982-09-13,0.010957445831575673
1982-09-14,0.014325893096155885
1982-09-15,0.01286855778755738
1982-09-16,0.004905788924079949
1982-09-17,0.0036930966351270064
1982-09-18,0.0030312982059327205
1982-09-19,0.004405821363581796
1982-09-20,0.004533669431170657
1982-09-21,0.0024395553780532974
1982-09-22,0.002025361652288777
1982-09-23,0.001897791139077067
1982-09-24,0.0016964969961055004
1982-09-25,0.0028167612032930223
1982-09-26,0.0025067132734434734
1982-09-27,0.007134461205664806
1982-09-28,0.0188263284067327
1982-09-29,0.020583624447822295
1982-09-30,0.0026800291324674437
1982-10-01,8.799257407758254E-4
1982-10-02,0.004399124554734839
1982-10-03,0.008019469329205796
1982-10-04,0.004958178203877476
1982-10-05,0.003987099454662345
1982-10-06,0.0018283732840330272
1982-10-07,0.0013951848834996734
1982-10-08,8.840058488702037E-4
1982-10-09,8.48977729204342E-4
1982-10-10,8.950018754834585E-4
1982-10-11,7.72110272727142E-4
1982-10-12,7.102808720069249E-4
1982-10-13,3.323807273832542E-4
1982-10-14,2.163476530781651E-4
1982-10-15,2.996008062888473E-4
1982-10-16,8.089322920854406E-4
1982-10-17,0.0013880916862838554
1982-10-18,2.3467923397559327E-4
1982-10-19,7.09446740794177E-4
1982-10-20,6.340631895813383E-4
1982-10-21,0.0018760207609588078
1982-10-22,0.00382396208907294
1982-10-23,0.011652906326274854
1982-10-24,0.0022532296675942883
1982-10-25,0.0010612532512874625
1982-10-26,7.989237720436205E-4
1982-10-27,3.9182148979869557E-4
1982-10-28,1.0012994367266966E-4
1982-10-29,7.797638142015467E-5
1982-10-30,1.8620692341504128E-4
1982-10-31,1.3700578299339903E-4
1982-11-01,4.5150411801060783E-4
1982-11-02,7.69739576816037E-4
1982-11-03,3.4141449324222143E-4
1982-11-04,5.704199845903718E-4
1982-11-05,9.530282860709734E-4
1982-11-06,0.0011302615152187668
1982-11-07,4.0112102345188816E-4
1982-11-08,1.646907679092339E-4
1982-11-09,0.0031904992316003967
1982-11-10,0.012691156548123873
1982-11-11,0.014880660663240465
1982-11-12,0.005713997770584535
1982-11-13,7.941487306130237E-4
1982-11-14,6.125620127111935E-4
1982-11-15,3.388126083349681E-4
1982-11-16,2.550584796310025E-4
1982-11-17,4.6522089555637265E-5
1982-11-18,5.725818750785237E-6
1982-11-19,4.311441776142418E-5
1982-11-20,5.970587939027941E-5
1982-11-21,2.8628143093156825E-5
1982-11-22,1.3743045579892938E-4
1982-11-23,0.0012542229302889652
1982-11-24,6.42588178733864E-4
1982-11-25,2.4566472746175716E-4
1982-11-26,1.9303281855568546E-4
1982-11-27,3.5458324957029184E-4
1982-11-28,9.254600014253338E-5
1982-11-29,6.279427367130878E-5
1982-11-30,2.7374632754043717E-5
1982-12-01,1.1533560530228115E-4
1982-12-02,5.562920016074993E-5
1982-12-03,9.112205891901268E-5
1982-12-04,2.3723904545335276E-4
1982-12-05,2.9097103392390395E-4
1982-12-06,1.8213808442551216E-4
1982-12-07,1.3284260189280826E-4
1982-12-08,3.0434612755106045E-5
1982-12-09,2.4253538306082137E-5
1982-12-10,2.2843106717018022E-4
1982-12-11,2.42867222667607E-4
1982-12-12,7.195002565017673E-5
1982-12-13,1.9899398137741725E-4
1982-12-14,4.732568286105858E-4
1982-12-15,2.837335943657991E-4
1982-12-16,1.31142949054452E-4
1982-12-17,1.3120118804342608E-4
1982-12-18,2.9975616899747664E-4
1982-12-19,2.9679049227906155E-4
1982-12-20,2.0926313612987943E-4
1982-12-21,2.2427969511325228E-4
1982-12-22,5.159691170113554E-4
1982-12-23,6.902685673803841E-4
1982-12-24,6.684914433792222E-4
1982-12-25,7.531591349071303E-4
1982-12-26,2.72778003546536E-5
1982-12-27,7.718602490499175E-7
1982-12-28,1.8246816500940867E-6
1982-12-29,6.0504262734078616E-5
1982-12-30,0.0018608053755504485
1982-12-31,9.993546053690468E-4
1983-01-01,8.778242637149491E-5
1983-01-02,8.823158807653342E-4
1983-01-03,4.899810880205681E-4
1983-01-04,5.049522908599556E-7
1983-01-05,2.2818133435092118E-6
1983-01-06,8.842853484558934E-6
1983-01-07,2.0054459567459183E-5
1983-01-08,3.6461620301203796E-4
1983-01-09,0.0011457524743362668
1983-01-10,0.00349878129518627
1983-01-11,4.3079073281152193E-4
1983-01-12,3.504398204629934E-5
1983-01-13,7.630081771779597E-5
1983-01-14,1.2057844195186314E-4
1983-01-15,7.556983776919962E-6
1983-01-16,2.5679702231031447E-4
1983-01-17,7.714324425929986E-5
1983-01-18,1.779992963542313E-4
1983-01-19,5.247577345249593E-4
1983-01-20,2.1178985868303973E-4
1983-01-21,4.625208919654798E-6
1983-01-22,3.95211805630532E-6
1983-01-23,5.353983061502051E-6
1983-01-24,1.8671946718302082E-5
1983-01-25,3.066911516597726E-4
1983-01-26,6.197227529656509E-4
1983-01-27,2.7395523928676026E-5
1983-01-28,4.2104205916290553E-4
1983-01-29,0.004472599390614387
1983-01-30,0.004415674495694406
1983-01-31,0.002489534049961274
1983-02-01,2.3417142342355377E-4
1983-02-02,4.186892494610759E-4
1983-02-03,2.5762536509607196E-4
1983-02-04,6.379724727111736E-5
1983-02-05,6.124754958418843E-6
1983-02-06,6.1487343631004635E-6
1983-02-07,1.2001080709913312E-6
1983-02-08,5.938914552629072E-4
1983-02-09,5.455461119846901E-4
1983-02-10,4.624161581544371E-5
1983-02-11,4.107197081216258E-5
1983-02-12,1.4216802576934211E-5
1983-02-13,4.18047699092084E-6
1983-02-14,5.571267515419458E-6
1983-02-15,3.374571552235628E-4
1983-02-16,0.0010330199900884182
1983-02-17,3.697263224398064E-4
1983-02-18,0.0016547143627198254
1983-02-19,0.004756949155868378
1983-02-20,5.09123587699963E-4
1983-02-21,7.508942155999449E-4
1983-02-22,0.005469435843469241
1983-02-23,0.003671591962176558
1983-02-24,6.384157341249696E-4
1983-02-25,0.009556345619266906
1983-02-26,0.011330418822157542
1983-02-27,0.009772541539030078
1983-02-28,0.0015833969754970837
1983-03-01,2.415607597217768E-4
1983-03-02,0.0011187554790746015
1983-03-03,0.009952249442148366
1983-03-04,0.0018641940044922245
1983-03-05,0.00210496799882003
1983-03-06,0.006285486667483588
1983-03-07,4.191911326579848E-4
1983-03-08,4.896021535398939E-4
1983-03-09,6.687413299364091E-4
1983-03-10,0.0017296499247885149
1983-03-11,0.001826646762717432
1983-03-12,0.001048569730094194
1983-03-13,0.0017610701000001102
1983-03-14,3.153692323082273E-4
1983-03-15,0.012455968796094858
1983-03-16,0.010531671596755195
1983-03-17,0.0010916719995315053
1983-03-18,0.011897386109980162
1983-03-19,0.011848349318147162
1983-03-20,0.027753160622765526
1983-03-21,0.03686902040417974
1983-03-22,0.006569025557965485
1983-03-23,1.5775693792679905E-4
1983-03-24,7.970064018984169E-5
1983-03-25,2.3187903332433124E-5
1983-03-26,9.061606840171048E-4
1983-03-27,0.003050714694958264
1983-03-28,0.003931778530965353
1983-03-29,0.0059141672562784235
1983-03-30,0.0016582913372315134
1983-03-31,4.1398110179236664E-5
1983-04-01,3.486030243185217E-6
1983-04-02,2.09116666342971E-4
1983-04-03,0.00456923492736918
1983-04-04,0.0039139408192033175
1983-04-05,8.013308872249177E-4
1983-04-06,0.003403229974132144
1983-04-07,0.006847230531242461
1983-04-08,0.00721488881657422
1983-04-09,0.01070600153866799
1983-04-10,0.014090456267055941
1983-04-11,0.015589695093118538
1983-04-12,0.005569474438843843
1983-04-13,0.029512159735657975
1983-04-14,0.006555040954609564
1983-04-15,0.0037792862639677645
1983-04-16,7.790736729911295E-4
1983-04-17,1.3840730721227507E-4
1983-04-18,7.216457537925278E-5
1983-04-19,1.540310404225802E-4
1983-04-20,4.4635074981235144E-5
1983-04-21,8.327533679281386E-5
1983-04-22,0.00277922098194402
1983-04-23,0.021574720498109493
1983-04-24,0.028498759639510103
1983-04-25,0.02024039553178673
1983-04-26,0.011850760390110203
1983-04-27,0.023719438086409694
1983-04-28,0.028119730781171963
1983-04-29,0.03014994042277641
1983-04-30,0.03631644058394022
1983-05-01,0.04541640226087676
1983-05-02,0.041193121644231
1983-05-03,0.03448620955478852
1983-05-04,0.016460347797023028
1983-05-05,0.00912782847578611
1983-05-06,0.018036327629732715
1983-05-07,0.019331132798026413
1983-05-08,0.022430446034427145
1983-05-09,0.022700045484657993
1983-05-10,0.009683789965549073
1983-05-11,0.008869545331591469
1983-05-12,0.008503889858535724
1983-05-13,0.012084786160322936
1983-05-14,0.004404913799104133
1983-05-15,0.008284587202168524
1983-05-16,0.007797299376581413
1983-05-17,0.013537282420745303
1983-05-18,0.008038403100562933
1983-05-19,0.015625793508579837
1983-05-20,0.01692152634907782
1983-05-21,0.010961276559371973
1983-05-22,0.011639889569840479
1983-05-23,0.005185016105034705
1983-05-24,0.00629509270289828
1983-05-25,7.00295955259008E-4
1983-05-26,2.1703296351988538E-4
1983-05-27,3.502277278844104E-4
1983-05-28,0.0017279297883843604
1983-05-29,0.0038806533123534716
1983-05-30,0.004220229350708678
1983-05-31,0.0036529311276111294
1983-06-01,0.005847744559978065
1983-06-02,0.008932858766821159
1983-06-03,0.012854584682627165
1983-06-04,0.007753336977003925
1983-06-05,0.010660433907396356
1983-06-06,0.00476668087074067
1983-06-07,0.004342349490249028
1983-06-08,0.006129110289402815
1983-06-09,0.0066463691013673495
1983-06-10,0.004372307563517876
1983-06-11,0.002620016916412318
1983-06-12,0.004290723450812396
1983-06-13,0.011285529228471574
1983-06-14,0.0109652498622501
1983-06-15,0.01726991005698934
1983-06-16,0.01834212562754313
1983-06-17,0.0153304027346862
1983-06-18,0.01962998012891166
1983-06-19,0.018692275449552657
1983-06-20,0.018525572841436494
1983-06-21,0.012984966795074864
1983-06-22,0.009768570952498728
1983-06-23,0.012597191463442648
1983-06-24,0.02138034514391369
1983-06-25,0.0182281393521274
1983-06-26,0.013319111541961247
1983-06-27,0.013403658859417803
1983-06-28,0.014695074876780453
1983-06-29,0.011208869282663137
1983-06-30,0.012409438525080974
1983-07-01,0.013466179902512134
1983-07-02,0.015834030805699898
1983-07-03,0.027075546307586452
1983-07-04,0.02617773099479268
1983-07-05,0.023279419163517664
1983-07-06,0.009452060935924185
1983-07-07,0.004310582084242477
1983-07-08,0.005249911114286396
1983-07-09,0.005309915111416964
1983-07-10,0.005960655348057874
1983-07-11,0.0029845316332629285
1983-07-12,0.0030802733620783505
1983-07-13,0.003146250900650394
1983-07-14,0.004984962656876238
1983-07-15,0.006100714731846828
1983-07-16,0.008728424253202404
1983-07-17,0.010935468984706865
1983-07-18,0.0076959984896176805
1983-07-19,0.014133164778042183
1983-07-20,0.011304175940541922
1983-07-21,0.014465091582954559
1983-07-22,0.016490668784870814
1983-07-23,0.02100332448919439
1983-07-24,0.01793194151894019
1983-07-25,0.016369873188531687
1983-07-26,0.015935922235571585
1983-07-27,0.014557444059716802
1983-07-28,0.01240061791044764
1983-07-29,0.011749580895622416
1983-07-30,0.013348766965571964
1983-07-31,0.009183786847414076
1983-08-01,0.016095828549877976
1983-08-02,0.037401069412940635
1983-08-03,0.05578033656429635
1983-08-04,0.04475258747037097
1983-08-05,0.01395875292137652
1983-08-06,0.00559362843996765
1983-08-07,0.007680053665693099
1983-08-08,0.011744038874591602
1983-08-09,0.00948853292559934
1983-08-10,0.012306465386385492
1983-08-11,0.009451598305122648
1983-08-12,0.010098842788914634
1983-08-13,0.011974070373279628
1983-08-14,0.012149558449375594
1983-08-15,0.010849996860064328
1983-08-16,0.008190216291014903
1983-08-17,0.008754123622504797
1983-08-18,0.013177777257762976
1983-08-19,0.009118142145821552
1983-08-20,0.010620551872244541
1983-08-21,0.01634123661422082
1983-08-22,0.02814231460347976
1983-08-23,0.03180523653935271
1983-08-24,0.05004549634248553
1983-08-25,0.02843469813416168
1983-08-26,0.0192676688110957
1983-08-27,0.014225642477760548
1983-08-28,0.013870267453465562
1983-08-29,0.013685890009465473
1983-08-30,0.01118902549963311
1983-08-31,0.01755785991434125
1983-09-01,0.020301457825592242
1983-09-02,0.014714645167269547
1983-09-03,0.011162626640155035
1983-09-04,0.010248255462193724
1983-09-05,0.011586018567422886
1983-09-06,0.01400021613141776
1983-09-07,0.015888068214694746
1983-09-08,0.010537800324402293
1983-09-09,0.009010611108090042
1983-09-10,0.011757110264992479
1983-09-11,0.012097104983862322
1983-09-12,0.009233552401133872
1983-09-13,0.009822490993980656
1983-09-14,0.016352095996924818
1983-09-15,0.02300747374122219
1983-09-16,0.015129367923837997
1983-09-17,0.015440121685478663
1983-09-18,0.01059336803305959
1983-09-19,0.008367465848243978
1983-09-20,0.008714573033177889
1983-09-21,0.01421514378942945
1983-09-22,0.008493717220865839
1983-09-23,0.01010175554218178
1983-09-24,0.0055712415408502415
1983-09-25,0.003532749477958323
1983-09-26,0.003970714280619772
1983-09-27,0.005533941867870955
1983-09-28,0.0012585021870034506
1983-09-29,0.008543036273386642
1983-09-30,0.007178269532792944
1983-10-01,0.0054037609662585485
1983-10-02,0.005356310602807144
1983-10-03,0.0028293233461656126
1983-10-04,0.005871301539679974
1983-10-05,0.011902763330682162
1983-10-06,0.014125075470924004
1983-10-07,0.011209719273112418
1983-10-08,0.017560861911250072
1983-10-09,0.017021213647089993
1983-10-10,0.015354752896749601
1983-10-11,0.01009440765198756
1983-10-12,0.004557677311500878
1983-10-13,0.006365524887807835
1983-10-14,0.010414429812046332
1983-10-15,0.03681620885520846
1983-10-16,0.013955855020985244
1983-10-17,6.327979119028134E-4
1983-10-18,1.645865341039736E-4
1983-10-19,4.3433530603350235E-4
1983-10-20,0.010953555819270534
1983-10-21,0.006108828561245404
1983-10-22,4.033073377674551E-4
1983-10-23,0.0013007260927090406
1983-10-24,0.004631744705957697
1983-10-25,0.001374074719622077
1983-10-26,3.574606925008128E-4
1983-10-27,1.114758623259474E-4
1983-10-28,2.1061696246470185E-4
1983-10-29,5.083296664919337E-4
1983-10-30,6.903992698321248E-5
1983-10-31,9.007121924045284E-6
1983-11-01,1.7843363543789512E-4
1983-11-02,0.0012825618360883268
1983-11-03,3.6481489604056416E-4
1983-11-04,8.404177580165754E-5
1983-11-05,2.06782390204885E-5
1983-11-06,2.8594149071882365E-4
1983-11-07,0.00126443231334365
1983-11-08,0.00514647777047952
1983-11-09,0.02972705239283575
1983-11-10,0.005778311203584334
1983-11-11,3.9669966821944595E-4
1983-11-12,2.133293928597204E-4
1983-11-13,1.032167595125209E-4
1983-11-14,3.99214826401594E-4
1983-11-15,4.145060311370636E-4
1983-11-16,8.114491576842442E-4
1983-11-17,9.470289174323027E-4
1983-11-18,0.00172952147748041
1983-11-19,0.0010965992916084604
1983-11-20,2.0681097569053396E-4
1983-11-21,8.648898705942993E-5
1983-11-22,6.051615720848768E-4
1983-11-23,0.0022295515292887554
1983-11-24,4.0265586819698856E-4
1983-11-25,1.21377146207221E-5
1983-11-26,1.1883800852901853E-4
1983-11-27,7.29055305460508E-5
1983-11-28,5.7490455990375484E-5
1983-11-29,1.3513568951004914E-4
1983-11-30,7.063241262908706E-4
1983-12-01,2.9455343026807055E-4
1983-12-02,2.5830231140841874E-5
1983-12-03,5.173467035788427E-6
1983-12-04,4.656212707415775E-6
1983-12-05,5.53144045749948E-6
1983-12-06,4.536351642185846E-6
1983-12-07,3.1115193723615375E-6
1983-12-08,3.2356427747176706E-6
1983-12-09,3.5604954715100763E-6
1983-12-10,5.0620711630811406E-6
1983-12-11,5.572539041653757E-6
1983-12-12,1.6481121831281307E-5
1983-12-13,2.092889773184047E-5
1983-12-14,2.5849412713469925E-6
1983-12-15,3.363966588725041E-6
1983-12-16,2.8532575865508462E-6
1983-12-17,2.6615583854144776E-6
1983-12-18,1.2151848746785779E-5
1983-12-19,1.612511439470638E-5
1983-12-20,4.379146986804617E-5
1983-12-21,4.2480523010940885E-5
1983-12-22,8.065071530938766E-5
1983-12-23,1.6522704513392792E-4
1983-12-24,1.800579763460015E-4
1983-12-25,7.136264740407769E-4
1983-12-26,0.012837928824840259
1983-12-27,0.01800928656594384
1983-12-28,2.6471040588875477E-4
1983-12-29,8.020359321722892E-5
1983-12-30,2.5855190349584605E-4
1983-12-31,2.1072414499845597E-4
1984-01-01,2.2744079813657034E-5
1984-01-02,6.218542220688359E-4
1984-01-03,7.297926120522763E-4
1984-01-04,7.537051869593815E-5
1984-01-05,1.1053964140042327E-4
1984-01-06,7.040518673630218E-5
1984-01-07,7.876757195898687E-5
1984-01-08,1.1705407102557227E-5
1984-01-09,1.049540137501021E-5
1984-01-10,4.832218042719423E-6
1984-01-11,8.968251340998296E-6
1984-01-12,1.1399896843222602E-5
1984-01-13,2.2823862917934114E-5
1984-01-14,8.464969323582822E-5
1984-01-15,4.116304574482636E-4
1984-01-16,0.011161331471982835
1984-01-17,0.0067588717117338035
1984-01-18,9.79585352768373E-5
1984-01-19,6.640478828503392E-5
1984-01-20,3.3325370615530105E-4
1984-01-21,1.088460519292607E-4
1984-01-22,2.5422138885545977E-4
1984-01-23,0.0015982815352192767
1984-01-24,2.3836057326220874E-4
1984-01-25,2.5000657346743303E-5
1984-01-26,1.7992605743143108E-5
1984-01-27,1.88174784379037E-5
1984-01-28,1.8408980690487768E-4
1984-01-29,1.1832022934282532E-4
1984-01-30,5.91610282536353E-5
1984-01-31,1.4895619442318075E-5
1984-02-01,6.8828815282479804E-6
1984-02-02,5.241769170013313E-6
1984-02-03,2.3630093510475006E-6
1984-02-04,1.0436625174273316E-4
1984-02-05,5.380894807863071E-5
1984-02-06,7.277637247873869E-6
1984-02-07,2.044858189561981E-4
1984-02-08,0.0011962206220437293
1984-02-09,6.733797193529066E-5
1984-02-10,2.133020035310385E-5
1984-02-11,1.1528280117956132E-5
1984-02-12,3.5364160072168156E-5
1984-02-13,1.2804709261546126E-5
1984-02-14,1.3296258531108433E-4
1984-02-15,5.940329287596599E-4
1984-02-16,5.256752901708667E-6
1984-02-17,4.435179849308145E-6
1984-02-18,7.618283875219366E-6
1984-02-19,4.370203384144072E-5
1984-02-20,3.519464905612187E-4
1984-02-21,1.47251007623349E-4
1984-02-22,4.090905416318292E-5
1984-02-23,5.100765349080113E-6
1984-02-24,8.879820789528033E-7
1984-02-25,1.7107309617963465E-6
1984-02-26,3.0085757316555828E-6
1984-02-27,1.2755393754559918E-6
1984-02-28,4.351138045421976E-7
1984-02-29,3.1978395752988135E-6
1984-03-01,1.010316054948692E-6
1984-03-02,1.8550740165410156E-6
1984-03-03,1.306659556546646E-6
1984-03-04,9.856954810173904E-7
1984-03-05,5.706434001708728E-7
1984-03-06,1.2915565785539495E-6
1984-03-07,4.736512545699698E-7
1984-03-08,1.4111618571998025E-6
1984-03-09,4.445000460279744E-6
1984-03-10,7.493086293273597E-5
1984-03-11,4.024655929648995E-6
1984-03-12,2.339140543986524E-5
1984-03-13,2.832172239976569E-4
1984-03-14,4.1800775719523986E-4
1984-03-15,1.2699701599229143E-4
1984-03-16,1.4784777160093447E-5
1984-03-17,1.6793804585388386E-5
1984-03-18,3.0610099170115784E-5
1984-03-19,3.814415871482337E-5
1984-03-20,7.463907378680439E-5
1984-03-21,1.3608085413984575E-5
1984-03-22,1.2371668127357816E-6
1984-03-23,3.5711207759337552E-6
1984-03-24,6.6174749026018E-5
1984-03-25,0.0022712575136896885
1984-03-26,0.002760253883358768
1984-03-27,0.004694756220467031
1984-03-28,0.0017122878397481227
1984-03-29,3.40196804358441E-4
1984-03-30,0.0029391090916310054
1984-03-31,0.0034656412484764866
1984-04-01,0.004061492392327444
1984-04-02,0.0020116878163468697
1984-04-03,0.001493709638240448
1984-04-04,0.001309089914608327
1984-04-05,0.003639706476200224
1984-04-06,0.002321658810195874
1984-04-07,0.003924874067719465
1984-04-08,0.010516689905525865
1984-04-09,0.0020985754636281026
1984-04-10,0.00642035949525578
1984-04-11,3.1433525948862426E-5
1984-04-12,4.8787755385151164E-5
1984-04-13,3.853964826238623E-5
1984-04-14,4.159267938730631E-5
1984-04-15,2.8188235060487083E-4
1984-04-16,0.003811475628030063
1984-04-17,0.008713509275817282
1984-04-18,0.006829499934213472
1984-04-19,0.0022889637596579956
1984-04-20,0.004297683961495689
1984-04-21,0.001819985664375873
1984-04-22,0.0014057481240024447
1984-04-23,0.002771130692651426
1984-04-24,0.005021820079082832
1984-04-25,0.007906903237733865
1984-04-26,0.00545663036479365
1984-04-27,0.014684695400596276
1984-04-28,0.017506968993757366
1984-04-29,0.01488148514783353
1984-04-30,0.012090642107831586
1984-05-01,0.0146198464375381
1984-05-02,0.011437919025287475
1984-05-03,0.005798422075607566
1984-05-04,0.013551846353242539
1984-05-05,0.014504113045839494
1984-05-06,0.03066064457606291
1984-05-07,0.032615914422632016
1984-05-08,0.03706230011889715
1984-05-09,0.03551417686701027
1984-05-10,0.03263596802319321
1984-05-11,0.0418854324113907
1984-05-12,0.04618521196234491
1984-05-13,0.043968931010526256
1984-05-14,0.03330562581353369
1984-05-15,0.029868538620081306
1984-05-16,0.01922041190685905
1984-05-17,0.015247264452010878
1984-05-18,0.010594629113724425
1984-05-19,0.007345825284711525
1984-05-20,0.006551750497494044
1984-05-21,0.01033128041911451
1984-05-22,0.010498742072966815
1984-05-23,0.014425286481486521
1984-05-24,0.02321875204641149
1984-05-25,0.011723507105799917
1984-05-26,0.007006684920933668
1984-05-27,0.006779992813405176
1984-05-28,0.006595684292770125
1984-05-29,0.009393601339948493
1984-05-30,0.012250082749795176
1984-05-31,0.014810973455697048
1984-06-01,0.020899770842558067
1984-06-02,0.007501305395866915
1984-06-03,0.011417290312918153
1984-06-04,0.01479215792590684
1984-06-05,0.014856717091149732
1984-06-06,0.018988656148393575
1984-06-07,0.019258851367230247
1984-06-08,0.011310689906860403
1984-06-09,0.010557794787557872
1984-06-10,0.010192712389265854
1984-06-11,0.008488812618055607
1984-06-12,0.012180226560579311
1984-06-13,0.013788703849988194
1984-06-14,0.011566115426586603
1984-06-15,0.015764907100067078
1984-06-16,0.02725648796484563
1984-06-17,0.050208797286555994
1984-06-18,0.041136615299916184
1984-06-19,0.02543107432316111
1984-06-20,0.01809195966581738
1984-06-21,0.01235776117853974
1984-06-22,0.013610305718513032
1984-06-23,0.01573991771983838
1984-06-24,0.015841062995119295
1984-06-25,0.02189724282268485
1984-06-26,0.013529415415485775
1984-06-27,0.008979356965822742
1984-06-28,0.011370933246147033
1984-06-29,0.00880051459154009
1984-06-30,0.006202403597274539
1984-07-01,0.007850283983392296
1984-07-02,0.006275257551288999
1984-07-03,0.007804966077746834
1984-07-04,0.01115785956053284
1984-07-05,0.011337719511795165
1984-07-06,0.012133570164317898
1984-07-07,0.01771349011721186
1984-07-08,0.018061018697249534
1984-07-09,0.01577526015771159
1984-07-10,0.025012867269807556
1984-07-11,0.024368271175499757
1984-07-12,0.012167352663757139
1984-07-13,0.009894710994224376
1984-07-14,0.017710122545912418
1984-07-15,0.016272713638185228
1984-07-16,0.013556070037817598
1984-07-17,0.012822466054032275
1984-07-18,0.0078022427005090544
1984-07-19,0.006321153732780861
1984-07-20,0.00996748835533124
1984-07-21,0.010639190294650344
1984-07-22,0.014016526145322141
1984-07-23,0.019199087395807873
1984-07-24,0.011511497888458937
1984-07-25,0.011276161396437603
1984-07-26,0.009272023545921156
1984-07-27,0.008501689732355492
1984-07-28,0.006216027412411783
1984-07-29,0.012948507762336798
1984-07-30,0.012107878103412895
1984-07-31,0.017468167032440564
1984-08-01,0.015191095985269392
1984-08-02,0.0077619497413422365
1984-08-03,0.007803531184560848
1984-08-04,0.019515215968922774
1984-08-05,0.028335895557041857
1984-08-06,0.008891635594511218
1984-08-07,0.01568509642536971
1984-08-08,0.014458588231583306
1984-08-09,0.010593535023120512
1984-08-10,0.006469695202615793
1984-08-11,0.010074046601591391
1984-08-12,0.012532111873696909
1984-08-13,0.006946405046208166
1984-08-14,0.010119461586432298
1984-08-15,0.022337288179018953
1984-08-16,0.021540685230095433
1984-08-17,0.010890784260615257
1984-08-18,0.011629026585390058
1984-08-19,0.013761019948072207
1984-08-20,0.013461840715566232
1984-08-21,0.009154662395916892
1984-08-22,0.010911449994687806
1984-08-23,0.014024221560274878
1984-08-24,0.015423211259555605
1984-08-25,0.013180979361537648
1984-08-26,0.010959272211544017
1984-08-27,0.010215058746551849
1984-08-28,0.01327132857650488
1984-08-29,0.010633465687125837
1984-08-30,0.00803358358430351
1984-08-31,0.013788471917014789
1984-09-01,0.021387670146607432
1984-09-02,0.028576382180485985
1984-09-03,0.023808336030245274
1984-09-04,0.02000430844296804
1984-09-05,0.028015442516717202
1984-09-06,0.010965429827810718
1984-09-07,0.005306835547451585
1984-09-08,0.006220617840147141
1984-09-09,0.010951250248536656
1984-09-10,0.009586048799731408
1984-09-11,0.011228508020873698
1984-09-12,0.009541249343048949
1984-09-13,0.005505024036063809
1984-09-14,0.019098117768295075
1984-09-15,0.030291131761736607
1984-09-16,0.03032331369870143
1984-09-17,0.019367579309248952
1984-09-18,0.009552893333265502
1984-09-19,0.014656714507439115
1984-09-20,0.007471482829239417
1984-09-21,0.001740965161679634
1984-09-22,0.0023578137610434234
1984-09-23,0.0019203841952538713
1984-09-24,0.0012701647994731837
1984-09-25,6.100038176445032E-4
1984-09-26,3.4895355533543605E-4
1984-09-27,3.8138616585341525E-4
1984-09-28,2.3409029117055078E-4
1984-09-29,2.886656492294791E-4
1984-09-30,4.527877962626878E-4
1984-10-01,0.0014519489211473147
1984-10-02,0.013630269332810667
1984-10-03,0.019523775506348276
1984-10-04,0.013689439185347775
1984-10-05,0.005112051643494606
1984-10-06,0.0018880629882844495
1984-10-07,0.0026222459433212133
1984-10-08,0.0029850674979464537
1984-10-09,0.0012090542935425796
1984-10-10,8.797417580828394E-4
1984-10-11,0.0011883720032095034
1984-10-12,0.008163349225905843
1984-10-13,0.012819737948958647
1984-10-14,0.006038622368688663
1984-10-15,0.004103969785714549
1984-10-16,0.0032250926254197717
1984-10-17,0.0027929024854347834
1984-10-18,0.0011595282864764475
1984-10-19,0.0016112403238911072
1984-10-20,0.008678920049701343
1984-10-21,0.0155039647591701
1984-10-22,0.001972299537738078
1984-10-23,5.297029259711783E-4
1984-10-24,4.540947701078836E-4
1984-10-25,3.836766296910698E-4
1984-10-26,3.373363957118903E-4
1984-10-27,2.94388750272321E-4
1984-10-28,5.238506377972889E-4
1984-10-29,7.93089734700749E-4
1984-10-30,5.324678053207699E-4
1984-10-31,3.736800437517431E-4
1984-11-01,2.752046905427576E-4
1984-11-02,1.6573249991834124E-4
1984-11-03,1.5861626457131002E-4
1984-11-04,2.4350640492565225E-4
1984-11-05,2.464451039306901E-4
1984-11-06,1.9552846870186553E-4
1984-11-07,7.995501371679792E-5
1984-11-08,1.4560078294254602E-4
1984-11-09,3.3092659754066777E-4
1984-11-10,3.607229226853919E-4
1984-11-11,1.951238807319611E-4
1984-11-12,1.5408194279449496E-4
1984-11-13,8.76296981444316E-5
1984-11-14,9.484309066963067E-6
1984-11-15,3.233513422272841E-5
1984-11-16,4.359128860413411E-5
1984-11-17,4.561079820452608E-6
1984-11-18,1.480656585217358E-5
1984-11-19,5.33585411460709E-5
1984-11-20,1.5420244115174392E-4
1984-11-21,8.932323697331274E-5
1984-11-22,6.087270853162485E-5
1984-11-23,2.0475425482786834E-5
1984-11-24,3.637073458718228E-5
1984-11-25,6.616216940665929E-4
1984-11-26,5.095143449259116E-4
1984-11-27,1.2097256676142896E-4
1984-11-28,3.1750811878507246E-5
1984-11-29,4.493994850670107E-5
1984-11-30,8.40694166903766E-6
1984-12-01,1.5989133843578868E-6
1984-12-02,2.6629151050738414E-5
1984-12-03,6.575791358055656E-5
1984-12-04,6.71341154114899E-5
1984-12-05,1.5364137912765152E-5
1984-12-06,6.191764936600717E-5
1984-12-07,1.692389837070166E-4
1984-12-08,2.1890348219757132E-4
1984-12-09,6.948762959250889E-4
1984-12-10,8.182128384162289E-4
1984-12-11,2.5704336453064833E-4
1984-12-12,0.0011417165803744524
1984-12-13,9.047840973956295E-4
1984-12-14,0.008252127638602178
1984-12-15,0.0012996201561783281
1984-12-16,4.3646863894505623E-4
1984-12-17,3.088128007016944E-4
1984-12-18,1.7156628392750754E-4
1984-12-19,1.1365524968608239E-4
1984-12-20,4.182672842556136E-5
1984-12-21,4.698768860686385E-6
1984-12-22,2.4515822613108796E-6
1984-12-23,1.7825392429026937E-6
1984-12-24,1.451290034229603E-6
1984-12-25,4.289961784891405E-6
1984-12-26,3.894446786204854E-6
1984-12-27,1.5889853912421904E-6
1984-12-28,1.3324290836528566E-5
1984-12-29,1.9587997691120583E-5
1984-12-30,1.2319836102516323E-5
1984-12-31,1.534240571323702E-6
1985-01-01,4.701348586340752E-4
1985-01-02,2.813634907808292E-4
1985-01-03,5.417464078096322E-4
1985-01-04,1.814958323657718E-4
1985-01-05,3.9341650875603294E-5
1985-01-06,5.085059405559993E-4
1985-01-07,3.358110821887094E-4
1985-01-08,1.1278393120315126E-4
1985-01-09,1.4770684105459893E-4
1985-01-10,6.378597783602164E-5
1985-01-11,2.097409138354363E-5
1985-01-12,1.1556666990769515E-5
1985-01-13,4.639160328319552E-6
1985-01-14,1.8511714942965804E-5
1985-01-15,1.847108595026793E-5
1985-01-16,3.144041614611803E-4
1985-01-17,6.132636204005318E-6
1985-01-18,8.585265618421545E-7
1985-01-19,1.0173800596845565E-6
1985-01-20,7.55081574238653E-5
1985-01-21,1.3505465508978802E-5
1985-01-22,8.759203243399582E-5
1985-01-23,1.4022981741495288E-4
1985-01-24,4.813873031391051E-5
1985-01-25,3.5595514746291643E-6
1985-01-26,4.2011688886244635E-6
1985-01-27,3.2364790414280425E-5
1985-01-28,1.2535727663165295E-4
1985-01-29,2.6098660260738353E-4
1985-01-30,3.238257986365718E-4
1985-01-31,2.836406874153603E-4
1985-02-01,0.0012043631303133415
1985-02-02,6.786026026628154E-4
1985-02-03,1.0979856858623405E-4
1985-02-04,1.0811002758646429E-4
1985-02-05,0.0028562459988439952
1985-02-06,0.011188278435693984
1985-02-07,0.001634306200836236
1985-02-08,8.761537632755023E-4
1985-02-09,2.16409076393756E-4
1985-02-10,4.7686678242844765E-5
1985-02-11,2.4717067056610943E-5
1985-02-12,2.141304606334319E-5
1985-02-13,4.323907832869748E-6
1985-02-14,7.10608460618661E-5
1985-02-15,0.0045747965745091745
1985-02-16,0.0017222054712112114
1985-02-17,2.310097707263648E-4
1985-02-18,8.2835757522915E-5
1985-02-19,1.3361771779578634E-4
1985-02-20,1.9798658771931295E-5
1985-02-21,2.5450619205943995E-5
1985-02-22,1.6720875692298184E-5
1985-02-23,1.388367909219776E-6
1985-02-24,5.214812428806146E-5
1985-02-25,5.185626804463845E-5
1985-02-26,0.001117596351766816
1985-02-27,3.6140188955807127E-4
1985-02-28,4.917704802155355E-4
1985-03-01,0.001234635156007398
1985-03-02,0.0018242265065932953
1985-03-03,0.0017949290015805816
1985-03-04,3.444674259839863E-4
1985-03-05,4.0791220534499564E-4
1985-03-06,0.002254903373326636
1985-03-07,0.001056433307002473
1985-03-08,5.410827066817999E-4
1985-03-09,3.273659580950094E-4
1985-03-10,1.5702325381169514E-4
1985-03-11,2.227782938796032E-5
1985-03-12,5.2394354693213906E-6
1985-03-13,1.9870446049317187E-5
1985-03-14,5.543961589749808E-5
1985-03-15,2.838655920593088E-4
1985-03-16,6.005411751318645E-4
1985-03-17,0.0015947773492272963
1985-03-18,0.00720014891971521
1985-03-19,0.009701384225732584
1985-03-20,0.008525840369549132
1985-03-21,5.791473682391494E-4
1985-03-22,3.952403947605209E-4
1985-03-23,0.008958628376979909
1985-03-24,0.013750712029258769
1985-03-25,0.018914706248208662
1985-03-26,0.0043879606416199115
1985-03-27,0.005718413553102443
1985-03-28,0.01823404947193007
1985-03-29,0.016352910697033905
1985-03-30,0.004042859612697208
1985-03-31,6.143296582055133E-4
1985-04-01,8.303902167067883E-4
1985-04-02,0.0021809106383777204
1985-04-03,0.004543886428794583
1985-04-04,2.2611818394146924E-4
1985-04-05,1.6947976888123016E-4
1985-04-06,2.0931068992043452E-4
1985-04-07,0.007134045537801589
1985-04-08,0.017027317707969468
1985-04-09,0.024214420130297797
1985-04-10,0.022573535233057485
1985-04-11,0.004617708021722275
1985-04-12,0.001025622037339412
1985-04-13,0.0010523966820175994
1985-04-14,0.0029163459663578755
1985-04-15,0.0028527558659650876
1985-04-16,0.005396204172704603
1985-04-17,0.010304804886548809
1985-04-18,0.004869509021098042
1985-04-19,0.006250017693754562
1985-04-20,0.002524000753094846
1985-04-21,0.0038031536806359422
1985-04-22,0.003410670004231746
1985-04-23,0.00657107032811052
1985-04-24,0.0019329436146398543
1985-04-25,0.0031230480518263624
1985-04-26,0.005446098624644361
1985-04-27,0.012623938288394716
1985-04-28,0.009296120063606554
1985-04-29,0.010607966554077712
1985-04-30,0.0063890603475585265
1985-05-01,0.002244120533972515
1985-05-02,0.010525142556538528
1985-05-03,0.015902400491356775
1985-05-04,0.016270114133712456
1985-05-05,0.016436053864947748
1985-05-06,0.012297766948131375
1985-05-07,0.0026824728014296874
1985-05-08,4.203601824192545E-4
1985-05-09,0.001270685167474524
1985-05-10,0.003715834172071435
1985-05-11,0.008256205152243595
1985-05-12,0.008038120307805013
1985-05-13,0.008075817344951936
1985-05-14,0.012458334246787786
1985-05-15,0.0044633529456848875
1985-05-16,0.0017901092355765613
1985-05-17,0.0021395467345451395
1985-05-18,0.0038451329711859596
1985-05-19,0.006290584811012894
1985-05-20,0.005484363990298015
1985-05-21,0.004831789347070691
1985-05-22,0.007394953157053855
1985-05-23,0.015192597492941164
1985-05-24,0.033300407984635925
1985-05-25,0.057825349173492385
1985-05-26,0.015533981292606174
1985-05-27,0.0124797315212571
1985-05-28,0.00814031204987858
1985-05-29,0.00615957598627647
1985-05-30,0.005631604104080027
1985-05-31,0.004541665163786854
1985-06-01,0.01858848668147815
1985-06-02,0.020344129880871656
1985-06-03,0.01310691799382111
1985-06-04,0.011468982946109008
1985-06-05,0.018790209339783683
1985-06-06,0.021773727534799676
1985-06-07,0.014557422367873364
1985-06-08,0.008512127388723933
1985-06-09,0.01132250246030976
1985-06-10,0.009346422908833332
1985-06-11,0.004682612381770278
1985-06-12,0.009407396637159043
1985-06-13,0.020853703018040418
1985-06-14,0.016577500885390416
1985-06-15,0.02049282990559299
1985-06-16,0.0470514443991199
1985-06-17,0.03494481612073912
1985-06-18,0.017910107403564607
1985-06-19,0.008129513025039397
1985-06-20,0.004542174158156342
1985-06-21,0.004887480461233322
1985-06-22,0.009000525309486735
1985-06-23,0.012477736731487284
1985-06-24,0.01757942194592636
1985-06-25,0.010522483272878339
1985-06-26,0.013248187422050016
1985-06-27,0.011768413086494083
1985-06-28,0.013078523618478074
1985-06-29,0.027057202327431997
1985-06-30,0.016174659144322288
1985-07-01,0.011192541316821871
1985-07-02,0.0061003075250499915
1985-07-03,0.00909319608646172
1985-07-04,0.0074835083473825635
1985-07-05,0.012817918234617203
1985-07-06,0.01595536162171603
1985-07-07,0.017092634487783042
1985-07-08,0.025406613031333635
1985-07-09,0.0242285164164658
1985-07-10,0.016716378800159706
1985-07-11,0.014083061922732783
1985-07-12,0.010512059086898007
1985-07-13,0.008556635095517625
1985-07-14,0.010707968817600284
1985-07-15,0.011769134914703602
1985-07-16,0.011666705942855383
1985-07-17,0.007188914447186999
1985-07-18,0.00734421772190241
1985-07-19,0.008068707888783057
1985-07-20,0.010862156047825604
1985-07-21,0.008984726874605739
1985-07-22,0.010765867868092329
1985-07-23,0.009875623668816974
1985-07-24,0.01323499136229467
1985-07-25,0.012224082403955972
1985-07-26,0.010636643301279515
1985-07-27,0.013981609660621938
1985-07-28,0.011893397283232287
1985-07-29,0.005279839886822358
1985-07-30,0.012525947866717568
1985-07-31,0.015214883374813358
1985-08-01,0.015209288970412387
1985-08-02,0.01486483534056776
1985-08-03,0.016328311525610744
1985-08-04,0.011307186744247152
1985-08-05,0.013908849644512637
1985-08-06,0.010736082862363256
1985-08-07,0.006985054142212271
1985-08-08,0.004861090387830978
1985-08-09,0.004656994228266213
1985-08-10,0.009568576408615102
1985-08-11,0.008023544249225814
1985-08-12,0.007349109646941431
1985-08-13,0.007654839854378779
1985-08-14,0.006581865891920696
1985-08-15,0.00881007346138098
1985-08-16,0.006626049264079804
1985-08-17,0.007790428223157031
1985-08-18,0.007881298852138556
1985-08-19,0.008534835549377994
1985-08-20,0.010515378854630527
1985-08-21,0.011391383732393665
1985-08-22,0.012117000420194562
1985-08-23,0.013958531824526244
1985-08-24,0.013509007311936196
1985-08-25,0.011038890331985596
1985-08-26,0.012184493908074332
1985-08-27,0.007698433375832083
1985-08-28,0.005379149813138509
1985-08-29,0.005511872620547552
1985-08-30,0.0034922219084481784
1985-08-31,0.0033134191802797735
1985-09-01,0.0037636466892260745
1985-09-02,0.0084432139366394
1985-09-03,0.009750867295607677
1985-09-04,0.009708502798623043
1985-09-05,0.00810445494465781
1985-09-06,0.007995105631214838
1985-09-07,0.009620297715654197
1985-09-08,0.006385675982568522
1985-09-09,0.012299071384707184
1985-09-10,0.025366706260317066
1985-09-11,0.005603961912174499
1985-09-12,0.013865888651511012
1985-09-13,0.012911317118727608
1985-09-14,0.013225429430118058
1985-09-15,0.012693352668086492
1985-09-16,0.0037003024125701347
1985-09-17,0.003725277784108829
1985-09-18,0.004910634815102071
1985-09-19,0.007603990995301027
1985-09-20,0.01088606846222253
1985-09-21,0.007952780638280263
1985-09-22,0.009619457809810562
1985-09-23,0.011960690570939198
1985-09-24,0.013485747812081495
1985-09-25,0.010527491723751116
1985-09-26,0.01439867001032828
1985-09-27,0.00839126208208641
1985-09-28,0.0057339244536433066
1985-09-29,0.006189854083181942
1985-09-30,0.00834891839675345
1985-10-01,0.004750468293420583
1985-10-02,0.0031843575221542513
1985-10-03,0.0011553400294442146
1985-10-04,4.6675000012601285E-4
1985-10-05,4.743084693519942E-4
1985-10-06,4.1791335447657543E-4
1985-10-07,4.73935441853941E-4
1985-10-08,8.714368543018107E-4
1985-10-09,3.910016431437339E-4
1985-10-10,4.1327731783750575E-4
1985-10-11,0.0017829103862989652
1985-10-12,8.023147272309592E-4
1985-10-13,2.66277573727854E-4
1985-10-14,0.0023934143317668527
1985-10-15,0.016259340845773386
1985-10-16,0.011100063238301011
1985-10-17,0.008235935235747383
1985-10-18,0.008205327293335243
1985-10-19,0.0011951801724717815
1985-10-20,6.371029605561034E-4
1985-10-21,4.0294568548505076E-4
1985-10-22,6.25598860508314E-4
1985-10-23,0.0026897444907708094
1985-10-24,0.0011934786998620392
1985-10-25,7.956011087790746E-4
1985-10-26,5.008075363470402E-4
1985-10-27,4.1534546400295565E-4
1985-10-28,4.7654015062444387E-4
1985-10-29,3.7093844171086566E-4
1985-10-30,3.6608981692027345E-4
1985-10-31,3.546430826060692E-4
1985-11-01,7.371199416889487E-4
1985-11-02,3.497538443302728E-4
1985-11-03,8.82628800372047E-4
1985-11-04,8.225740682621274E-4
1985-11-05,5.036279700538068E-4
1985-11-06,6.366547420180272E-4
1985-11-07,3.190152986848554E-4
1985-11-08,3.19551625925839E-4
1985-11-09,2.7942296095963753E-4
1985-11-10,1.8815765002119528E-4
1985-11-11,1.7532834792367206E-4
1985-11-12,8.443963399505328E-5
1985-11-13,3.852703965305206E-6
1985-11-14,2.9745925619737163E-5
1985-11-15,1.9005078296197113E-5
1985-11-16,1.0503715834000127E-4
1985-11-17,2.2482086530435007E-4
1985-11-18,0.0014605693761418814
1985-11-19,0.013019259764558774
1985-11-20,0.001037369973053737
1985-11-21,3.804126024694933E-4
1985-11-22,4.514726296445381E-4
1985-11-23,1.8186707293585568E-4
1985-11-24,7.144191773096022E-5
1985-11-25,3.527307142882081E-5
1985-11-26,2.4833989178423207E-5
1985-11-27,3.637999199676232E-5
1985-11-28,2.8355019941616472E-5
1985-11-29,1.0187176033507465E-5
1985-11-30,8.004793713913204E-6
1985-12-01,1.4525708653255718E-5
1985-12-02,4.62302437980625E-5
1985-12-03,2.3915897164492102E-4
1985-12-04,1.97919593073714E-4
1985-12-05,1.8338417423443988E-5
1985-12-06,2.5889013457213295E-6
1985-12-07,1.3949680166868637E-6
1985-12-08,1.4114325226543253E-5
1985-12-09,6.110776815845961E-5
1985-12-10,6.754067038001445E-5
1985-12-11,5.870597523524163E-5
1985-12-12,1.0284744406381028E-5
1985-12-13,1.2564324225164148E-5
1985-12-14,1.1699818946007263E-5
1985-12-15,3.162442829076458E-5
1985-12-16,7.382725938229103E-5
1985-12-17,9.949610120572578E-5
1985-12-18,5.471929735645104E-4
1985-12-19,4.336245907411422E-4
1985-12-20,4.4881149155129294E-5
1985-12-21,3.2340297067281873E-6
1985-12-22,1.194543513396142E-6
1985-12-23,4.301148069433008E-6
1985-12-24,2.334824316750629E-4
1985-12-25,2.896604883876815E-4
1985-12-26,4.5263509324423366E-5
1985-12-27,0.0010314549961686326
1985-12-28,0.005220420625308169
1985-12-29,4.5016866174348486E-4
1985-12-30,3.154047075079407E-4
1985-12-31,6.180037839739749E-5
1986-01-01,9.362578732215992E-6
1986-01-02,7.793605106284467E-5
1986-01-03,6.851528886276464E-5
1986-01-04,1.6398341672117693E-5
1986-01-05,3.23671003659134E-5
1986-01-06,3.2890684153783226E-5
1986-01-07,1.823247591013614E-5
1986-01-08,2.2600606719162672E-6
1986-01-09,1.4000138028433555E-5
1986-01-10,6.300897153505009E-5
1986-01-11,8.837594954231066E-5
1986-01-12,4.381153820647223E-4
1986-01-13,3.819018362172922E-4
1986-01-14,6.893352877082659E-6
1986-01-15,0.001619730425148956
1986-01-16,0.0035133042166392934
1986-01-17,9.97892939194288E-5
1986-01-18,5.524750365743483E-6
1986-01-19,5.1318512467285435E-6
1986-01-20,1.81855998283899E-6
1986-01-21,3.414699058838355E-6
1986-01-22,4.224843936867396E-6
1986-01-23,9.041225826277165E-6
1986-01-24,4.3798612074259227E-5
1986-01-25,2.9748352254784703E-6
1986-01-26,2.5829904371895222E-5
1986-01-27,1.527190581734463E-5
1986-01-28,6.868563872754454E-6
1986-01-29,1.7816012680657615E-6
1986-01-30,1.9380395886059155E-5
1986-01-31,6.118061024419966E-4
1986-02-01,5.109544086412218E-4
1986-02-02,9.751102473238424E-5
1986-02-03,4.6345569896729476E-6
1986-02-04,6.942537399836897E-6
1986-02-05,1.0177984670629396E-5
1986-02-06,1.862194290497972E-5
1986-02-07,2.565691434604377E-5
1986-02-08,1.4241507886959812E-5
1986-02-09,2.5134813095857923E-6
1986-02-10,3.2884633058150987E-6
1986-02-11,5.305363857818782E-6
1986-02-12,7.523034062384463E-4
1986-02-13,2.729672916899141E-4
1986-02-14,4.918340924144362E-4
1986-02-15,0.002915146682849714
1986-02-16,3.9840083066712247E-4
1986-02-17,5.8627560929009275E-5
1986-02-18,8.82418189771006E-6
1986-02-19,2.3903991802552044E-5
1986-02-20,-4.585791874045921E-11
1986-02-21,8.722627493622988E-7
1986-02-22,8.556594870044424E-7
1986-02-23,2.0213008427902132E-5
1986-02-24,8.366175944920953E-6
1986-02-25,2.738478364974802E-6
1986-02-26,1.783633346852275E-6
1986-02-27,1.3045495703602698E-6
1986-02-28,1.7283886677432747E-6
1986-03-01,5.892574951561577E-6
1986-03-02,2.759126244830755E-4
1986-03-03,7.524550471067678E-4
1986-03-04,3.378260023640877E-4
1986-03-05,5.429521834253078E-4
1986-03-06,0.0019362029341055823
1986-03-07,0.0016271028807846861
1986-03-08,7.967163337069923E-4
1986-03-09,9.53449763108437E-4
1986-03-10,4.6737144745164215E-4
1986-03-11,2.695127515002014E-4
1986-03-12,3.0897635526995585E-4
1986-03-13,0.0025623878073772768
1986-03-14,7.365664587583435E-4
1986-03-15,2.3147123704809556E-4
1986-03-16,0.0015102099226521537
1986-03-17,5.7161153098916774E-5
1986-03-18,2.595669397710523E-6
1986-03-19,2.5485824201143705E-4
1986-03-20,6.643923348520274E-4
1986-03-21,1.2782620772161955E-4
1986-03-22,3.9836821286041796E-8
1986-03-23,3.728762973508075E-6
1986-03-24,6.86717039071297E-5
1986-03-25,3.1558354352694885E-4
1986-03-26,2.12046233378185E-4
1986-03-27,3.4069283808056295E-6
1986-03-28,4.4736319998416204E-7
1986-03-29,1.8340977525220075E-5
1986-03-30,1.3589258144368333E-4
1986-03-31,0.002214764115604191
1986-04-01,0.0019603153272922183
1986-04-02,0.002041160799807558
1986-04-03,0.00543578781025787
1986-04-04,0.0019449403721329421
1986-04-05,0.008091023431855165
1986-04-06,0.0010842436231815655
1986-04-07,0.0030709917239869254
1986-04-08,0.014546223758876516
1986-04-09,0.014104721985512809
1986-04-10,0.011048800297594245
1986-04-11,0.011769828393803132
1986-04-12,0.017678808308180163
1986-04-13,0.021200699570128604
1986-04-14,0.016186662614545978
1986-04-15,0.008849098672989733
1986-04-16,0.00555970796631784
1986-04-17,0.010237655807077884
1986-04-18,0.025321757405759263
1986-04-19,0.02296041959686623
1986-04-20,0.019286694009255714
1986-04-21,0.005252665833580673
1986-04-22,0.002257128337989911
1986-04-23,0.005081398682724452
1986-04-24,0.013970493028353802
1986-04-25,0.02064171299643806
1986-04-26,0.01668774253791308
1986-04-27,0.016087979028521805
1986-04-28,0.013067975057144696
1986-04-29,0.009364597357957808
1986-04-30,0.009187192005630465
1986-05-01,0.007648042048188178
1986-05-02,0.0027774388362522343
1986-05-03,0.00752126962808925
1986-05-04,0.014194493411527159
1986-05-05,0.01689617121936229
1986-05-06,0.013503683310487857
1986-05-07,0.009593866510023518
1986-05-08,0.002216799396864358
1986-05-09,7.865615247623E-4
1986-05-10,0.00119104901958589
1986-05-11,0.004059911752790548
1986-05-12,0.00752610386097915
1986-05-13,0.009412548964145081
1986-05-14,0.020493114998750016
1986-05-15,0.013235919405006211
1986-05-16,0.009702138095366483
1986-05-17,0.012782936573818847
1986-05-18,0.007548822504877668
1986-05-19,0.00575110533261892
1986-05-20,0.002602961814823076
1986-05-21,0.0017779744468594053
1986-05-22,8.635664239089021E-4
1986-05-23,2.287190277000854E-4
1986-05-24,7.542480338841782E-6
1986-05-25,9.420995426572861E-4
1986-05-26,0.0013629477945848716
1986-05-27,0.003231052066514389
1986-05-28,0.0017209267350266158
1986-05-29,0.0014921031340959635
1986-05-30,0.0016481426168361813
1986-05-31,9.292654705788754E-4
1986-06-01,0.0017064185852505049
1986-06-02,0.0046164925503993474
1986-06-03,0.0013952352050291483
1986-06-04,9.93378169006001E-4
1986-06-05,0.0013743145727410254
1986-06-06,0.0017391552536928597
1986-06-07,0.001627325296169682
1986-06-08,0.004563856151560766
1986-06-09,0.006621435947128391
1986-06-10,0.007208177673155001
1986-06-11,0.007976531399325732
1986-06-12,0.009208322699198336
1986-06-13,0.01135719046706431
1986-06-14,0.014142195726592748
1986-06-15,0.013162146205928793
1986-06-16,0.021124452904894866
1986-06-17,0.014198947341896622
1986-06-18,0.012847950563268833
1986-06-19,0.012412038019118232
1986-06-20,0.015641567676565892
1986-06-21,0.028586202196200346
1986-06-22,0.01549799456495384
1986-06-23,0.008248470210768704
1986-06-24,0.013789383296447256
1986-06-25,0.014186918872042181
1986-06-26,0.019026306485281363
1986-06-27,0.022384854146191072
1986-06-28,0.019046336099262352
1986-06-29,0.02705406331974986
1986-06-30,0.0182904457622037
1986-07-01,0.008084597832307262
1986-07-02,0.004171820675727203
1986-07-03,0.009187045102667565
1986-07-04,0.015214000404640417
1986-07-05,0.017124762566621234
1986-07-06,0.029338335843349373
1986-07-07,0.030560692534775422
1986-07-08,0.01416224735234557
1986-07-09,0.008045391981473476
1986-07-10,0.010293743779931506
1986-07-11,0.010919086401676948
1986-07-12,0.01008122854727371
1986-07-13,0.009493472343734563
1986-07-14,0.008402052696239452
1986-07-15,0.005914812908449948
1986-07-16,0.005081864915359175
1986-07-17,0.008430286010999934
1986-07-18,0.013237856196305556
1986-07-19,0.00942483496493289
1986-07-20,0.013768484683345468
1986-07-21,0.018564457471576434
1986-07-22,0.03083298234323837
1986-07-23,0.018003292244943767
1986-07-24,0.0216603360236887
1986-07-25,0.030253835265548847
1986-07-26,0.02871948439938602
1986-07-27,0.022420510064205465
1986-07-28,0.008657957985986937
1986-07-29,0.005330862817543528
1986-07-30,0.005913103265457302
1986-07-31,0.005366645255976891
1986-08-01,0.011332645830528947
1986-08-02,0.019723389373582808
1986-08-03,0.010079546612107174
1986-08-04,0.020344703278821725
1986-08-05,0.022523652141161813
1986-08-06,0.011344654628846908
1986-08-07,0.007762360756596893
1986-08-08,0.00695554668582589
1986-08-09,0.0021611413693453474
1986-08-10,0.0051587195873827605
1986-08-11,0.009942331101757955
1986-08-12,0.011382950149580129
1986-08-13,0.019243701742427958
1986-08-14,0.014301422973133698
1986-08-15,0.005709379232283378
1986-08-16,0.008599607395174888
1986-08-17,0.012390597901288762
1986-08-18,0.01203242540541761
1986-08-19,0.015607512271270678
1986-08-20,0.01624984700877943
1986-08-21,0.013848728233464709
1986-08-22,0.016817266536543838
1986-08-23,0.015516777937570472
1986-08-24,0.010526393766667067
1986-08-25,0.013497871327970708
1986-08-26,0.01395737383238277
1986-08-27,0.00857692242614843
1986-08-28,0.006822368484012179
1986-08-29,0.007145171682275875
1986-08-30,0.008393295932374666
1986-08-31,0.013521515990568727
1986-09-01,0.011996378859185333
1986-09-02,0.008694500551921733
1986-09-03,0.014913443398664855
1986-09-04,0.013121408977930472
1986-09-05,0.018603259343308202
1986-09-06,0.014922769185623998
1986-09-07,0.012086570460598165
1986-09-08,0.021025985038312506
1986-09-09,0.022396820539187373
1986-09-10,0.025722262734371164
1986-09-11,0.016584428265050657
1986-09-12,0.009153261893527073
1986-09-13,0.008004419466300657
1986-09-14,0.010375023206153435
1986-09-15,0.00519131416815808
1986-09-16,0.0075703978815601786
1986-09-17,0.008026077270688686
1986-09-18,0.0038809666591950996
1986-09-19,0.006939372562125174
1986-09-20,0.008173043028317757
1986-09-21,0.00823523090300304
1986-09-22,0.008919935771770839
1986-09-23,0.00580325134831711
1986-09-24,0.00514625952067917
1986-09-25,0.014794263469643448
1986-09-26,0.02580659495133926
1986-09-27,0.030865107175576927
1986-09-28,0.012906905190508673
1986-09-29,0.013738328754890793
1986-09-30,0.021078186650887606
1986-10-01,0.017805482548004996
1986-10-02,0.011834103245058151
1986-10-03,0.005864847373441616
1986-10-04,0.005544115366713328
1986-10-05,0.03568406493196622
1986-10-06,0.04406300704463954
1986-10-07,0.030563426834954454
1986-10-08,0.03253081268169476
1986-10-09,0.01739042732398411
1986-10-10,0.0036009604686291666
1986-10-11,0.002395244799958273
1986-10-12,0.003369161519699119
1986-10-13,0.004213704926270838
1986-10-14,0.004497458040154905
1986-10-15,0.00547157249970372
1986-10-16,0.0028454797258995255
1986-10-17,0.001299916863398342
1986-10-18,7.576097475030637E-4
1986-10-19,3.6093686587239436E-4
1986-10-20,2.3689029885492536E-4
1986-10-21,3.1159087741232486E-4
1986-10-22,1.6283675156796747E-4
1986-10-23,4.783989797847165E-5
1986-10-24,1.858351927394971E-5
1986-10-25,1.2889867265109678E-4
1986-10-26,1.6638744718551167E-4
1986-10-27,5.9499158472993125E-5
1986-10-28,1.0199285679119564E-4
1986-10-29,1.2962957846937687E-4
1986-10-30,1.4534781286491184E-4
1986-10-31,4.4898583873424145E-4
1986-11-01,5.815584563306157E-4
1986-11-02,7.826898649622669E-4
1986-11-03,7.480139636549717E-4
1986-11-04,8.581633853924311E-4
1986-11-05,0.004059234943085933
1986-11-06,0.0023122451258834353
1986-11-07,4.3809592841898465E-4
1986-11-08,0.01841947452455108
1986-11-09,0.0634964454227849
1986-11-10,0.001816109700327147
1986-11-11,8.493514412971898E-4
1986-11-12,9.6064838420384E-4
1986-11-13,4.1117534394533506E-4
1986-11-14,2.778831915293348E-4
1986-11-15,2.2643754840485666E-5
1986-11-16,3.345318111627086E-4
1986-11-17,4.6745816224861284E-4
1986-11-18,4.050092926759942E-4
1986-11-19,1.9956541500736713E-5
1986-11-20,9.931989712903727E-5
1986-11-21,2.57703852787308E-4
1986-11-22,2.395827459428445E-4
1986-11-23,2.470483754351169E-4
1986-11-24,2.5747614519260147E-5
1986-11-25,2.654434473437794E-5
1986-11-26,5.3503663563717766E-5
1986-11-27,2.360242013274694E-5
1986-11-28,1.0254398446596252E-5
1986-11-29,3.988794588727437E-6
1986-11-30,4.88629206998418E-5
1986-12-01,5.3877064494806196E-5
1986-12-02,2.430088494908075E-6
1986-12-03,9.16118820828144E-7
1986-12-04,2.7599733827470175E-6
1986-12-05,4.302192062921081E-6
1986-12-06,7.31567924414555E-6
1986-12-07,1.7882228877830686E-6
1986-12-08,8.809034092744886E-6
1986-12-09,2.443487096085395E-5
1986-12-10,1.1889929901754674E-4
1986-12-11,8.678100752051879E-4
1986-12-12,4.141486811088656E-4
1986-12-13,9.589315506921856E-5
1986-12-14,0.0023042041503769915
1986-12-15,5.893084640058797E-4
1986-12-16,1.514457304092517E-4
1986-12-17,1.1974025901592399E-5
1986-12-18,9.796906735890714E-5
1986-12-19,3.810343134959392E-5
1986-12-20,2.4558946638492525E-4
1986-12-21,8.613716743906058E-4
1986-12-22,1.079033401142144E-4
1986-12-23,1.9015255243294504E-5
1986-12-24,3.731544330187948E-5
1986-12-25,1.3412327960284556E-4
1986-12-26,5.971493706467151E-5
1986-12-27,3.856571987003624E-6
1986-12-28,0.0015005412585284699
1986-12-29,4.921167651035062E-4
1986-12-30,1.1107073814572696E-4
1986-12-31,0.0010531319931531592
1987-01-01,1.2598515368144488E-4
1987-01-02,7.790341198680015E-5
1987-01-03,9.181648831498626E-5
1987-01-04,2.9306927172336277E-6
1987-01-05,2.8937923176476093E-6
1987-01-06,1.3090786109672682E-7
1987-01-07,2.6548336569144687E-6
1987-01-08,0.001463388070602464
1987-01-09,4.09463545990993E-4
1987-01-10,7.373112097763124E-5
1987-01-11,6.438324983229957E-5
1987-01-12,0.0013809564975396096
1987-01-13,1.2676830719492646E-5
1987-01-14,3.1153212210815955E-5
1987-01-15,8.940320643910072E-5
1987-01-16,1.1671014616338791E-6
1987-01-17,4.360282068566492E-6
1987-01-18,3.759586858620575E-5
1987-01-19,1.5382320385057056E-5
1987-01-20,1.099324474777454E-5
1987-01-21,3.958040137128762E-6
1987-01-22,4.885362929788613E-6
1987-01-23,2.6837318433564563E-6
1987-01-24,5.321161528275807E-6
1987-01-25,3.866737838901553E-5
1987-01-26,1.0691871013932629E-4
1987-01-27,2.720104078651891E-4
1987-01-28,4.2690340750102155E-4
1987-01-29,3.409907189198441E-4
1987-01-30,1.886378989402119E-4
1987-01-31,9.70759380606845E-5
1987-02-01,9.800053845668063E-5
1987-02-02,1.3757093665577608E-4
1987-02-03,0.0063879881779285615
1987-02-04,0.005491941230976585
1987-02-05,0.0024502363495460936
1987-02-06,1.491673003160566E-5
1987-02-07,2.63385192666852E-7
1987-02-08,4.8236675574619955E-6
1987-02-09,5.6771448353008714E-5
1987-02-10,3.0469025123984944E-4
1987-02-11,6.802737465988764E-6
1987-02-12,3.2436669221582457E-6
1987-02-13,4.431989999086052E-6
1987-02-14,2.653780056948427E-6
1987-02-15,1.7405168438760807E-5
1987-02-16,3.376363847334028E-5
1987-02-17,2.771847533329284E-4
1987-02-18,8.79235683645843E-5
1987-02-19,5.380704202893466E-5
1987-02-20,4.0656226128588787E-5
1987-02-21,8.445008662060528E-6
1987-02-22,3.455865584035635E-5
1987-02-23,3.28764188810115E-5
1987-02-24,1.458960431255596E-5
1987-02-25,5.293462753460626E-5
1987-02-26,2.6088380256712428E-5
1987-02-27,0.0019007756979530636
1987-02-28,8.182823736987547E-4
1987-03-01,4.0818048285954343E-4
1987-03-02,0.0012011486070275656
1987-03-03,5.28836694420034E-4
1987-03-04,2.3367641217918056E-4
1987-03-05,6.102227776597257E-4
1987-03-06,1.3023827821155206E-5
1987-03-07,0.002157856160072063
1987-03-08,0.00430510602955755
1987-03-09,0.0052865737348896874
1987-03-10,0.005600819763127885
1987-03-11,0.008774289519366348
1987-03-12,0.0150788811868129
1987-03-13,0.0043659584872436175
1987-03-14,7.875888622326046E-4
1987-03-15,0.002310526194355652
1987-03-16,0.00219578177105801
1987-03-17,0.008875073041952154
1987-03-18,0.006523494433841287
1987-03-19,9.390984030979436E-4
1987-03-20,0.0017538458711560572
1987-03-21,0.0027674571175709648
1987-03-22,0.0011494958365593153
1987-03-23,9.3580076432181E-4
1987-03-24,8.020101862653342E-4
1987-03-25,3.311590952119869E-4
1987-03-26,1.1171499647764441E-4
1987-03-27,3.373665802700162E-4
1987-03-28,0.0025989764383830983
1987-03-29,4.778984682635809E-4
1987-03-30,0.006778411336801882
1987-03-31,0.0035348447374249476
1987-04-01,0.005457613823970798
1987-04-02,0.002922840509634677
1987-04-03,0.0025622369800105435
1987-04-04,0.0015740772582960839
1987-04-05,0.0014208065634305626
1987-04-06,0.001168235423430988
1987-04-07,0.0018879319063180467
1987-04-08,0.0025258208296103967
1987-04-09,0.022933951601900288
1987-04-10,0.03433402522797099
1987-04-11,0.007360215652869151
1987-04-12,0.004871948415920437
1987-04-13,0.005358071775227677
1987-04-14,0.002663296622120344
1987-04-15,0.0013743180848312135
1987-04-16,2.345110221896673E-4
1987-04-17,6.366807474908501E-4
1987-04-18,6.403654883570047E-4
1987-04-19,6.799489344708952E-4
1987-04-20,7.055853981794033E-4
1987-04-21,8.666262295038497E-5
1987-04-22,0.0022611909509136375
1987-04-23,0.013632797517334866
1987-04-24,0.036130204862355415
1987-04-25,0.037935068062219815
1987-04-26,0.008715419651222045
1987-04-27,0.007501372507429421
1987-04-28,0.002915097820443041
1987-04-29,0.0038700649500678103
1987-04-30,0.01728686172723617
1987-05-01,0.018089822287119566
1987-05-02,0.004494752312450984
1987-05-03,0.006425757828015719
1987-05-04,0.004701230264475336
1987-05-05,0.0037472891328667185
1987-05-06,0.005376247509879009
1987-05-07,0.00451521057693349
1987-05-08,0.008955735085142665
1987-05-09,0.00449747742544598
1987-05-10,0.0018698717014288522
1987-05-11,2.2047121242209586E-4
1987-05-12,5.7042081518195874E-5
1987-05-13,2.1076520476150886E-5
1987-05-14,6.247733236322592E-5
1987-05-15,4.583537719436392E-5
1987-05-16,1.580825362759902E-4
1987-05-17,5.564141231905482E-4
1987-05-18,0.0014069542716799212
1987-05-19,0.004043361265856077
1987-05-20,0.004468678313867602
1987-05-21,0.002465989920845182
1987-05-22,0.005837114539540783
1987-05-23,0.005756473134804834
1987-05-24,0.005532167733919303
1987-05-25,0.002548618920247107
1987-05-26,0.0012113662778914724
1987-05-27,0.002296017664194941
1987-05-28,0.0016758232551777
1987-05-29,0.0033448059404097576
1987-05-30,0.00493081564378677
1987-05-31,0.007963660129103135
1987-06-01,0.010682425371065191
1987-06-02,0.006989637296491898
1987-06-03,0.011528213299595098
1987-06-04,0.039427195386702425
1987-06-05,0.05756683033256412
1987-06-06,0.019602024723289292
1987-06-07,0.0095041726416021
1987-06-08,0.010514366595945308
1987-06-09,0.011631584242496478
1987-06-10,0.014952199874424386
1987-06-11,0.014523384364143535
1987-06-12,0.010244973531715627
1987-06-13,0.008196271706115697
1987-06-14,0.01091037847959781
1987-06-15,0.010508862862653222
1987-06-16,0.007083429851461499
1987-06-17,0.010616599718332322
1987-06-18,0.015211494466140053
1987-06-19,0.038039055911111536
1987-06-20,0.020585568450416196
1987-06-21,0.028526569661858802
1987-06-22,0.02380831091968811
1987-06-23,0.01579114649321981
1987-06-24,0.015747917564794812
1987-06-25,0.010113438342616134
1987-06-26,0.015200886218539074
1987-06-27,0.007965350612641357
1987-06-28,0.005028051454192031
1987-06-29,0.007703135873395446
1987-06-30,0.009753847727174386
1987-07-01,0.013778495931831133
1987-07-02,0.013666490084792274
1987-07-03,0.006812080734157879
1987-07-04,0.01607630925880546
1987-07-05,0.01632405583919464
1987-07-06,0.01245051399241686
1987-07-07,0.016419218356823678
1987-07-08,0.015101514401947428
1987-07-09,0.015637910094265014
1987-07-10,0.010370698224284576
1987-07-11,0.01064259582448136
1987-07-12,0.012362001341753906
1987-07-13,0.008449208481749609
1987-07-14,0.009509761056143859
1987-07-15,0.011104744367119137
1987-07-16,0.008667033580623441
1987-07-17,0.011047146902140967
1987-07-18,0.00853845447017611
1987-07-19,0.005994829651318156
1987-07-20,0.0072417715052978775
1987-07-21,0.007054363891950268
1987-07-22,0.01005268353244896
1987-07-23,0.019033294533532065
1987-07-24,0.038159779364467655
1987-07-25,0.03357439658596468
1987-07-26,0.02287239220675108
1987-07-27,0.013585507749439897
1987-07-28,0.01080550111697177
1987-07-29,0.016333734408658117
1987-07-30,0.02843745905506556
1987-07-31,0.04917056527727151
1987-08-01,0.03019274422375432
1987-08-02,0.0069836760633344465
1987-08-03,0.0069313880776458265
1987-08-04,0.007170501926639
1987-08-05,0.006818684155517403
1987-08-06,0.00526647789733772
1987-08-07,0.001972411342364667
1987-08-08,0.0038122564129018668
1987-08-09,0.007914873848131667
1987-08-10,0.01166836697222637
1987-08-11,0.011165564804493947
1987-08-12,0.006780251345656332
1987-08-13,0.00925652856311985
1987-08-14,0.011044765982559145
1987-08-15,0.006016129741424013
1987-08-16,0.005172955607793376
1987-08-17,0.004864532321465202
1987-08-18,0.00959711567139615
1987-08-19,0.030478157533686913
1987-08-20,0.0350486528946567
1987-08-21,0.009106195435995218
1987-08-22,0.005182342077574816
1987-08-23,0.006284048700158169
1987-08-24,0.016086589743909703
1987-08-25,0.04156047122005955
1987-08-26,0.04472949157291039
1987-08-27,0.024219778105515618
1987-08-28,0.011595682074355348
1987-08-29,0.006895829572449859
1987-08-30,0.008674121936280489
1987-08-31,0.00718970574401301
1987-09-01,0.01027637175411509
1987-09-02,0.011299686686674682
1987-09-03,0.012537716269743078
1987-09-04,0.006536842130316001
1987-09-05,0.008012711257267909
1987-09-06,0.006595765459702167
1987-09-07,0.010749459177260844
1987-09-08,0.007768400291880793
1987-09-09,0.006675551182556712
1987-09-10,0.014893822174743318
1987-09-11,0.02466032270530006
1987-09-12,0.009124505936434832
1987-09-13,0.008871909957825216
1987-09-14,0.0040335262661718415
1987-09-15,0.0027031286760368627
1987-09-16,0.0034555457660933758
1987-09-17,0.00384441796440086
1987-09-18,0.0054842011302610755
1987-09-19,0.0049692723773852475
1987-09-20,0.0040300250386941655
1987-09-21,0.007934813063602645
1987-09-22,0.012953526754620606
1987-09-23,0.019100403328876782
1987-09-24,0.030607414232722046
1987-09-25,0.025605543342450188
1987-09-26,0.025597495150559913
1987-09-27,0.01009493910751086
1987-09-28,0.005587511624663288
1987-09-29,0.004043268708331072
1987-09-30,0.0022545206208815383
1987-10-01,0.0018910839182777455
1987-10-02,0.0016248194068829217
1987-10-03,7.935242402474527E-4
1987-10-04,4.383375015621678E-4
1987-10-05,0.0011055747535215418
1987-10-06,0.0013192015243701002
1987-10-07,0.0022998044476742925
1987-10-08,0.010272549595785324
1987-10-09,0.010421860637674191
1987-10-10,0.004611946703683682
1987-10-11,0.001092937281025338
1987-10-12,4.808500497977672E-4
1987-10-13,3.1151847715338646E-4
1987-10-14,2.1206857246355702E-4
1987-10-15,3.071775575827353E-4
1987-10-16,7.90701287497321E-4
1987-10-17,0.0012309745316792366
1987-10-18,0.0015405390654412618
1987-10-19,0.0053724209068739944
1987-10-20,0.011095801899297805
1987-10-21,6.525970399397666E-4
1987-10-22,1.9575896450772608E-4
1987-10-23,8.248454401046532E-5
1987-10-24,8.598221946234195E-5
1987-10-25,1.306873644292537E-4
1987-10-26,1.1778446145948835E-4
1987-10-27,3.438597355672813E-4
1987-10-28,9.61746172643481E-5
1987-10-29,1.3060169266765025E-4
1987-10-30,2.489071467039493E-4
1987-10-31,3.4111566079334047E-4
1987-11-01,4.6437362005001596E-4
1987-11-02,2.4224471259369783E-4
1987-11-03,5.334394161581357E-5
1987-11-04,4.2211773684896976E-4
1987-11-05,2.9808193303576243E-4
1987-11-06,3.194530430955746E-5
1987-11-07,3.8609155627027625E-5
1987-11-08,2.8601904884815386E-6
1987-11-09,1.092049945458492E-5
1987-11-10,3.347880402278782E-5
1987-11-11,6.985464043165275E-6
1987-11-12,5.579297318687859E-5
1987-11-13,0.004306318094383919
1987-11-14,0.00676882459880233
1987-11-15,0.016456721244975193
1987-11-16,0.0012052589649179722
1987-11-17,3.334191573224574E-4
1987-11-18,2.4618315738867097E-4
1987-11-19,6.124374661706044E-5
1987-11-20,6.86336005052191E-5
1987-11-21,3.3909771567610296E-5
1987-11-22,6.103310297620018E-6
1987-11-23,5.263304491143549E-6
1987-11-24,2.0136106620854542E-5
1987-11-25,1.7992139149051483E-5
1987-11-26,7.4392647508376016E-6
1987-11-27,6.789239215963274E-6
1987-11-28,3.072516485526483E-6
1987-11-29,6.1354758396027E-6
1987-11-30,4.441616468574112E-6
1987-12-01,6.8850495403574215E-6
1987-12-02,1.4857830586373881E-5
1987-12-03,3.9004458371869155E-5
1987-12-04,1.8510819272202114E-4
1987-12-05,4.432301759250909E-4
1987-12-06,5.923236822941851E-4
1987-12-07,2.2275023554180025E-4
1987-12-08,4.232176607981113E-4
1987-12-09,5.7340033387237694E-5
1987-12-10,3.577475015445242E-5
1987-12-11,1.1789182897894121E-4
1987-12-12,9.894378342659859E-4
1987-12-13,0.0092347398259865
1987-12-14,0.0012709342072751086
1987-12-15,7.996669892166655E-5
1987-12-16,4.3527974319972276E-5
1987-12-17,1.5029067811740178E-4
1987-12-18,3.975120374556969E-4
1987-12-19,6.0530093653366595E-5
1987-12-20,1.6535743475256982E-5
1987-12-21,8.290052161134668E-6
1987-12-22,2.2176874296161974E-6
1987-12-23,1.0880286768251006E-5
1987-12-24,9.375279646524076E-5
1987-12-25,4.950793802567401E-5
1987-12-26,1.4146087751483448E-6
1987-12-27,2.410412311193763E-6
1987-12-28,3.811252668740915E-6
1987-12-29,6.558351835829082E-7
1987-12-30,9.802258522992747E-7
1987-12-31,1.9493430583639656E-6
1988-01-01,1.0948183185810583E-6
1988-01-02,1.8547941748997472E-6
1988-01-03,3.241405592368698E-6
1988-01-04,1.0268101587757448E-5
1988-01-05,2.4919067997702558E-5
1988-01-06,7.71705523854144E-5
1988-01-07,2.4318835985718846E-4
1988-01-08,2.5408940862341623E-4
1988-01-09,3.3221617972552246E-5
1988-01-10,4.943976723007496E-5
1988-01-11,2.092065249145931E-5
1988-01-12,1.3461630613692111E-6
1988-01-13,1.0873994198001365E-4
1988-01-14,0.0018257182670359303
1988-01-15,1.969617684898142E-4
1988-01-16,1.565363088722286E-4
1988-01-17,1.140146408355577E-4
1988-01-18,3.9474545137484345E-6
1988-01-19,2.2997911955320254E-5
1988-01-20,5.147399119037657E-6
1988-01-21,1.6786083022549994E-5
1988-01-22,1.2372268766751033E-5
1988-01-23,2.0639557339558124E-5
1988-01-24,2.319790332388661E-5
1988-01-25,9.184934859078491E-6
1988-01-26,6.0280379435163875E-6
1988-01-27,2.783167917913175E-6
1988-01-28,1.804702716958038E-6
1988-01-29,3.138980171498526E-6
1988-01-30,2.6011211529931013E-6
1988-01-31,4.280289868074358E-6
1988-02-01,2.00545356717225E-6
1988-02-02,5.828340650021622E-7
1988-02-03,2.167508329177077E-6
1988-02-04,8.562124415945296E-7
1988-02-05,1.059468472433878E-6
1988-02-06,1.5508414699354727E-6
1988-02-07,1.9953441704087753E-6
1988-02-08,4.692450763041139E-6
1988-02-09,1.696845274224798E-6
1988-02-10,5.027057661278299E-6
1988-02-11,1.088585347380883E-5
1988-02-12,8.264416249414017E-6
1988-02-13,3.8154764065538235E-6
1988-02-14,1.4127080548681188E-5
1988-02-15,2.3760310700640525E-4
1988-02-16,5.135437233454741E-4
1988-02-17,0.0025323840485798606
1988-02-18,2.530658036127818E-4
1988-02-19,6.136451394341861E-8
1988-02-20,5.5677958740292535E-6
1988-02-21,1.1897963878874526E-5
1988-02-22,0.0036739633533269703
1988-02-23,0.013361875126743934
1988-02-24,0.015387388742036814
1988-02-25,0.0027724328165039933
1988-02-26,3.250250069862883E-4
1988-02-27,3.875920544364449E-5
1988-02-28,3.220242141894624E-4
1988-02-29,0.0024638554202979406
1988-03-01,0.006094157038854976
1988-03-02,0.0023619664939479915
1988-03-03,1.2220044506977502E-4
1988-03-04,1.276636892624363E-5
1988-03-05,2.6062922308243083E-5
1988-03-06,4.665099459949431E-4
1988-03-07,6.324280344076072E-4
1988-03-08,3.262370505689164E-4
1988-03-09,0.0029874687653658697
1988-03-10,7.584172514222169E-4
1988-03-11,1.9961168400341606E-4
1988-03-12,0.0018643337199411715
1988-03-13,0.009664379918861276
1988-03-14,0.018152536921193556
1988-03-15,3.128784233110224E-4
1988-03-16,5.19274874867956E-5
1988-03-17,2.010929167735611E-5
1988-03-18,0.004297951499481377
1988-03-19,0.006366307412909675
1988-03-20,0.004559073666869682
1988-03-21,3.490601320125997E-4
1988-03-22,2.9700550950801498E-5
1988-03-23,9.630590210401027E-6
1988-03-24,1.2133363486920852E-5
1988-03-25,3.7227940899616774E-6
1988-03-26,1.9291588318667446E-5
1988-03-27,0.0016162118838406706
1988-03-28,0.001185088895036403
1988-03-29,2.0925709215262767E-4
1988-03-30,3.5043472811080403E-6
1988-03-31,3.572288436261926E-6
1988-04-01,1.853563727396038E-5
1988-04-02,3.300355779626793E-5
1988-04-03,1.312219786195219E-5
1988-04-04,9.923335296242124E-6
1988-04-05,1.9385971643079344E-5
1988-04-06,3.219658789450469E-5
1988-04-07,5.5105274885148E-5
1988-04-08,5.744297550676616E-5
1988-04-09,1.4136946893859173E-4
1988-04-10,8.227917072374783E-4
1988-04-11,7.82297736993431E-4
1988-04-12,0.0022596607454548395
1988-04-13,0.007513141686181203
1988-04-14,0.02148159344125942
1988-04-15,0.03131952553266234
1988-04-16,0.01686740568512064
1988-04-17,0.006049964828413614
1988-04-18,0.006108497854114923
1988-04-19,0.010545600554508528
1988-04-20,0.008989410200569765
1988-04-21,0.009613652444414854
1988-04-22,0.004041661790053955
1988-04-23,0.0029422936871243283
1988-04-24,0.001065143283259743
1988-04-25,0.004142805545181146
1988-04-26,0.004572251447621397
1988-04-27,0.008149608460747667
1988-04-28,0.013827400645492916
1988-04-29,0.0027491639327801875
1988-04-30,0.0018150554179030458
1988-05-01,0.002222572890158088
1988-05-02,0.003820152629512191
1988-05-03,0.004305460586123597
1988-05-04,0.007066462116775842
1988-05-05,0.0030002719394395605
1988-05-06,0.004799275726852942
1988-05-07,0.008186152608746847
1988-05-08,0.00948967961818607
1988-05-09,0.02302024782752271
1988-05-10,0.012257758682910859
1988-05-11,0.009940727459789179
1988-05-12,0.020214577319022698
1988-05-13,0.017675037408778065
1988-05-14,0.008660963257594812
1988-05-15,0.007457899943820706
1988-05-16,0.01404135455482472
1988-05-17,0.014981020564859586
1988-05-18,0.01841629411444892
1988-05-19,0.024300784646091523
1988-05-20,0.03261115985132897
1988-05-21,0.02224265858437382
1988-05-22,0.029333463521094005
1988-05-23,0.014718193289431447
1988-05-24,0.014899835763094199
1988-05-25,0.014647983398027664
1988-05-26,0.008951822995485257
1988-05-27,0.01638745591840887
1988-05-28,0.02111946697941828
1988-05-29,0.043707580342007696
1988-05-30,0.03737249942510801
1988-05-31,0.007388070129832725
1988-06-01,0.003012633256756197
1988-06-02,0.01245222832497548
1988-06-03,0.016107905253115166
1988-06-04,0.00716465093744566
1988-06-05,0.00389943474320852
1988-06-06,0.015643399885271442
1988-06-07,0.01001450994324526
1988-06-08,0.015491521455451058
1988-06-09,0.01452224136952602
1988-06-10,0.0098741810925825
1988-06-11,0.012628069353504823
1988-06-12,0.017432336163220062
1988-06-13,0.020134572797218333
1988-06-14,0.01504997167034196
1988-06-15,0.012230058726126704
1988-06-16,0.021754327586338842
1988-06-17,0.018249847500274897
1988-06-18,0.006613891836735703
1988-06-19,0.007944138329539784
1988-06-20,0.008934681511312034
1988-06-21,0.007920875617027591
1988-06-22,0.023415658974254547
1988-06-23,0.05588429273266682
1988-06-24,0.06313978675263991
1988-06-25,0.0539025501426123
1988-06-26,0.032666488530069177
1988-06-27,0.011353265447796398
1988-06-28,0.006722501440042566
1988-06-29,0.004496762471176849
1988-06-30,0.006703222466072557
1988-07-01,0.009553648439008171
1988-07-02,0.015237953881504904
1988-07-03,0.02084944910165955
1988-07-04,0.03864327410003638
1988-07-05,0.03172920683922097
1988-07-06,0.03331897948692062
1988-07-07,0.029042704670722966
1988-07-08,0.021380742519310467
1988-07-09,0.02052446456797935
1988-07-10,0.014106260942831341
1988-07-11,0.015895490552594472
1988-07-12,0.007282859211784507
1988-07-13,0.011905289693509818
1988-07-14,0.01719743557135398
1988-07-15,0.012524337146158858
1988-07-16,0.013741949518210766
1988-07-17,0.018850533905999254
1988-07-18,0.01562214128909475
1988-07-19,0.006773941775310342
1988-07-20,0.007160905108859177
1988-07-21,0.010804690074789762
1988-07-22,0.015167101079561882
1988-07-23,0.011937594154790463
1988-07-24,0.016777265504322934
1988-07-25,0.015165391592835968
1988-07-26,0.010309153521632565
1988-07-27,0.008456129514916937
1988-07-28,0.0058884281139678
1988-07-29,0.011581987078615618
1988-07-30,0.014780242757956981
1988-07-31,0.009973768194828697
1988-08-01,0.016593755417298253
1988-08-02,0.014284575362300534
1988-08-03,0.014869365140366754
1988-08-04,0.013600323882112556
1988-08-05,0.01221892892456233
1988-08-06,0.0135428002690582
1988-08-07,0.012138648683491375
1988-08-08,0.02121789474865161
1988-08-09,0.018238445352552934
1988-08-10,0.023197329311781912
1988-08-11,0.01380715509435445
1988-08-12,0.017777334895661946
1988-08-13,0.02120464205282983
1988-08-14,0.03001161703485982
1988-08-15,0.01198822442967869
1988-08-16,0.015302421859956956
1988-08-17,0.017851341539727523
1988-08-18,0.010125781493161474
1988-08-19,0.006944874971363871
1988-08-20,0.007088935064201646
1988-08-21,0.014216147509333291
1988-08-22,0.012357543970263282
1988-08-23,0.018013004779017943
1988-08-24,0.018649277214479697
1988-08-25,0.014696510023768289
1988-08-26,0.012515070318614728
1988-08-27,0.016711050926056122
1988-08-28,0.018224819675822318
1988-08-29,0.010719841337435641
1988-08-30,0.00851062533085558
1988-08-31,0.005866109254662912
1988-09-01,0.004984267224391148
1988-09-02,0.011982922083763232
1988-09-03,0.01528581830787191
1988-09-04,0.01563863571075875
1988-09-05,0.01543485175514673
1988-09-06,0.009129994426741258
1988-09-07,0.012565285295027337
1988-09-08,0.017531884148898988
1988-09-09,0.010763829958771187
1988-09-10,0.006230101402859252
1988-09-11,0.011541598276947803
1988-09-12,0.008770275013214505
1988-09-13,0.010035949332141797
1988-09-14,0.005910344458365783
1988-09-15,0.014409776322445911
1988-09-16,0.014010103051701374
1988-09-17,0.0012833551596722755
1988-09-18,0.0013984463157334424
1988-09-19,0.0057629730589013484
1988-09-20,0.011157549675544241
1988-09-21,0.006922202878296713
1988-09-22,0.006405352607098792
1988-09-23,0.004760429418175238
1988-09-24,0.0028895232337341086
1988-09-25,0.003527616211539357
1988-09-26,0.006401182137753157
1988-09-27,0.007868026587920931
1988-09-28,0.008770679553844434
1988-09-29,0.004050512891525668
1988-09-30,0.007127890834343482
1988-10-01,0.0110838220237301
1988-10-02,0.009403078586589507
1988-10-03,0.008478148201560128
1988-10-04,0.012679432946900548
1988-10-05,0.013630750360451247
1988-10-06,0.017367327006085467
1988-10-07,0.002103032485784554
1988-10-08,6.370159017786836E-5
1988-10-09,0.0014145726391792206
1988-10-10,0.002319387305927534
1988-10-11,0.003718674097272166
1988-10-12,0.007980715357467645
1988-10-13,0.014567008741825488
1988-10-14,0.005350950445793466
1988-10-15,0.0016303563996644718
1988-10-16,0.002694715199887026
1988-10-17,0.004188120936270021
1988-10-18,0.01769637560575939
1988-10-19,0.04264779221688786
1988-10-20,0.011783500978582778
1988-10-21,9.614825124423874E-4
1988-10-22,3.595876561914762E-4
1988-10-23,9.209783569553821E-5
1988-10-24,1.5819514515760965E-4
1988-10-25,2.531107647352928E-4
1988-10-26,2.3062720262436503E-4
1988-10-27,1.9745436996776306E-4
1988-10-28,1.39792256030395E-4
1988-10-29,3.5797413711250033E-4
1988-10-30,3.846163305214883E-4
1988-10-31,3.808725655565753E-4
1988-11-01,4.0433534816509265E-4
1988-11-02,4.913204191742488E-4
1988-11-03,0.0014572045198242573
1988-11-04,0.0014731220543504858
1988-11-05,8.69820032392456E-4
1988-11-06,0.001089381670304036
1988-11-07,1.9107658927586282E-4
1988-11-08,1.2607279993344465E-4
1988-11-09,2.4753674347517636E-4
1988-11-10,1.776324259757659E-4
1988-11-11,1.2896917036767355E-4
1988-11-12,1.0701095725757389E-4
1988-11-13,7.040126914009578E-5
1988-11-14,8.740592055081523E-5
1988-11-15,5.458732933903347E-6
1988-11-16,7.279211072405758E-7
1988-11-17,2.7754907383524016E-5
1988-11-18,0.005478855425322603
1988-11-19,0.001769254244100359
1988-11-20,0.0012041256486618336
1988-11-21,3.3390215038998575E-4
1988-11-22,1.41181810129639E-4
1988-11-23,1.8868680070715927E-4
1988-11-24,3.7696838887598354E-4
1988-11-25,3.1977165987698595E-4
1988-11-26,4.242702558226192E-4
1988-11-27,0.0027499631520751288
1988-11-28,0.030462134562484606
1988-11-29,0.03966944226077444
1988-11-30,0.030620761647765556
1988-12-01,0.0013446271764253996
1988-12-02,3.5928674945225243E-4
1988-12-03,5.792273940166093E-5
1988-12-04,2.8136910645341757E-5
1988-12-05,2.301071053621133E-4
1988-12-06,4.953039511105307E-4
1988-12-07,3.981473538954812E-4
1988-12-08,2.892785014430164E-4
1988-12-09,3.65911550245342E-4
1988-12-10,1.9000975448517127E-4
1988-12-11,1.3916393226256896E-4
1988-12-12,2.6688543443964237E-4
1988-12-13,3.3222629853870057E-4
1988-12-14,1.6635604165520122E-4
1988-12-15,2.6598368406640624E-4
1988-12-16,5.556984534907352E-4
1988-12-17,2.886307247668159E-4
1988-12-18,1.2111621748727528E-4
1988-12-19,3.580306492436366E-5
1988-12-20,1.6671768529760276E-6
1988-12-21,2.1911986980122313E-5
1988-12-22,2.2468378730974336E-5
1988-12-23,2.4460038609099654E-6
1988-12-24,2.1830364568494912E-6
1988-12-25,1.7922420328651526E-6
1988-12-26,2.760476284234937E-6
1988-12-27,8.861587391387753E-5
1988-12-28,4.111638863400799E-5
1988-12-29,5.573751719051541E-5
1988-12-30,8.681167545087855E-6
1988-12-31,5.1693232565743906E-5
1989-01-01,4.3678475642751155E-5
1989-01-02,9.885852431752491E-5
1989-01-03,0.0013921654863739289
1989-01-04,9.706787986436282E-4
1989-01-05,2.0126643624077096E-4
1989-01-06,1.1990485949700607E-4
1989-01-07,3.37511489948423E-5
1989-01-08,9.92893363072462E-5
1989-01-09,0.0010357614956424217
1989-01-10,1.8072273278303577E-4
1989-01-11,4.620877131903595E-5
1989-01-12,2.236111467020784E-5
1989-01-13,1.154147109675067E-6
1989-01-14,1.8631413695435868E-6
1989-01-15,3.978804319077211E-6
1989-01-16,6.039038346838935E-6
1989-01-17,8.574473942757663E-5
1989-01-18,2.3106927433721497E-5
1989-01-19,1.4702091185741166E-5
1989-01-20,1.8400585292461426E-5
1989-01-21,1.7086937072529258E-5
1989-01-22,1.3452269445283377E-5
1989-01-23,9.013436058049144E-5
1989-01-24,1.3000229659660578E-4
1989-01-25,5.2411889445403895E-5
1989-01-26,1.435996749326206E-5
1989-01-27,6.069223296173181E-5
1989-01-28,1.0675501795478641E-4
1989-01-29,4.7985281114010876E-5
1989-01-30,7.9291595598083E-6
1989-01-31,2.2078306011016105E-5
1989-02-01,1.5096213564004939E-4
1989-02-02,1.2495002579823478E-4
1989-02-03,1.6899983658603932E-4
1989-02-04,3.5182560267305355E-4
1989-02-05,4.969285146588657E-5
1989-02-06,0.0011395789821693747
1989-02-07,4.2812563275659155E-4
1989-02-08,8.814728098283262E-5
1989-02-09,2.266449573997314E-6
1989-02-10,3.830497783084919E-6
1989-02-11,4.9099258789325065E-6
1989-02-12,1.5024433076287508E-4
1989-02-13,3.0572711871520436E-5
1989-02-14,0.002273245479020953
1989-02-15,0.0028297112980473875
1989-02-16,2.713222972016531E-4
1989-02-17,2.289604714941425E-4
1989-02-18,0.0027103304130529143
1989-02-19,0.018694608201590055
1989-02-20,6.924701695371847E-5
1989-02-21,4.2558240971967886E-5
1989-02-22,0.0015165643790837943
1989-02-23,4.057177538813798E-4
1989-02-24,1.7225742112714215E-6
1989-02-25,3.00591611405025E-6
1989-02-26,1.9840121247727912E-7
1989-02-27,1.9651296075938937E-6
1989-02-28,7.52562359713168E-6
1989-03-01,5.4254287059161415E-6
1989-03-02,2.970521693775912E-6
1989-03-03,1.745999143862702E-6
1989-03-04,2.1443523574447986E-6
1989-03-05,1.7195939676639682E-6
1989-03-06,1.7225741544280027E-6
1989-03-07,2.3730254448796555E-6
1989-03-08,1.9156823950649186E-6
1989-03-09,2.2612989515459524E-4
1989-03-10,1.3248323860751472E-5
1989-03-11,0.001257532654667419
1989-03-12,0.001742743282059269
1989-03-13,1.5970689096463504E-4
1989-03-14,1.3397422333012607E-4
1989-03-15,2.4367190410838133E-4
1989-03-16,2.5471550943257303E-4
1989-03-17,5.541349983890091E-4
1989-03-18,1.2630814481687707E-5
1989-03-19,0.0011850432126744202
1989-03-20,0.00353605706775869
1989-03-21,0.0017750437959524288
1989-03-22,0.0034086561967163025
1989-03-23,0.0026408027215464435
1989-03-24,6.49765605930692E-4
1989-03-25,8.610268695802048E-5
1989-03-26,6.299436232090312E-7
1989-03-27,4.82782608066531E-7
1989-03-28,8.431740204034078E-6
1989-03-29,2.543365695624264E-4
1989-03-30,0.004808006705134117
1989-03-31,5.101178927075966E-4
1989-04-01,0.0033299770033136293
1989-04-02,0.006505413755629633
1989-04-03,0.0022505826475291055
1989-04-04,0.001158774515035694
1989-04-05,2.5516388160274543E-4
1989-04-06,2.194085671617023E-6
1989-04-07,3.4583328253705184E-6
1989-04-08,1.6480110916548304E-6
1989-04-09,1.2401815766712494E-5
1989-04-10,0.0013030785308304686
1989-04-11,0.0039616751987948794
1989-04-12,0.0016877039699094087
1989-04-13,6.147576287305517E-4
1989-04-14,9.355522598417295E-5
1989-04-15,2.0733450093763533E-4
1989-04-16,0.002402852149820537
1989-04-17,0.00441080357591512
1989-04-18,0.001302018659491695
1989-04-19,9.713837553520934E-4
1989-04-20,4.451760558621032E-4
1989-04-21,2.722203618455309E-4
1989-04-22,4.0676056863882243E-4
1989-04-23,0.005879873487537133
1989-04-24,0.007692566737968656
1989-04-25,0.011686039646857806
1989-04-26,0.01880396584742994
1989-04-27,0.03540136296020308
1989-04-28,0.02776562324600937
1989-04-29,0.033018374023047053
1989-04-30,0.014573171607093701
1989-05-01,0.003964733227666032
1989-05-02,0.014938712335000902
1989-05-03,0.01157070733748687
1989-05-04,0.006835859243474135
1989-05-05,0.002531912948353518
1989-05-06,8.191776465376598E-4
1989-05-07,3.2043824590027755E-4
1989-05-08,3.5666817937444106E-4
1989-05-09,2.5831538062520736E-4
1989-05-10,5.374057488217842E-4
1989-05-11,8.411201141044185E-4
1989-05-12,0.005669304075654499
1989-05-13,0.01057587387600547
1989-05-14,0.012506239233461778
1989-05-15,0.019582570489800583
1989-05-16,0.01529355249440982
1989-05-17,0.007953371788315853
1989-05-18,0.004298588503768759
1989-05-19,0.005859044682400302
1989-05-20,0.012450055139728184
1989-05-21,0.012649853807187214
1989-05-22,0.01207332924629878
1989-05-23,0.006942578082900845
1989-05-24,0.013716921408497318
1989-05-25,0.009005070061206991
1989-05-26,0.01051863840690497
1989-05-27,0.027410666146179315
1989-05-28,0.019466279551305383
1989-05-29,0.00548113641492577
1989-05-30,0.006393987345824666
1989-05-31,0.0038004990995283644
1989-06-01,0.004500122512919932
1989-06-02,0.007188007495881802
1989-06-03,0.0171711227114514
1989-06-04,0.024024969496944895
1989-06-05,0.019266034358611125
1989-06-06,0.013537502854622218
1989-06-07,0.016005405675047442
1989-06-08,0.005034139574574916
1989-06-09,0.002989809384551534
1989-06-10,0.005755677887852302
1989-06-11,0.006510461655929127
1989-06-12,0.01695117537679722
1989-06-13,0.023397109997501733
1989-06-14,0.021697593608791362
1989-06-15,0.03608627264894882
1989-06-16,0.020024067263874373
1989-06-17,0.014641890816292078
1989-06-18,0.013090984134834607
1989-06-19,0.013285814367864928
1989-06-20,0.009775662004014852
1989-06-21,0.010944938442875187
1989-06-22,0.00879732841693625
1989-06-23,0.006794692414102634
1989-06-24,0.007319459672321528
1989-06-25,0.005915107779680637
1989-06-26,0.01013486759333585
1989-06-27,0.01120141781757939
1989-06-28,0.009578593498756567
1989-06-29,0.011877934326125527
1989-06-30,0.013653461076982735
1989-07-01,0.018906510490813017
1989-07-02,0.020607520459075147
1989-07-03,0.01649088225077983
1989-07-04,0.0151024906744295
1989-07-05,0.01692946509766612
1989-07-06,0.012122537189115124
1989-07-07,0.012809489478443117
1989-07-08,0.009243972437064
1989-07-09,0.0057158357721728585
1989-07-10,0.009803263403516246
1989-07-11,0.014632056630533366
1989-07-12,0.024441448502924082
1989-07-13,0.03721754239403613
1989-07-14,0.01718209708994943
1989-07-15,0.007707749388977029
1989-07-16,0.009527990846697856
1989-07-17,0.012882574439915353
1989-07-18,0.017517416144750383
1989-07-19,0.005876594725572161
1989-07-20,0.015435246955530385
1989-07-21,0.012722714017247581
1989-07-22,0.006838888444673717
1989-07-23,0.004848364658406474
1989-07-24,0.005615072371016076
1989-07-25,0.0037705076071447327
1989-07-26,0.005157113308590434
1989-07-27,0.010751518785180993
1989-07-28,0.032706697583986706
1989-07-29,0.0859969794038216
1989-07-30,0.03298246401871604
1989-07-31,0.018831998696452558
1989-08-01,0.011605008912687526
1989-08-02,0.009842452064842416
1989-08-03,0.009669343283071237
1989-08-04,0.011179059656227763
1989-08-05,0.014816752003037096
1989-08-06,0.020848153131228692
1989-08-07,0.011935755652220511
1989-08-08,0.0065281016446782
1989-08-09,0.009518885059929247
1989-08-10,0.012880410463420321
1989-08-11,0.011474996269044042
1989-08-12,0.008987169149373994
1989-08-13,0.005329726576757889
1989-08-14,0.005093007666213798
1989-08-15,0.009005120786674845
1989-08-16,0.008711436593883013
1989-08-17,0.0074629442668161265
1989-08-18,0.004803634554339371
1989-08-19,0.005006350128163065
1989-08-20,0.014338990053559373
1989-08-21,0.013347063902874814
1989-08-22,0.012905313141236545
1989-08-23,0.012098502407546494
1989-08-24,0.006596070975850542
1989-08-25,0.005565232229771461
1989-08-26,0.004197668157417445
1989-08-27,0.0065211988040237
1989-08-28,0.006580366587991524
1989-08-29,0.0084162936358017
1989-08-30,0.011090838926696142
1989-08-31,0.01001968477801605
1989-09-01,0.006985909743295393
1989-09-02,0.004082717786009939
1989-09-03,0.012909750694689632
1989-09-04,0.022720107356705724
1989-09-05,0.023374829917198282
1989-09-06,0.007462234280237376
1989-09-07,0.007988225810615405
1989-09-08,0.0057085091775844424
1989-09-09,0.007207974451013733
1989-09-10,0.012519919513537215
1989-09-11,0.015919901755879345
1989-09-12,0.019648058377923463
1989-09-13,0.01798517162611875
1989-09-14,0.0064460683508924055
1989-09-15,0.004936276990638441
1989-09-16,0.010343218110564779
1989-09-17,0.01336909078053971
1989-09-18,0.011706867301072456
1989-09-19,0.010045664353320417
1989-09-20,0.007852296895495478
1989-09-21,0.008507205482382514
1989-09-22,0.007726933996709092
1989-09-23,0.006940508966813435
1989-09-24,0.010228507370188173
1989-09-25,0.012981401042975035
1989-09-26,0.012931319547187983
1989-09-27,0.021727865939762253
1989-09-28,0.017357774141192966
1989-09-29,0.00531289451923011
1989-09-30,0.003828825868784155
1989-10-01,0.00339384988380092
1989-10-02,0.0025190219259217106
1989-10-03,0.0036017014050386416
1989-10-04,0.005382323237643179
1989-10-05,0.010616361105411693
1989-10-06,0.013314523819852628
1989-10-07,0.018980903285768392
1989-10-08,0.030240934545385345
1989-10-09,0.02939575110216367
1989-10-10,0.024377898364568933
1989-10-11,0.010839167160894938
1989-10-12,0.003220635980188318
1989-10-13,8.078769081136972E-4
1989-10-14,8.474930518059789E-4
1989-10-15,0.0038887292742416178
1989-10-16,0.010430957675339022
1989-10-17,0.02154964700294075
1989-10-18,0.05510891049071511
1989-10-19,0.00538294938495892
1989-10-20,0.002426339567025683
1989-10-21,0.004953149660635492
1989-10-22,0.009119789910266133
1989-10-23,0.008622177055142522
1989-10-24,0.011792401326747404
1989-10-25,0.0073857038724593664
1989-10-26,0.0033022232846078516
1989-10-27,0.001264034199009673
1989-10-28,3.704474631848574E-4
1989-10-29,2.5906084630469075E-4
1989-10-30,0.0010315433962035517
1989-10-31,0.0046943771044215075
1989-11-01,0.0028514486513426087
1989-11-02,0.001663372249392858
1989-11-03,9.202630013335581E-4
1989-11-04,4.52178338951108E-4
1989-11-05,4.0835520497095053E-4
1989-11-06,3.5350015338442574E-4
1989-11-07,1.8870944295772035E-4
1989-11-08,2.5179585913946074E-5
1989-11-09,8.91125698106572E-6
1989-11-10,2.501147300605919E-5
1989-11-11,5.893054736615099E-5
1989-11-12,7.494703799925505E-5
1989-11-13,1.6402345229874982E-4
1989-11-14,2.5109700248661593E-4
1989-11-15,3.789064549106785E-4
1989-11-16,3.859805757169206E-4
1989-11-17,2.732208318105556E-4
1989-11-18,5.7296635556307386E-5
1989-11-19,1.2821881003986007E-4
1989-11-20,2.76856053586315E-4
1989-11-21,3.4181583292457033E-4
1989-11-22,1.7411170233063607E-4
1989-11-23,1.6631757973397702E-4
1989-11-24,5.7000825499359234E-5
1989-11-25,7.898540445154551E-5
1989-11-26,3.4993534793938504E-4
1989-11-27,1.7500686901973596E-4
1989-11-28,6.119350045599954E-4
1989-11-29,5.012877648007479E-4
1989-11-30,1.1492263995538503E-4
1989-12-01,3.318553943537924E-5
1989-12-02,1.9120562380912896E-6
1989-12-03,8.683043539570837E-7
1989-12-04,7.982693939876193E-7
1989-12-05,5.682686915171823E-7
1989-12-06,1.141846836451977E-6
1989-12-07,2.1565819636799457E-6
1989-12-08,1.5459096174843205E-6
1989-12-09,2.5664980771146277E-6
1989-12-10,1.664426590829379E-5
1989-12-11,2.3502307765550844E-5
1989-12-12,1.991428322934551E-5
1989-12-13,1.0815631553869225E-4
1989-12-14,9.200831127032508E-5
1989-12-15,2.2773604572521627E-5
1989-12-16,2.6631534431328246E-4
1989-12-17,5.760156789894201E-6
1989-12-18,6.552343574765015E-6
1989-12-19,3.014665931373668E-5
1989-12-20,8.156183735001498E-5
1989-12-21,3.4500863561457297E-4
1989-12-22,1.8770722198150797E-4
1989-12-23,1.8288995297906344E-4
1989-12-24,6.27210647763412E-4
1989-12-25,3.1981362239281573E-4
1989-12-26,0.004495458788224031
1989-12-27,4.2763093415032797E-4
1989-12-28,3.9552074104930434E-5
1989-12-29,6.244243163576149E-6
1989-12-30,2.450309417795641E-6
1989-12-31,5.454887603998647E-6
1990-01-01,1.3603395713973877E-5
1990-01-02,2.0619465127893257E-6
1990-01-03,1.3436914237533105E-6
1990-01-04,3.155340526111176E-6
1990-01-05,7.220094542004717E-6
1990-01-06,5.659834941368915E-6
1990-01-07,9.650448478946328E-6
1990-01-08,1.3124251045419663E-4
1990-01-09,3.315444324183001E-4
1990-01-10,2.3392633971642762E-4
1990-01-11,1.8538846133925967E-5
1990-01-12,1.43622244698465E-5
1990-01-13,2.8610946783884615E-5
1990-01-14,2.270840810329145E-4
1990-01-15,5.6777965449620655E-5
1990-01-16,5.436820768511307E-6
1990-01-17,1.2014245128851494E-4
1990-01-18,1.839968417972746E-4
1990-01-19,5.95184877749392E-5
1990-01-20,5.0708079699642315E-5
1990-01-21,1.9901582475071228E-4
1990-01-22,0.0013566321008854374
1990-01-23,0.0012797591580030964
1990-01-24,6.368002109765284E-4
1990-01-25,1.569761388271615E-4
1990-01-26,5.139347103784767E-4
1990-01-27,5.14014878324017E-4
1990-01-28,2.627245227944141E-4
1990-01-29,3.287004003344712E-4
1990-01-30,7.032910495938973E-4
1990-01-31,1.8607432468429694E-4
1990-02-01,3.5929928387245526E-5
1990-02-02,1.969222070309937E-4
1990-02-03,1.3169047910308195E-4
1990-02-04,1.324623299564258E-5
1990-02-05,3.595049523221186E-4
1990-02-06,3.830234146776491E-4
1990-02-07,6.620874019619119E-6
1990-02-08,5.366547193153754E-5
1990-02-09,9.720612408885061E-5
1990-02-10,7.224393482987294E-5
1990-02-11,0.0011719732515737536
1990-02-12,4.0512840060336747E-4
1990-02-13,3.1145332983360693E-4
1990-02-14,0.0030169191096125086
1990-02-15,0.002074694531921865
1990-02-16,0.002483461669488858
1990-02-17,3.385273405203472E-4
1990-02-18,4.366493252481142E-4
1990-02-19,0.006678995629466417
1990-02-20,0.007652256379939439
1990-02-21,0.007197593196148473
1990-02-22,0.00386243123547048
1990-02-23,0.001487200951620556
1990-02-24,4.602120805988371E-4
1990-02-25,0.003095049734563933
1990-02-26,0.005269868940492606
1990-02-27,0.001060174458603776
1990-02-28,2.484657646947247E-4
1990-03-01,0.0072742581109648775
1990-03-02,0.007662857088855816
1990-03-03,0.0067524145686697
1990-03-04,3.702627785791864E-4
1990-03-05,4.331262010924461E-5
1990-03-06,6.773036175839857E-4
1990-03-07,5.529403862774896E-4
1990-03-08,3.4738879058234846E-4
1990-03-09,7.197402885198655E-4
1990-03-10,6.873342877553708E-4
1990-03-11,7.856679437308637E-4
1990-03-12,0.005659068390510675
1990-03-13,0.0037755999085907145
1990-03-14,0.001852567607625905
1990-03-15,8.576036452729464E-5
1990-03-16,8.475583681337662E-5
1990-03-17,1.2972344689250238E-5
1990-03-18,4.659113366294755E-5
1990-03-19,4.047362788297113E-4
1990-03-20,0.0054308462913158495
1990-03-21,0.020265851969612243
1990-03-22,0.016188400600827747
1990-03-23,0.02211491759298319
1990-03-24,0.025406839891305835
1990-03-25,0.012619723842249192
1990-03-26,0.0013715796781892087
1990-03-27,0.002076846666215535
1990-03-28,0.003838497016193986
1990-03-29,0.005549729277025263
1990-03-30,0.002782572753967261
1990-03-31,0.0062436543124449245
1990-04-01,0.013929449510042342
1990-04-02,0.0049108000295285045
1990-04-03,0.00909342325978167
1990-04-04,0.014075038157389247
1990-04-05,0.003303949770586635
1990-04-06,0.0011267787651761034
1990-04-07,0.009378116505655553
1990-04-08,0.026939897685678452
1990-04-09,0.015326271278094963
1990-04-10,0.003170966855736102
1990-04-11,0.0013593935268570287
1990-04-12,0.003616694935675937
1990-04-13,0.006821525298429311
1990-04-14,0.004932902979706631
1990-04-15,0.002602570985622195
1990-04-16,0.005001471588399466
1990-04-17,0.00834585836186318
1990-04-18,0.02316887277562861
1990-04-19,0.021386059008963437
1990-04-20,0.016735507385344742
1990-04-21,0.007768301588869591
1990-04-22,0.007770796932694901
1990-04-23,0.012169873443126441
1990-04-24,0.00789960102510287
1990-04-25,0.007788393071674673
1990-04-26,0.01875027889377573
1990-04-27,0.01598657687638413
1990-04-28,0.020386486863938746
1990-04-29,0.015167374379359628
1990-04-30,0.0035072704386433645
1990-05-01,0.005763188687728032
1990-05-02,0.004936436614578126
1990-05-03,0.010490952182727728
1990-05-04,0.0027324598719084374
1990-05-05,0.0028093784217904255
1990-05-06,0.005524154668114508
1990-05-07,0.003261303316343276
1990-05-08,0.005961438503962501
1990-05-09,0.012424196710809863
1990-05-10,0.004999582688723366
1990-05-11,0.005782364417128651
1990-05-12,0.012326569745437865
1990-05-13,0.018946956017446445
1990-05-14,0.041122627736000304
1990-05-15,0.05048901909542352
1990-05-16,0.0022072447983693456
1990-05-17,2.8813082788062787E-4
1990-05-18,0.0017083398881271006
1990-05-19,0.01070851803246063
1990-05-20,0.014118997592161169
1990-05-21,0.00914133302342869
1990-05-22,0.0038795845334169163
1990-05-23,0.005188789009367153
1990-05-24,0.005747249643537306
1990-05-25,0.012130042862465122
1990-05-26,0.015002324418172962
1990-05-27,0.016768730937416543
1990-05-28,0.022978400094285964
1990-05-29,0.010892320347895112
1990-05-30,0.011323750096397503
1990-05-31,0.018000888279104572
1990-06-01,0.014932298194612737
1990-06-02,0.015427844975531166
1990-06-03,0.01609554901323136
1990-06-04,0.013606175557202461
1990-06-05,0.025839398627136426
1990-06-06,0.013369583016383253
1990-06-07,0.01414850825085552
1990-06-08,0.012438388162186325
1990-06-09,0.01606981237878623
1990-06-10,0.013058504655683666
1990-06-11,0.017553580516831282
1990-06-12,0.013059747743107338
1990-06-13,0.012509322619219575
1990-06-14,0.015299206524733669
1990-06-15,0.010525884382742458
1990-06-16,0.01103780640903144
1990-06-17,0.013445757308179769
1990-06-18,0.008207887453357628
1990-06-19,0.016129355579609667
1990-06-20,0.019890022211501168
1990-06-21,0.014115196388544776
1990-06-22,0.015693451966309238
1990-06-23,0.01866677489506611
1990-06-24,0.023090792135573843
1990-06-25,0.011405458710442622
1990-06-26,0.008451024914663008
1990-06-27,0.014546669922401018
1990-06-28,0.008425544873448028
1990-06-29,0.012376205021577623
1990-06-30,0.01643637294395107
1990-07-01,0.01684660757914015
1990-07-02,0.02760031405129376
1990-07-03,0.027240285776670353
1990-07-04,0.02492544296830072
1990-07-05,0.015028439217149395
1990-07-06,0.01067484994525066
1990-07-07,0.018131178183052096
1990-07-08,0.025389836841018427
1990-07-09,0.030113276340648157
1990-07-10,0.016494384044972853
1990-07-11,0.01536377540328728
1990-07-12,0.01218459281939194
1990-07-13,0.011539207085032163
1990-07-14,0.010610143988777052
1990-07-15,0.008633328853550554
1990-07-16,0.007077925763338389
1990-07-17,0.0098341201629926
1990-07-18,0.009635442785417971
1990-07-19,0.01535580212886365
1990-07-20,0.012808348584365812
1990-07-21,0.018732171548611506
1990-07-22,0.01611908044790293
1990-07-23,0.01301079088399688
1990-07-24,0.010682482545717705
1990-07-25,0.014071963205121973
1990-07-26,0.020545890572315324
1990-07-27,0.013982520956821983
1990-07-28,0.01796780219224155
1990-07-29,0.013357455884391686
1990-07-30,0.009964579387867187
1990-07-31,0.016452768957338198
1990-08-01,0.020348357977070904
1990-08-02,0.019228176369198106
1990-08-03,0.015183527661398322
1990-08-04,0.0158402654276074
1990-08-05,0.01691523451977182
1990-08-06,0.017108152693206626
1990-08-07,0.01347556994638187
1990-08-08,0.010152131167475759
1990-08-09,0.014039807899617918
1990-08-10,0.011737435728390025
1990-08-11,0.01111521344247161
1990-08-12,0.00947145050389479
1990-08-13,0.010630745767397594
1990-08-14,0.01413208844114697
1990-08-15,0.01153490855355024
1990-08-16,0.010828858849245882
1990-08-17,0.005250758331059225
1990-08-18,0.0035275797541526976
1990-08-19,0.007217568856854412
1990-08-20,0.006214824809270395
1990-08-21,0.005998119414676386
1990-08-22,0.00416666584465457
1990-08-23,0.006183755412286633
1990-08-24,0.013521860267960591
1990-08-25,0.014193784866158089
1990-08-26,0.012662665998801692
1990-08-27,0.013126235611012397
1990-08-28,0.008742643831523777
1990-08-29,0.00237128554288131
1990-08-30,0.002429471629827353
1990-08-31,0.007921828589672598
1990-09-01,0.017468289520477825
1990-09-02,0.015133286832379902
1990-09-03,0.012770547673134472
1990-09-04,0.01041339703023514
1990-09-05,0.011386180162756837
1990-09-06,0.005928620860587608
1990-09-07,0.005300757867147874
1990-09-08,0.007575788397385957
1990-09-09,0.009446693118929993
1990-09-10,0.014499050616980548
1990-09-11,0.013720482435182334
1990-09-12,0.010537595497878692
1990-09-13,0.0070736979653610015
1990-09-14,0.006789639820347121
1990-09-15,0.004773993089530616
1990-09-16,0.010791173490817454
1990-09-17,0.017776201228123574
1990-09-18,0.015444616256515007
1990-09-19,0.0055432988807300534
1990-09-20,0.0075804104472431974
1990-09-21,0.010291859054369013
1990-09-22,0.00636684225638197
1990-09-23,0.008737479301320367
1990-09-24,0.011461309854437487
1990-09-25,0.01185839260613006
1990-09-26,0.016893056672261153
1990-09-27,0.029409360372327248
1990-09-28,0.017197291484336644
1990-09-29,0.011963549583535862
1990-09-30,0.011903237029291865
1990-10-01,0.012017871321562271
1990-10-02,0.016608958071840603
1990-10-03,0.013261527044236795
1990-10-04,0.009503157715744682
1990-10-05,0.003014327612261299
1990-10-06,0.0030502225217893635
1990-10-07,0.022944332996277905
1990-10-08,0.040809857733984885
1990-10-09,0.05829991232280524
1990-10-10,0.007987415980367344
1990-10-11,0.0015951946284866497
1990-10-12,0.0015294292265638893
1990-10-13,0.00160268550185995
1990-10-14,0.001844091933968139
1990-10-15,0.006819316918159227
1990-10-16,0.00258680364627423
1990-10-17,8.183232094350472E-4
1990-10-18,2.955287847409662E-4
1990-10-19,2.241572134579864E-4
1990-10-20,2.314654709574715E-4
1990-10-21,1.5078344707870024E-4
1990-10-22,2.1062727870065206E-4
1990-10-23,6.055624945756587E-4
1990-10-24,4.752125008842646E-4
1990-10-25,5.281934648681055E-4
1990-10-26,5.337030186121455E-4
1990-10-27,5.822559423240066E-4
1990-10-28,1.5929354899733037E-4
1990-10-29,2.2945626295950525E-4
1990-10-30,3.3588437595556843E-4
1990-10-31,3.839815905737524E-4
1990-11-01,5.285414227298083E-4
1990-11-02,0.0010514518589100613
1990-11-03,0.004520015238225246
1990-11-04,0.016425863671345926
1990-11-05,0.006282779560158835
1990-11-06,0.007355614466902878
1990-11-07,0.00864705505851966
1990-11-08,0.004947194661182862
1990-11-09,0.004359462126076236
1990-11-10,0.008310474864472794
1990-11-11,0.012363222303377011
1990-11-12,0.0026042661159552563
1990-11-13,1.7102890988753304E-4
1990-11-14,2.2065333620991205E-5
1990-11-15,3.374538019484047E-6
1990-11-16,9.22126326343547E-6
1990-11-17,2.4038423811149406E-5
1990-11-18,4.7026481198190655E-5
1990-11-19,9.906739096233637E-6
1990-11-20,1.8502575764621375E-6
1990-11-21,1.1640698696333872E-6
1990-11-22,4.815634367799228E-5
1990-11-23,6.823743914560287E-5
1990-11-24,4.0200526402352034E-5
1990-11-25,5.2227504614858044E-5
1990-11-26,5.550763114632475E-5
1990-11-27,1.76731286535859E-4
1990-11-28,3.06124799270481E-4
1990-11-29,3.074454436942478E-4
1990-11-30,3.0197870063574696E-4
1990-12-01,9.66787703843433E-5
1990-12-02,1.962959874442625E-4
1990-12-03,2.1594016922849395E-4
1990-12-04,4.4658962241415673E-4
1990-12-05,1.126826698523326E-4
1990-12-06,1.381789100262246E-4
1990-12-07,2.676190646476825E-4
1990-12-08,3.90735830494891E-5
1990-12-09,8.85107401078757E-6
1990-12-10,3.0482127866417247E-5
1990-12-11,2.4802489513141855E-5
1990-12-12,9.146874217552289E-7
1990-12-13,2.366596504811908E-6
1990-12-14,4.9381410060716404E-6
1990-12-15,2.188138706770216E-6
1990-12-16,1.9874562521793065E-5
1990-12-17,5.658594432503523E-4
1990-12-18,0.014146039984136018
1990-12-19,3.606517025778589E-4
1990-12-20,5.566177459205383E-5
1990-12-21,4.57573354253913E-5
1990-12-22,3.283752053001683E-5
1990-12-23,2.4927406064936206E-5
1990-12-24,7.116629685783993E-5
1990-12-25,4.5047685052108794E-5
1990-12-26,4.873092194001625E-5
1990-12-27,5.2706822927822504E-5
1990-12-28,5.839883911382152E-5
1990-12-29,1.0531253828703844E-5
1990-12-30,5.533179002610883E-6
1990-12-31,1.994563545397596E-5
1991-01-01,0.001198517693556356
1991-01-02,0.00474520578343065
1991-01-03,0.006820606541479737
1991-01-04,2.6515288896896544E-4
1991-01-05,2.1886711152554725E-5
1991-01-06,1.4180180875344377E-5
1991-01-07,8.806273499428366E-6
1991-01-08,1.78427154975033E-5
1991-01-09,1.5186937107647752E-4
1991-01-10,8.711921044435475E-4
1991-01-11,1.5652656212750436E-4
1991-01-12,0.001003658827385419
1991-01-13,4.99482484806519E-4
1991-01-14,4.402558730928603E-4
1991-01-15,3.048756087752035E-4
1991-01-16,7.484073080901563E-5
1991-01-17,2.800487632761563E-5
1991-01-18,9.776455866784211E-5
1991-01-19,2.0660153891796095E-4
1991-01-20,1.1772920796860528E-4
1991-01-21,3.6249811908437574E-5
1991-01-22,3.555688298094612E-5
1991-01-23,1.415520357248646E-5
1991-01-24,2.759941436741641E-5
1991-01-25,1.4764086945043443E-6
1991-01-26,2.590210440523156E-6
1991-01-27,1.8775166253917863E-6
1991-01-28,1.3152102296139944E-6
1991-01-29,3.948741252850491E-5
1991-01-30,1.4987960304354295E-4
1991-01-31,4.0865516895431095E-4
1991-02-01,0.0037424249845671195
1991-02-02,0.00831077208115613
1991-02-03,0.0064609099849521935
1991-02-04,0.005292899606204626
1991-02-05,1.1078521995641765E-4
1991-02-06,3.2721816604173447E-6
1991-02-07,6.214855652182079E-5
1991-02-08,2.446466476154574E-4
1991-02-09,1.1584466562456474E-4
1991-02-10,2.825007553768745E-4
1991-02-11,4.365664463342786E-4
1991-02-12,5.009395213366658E-4
1991-02-13,6.415041373557615E-4
1991-02-14,7.225833667969668E-5
1991-02-15,1.5360428481225797E-5
1991-02-16,3.7342751533407266E-6
1991-02-17,2.286222772060635E-6
1991-02-18,2.1389898373957474E-6
1991-02-19,8.688410891238884E-6
1991-02-20,2.0546686175432357E-6
1991-02-21,2.1389203235713416E-7
1991-02-22,2.8416675207356784E-6
1991-02-23,1.7934022069582976E-5
1991-02-24,1.1954958506696283E-4
1991-02-25,1.4893743629459344E-4
1991-02-26,0.0014740561741685674
1991-02-27,0.0030340106446332983
1991-02-28,0.0037541229213429307
1991-03-01,0.010478232131247944
1991-03-02,0.0010628811636598184
1991-03-03,1.687720668079661E-4
1991-03-04,4.0339220905901876E-5
1991-03-05,4.916436239891217E-4
1991-03-06,0.004418196018860621
1991-03-07,1.8997848651543334E-4
1991-03-08,7.162876091515241E-6
1991-03-09,4.423581603838236E-6
1991-03-10,1.713419812518366E-4
1991-03-11,0.0013736562336507268
1991-03-12,0.0020512166472015482
1991-03-13,0.0023612247005867434
1991-03-14,0.0013671977159222814
1991-03-15,0.0010035438464604544
1991-03-16,0.0014175562441201145
1991-03-17,3.077757636273797E-4
1991-03-18,5.643870676393336E-5
1991-03-19,1.1028803944073144E-4
1991-03-20,5.3766529445863195E-5
1991-03-21,1.1180117961930501E-4
1991-03-22,2.6153555208188603E-4
1991-03-23,3.3668666767960664E-4
1991-03-24,0.008731617310291375
1991-03-25,5.221674159243168E-4
1991-03-26,8.25871231036369E-5
1991-03-27,2.367631731815395E-4
1991-03-28,3.478407550864702E-4
1991-03-29,0.010909270020012879
1991-03-30,0.0063017525251953515
1991-03-31,0.019386259210015667
1991-04-01,0.02957286550554401
1991-04-02,0.0289524222711912
1991-04-03,0.02553809071267147
1991-04-04,0.010357779612901198
1991-04-05,0.007532165595793136
1991-04-06,0.008740470932562593
1991-04-07,0.008179285099344655
1991-04-08,0.005833857740794586
1991-04-09,0.009233045685056198
1991-04-10,0.003743195057039108
1991-04-11,4.911196026525957E-4
1991-04-12,5.872208886241203E-4
1991-04-13,3.9855318951793087E-4
1991-04-14,3.475924916522037E-4
1991-04-15,0.002932951549062616
1991-04-16,0.0014315547075870608
1991-04-17,1.616224848014702E-4
1991-04-18,1.0445808027984558E-4
1991-04-19,2.7568064321940113E-5
1991-04-20,1.4928646456842344E-4
1991-04-21,4.615454979897055E-4
1991-04-22,0.004266269420451596
1991-04-23,0.009719295689816315
1991-04-24,0.0064806635838819205
1991-04-25,0.0024665308039049203
1991-04-26,0.0012301119488786407
1991-04-27,0.004218478209069779
1991-04-28,0.0038405080599002574
1991-04-29,0.019135415556151485
1991-04-30,0.039677031540892756
1991-05-01,0.014283470516439517
1991-05-02,0.02521311653748368
1991-05-03,0.019810393730280144
1991-05-04,0.01903696831034481
1991-05-05,0.03103685420885189
1991-05-06,0.025682369374002853
1991-05-07,0.03447593273389565
1991-05-08,0.036171772261356386
1991-05-09,0.029979812690960894
1991-05-10,0.026868313325330167
1991-05-11,0.01669267741214203
1991-05-12,0.010950689100744943
1991-05-13,0.009087926940085284
1991-05-14,0.011695293535815424
1991-05-15,0.012783338846609498
1991-05-16,0.022760819503728016
1991-05-17,0.025709227980790086
1991-05-18,0.022773779964946728
1991-05-19,0.018068048733704312
1991-05-20,0.012756947826698882
1991-05-21,0.015015668892058142
1991-05-22,0.01738440420380299
1991-05-23,0.015759381937013643
1991-05-24,0.015598383477753422
1991-05-25,0.01239431173661232
1991-05-26,0.027213884962693047
1991-05-27,0.015447191607102883
1991-05-28,0.016128555748746387
1991-05-29,0.024659340870739222
1991-05-30,0.018419160863062427
1991-05-31,0.012531508242055785
1991-06-01,0.030055887839795396
1991-06-02,0.042428334961491135
1991-06-03,0.008691434057152113
1991-06-04,0.008937445823111826
1991-06-05,0.00999861218785822
1991-06-06,0.014932139696644305
1991-06-07,0.020753115794031662
1991-06-08,0.01497605322575865
1991-06-09,0.013727662179126241
1991-06-10,0.02003783799073254
1991-06-11,0.029178501134237637
1991-06-12,0.017159101460828705
1991-06-13,0.015248126333257965
1991-06-14,0.012422834799308098
1991-06-15,0.0182813684355869
1991-06-16,0.022966095839303112
1991-06-17,0.023388169050960927
1991-06-18,0.017090997917463397
1991-06-19,0.012184005882274253
1991-06-20,0.008810504265019876
1991-06-21,0.005400518149875558
1991-06-22,0.008271146353093532
1991-06-23,0.017299744448544284
1991-06-24,0.007155573943767326
1991-06-25,0.012263810339181593
1991-06-26,0.012201998783783691
1991-06-27,0.014137859633498296
1991-06-28,0.015255018175338905
1991-06-29,0.009314306379935352
1991-06-30,0.008234130649833547
1991-07-01,0.009679959786690626
1991-07-02,0.012310143694447728
1991-07-03,0.018320276346219647
1991-07-04,0.024731530052251004
1991-07-05,0.025800822491061994
1991-07-06,0.018340760800624144
1991-07-07,0.010571846578517343
1991-07-08,0.01409359463612094
1991-07-09,0.016637819248880352
1991-07-10,0.012117529561690946
1991-07-11,0.00835248754133624
1991-07-12,0.005707722297550736
1991-07-13,0.006215476821890018
1991-07-14,0.007159140570509025
1991-07-15,0.012285972949976718
1991-07-16,0.01811847712243985
1991-07-17,0.015650932181622095
1991-07-18,0.013981445174484046
1991-07-19,0.0125897715375574
1991-07-20,0.0067043001465519
1991-07-21,0.01417229634775843
1991-07-22,0.012744229473421966
1991-07-23,0.009156171772908759
1991-07-24,0.011044166143653661
1991-07-25,0.009465152395539406
1991-07-26,0.007666391032135563
1991-07-27,0.006043607398065527
1991-07-28,0.008977529510192638
1991-07-29,0.012475321554810967
1991-07-30,0.009694557772450738
1991-07-31,0.013594676105880074
1991-08-01,0.019212162336353852
1991-08-02,0.03281767886502713
1991-08-03,0.025146930498217725
1991-08-04,0.00927790407409949
1991-08-05,0.00927345531515994
1991-08-06,0.006697591188367871
1991-08-07,0.009154680024971086
1991-08-08,0.006390540773196349
1991-08-09,0.007000327125471616
1991-08-10,0.005662502074660556
1991-08-11,0.006903644810948546
1991-08-12,0.007503125518021984
1991-08-13,0.00813253555068333
1991-08-14,0.01399833072055428
1991-08-15,0.02052386695683425
1991-08-16,0.017585110501777402
1991-08-17,0.010988000415236837
1991-08-18,0.006789646605017164
1991-08-19,0.0018925060322804211
1991-08-20,0.005905927538013586
1991-08-21,0.017540646562908577
1991-08-22,0.010289346425924219
1991-08-23,0.00885656276031242
1991-08-24,0.011635901011956447
1991-08-25,0.015397763630751266
1991-08-26,0.015008094386405466
1991-08-27,0.013456221497615198
1991-08-28,0.010536569828073031
1991-08-29,0.013524657324036939
1991-08-30,0.01611255481074879
1991-08-31,0.013289425001977566
1991-09-01,0.011762926564144707
1991-09-02,0.013292228883900886
1991-09-03,0.01728431816515127
1991-09-04,0.01916420412201712
1991-09-05,0.01139126037741619
1991-09-06,0.018632380109395705
1991-09-07,0.018918251032419824
1991-09-08,0.012392279648095791
1991-09-09,0.01035540555117452
1991-09-10,0.01259359763214562
1991-09-11,0.007999098481581361
1991-09-12,0.010845415365246159
1991-09-13,0.016881573244445874
1991-09-14,0.013732650649648978
1991-09-15,0.009607853435268437
1991-09-16,0.004287323621622165
1991-09-17,0.004328454582214396
1991-09-18,0.008761372413106
1991-09-19,0.0060272177127284245
1991-09-20,0.007045721448568544
1991-09-21,0.010676680696303674
1991-09-22,0.011961885201505767
1991-09-23,0.013770606169122485
1991-09-24,0.014463039998887255
1991-09-25,0.0266468823721712
1991-09-26,0.013932067995386032
1991-09-27,0.004287867318787091
1991-09-28,0.0017461212366555062
1991-09-29,0.002054424773233941
1991-09-30,0.002038579403918215
1991-10-01,0.0014558014115581778
1991-10-02,0.0027971560400616275
1991-10-03,0.007220408033605077
1991-10-04,0.009631282151089602
1991-10-05,0.013493037124157732
1991-10-06,0.013428122853070535
1991-10-07,0.010445533154848672
1991-10-08,0.003927686061905463
1991-10-09,0.0031697887125486457
1991-10-10,0.005995935077403052
1991-10-11,0.006172347546311144
1991-10-12,0.011346024165701091
1991-10-13,0.032960320846423925
1991-10-14,0.023479387451876367
1991-10-15,0.008892790313514263
1991-10-16,0.0019108332373143746
1991-10-17,0.001055912847456092
1991-10-18,5.625143309250468E-4
1991-10-19,6.700888734067986E-4
1991-10-20,4.2453317549586783E-4
1991-10-21,4.3818538436936826E-4
1991-10-22,3.8588995784207594E-4
1991-10-23,0.0010424320029074037
1991-10-24,0.0023081256990303287
1991-10-25,0.0020821847597752357
1991-10-26,0.0015871185503881248
1991-10-27,0.001978147931443897
1991-10-28,0.003031914162158234
1991-10-29,0.0035754883774221963
1991-10-30,0.010534387329514203
1991-10-31,0.01945595609152346
1991-11-01,0.003654112554133884
1991-11-02,8.192230356008591E-4
1991-11-03,0.0016635798606305877
1991-11-04,0.0032645028748497255
1991-11-05,6.962237074360749E-4
1991-11-06,2.5698142698883306E-4
1991-11-07,4.665810044698427E-5
1991-11-08,1.790566629923559E-4
1991-11-09,2.8377728567291136E-4
1991-11-10,1.1768066303582907E-4
1991-11-11,9.414515865392018E-5
1991-11-12,1.6699424099401354E-4
1991-11-13,4.9893784980448615E-5
1991-11-14,6.351079044018324E-5
1991-11-15,1.1663875777056664E-4
1991-11-16,2.177190517575368E-4
1991-11-17,3.093794783456519E-4
1991-11-18,2.8454555366617235E-4
1991-11-19,2.3377468210931436E-4
1991-11-20,3.1393687431464066E-4
1991-11-21,1.353372008221564E-4
1991-11-22,7.35201304423904E-5
1991-11-23,4.8882793513528246E-5
1991-11-24,2.2246909998436746E-5
1991-11-25,2.267027248190624E-5
1991-11-26,1.0555609576702738E-4
1991-11-27,3.5411661272001624E-4
1991-11-28,6.081145072504972E-4
1991-11-29,3.893373790561513E-4
1991-11-30,2.3383299467052792E-4
1991-12-01,5.490185953235116E-5
1991-12-02,4.4461920002374874E-5
1991-12-03,3.2787414620327356E-6
1991-12-04,3.4801730045966365E-6
1991-12-05,2.786189732853525E-5
1991-12-06,3.117892330727609E-5
1991-12-07,4.977456239327729E-6
1991-12-08,3.58723348336531E-5
1991-12-09,1.802828736788912E-4
1991-12-10,8.255853217141569E-4
1991-12-11,1.4098146781950905E-4
1991-12-12,4.568450951438209E-6
1991-12-13,1.1837954334340176E-5
1991-12-14,1.5346522146556077E-6
1991-12-15,3.000336320486702E-7
1991-12-16,1.4569610055687213E-6
1991-12-17,8.3256467271229E-7
1991-12-18,3.127829296893372E-7
1991-12-19,1.1761415983133698E-6
1991-12-20,3.6053833223801006E-6
1991-12-21,2.782522049986156E-5
1991-12-22,8.388554206978007E-4
1991-12-23,0.002734377180332416
1991-12-24,0.013937923363645122
1991-12-25,0.020282583443755973
1991-12-26,0.009523183404083781
1991-12-27,7.225967531704742E-4
1991-12-28,3.141752156273918E-4
1991-12-29,3.306768941581538E-4
1991-12-30,2.779802179141983E-4
1991-12-31,1.2492702536582223E-4
1992-01-01,5.079738677426753E-4
1992-01-02,5.8608175978606184E-5
1992-01-03,8.432976868515037E-5
1992-01-04,1.9775434531481597E-6
1992-01-05,1.7010350584330143E-5
1992-01-06,2.0510200151190616E-4
1992-01-07,2.6264037647915863E-5
1992-01-08,2.4660552478902875E-4
1992-01-09,1.329362105881976E-4
1992-01-10,2.8454470023114528E-5
1992-01-11,8.021156514205487E-5
1992-01-12,0.002783965512680376
1992-01-13,8.746941876429621E-5
1992-01-14,2.169555043895738E-4
1992-01-15,4.056416196515495E-4
1992-01-16,7.225269522952464E-4
1992-01-17,0.0016318736223800197
1992-01-18,1.3723542553987836E-4
1992-01-19,2.669553841051422E-4
1992-01-20,3.631574066793902E-4
1992-01-21,2.0739731121305056E-4
1992-01-22,0.0016899239435352385
1992-01-23,3.621887493390702E-4
1992-01-24,4.1051389617231864E-4
1992-01-25,1.4924795642016098E-4
1992-01-26,3.170873492676897E-5
1992-01-27,4.2103474923316155E-5
1992-01-28,4.722661476077717E-5
1992-01-29,4.969820944779223E-5
1992-01-30,1.2395362133234379E-5
1992-01-31,0.007030862239543168
1992-02-01,0.006119479861983251
1992-02-02,0.0037285481892141165
1992-02-03,0.0013868793963438904
1992-02-04,4.346735474246678E-5
1992-02-05,9.88152708562381E-5
1992-02-06,6.12615471028988E-5
1992-02-07,0.004072038124729437
1992-02-08,0.0025887034529417127
1992-02-09,4.976561407071601E-4
1992-02-10,5.254262289591086E-4
1992-02-11,1.4256724267153778E-4
1992-02-12,8.17987325156196E-5
1992-02-13,2.4399808829945828E-4
1992-02-14,0.002444439779665531
1992-02-15,0.0027942050525732874
1992-02-16,5.591494187987412E-4
1992-02-17,0.002177869067284484
1992-02-18,0.004932593436704878
1992-02-19,1.3909705054467017E-4
1992-02-20,6.60212825308788E-4
1992-02-21,0.003905625174016854
1992-02-22,8.498801473182686E-4
1992-02-23,0.0019301346093568573
1992-02-24,0.0053189862552465795
1992-02-25,0.0010720579966271534
1992-02-26,4.4187999863978887E-4
1992-02-27,1.0349318424170408E-4
1992-02-28,0.0032959631798268473
1992-02-29,0.002363751137342322
1992-03-01,0.0037253426136439364
1992-03-02,0.001202428200457356
1992-03-03,1.1960641109011935E-4
1992-03-04,9.900659642413029E-5
1992-03-05,5.7859026117452144E-5
1992-03-06,1.818689279834006E-4
1992-03-07,2.68573764876915E-4
1992-03-08,1.3887450202800035E-4
1992-03-09,2.6530040637280452E-5
1992-03-10,4.266910270918755E-5
1992-03-11,9.20590458952804E-5
1992-03-12,1.282920821110574E-4
1992-03-13,4.1405152760073613E-4
1992-03-14,2.696589542152496E-4
1992-03-15,0.004195608275341871
1992-03-16,0.0010471489966319468
1992-03-17,2.52360375780152E-4
1992-03-18,0.0023852440298652057
1992-03-19,0.004425160623560178
1992-03-20,0.0038862442736354967
1992-03-21,0.005792642522269338
1992-03-22,0.002665779707323293
1992-03-23,6.930446827145829E-4
1992-03-24,0.00209441566035529
1992-03-25,9.03274028233807E-4
1992-03-26,3.095505972962022E-4
1992-03-27,2.884588922538361E-5
1992-03-28,5.95673888517082E-5
1992-03-29,3.9710860954433164E-5
1992-03-30,9.55825228336184E-5
1992-03-31,0.0015510159671552318
1992-04-01,0.0022115933152920706
1992-04-02,6.67981303035903E-5
1992-04-03,2.910582961605768E-4
1992-04-04,5.277121795423516E-4
1992-04-05,0.004238395380012939
1992-04-06,0.0050655413028283065
1992-04-07,0.0022730032122264786
1992-04-08,0.0012725358771237764
1992-04-09,3.881423933954137E-4
1992-04-10,1.527891415348375E-4
1992-04-11,1.4086958257519282E-4
1992-04-12,3.073012329552998E-4
1992-04-13,4.694521748690233E-4
1992-04-14,4.943499102028725E-4
1992-04-15,0.0020317661198978624
1992-04-16,0.005719048796580795
1992-04-17,0.005573432323604295
1992-04-18,0.006475972165718734
1992-04-19,0.013230930991765644
1992-04-20,0.0068316393232935564
1992-04-21,0.007698942895170067
1992-04-22,0.006989400601320583
1992-04-23,0.005306443746676821
1992-04-24,0.001234019525873378
1992-04-25,0.0024839743480877478
1992-04-26,0.0039000181901366047
1992-04-27,0.0053180893769459794
1992-04-28,0.005366992647712516
1992-04-29,0.0030817445803756997
1992-04-30,0.00463926912151691
1992-05-01,0.011158844918935285
1992-05-02,0.02048898685225087
1992-05-03,0.0155306668365992
1992-05-04,0.0058057741966595425
1992-05-05,0.0032697162767914437
1992-05-06,0.0037789376460870875
1992-05-07,0.004409279315875491
1992-05-08,0.0025904000081977256
1992-05-09,0.0018072895731856688
1992-05-10,0.004918706781712708
1992-05-11,0.0022877691057884503
1992-05-12,0.002848255488522743
1992-05-13,0.00515431221454585
1992-05-14,0.0051365893985094065
1992-05-15,0.015592020376215213
1992-05-16,0.027952601226397415
1992-05-17,0.012085037079540036
1992-05-18,0.007110780159763045
1992-05-19,0.0019362854418365156
1992-05-20,0.01614125944539068
1992-05-21,0.012048452986377836
1992-05-22,0.00991471044852462
1992-05-23,0.008519598420466084
1992-05-24,0.004001548842289678
1992-05-25,0.008017857600313929
1992-05-26,0.012638585120346007
1992-05-27,0.011393378339233741
1992-05-28,0.005375040420099377
1992-05-29,0.003696422884989263
1992-05-30,0.006005055962808099
1992-05-31,0.004952015922803706
1992-06-01,0.002676019767139551
1992-06-02,0.0012704932650382786
1992-06-03,0.0013456266621728512
1992-06-04,0.0018991672223648893
1992-06-05,0.0031960826183964567
1992-06-06,0.004251775337243922
1992-06-07,0.012570132281597113
1992-06-08,0.015031742416661914
1992-06-09,0.010117534708957513
1992-06-10,0.010533172389242439
1992-06-11,0.009853798481302968
1992-06-12,0.013789568414059749
1992-06-13,0.0113976195484976
1992-06-14,0.006001357499703432
1992-06-15,0.004208598220840102
1992-06-16,0.008281544935330313
1992-06-17,0.012413301062647679
1992-06-18,0.011344098922894128
1992-06-19,0.010586151535233713
1992-06-20,0.013279792642656807
1992-06-21,0.012436561602801932
1992-06-22,0.01267398463888429
1992-06-23,0.02078520003540008
1992-06-24,0.026228949865949078
1992-06-25,0.026914825951586202
1992-06-26,0.025906160370476168
1992-06-27,0.019762137476179605
1992-06-28,0.012343088730237067
1992-06-29,0.005479838434477254
1992-06-30,0.010058610058316172
1992-07-01,0.014900813038683111
1992-07-02,0.027203662615828506
1992-07-03,0.02372351177144012
1992-07-04,0.01884625575445168
1992-07-05,0.02459876640034651
1992-07-06,0.018585937489637928
1992-07-07,0.01930705434496711
1992-07-08,0.018433483266772063
1992-07-09,0.020243064570926426
1992-07-10,0.03243253304168179
1992-07-11,0.026436118766982174
1992-07-12,0.007126544842881555
1992-07-13,0.0059354996808451905
1992-07-14,0.008651332761266587
1992-07-15,0.017266042881367617
1992-07-16,0.016390760250555195
1992-07-17,0.016239543068536182
1992-07-18,0.014070216927404962
1992-07-19,0.012909957324530277
1992-07-20,0.015412133725009498
1992-07-21,0.01106227096985955
1992-07-22,0.00724085465301131
1992-07-23,0.00841448809145896
1992-07-24,0.007208845307073534
1992-07-25,0.01316986853004727
1992-07-26,0.01293986806193026
1992-07-27,0.017676140587066944
1992-07-28,0.010951251717990246
1992-07-29,0.01271256487970971
1992-07-30,0.013107427707515322
1992-07-31,0.018246477761971462
1992-08-01,0.014846322867594209
1992-08-02,0.013688599894752778
1992-08-03,0.010899248106177416
1992-08-04,0.008529718289951123
1992-08-05,0.014450979079127685
1992-08-06,0.02627272004125443
1992-08-07,0.014840988871840832
1992-08-08,0.011448908583639601
1992-08-09,0.004460583602147006
1992-08-10,0.0028421162493226944
1992-08-11,0.006379737249657769
1992-08-12,0.004877353155207568
1992-08-13,0.003879065166591874
1992-08-14,0.009616111148636045
1992-08-15,0.013626838138920145
1992-08-16,0.009432781154194315
1992-08-17,0.0070224158642725396
1992-08-18,0.006559735571875636
1992-08-19,0.009215961608476694
1992-08-20,0.011443679227039521
1992-08-21,0.004718375974650742
1992-08-22,0.002612636111714552
1992-08-23,0.005208801166671378
1992-08-24,0.0077282240948724655
1992-08-25,0.013203366400044351
1992-08-26,0.01787679788095501
1992-08-27,0.01755406742651632
1992-08-28,0.007028384774604256
1992-08-29,0.004770869673582574
1992-08-30,0.0051703393103924595
1992-08-31,0.015878525768963463
1992-09-01,0.01043987273874535
1992-09-02,0.004361434228828726
1992-09-03,0.005184654936188672
1992-09-04,0.004328522103745188
1992-09-05,0.0068233296344908856
1992-09-06,0.0058209447075045165
1992-09-07,0.005677807029303553
1992-09-08,0.007995138043503732
1992-09-09,0.009602787386220094
1992-09-10,0.012360638854622772
1992-09-11,0.012340452201795426
1992-09-12,0.013671348960673355
1992-09-13,0.008058927548204226
1992-09-14,0.00497376828788785
1992-09-15,0.004919657434205934
1992-09-16,0.006820717701487028
1992-09-17,0.005933974742720922
1992-09-18,0.003262684734870173
1992-09-19,0.0012707405219265168
1992-09-20,0.0018791145247097308
1992-09-21,0.0015846963751421786
1992-09-22,0.0038494640021715385
1992-09-23,0.00866766070429482
1992-09-24,0.014941684655131657
1992-09-25,0.016127452344505563
1992-09-26,0.02109891723090687
1992-09-27,0.017845357275896704
1992-09-28,0.011217099684774936
1992-09-29,0.010070916597065716
1992-09-30,0.004030414285691951
1992-10-01,0.0017996227672686044
1992-10-02,0.0026418026466410952
1992-10-03,0.002498367228568638
1992-10-04,0.0041126165012564725
1992-10-05,0.007538815410008288
1992-10-06,0.004435497644038118
1992-10-07,0.0010758774112191107
1992-10-08,0.001675045428018181
1992-10-09,0.0018414950136639021
1992-10-10,0.004539964021341683
1992-10-11,0.006907462271428416
1992-10-12,0.00548407564576983
1992-10-13,0.02075564490348607
1992-10-14,0.025839630328463512
1992-10-15,0.018727964701072245
1992-10-16,0.005750546957654878
1992-10-17,0.003083555732313794
1992-10-18,0.001337763970012742
1992-10-19,0.0012756831429374916
1992-10-20,0.004466901499459326
1992-10-21,0.010566727404640897
1992-10-22,0.0036702446066102486
1992-10-23,0.001460172693677487
1992-10-24,2.3885617406086673E-4
1992-10-25,1.3681825349164418E-4
1992-10-26,1.5559410408659693E-4
1992-10-27,8.827459112547167E-5
1992-10-28,2.2981126884066136E-4
1992-10-29,1.7278907760347122E-4
1992-10-30,1.7728427401954685E-4
1992-10-31,0.0012538150989225849
1992-11-01,5.944257260923161E-4
1992-11-02,8.988144731256791E-4
1992-11-03,4.471984032732101E-4
1992-11-04,8.220114502104983E-4
1992-11-05,7.160870415440155E-4
1992-11-06,5.148919794587558E-4
1992-11-07,1.9672988165550376E-4
1992-11-08,3.5395057583162073E-4
1992-11-09,0.0033400176829856713
1992-11-10,0.0038973494617162655
1992-11-11,4.226628816975929E-4
1992-11-12,1.1451592278750327E-4
1992-11-13,4.355630892516648E-5
1992-11-14,2.8883987595406802E-5
1992-11-15,3.242299763296358E-6
1992-11-16,6.781060827801625E-6
1992-11-17,5.267984499818573E-6
1992-11-18,6.72663712664811E-5
1992-11-19,5.978165698226907E-5
1992-11-20,2.19291772479932E-4
1992-11-21,0.0014929559132776545
1992-11-22,7.997934904781648E-4
1992-11-23,4.5952666283326465E-4
1992-11-24,0.0034417795010517854
1992-11-25,6.191418997292256E-4
1992-11-26,5.037083065669654E-5
1992-11-27,1.0592211024575406E-4
1992-11-28,1.5638998610976028E-4
1992-11-29,6.498530225196798E-5
1992-11-30,0.0023330427169952358
1992-12-01,0.004390973489409712
1992-12-02,0.007563011267054792
1992-12-03,0.0026039303027529086
1992-12-04,6.240615155351933E-4
1992-12-05,2.1513710476284213E-4
1992-12-06,8.107116909185197E-6
1992-12-07,1.6615042928205037E-6
1992-12-08,1.440353496847221E-6
1992-12-09,2.890103802818544E-6
1992-12-10,2.1354374095191698E-6
1992-12-11,2.1410161396384415E-6
1992-12-12,4.8684311222660665E-6
1992-12-13,1.81204482908182E-5
1992-12-14,1.2429084471288653E-5
1992-12-15,6.483888105682195E-6
1992-12-16,4.773684477689089E-6
1992-12-17,2.3343846405206502E-5
1992-12-18,7.518331342074647E-5
1992-12-19,2.213101565952922E-5
1992-12-20,6.01013473303181E-6
1992-12-21,1.5110447311789378E-6
1992-12-22,4.13928007721894E-5
1992-12-23,4.0628598227485965E-5
1992-12-24,4.095130332420783E-6
1992-12-25,7.460069637042499E-6
1992-12-26,1.1421834611337824E-4
1992-12-27,2.857199558555759E-4
1992-12-28,5.435691134768931E-4
1992-12-29,7.862705362034325E-5
1992-12-30,1.5949263205015853E-5
1992-12-31,7.010974208675708E-6
1993-01-01,1.0093553260236905E-5
1993-01-02,1.6197373146453794E-4
1993-01-03,4.2756061124364837E-4
1993-01-04,8.765136905946389E-4
1993-01-05,9.044201222528367E-4
1993-01-06,2.8161240086329415E-4
1993-01-07,0.0026427123445686637
1993-01-08,0.00802040379443838
1993-01-09,0.004892080087594208
1993-01-10,8.347825029822228E-4
1993-01-11,3.6785408931663946E-4
1993-01-12,0.0030074442660495367
1993-01-13,0.0023993031761403443
1993-01-14,2.738923872034423E-4
1993-01-15,7.757975060640827E-5
1993-01-16,5.896006382923349E-6
1993-01-17,8.323009961712031E-5
1993-01-18,2.802428225351257E-4
1993-01-19,2.0571846658168371E-4
1993-01-20,9.32480292680026E-5
1993-01-21,7.466457088778826E-5
1993-01-22,9.01196478899218E-5
1993-01-23,1.5974403975027953E-4
1993-01-24,1.204623611075069E-4
1993-01-25,1.1101504650956552E-4
1993-01-26,8.367832333498787E-5
1993-01-27,3.0435714972086434E-4
1993-01-28,4.642542797589233E-5
1993-01-29,7.7528984473492E-5
1993-01-30,6.431806977363448E-4
1993-01-31,0.001524708366563563
1993-02-01,0.0027283308592922647
1993-02-02,1.5714307895948646E-4
1993-02-03,6.168195511915501E-5
1993-02-04,3.538471335798362E-5
1993-02-05,7.381129234241734E-5
1993-02-06,2.339463758385119E-6
1993-02-07,3.831935419492613E-6
1993-02-08,2.3898923026661736E-6
1993-02-09,7.994297683704694E-6
1993-02-10,6.0870526592594845E-5
1993-02-11,1.5021684233400368E-4
1993-02-12,6.021257903757655E-4
1993-02-13,0.004717722293726147
1993-02-14,0.003505250513901715
1993-02-15,0.0036507185624907548
1993-02-16,0.014029376278066438
1993-02-17,0.02094119300568596
1993-02-18,0.023540528221278022
1993-02-19,0.01710033657284408
1993-02-20,0.007199561491119067
1993-02-21,0.004953169353041848
1993-02-22,0.009079092366989045
1993-02-23,1.0366561054478081E-5
1993-02-24,5.543368819805088E-5
1993-02-25,5.461834070958227E-6
1993-02-26,8.533523169673383E-5
1993-02-27,9.414490699839333E-4
1993-02-28,7.199745146440368E-4
1993-03-01,0.0010073142296655175
1993-03-02,2.0088383100235868E-4
1993-03-03,2.6979254181303996E-5
1993-03-04,1.0516554076328766E-5
1993-03-05,4.790431195696316E-5
1993-03-06,2.1836777633825103E-5
1993-03-07,5.652086619570321E-5
1993-03-08,1.3939127747715458E-5
1993-03-09,6.806662015279168E-6
1993-03-10,1.3976348986366984E-5
1993-03-11,2.7820633761075795E-4
1993-03-12,6.805589090814738E-4
1993-03-13,0.0021485405698238023
1993-03-14,0.003165678165863012
1993-03-15,0.0020528877743649855
1993-03-16,8.93415118677184E-4
1993-03-17,2.9871546617977535E-4
1993-03-18,3.9749108076006554E-5
1993-03-19,1.4717359387227182E-4
1993-03-20,0.006773761513612939
1993-03-21,0.011427638611545683
1993-03-22,0.018611091189985666
1993-03-23,0.026178753109755443
1993-03-24,0.01997272286832983
1993-03-25,0.01011302932636726
1993-03-26,0.028616675202039945
1993-03-27,0.007243308525340993
1993-03-28,1.012927205714367E-4
1993-03-29,3.5672049967665566E-6
1993-03-30,5.8206419785667364E-6
1993-03-31,2.265778598823091E-6
1993-04-01,2.129550415842676E-6
1993-04-02,1.8015432139061114E-4
1993-04-03,1.6979128350559406E-5
1993-04-04,9.241985799638208E-6
1993-04-05,1.2983341648753932E-5
1993-04-06,1.5704422397712484E-5
1993-04-07,0.0011644059659326287
1993-04-08,0.006546184640150597
1993-04-09,0.013835722252727185
1993-04-10,0.014712438545902318
1993-04-11,0.016884731539125
1993-04-12,0.013229931768217816
1993-04-13,0.0046550407231515665
1993-04-14,0.004603218421139965
1993-04-15,0.0035039245803887707
1993-04-16,0.005022391851849769
1993-04-17,0.0025576475688685193
1993-04-18,7.749185926861244E-4
1993-04-19,0.002294403556223822
1993-04-20,0.0014832061938292115
1993-04-21,0.0011169761030387318
1993-04-22,0.0015466275110621798
1993-04-23,0.013630197235383175
1993-04-24,0.012886029019864973
1993-04-25,0.018720871349844015
1993-04-26,0.015458904459145259
1993-04-27,0.0271798411842933
1993-04-28,0.020950355443385804
1993-04-29,0.019478635082412078
1993-04-30,0.018345979480794573
1993-05-01,0.020959547349289717
1993-05-02,0.018984517014114112
1993-05-03,0.03281801942759275
1993-05-04,0.03395790267062028
1993-05-05,0.02981447090694299
1993-05-06,0.0326102425796567
1993-05-07,0.027325708687663257
1993-05-08,0.0103707460943312
1993-05-09,0.012528766425521922
1993-05-10,0.01731222676991161
1993-05-11,0.01827688753556636
1993-05-12,0.014823642574496627
1993-05-13,0.018193437716057
1993-05-14,0.022302010307547773
1993-05-15,0.023423081619727972
1993-05-16,0.03483766252946807
1993-05-17,0.034755322175948775
1993-05-18,0.01836635639589521
1993-05-19,0.010767377293930198
1993-05-20,0.0068384588557957255
1993-05-21,0.002731512955451813
1993-05-22,0.001503335919346362
1993-05-23,9.250716673990337E-4
1993-05-24,0.002397452709016955
1993-05-25,0.003911136159872227
1993-05-26,0.004771399398211057
1993-05-27,0.013693810695693193
1993-05-28,0.0115114315639631
1993-05-29,0.018828663041092104
1993-05-30,0.021705015704650013
1993-05-31,0.01769187630002028
1993-06-01,0.010320554498500983
1993-06-02,0.011989353499795116
1993-06-03,0.01391409293589002
1993-06-04,0.011937094266569082
1993-06-05,0.02417353408380138
1993-06-06,0.041386331133385613
1993-06-07,0.029144755006640575
1993-06-08,0.022705469562347133
1993-06-09,0.0282343985024209
1993-06-10,0.017654440359995912
1993-06-11,0.038733167445247296
1993-06-12,0.0383882144891166
1993-06-13,0.0030864837807257042
1993-06-14,0.00445888542937471
1993-06-15,0.01478888900812379
1993-06-16,0.014782199751909654
1993-06-17,0.022560238659641133
1993-06-18,0.06225070845342982
1993-06-19,0.043344327039348464
1993-06-20,0.0153662923550555
1993-06-21,0.013894407976137686
1993-06-22,0.014680687142912862
1993-06-23,0.0060372284622430845
1993-06-24,0.013237870649738213
1993-06-25,0.020673176368761655
1993-06-26,0.008777064247179058
1993-06-27,0.0024727168318206517
1993-06-28,0.007585987402429615
1993-06-29,0.017177267207086788
1993-06-30,0.01928906993963794
1993-07-01,0.017696255474899197
1993-07-02,0.015666500490439494
1993-07-03,0.012314904071083184
1993-07-04,0.011631977962105204
1993-07-05,0.018321436457773926
1993-07-06,0.030107728549068284
1993-07-07,0.011211749666805746
1993-07-08,0.0120442127616157
1993-07-09,0.01151762238013755
1993-07-10,0.00784207927446589
1993-07-11,0.006548563754394878
1993-07-12,0.004930051193656968
1993-07-13,0.008099816861473184
1993-07-14,0.013423506949616438
1993-07-15,0.009969815508926493
1993-07-16,0.009705746532033169
1993-07-17,0.013698996378378901
1993-07-18,0.02070102022643204
1993-07-19,0.027787728897738687
1993-07-20,0.04079080779069003
1993-07-21,0.08673238394127335
1993-07-22,0.04356752051961232
1993-07-23,0.022934589518066265
1993-07-24,0.015346259702097966
1993-07-25,0.008357562333100366
1993-07-26,0.0037307056796804304
1993-07-27,0.003403992458822918
1993-07-28,0.005163831237634382
1993-07-29,0.004488264125613609
1993-07-30,0.006317850127243855
1993-07-31,0.0077848445699077356
1993-08-01,0.008408952680353523
1993-08-02,0.013589741950168772
1993-08-03,0.024293436220964575
1993-08-04,0.018472397074860928
1993-08-05,0.015446550887363594
1993-08-06,0.012484354446578179
1993-08-07,0.015543550028491244
1993-08-08,0.024040906001669683
1993-08-09,0.020680572340593922
1993-08-10,0.010570383039025076
1993-08-11,0.008341173425648373
1993-08-12,0.007585207204247236
1993-08-13,0.0074603997935655305
1993-08-14,0.012475735959461411
1993-08-15,0.00917734552285979
1993-08-16,0.010455569345269571
1993-08-17,0.005993711670419407
1993-08-18,0.012772504682655342
1993-08-19,0.011447156067938304
1993-08-20,0.012467010564964746
1993-08-21,0.020472519514051064
1993-08-22,0.02607246393342422
1993-08-23,0.026782022647739722
1993-08-24,0.0239600885952047
1993-08-25,0.011042502697579677
1993-08-26,0.012547794494647902
1993-08-27,0.019723491496694726
1993-08-28,0.015155563166764743
1993-08-29,0.015366249664289709
1993-08-30,0.015646151886714782
1993-08-31,0.026911615837218843
1993-09-01,0.024731280310758226
1993-09-02,0.038276611671196524
1993-09-03,0.021918291938706716
1993-09-04,0.01021019636144808
1993-09-05,0.01481559285895874
1993-09-06,0.01107698093304401
1993-09-07,0.008998619598004017
1993-09-08,0.008210293845468983
1993-09-09,0.007106077870366843
1993-09-10,0.004249250270272566
1993-09-11,0.006939059064199474
1993-09-12,0.018294861064012992
1993-09-13,0.012016239052177854
1993-09-14,0.012511529461988295
1993-09-15,0.0058825795592037005
1993-09-16,0.004721902996589303
1993-09-17,0.0021495466263259312
1993-09-18,0.003394855642789301
1993-09-19,0.010443134640387
1993-09-20,0.012333845742663961
1993-09-21,0.01500665779503201
1993-09-22,0.017840934494912246
1993-09-23,0.01011186198998236
1993-09-24,0.011350824344073371
1993-09-25,0.012165741876921975
1993-09-26,0.01069172342472879
1993-09-27,0.014816789285716227
1993-09-28,0.01974024834726886
1993-09-29,0.012981295024723364
1993-09-30,0.006285444214287483
1993-10-01,0.014145236110916441
1993-10-02,0.018430572896017353
1993-10-03,0.009087334215170958
1993-10-04,0.0047122661769903595
1993-10-05,0.005896551557574152
1993-10-06,0.00898267924231744
1993-10-07,0.007995431808431817
1993-10-08,0.0025126790664398687
1993-10-09,0.0016560764759714318
1993-10-10,0.002616768778519027
1993-10-11,0.0018045660858040167
1993-10-12,0.0069401349020607956
1993-10-13,0.009490296544813405
1993-10-14,0.008271013589734394
1993-10-15,0.005665555620885501
1993-10-16,0.0035169669549986182
1993-10-17,0.0026024939643367545
1993-10-18,0.0025184300720372883
1993-10-19,0.0029733477608547437
1993-10-20,0.0037796635620640146
1993-10-21,0.0028550969673332457
1993-10-22,0.0027888421482266373
1993-10-23,0.002791063551214207
1993-10-24,0.0016316435622268626
1993-10-25,0.00106384916405242
1993-10-26,5.783438723733224E-4
1993-10-27,3.173197924551356E-4
1993-10-28,2.443988195995643E-4
1993-10-29,1.7748525351261223E-4
1993-10-30,0.002951106469138442
1993-10-31,0.003367429734686902
1993-11-01,0.004431233986189932
1993-11-02,0.004469044269648071
1993-11-03,0.003566023316808714
1993-11-04,0.0036031316603480296
1993-11-05,0.0013275156058674409
1993-11-06,7.184069887513001E-4
1993-11-07,3.8079775107107116E-4
1993-11-08,2.865369679507553E-4
1993-11-09,4.693540026197701E-4
1993-11-10,4.313787944227313E-4
1993-11-11,8.582125502249359E-5
1993-11-12,4.458909472186175E-4
1993-11-13,3.809829484497787E-4
1993-11-14,0.0013349627747510412
1993-11-15,7.323131271632453E-4
1993-11-16,7.984839230792785E-4
1993-11-17,0.0011480228260800278
1993-11-18,4.5132955729175765E-4
1993-11-19,5.468252074485638E-4
1993-11-20,4.164643337827191E-4
1993-11-21,6.860620108303252E-5
1993-11-22,8.50672167495696E-5
1993-11-23,8.214234344954288E-5
1993-11-24,2.1652683944945643E-4
1993-11-25,1.390377575261474E-4
1993-11-26,6.650111841433429E-5
1993-11-27,4.857358166692277E-5
1993-11-28,3.333384744076994E-5
1993-11-29,3.180065624494203E-5
1993-11-30,7.365524234956609E-6
1993-12-01,2.1391081675190227E-5
1993-12-02,7.43229882642142E-5
1993-12-03,1.719193110577889E-5
1993-12-04,8.103905986017075E-6
1993-12-05,2.5288067829122143E-6
1993-12-06,8.364147224272279E-7
1993-12-07,2.2537838101934114E-6
1993-12-08,2.87072793227207E-5
1993-12-09,2.3202977130178368E-5
1993-12-10,4.811195562764201E-6
1993-12-11,5.0952441842595114E-5
1993-12-12,2.0369515704217575E-4
1993-12-13,2.655731314685066E-4
1993-12-14,2.339821313568572E-4
1993-12-15,1.9301433901157086E-4
1993-12-16,2.6472072670024783E-5
1993-12-17,1.2467031435503165E-5
1993-12-18,2.7398285583343704E-5
1993-12-19,1.5934845440770918E-4
1993-12-20,2.1581575979331865E-4
1993-12-21,3.0254359777524955E-4
1993-12-22,4.041743607957124E-5
1993-12-23,2.1741069254689617E-5
1993-12-24,7.099143167670758E-6
1993-12-25,2.936902352879886E-8
1993-12-26,9.246406055811699E-7
1993-12-27,1.7436099726652638E-6
1993-12-28,2.172891277580243E-6
1993-12-29,1.700008314806339E-5
1993-12-30,5.13276194409968E-6
1993-12-31,1.8036643513023778E-7
1994-01-01,1.8803235109259893E-6
1994-01-02,3.13905509619813E-6
1994-01-03,5.565572558670652E-7
1994-01-04,2.610900331241139E-5
1994-01-05,3.74177107185729E-5
1994-01-06,9.52101719689127E-5
1994-01-07,1.2077554864080971E-5
1994-01-08,6.885969346909933E-6
1994-01-09,3.0773338931800697E-6
1994-01-10,3.945478973901331E-7
1994-01-11,2.1187155584697387E-6
1994-01-12,1.8347613698842257E-6
1994-01-13,4.5294423559945105E-6
1994-01-14,1.4980085682602106E-4
1994-01-15,0.0033327461850382323
1994-01-16,0.009315465788768571
1994-01-17,5.035938040969735E-4
1994-01-18,4.353328696911639E-6
1994-01-19,1.3490772164028758E-6
1994-01-20,1.9790116431036476E-6
1994-01-21,5.258180143618569E-6
1994-01-22,6.0609427655414276E-6
1994-01-23,7.140813417666289E-6
1994-01-24,3.1852893686040194E-6
1994-01-25,4.6307456883777895E-6
1994-01-26,1.1497970716700313E-5
1994-01-27,3.8443133837513315E-5
1994-01-28,8.954813774273987E-5
1994-01-29,1.4681815775336016E-4
1994-01-30,0.003700417723332024
1994-01-31,0.005859884701879381
1994-02-01,0.0030765081761719745
1994-02-02,0.006021504551111566
1994-02-03,2.4106095389864917E-4
1994-02-04,1.0103563724432515E-4
1994-02-05,6.0900558440747586E-5
1994-02-06,3.0261508185345E-6
1994-02-07,1.0484434589351456E-5
1994-02-08,2.7666153857696117E-5
1994-02-09,0.00844528564407483
1994-02-10,5.036953548540011E-4
1994-02-11,1.423525570572019E-4
1994-02-12,7.029396327958105E-5
1994-02-13,1.0635361986087837E-4
1994-02-14,6.084352713973313E-6
1994-02-15,5.245981593843172E-5
1994-02-16,1.845235625789772E-5
1994-02-17,1.4162342842486604E-5
1994-02-18,2.3393331033067353E-5
1994-02-19,1.8719125568699198E-5
1994-02-20,1.8688514073730814E-6
1994-02-21,0.0033104706299693742
1994-02-22,0.011131689226378713
1994-02-23,1.5558061477130385E-4
1994-02-24,9.348350040505307E-6
1994-02-25,1.0408504264370654E-4
1994-02-26,7.90123565427207E-5
1994-02-27,1.3410093733644667E-4
1994-02-28,1.3968599927676785E-4
1994-03-01,5.570935237377091E-4
1994-03-02,1.0432426661242147E-5
1994-03-03,1.958644571598676E-5
1994-03-04,9.295651238853047E-5
1994-03-05,1.8660330723013763E-4
1994-03-06,2.3151514182437384E-4
1994-03-07,2.9632664436018748E-5
1994-03-08,1.476785411210652E-6
1994-03-09,6.669143497570864E-7
1994-03-10,3.2029629457954734E-6
1994-03-11,1.3359485730783942E-5
1994-03-12,1.3110968930852056E-5
1994-03-13,0.004567591116786132
1994-03-14,0.0045154685522204524
1994-03-15,0.014118663497128588
1994-03-16,0.006232037337942844
1994-03-17,0.005531455716386588
1994-03-18,0.0019304573426878104
1994-03-19,0.002770719350312325
1994-03-20,0.005071845154001263
1994-03-21,0.002835691071520403
1994-03-22,0.0022812153777054156
1994-03-23,0.0033388732766148825
1994-03-24,0.004724516264680408
1994-03-25,0.01779590630310062
1994-03-26,0.034699564339084006
1994-03-27,0.03775211518044449
1994-03-28,0.008625344257403118
1994-03-29,0.009627046931220339
1994-03-30,0.008972151983150467
1994-03-31,0.01053286314416608
1994-04-01,0.029759117606872495
1994-04-02,0.022087996035517265
1994-04-03,0.012821810500119697
1994-04-04,0.0016489661152644004
1994-04-05,0.0016514048184195678
1994-04-06,0.0025741791430515973
1994-04-07,0.0016831429257644008
1994-04-08,4.5621941619721233E-4
1994-04-09,4.425799449863467E-5
1994-04-10,1.1021396838029665E-5
1994-04-11,1.6431659939446063E-5
1994-04-12,3.670267204465527E-5
1994-04-13,4.558500249071167E-5
1994-04-14,4.8697473813860886E-5
1994-04-15,2.754583950802053E-4
1994-04-16,0.0038433067810858864
1994-04-17,0.013163522924673049
1994-04-18,0.01055267211324841
1994-04-19,0.0071265914541544005
1994-04-20,0.015249461948364927
1994-04-21,0.02120733549318117
1994-04-22,0.0213236146053016
1994-04-23,0.011873217624206414
1994-04-24,0.0054051811194157535
1994-04-25,0.008075393186409425
1994-04-26,0.0036421386046736016
1994-04-27,0.0013664970187806042
1994-04-28,4.599527055104207E-4
1994-04-29,7.311015420481417E-4
1994-04-30,0.0015153198478808445
1994-05-01,0.0020967218510213464
1994-05-02,0.006308398470073689
1994-05-03,0.012295141182576753
1994-05-04,0.0050765128995567945
1994-05-05,0.0028718139060495166
1994-05-06,0.00386331785554027
1994-05-07,0.008114229498541261
1994-05-08,0.010384330654150179
1994-05-09,0.009146989430976697
1994-05-10,0.007388455924888166
1994-05-11,0.0027322416046126107
1994-05-12,0.0021869665545435598
1994-05-13,0.002426667632062286
1994-05-14,0.007303520977523811
1994-05-15,0.011155510054180645
1994-05-16,0.012974934621059087
1994-05-17,0.008109619282058642
1994-05-18,0.007905326697037302
1994-05-19,0.0032216532362241497
1994-05-20,0.0059366107150959765
1994-05-21,0.007441387515365224
1994-05-22,0.008798114589395195
1994-05-23,0.009589373254557113
1994-05-24,0.014034279220106135
1994-05-25,0.009302878866145902
1994-05-26,0.006053452014515451
1994-05-27,0.006134681106593093
1994-05-28,0.008778252314468094
1994-05-29,0.01106100944265837
1994-05-30,0.00814275938540769
1994-05-31,0.014388735487720692
1994-06-01,0.035872287804662145
1994-06-02,0.032938644670237736
1994-06-03,0.02288668808977992
1994-06-04,0.012357862938367398
1994-06-05,0.010996029580734491
1994-06-06,0.004265164272913692
1994-06-07,0.005445037445043283
1994-06-08,0.004436592779608196
1994-06-09,0.01088645893195369
1994-06-10,0.020401945490427547
1994-06-11,0.02902252556650292
1994-06-12,0.024176638620659534
1994-06-13,0.019601256741845256
1994-06-14,0.015121702520472242
1994-06-15,0.015726975160503046
1994-06-16,0.01913519877112114
1994-06-17,0.027242659539433764
1994-06-18,0.01490656620632987
1994-06-19,0.011210505368364768
1994-06-20,0.014953650988218374
1994-06-21,0.01201484994637199
1994-06-22,0.012637335684256528
1994-06-23,0.013592078872793177
1994-06-24,0.018325871579193118
1994-06-25,0.01340538628406874
1994-06-26,0.007496777807493924
1994-06-27,0.023624805327407322
1994-06-28,0.019826735398917245
1994-06-29,0.015267245122143447
1994-06-30,0.0121083913819187
1994-07-01,0.016405347781561695
1994-07-02,0.033165881648152554
1994-07-03,0.007016478483227429
1994-07-04,0.008975692090972353
1994-07-05,0.013865755935817299
1994-07-06,0.019134016215371478
1994-07-07,0.01159951626785511
1994-07-08,0.00847731839245609
1994-07-09,0.010439372561317712
1994-07-10,0.012021865001327077
1994-07-11,0.01311958045222929
1994-07-12,0.01449119280821188
1994-07-13,0.01714988626850981
1994-07-14,0.016436894441720837
1994-07-15,0.009440412303198073
1994-07-16,0.010396642102659129
1994-07-17,0.009757959780381832
1994-07-18,0.014337241834668267
1994-07-19,0.012363739300431845
1994-07-20,0.01647031067538556
1994-07-21,0.018487000534606873
1994-07-22,0.016622210507602982
1994-07-23,0.009618960641451743
1994-07-24,0.007412684084580998
1994-07-25,0.008362175667586201
1994-07-26,0.009297077992640904
1994-07-27,0.01313297138176128
1994-07-28,0.01680129063844218
1994-07-29,0.013458242370810614
1994-07-30,0.010309916497003763
1994-07-31,0.005219275253717893
1994-08-01,0.00774216245968035
1994-08-02,0.02219057350633834
1994-08-03,0.010189572050752516
1994-08-04,0.015100286586081575
1994-08-05,0.01548737351458137
1994-08-06,0.014254732303444585
1994-08-07,0.010245013808766548
1994-08-08,0.010362274746950896
1994-08-09,0.010717344586677325
1994-08-10,0.011218876228849947
1994-08-11,0.0151457691604703
1994-08-12,0.014109823328328741
1994-08-13,0.022170923565404635
1994-08-14,0.022040054834479114
1994-08-15,0.005400623646541507
1994-08-16,0.006698310470184814
1994-08-17,0.008721746005656141
1994-08-18,0.008357266709922647
1994-08-19,0.005894273208320862
1994-08-20,0.008319957016339252
1994-08-21,0.02533265021418236
1994-08-22,0.02660690662917207
1994-08-23,0.017402571190798757
1994-08-24,0.013292220043218202
1994-08-25,0.014558057424802677
1994-08-26,0.015154998466329363
1994-08-27,0.012312486605812696
1994-08-28,0.011583271758203709
1994-08-29,0.010535480805553794
1994-08-30,0.012452962595903236
1994-08-31,0.03074549891374209
1994-09-01,0.010808297009102432
1994-09-02,0.007515784454051761
1994-09-03,0.0041109936103576675
1994-09-04,0.005861433318723768
1994-09-05,0.002157243391980737
1994-09-06,0.002200531790629454
1994-09-07,0.003971925067224116
1994-09-08,0.011080999662436093
1994-09-09,0.012799661986566352
1994-09-10,0.009837376271251048
1994-09-11,0.013261064192581468
1994-09-12,0.014346913640579193
1994-09-13,0.01339524276701092
1994-09-14,0.010387562755009721
1994-09-15,0.0068435421147005895
1994-09-16,0.010120231978504174
1994-09-17,0.005206554945573778
1994-09-18,0.004137016976548199
1994-09-19,0.013708202535394058
1994-09-20,0.008211146474182798
1994-09-21,0.009185958447714221
1994-09-22,0.004606792570378976
1994-09-23,0.002373030284034174
1994-09-24,0.0011632515416385245
1994-09-25,5.216667636078736E-4
1994-09-26,2.0962405323442668E-4
1994-09-27,2.745211345131663E-4
1994-09-28,3.7917187875209955E-4
1994-09-29,0.0017569594848254521
1994-09-30,0.004666625933859061
1994-10-01,0.005348469826826537
1994-10-02,0.004405491640069817
1994-10-03,0.00930915672492539
1994-10-04,0.007793817588130359
1994-10-05,0.010707001563751383
1994-10-06,0.007251001483339596
1994-10-07,0.010625647390695136
1994-10-08,0.012845906272700955
1994-10-09,0.020946289884396355
1994-10-10,0.0102306477015065
1994-10-11,0.0013055078279113753
1994-10-12,7.982116174390401E-4
1994-10-13,7.507822865552387E-4
1994-10-14,3.068554004465583E-4
1994-10-15,2.789219116910268E-4
1994-10-16,2.1089044202287163E-4
1994-10-17,4.311867329606448E-4
1994-10-18,0.0011825302836653672
1994-10-19,2.8290405470404186E-4
1994-10-20,0.001842099018685508
1994-10-21,0.005126635440946169
1994-10-22,0.00460746021925021
1994-10-23,0.004163815414994839
1994-10-24,0.0016261805935640099
1994-10-25,6.655455051423819E-4
1994-10-26,3.308582301837483E-4
1994-10-27,2.4851614502951997E-4
1994-10-28,2.44973604036208E-4
1994-10-29,7.084741997955897E-4
1994-10-30,4.739044699914355E-4
1994-10-31,3.8845926627090286E-4
1994-11-01,1.1135735701529589E-4
1994-11-02,5.11378842597775E-4
1994-11-03,7.966405827003803E-4
1994-11-04,4.046066655503049E-4
1994-11-05,2.1666171851566818E-4
1994-11-06,9.218063404297159E-4
1994-11-07,0.0014247368486813847
1994-11-08,0.002694781818758879
1994-11-09,5.816709514037843E-4
1994-11-10,4.0329769108637514E-4
1994-11-11,0.002883616873295656
1994-11-12,0.002237695137054299
1994-11-13,4.6075235554518166E-4
1994-11-14,3.7962410924589153E-4
1994-11-15,8.02512687841671E-5
1994-11-16,9.398690813401539E-5
1994-11-17,5.44022463454231E-4
1994-11-18,0.0013041646376443484
1994-11-19,2.636502166490063E-4
1994-11-20,1.0445995240541901E-5
1994-11-21,2.1500645691738793E-5
1994-11-22,1.7629920973918494E-4
1994-11-23,8.396448572971353E-4
1994-11-24,0.0020898852994142504
1994-11-25,0.0025917929072469858
1994-11-26,6.558590671453733E-5
1994-11-27,2.219679342085398E-4
1994-11-28,0.0019076072187388811
1994-11-29,0.001709960935001636
1994-11-30,0.0013765953071785898
1994-12-01,2.477750538388789E-4
1994-12-02,4.473899313717556E-6
1994-12-03,4.736676758132395E-6
1994-12-04,2.9371889349832534E-5
1994-12-05,8.791160556185151E-5
1994-12-06,2.130324530621773E-6
1994-12-07,8.785906708022292E-7
1994-12-08,1.5458732063687586E-5
1994-12-09,1.3314039144389993E-4
1994-12-10,3.5418272680124867E-4
1994-12-11,2.3527048832059196E-4
1994-12-12,5.027517974247551E-5
1994-12-13,5.560796716452963E-6
1994-12-14,7.843665689237133E-6
1994-12-15,6.785389071695937E-5
1994-12-16,1.2070765675424387E-4
1994-12-17,1.8540637827444573E-5
1994-12-18,2.0360317055390207E-5
1994-12-19,6.485099169488075E-5
1994-12-20,1.3514497278297293E-4
1994-12-21,1.8417228776439475E-4
1994-12-22,2.1713209234093962E-4
1994-12-23,1.411775467337684E-4
1994-12-24,5.892854550117401E-5
1994-12-25,5.678052241889054E-6
1994-12-26,2.4006363619559237E-6
1994-12-27,2.6461962084281713E-6
1994-12-28,4.4317046554360355E-6
1994-12-29,2.349027913144815E-5
1994-12-30,1.6284892408376835E-4
1994-12-31,3.100308912508248E-4
1995-01-01,3.065963531704396E-4
1995-01-02,1.0329670365812649E-4
1995-01-03,8.578647054448773E-6
1995-01-04,2.2219577676499926E-6
1995-01-05,2.9397192127971446E-6
1995-01-06,3.657812869670678E-6
1995-01-07,6.904627244519682E-6
1995-01-08,2.8301839348021744E-4
1995-01-09,0.002047258609596088
1995-01-10,4.31905456690641E-5
1995-01-11,5.0441743230823986E-5
1995-01-12,0.0014083470039889798
1995-01-13,8.232230828478049E-4
1995-01-14,8.854641523804321E-5
1995-01-15,3.942266798203855E-6
1995-01-16,1.0480585843243019E-6
1995-01-17,1.1566462888866777E-4
1995-01-18,4.049211518523974E-4
1995-01-19,1.8905366308742456E-5
1995-01-20,4.876139384417426E-5
1995-01-21,1.0483837136077103E-4
1995-01-22,6.068244032927121E-5
1995-01-23,4.617765188158014E-5
1995-01-24,4.321611065536258E-6
1995-01-25,1.2877562985850271E-5
1995-01-26,5.707651453563186E-6
1995-01-27,1.022343118465547E-6
1995-01-28,3.5121270533842523E-6
1995-01-29,2.2826942184254916E-5
1995-01-30,3.823053282586157E-5
1995-01-31,5.069538773062064E-6
1995-02-01,2.6284065411185965E-6
1995-02-02,3.0343525423999997E-5
1995-02-03,2.143859930138027E-5
1995-02-04,1.721084576395228E-5
1995-02-05,0.0012169719311098629
1995-02-06,8.027833704670382E-4
1995-02-07,2.3820599467926896E-5
1995-02-08,1.5197641388304934E-4
1995-02-09,4.984134335308714E-4
1995-02-10,9.178641104697545E-5
1995-02-11,0.0014216265066298497
1995-02-12,0.002134190265568442
1995-02-13,0.0013584983838987813
1995-02-14,8.055267514968038E-4
1995-02-15,0.010689204861968333
1995-02-16,0.004531195241521559
1995-02-17,1.4442570030492416E-4
1995-02-18,0.0036495480518485865
1995-02-19,0.0013384227271581082
1995-02-20,6.748032297406245E-4
1995-02-21,4.416549105933103E-4
1995-02-22,2.7677366589146714E-4
1995-02-23,0.011314861575301894
1995-02-24,0.002639103819268838
1995-02-25,1.6736574014905955E-4
1995-02-26,3.41798586848464E-5
1995-02-27,1.2687504305338563E-4
1995-02-28,0.001253250977213155
1995-03-01,0.0013782145160079206
1995-03-02,2.3309708525318324E-4
1995-03-03,8.188198757387071E-5
1995-03-04,2.6797965382495157E-5
1995-03-05,1.974155213000711E-5
1995-03-06,1.2032698612205793E-6
1995-03-07,3.591387351092175E-4
1995-03-08,5.614717374187437E-5
1995-03-09,9.334270898053575E-6
1995-03-10,1.6760039225761835E-5
1995-03-11,1.601115439810559E-4
1995-03-12,1.3525106134453272E-4
1995-03-13,2.1130930079569553E-6
1995-03-14,2.138349276780732E-7
1995-03-15,7.029954249158341E-8
1995-03-16,3.79395425843991E-7
1995-03-17,7.620406251934219E-6
1995-03-18,1.1948340138447066E-4
1995-03-19,1.2637426152780954E-5
1995-03-20,1.1414880064962425E-5
1995-03-21,1.0837759511225855E-4
1995-03-22,7.349333858734489E-6
1995-03-23,8.51777845090501E-6
1995-03-24,1.7260011990133134E-5
1995-03-25,4.7137550064598745E-4
1995-03-26,7.658530416902053E-4
1995-03-27,0.003024891190566914
1995-03-28,0.007341337761767697
1995-03-29,0.005309936611636406
1995-03-30,0.008736634147660455
1995-03-31,0.006912580751851962
1995-04-01,6.932933756714037E-4
1995-04-02,2.3835013401767144E-4
1995-04-03,3.0167406978994583E-6
1995-04-04,2.319302700894747E-5
1995-04-05,2.5574661483147436E-4
1995-04-06,0.0014559520471575183
1995-04-07,0.014862430172563109
1995-04-08,0.022975924086753908
1995-04-09,0.01197189786160165
1995-04-10,0.0022468445102862074
1995-04-11,0.0065250921178786545
1995-04-12,0.003980750431089592
1995-04-13,0.005799043001575479
1995-04-14,0.006560787137569217
1995-04-15,0.006377321122860526
1995-04-16,0.002829405139086293
1995-04-17,0.0017985026411929232
1995-04-18,0.002893965967514964
1995-04-19,0.0015364491049097242
1995-04-20,0.0065974448084191945
1995-04-21,0.0023368492983632605
1995-04-22,2.0471063974205237E-4
1995-04-23,0.001122398940826764
1995-04-24,0.0029857951385555267
1995-04-25,0.004383901634116245
1995-04-26,0.009269047785216845
1995-04-27,0.009475836622095916
1995-04-28,0.007416983193100725
1995-04-29,0.0055753031267226985
1995-04-30,0.008403348045641468
1995-05-01,0.00979810769543374
1995-05-02,0.007414245509751883
1995-05-03,0.0058814380901162705
1995-05-04,0.0062814412519215735
1995-05-05,0.006546162315296521
1995-05-06,0.007773176139278455
1995-05-07,0.005535547141134023
1995-05-08,0.005387373808705713
1995-05-09,0.0037657953353144743
1995-05-10,0.006269217262045657
1995-05-11,0.005548466968009051
1995-05-12,0.007832111010606931
1995-05-13,0.008314541320380772
1995-05-14,0.01871226948417918
1995-05-15,0.025035138072604664
1995-05-16,0.05262742958646882
1995-05-17,0.08999147081022035
1995-05-18,0.0037986699006567343
1995-05-19,9.971195158171692E-4
1995-05-20,0.002106651403860621
1995-05-21,0.006032212286299469
1995-05-22,0.005243638949932913
1995-05-23,0.003976326544030406
1995-05-24,0.005315528405143016
1995-05-25,0.005609963016179569
1995-05-26,0.004228864432777235
1995-05-27,0.0026712197756740604
1995-05-28,0.004596535390555059
1995-05-29,0.0038551839582536477
1995-05-30,0.005593276179298977
1995-05-31,0.005265733015062364
1995-06-01,0.006090012452828463
1995-06-02,0.007915567038721939
1995-06-03,0.014368114291682088
1995-06-04,0.020695580313999554
1995-06-05,0.017436840169634087
1995-06-06,0.015951345769945537
1995-06-07,0.010757986244271035
1995-06-08,0.01449439987832031
1995-06-09,0.013841256859449041
1995-06-10,0.019270099720243402
1995-06-11,0.021329722023373337
1995-06-12,0.03853754364468614
1995-06-13,0.043665605287122225
1995-06-14,0.010965414067838691
1995-06-15,0.01234601675786346
1995-06-16,0.049992391650154
1995-06-17,0.06988228112085973
1995-06-18,0.029580823421906956
1995-06-19,0.02114026849289057
1995-06-20,0.020754547616774015
1995-06-21,0.013333786913840658
1995-06-22,0.0157964829775975
1995-06-23,0.01690787036707086
1995-06-24,0.01303370334124882
1995-06-25,0.00732162887478745
1995-06-26,0.0059451268009875395
1995-06-27,0.008716716093024574
1995-06-28,0.009205956998530641
1995-06-29,0.010991237023279036
1995-06-30,0.01472894994344904
1995-07-01,0.03724491754863455
1995-07-02,0.030570649688899408
1995-07-03,0.02940022986155729
1995-07-04,0.03216035281698302
1995-07-05,0.04652017106955508
1995-07-06,0.02547079849970039
1995-07-07,0.011865407241025725
1995-07-08,0.012090203168527571
1995-07-09,0.01337830038995348
1995-07-10,0.018525060107822653
1995-07-11,0.015940889894730734
1995-07-12,0.011617669502650745
1995-07-13,0.017219638410606076
1995-07-14,0.011530436544984826
1995-07-15,0.013095860853844007
1995-07-16,0.01834499699032327
1995-07-17,0.0147699103141254
1995-07-18,0.017828661591451734
1995-07-19,0.011839328368433754
1995-07-20,0.01360023400799499
1995-07-21,0.01213772399639635
1995-07-22,0.010744812774408155
1995-07-23,0.006560541496228394
1995-07-24,0.0055030626996298475
1995-07-25,0.006248688455730936
1995-07-26,0.013561786721872155
1995-07-27,0.018158232126524766
1995-07-28,0.007316503785359512
1995-07-29,0.0037479159560305808
1995-07-30,0.016822636264075336
1995-07-31,0.01197269690914165
1995-08-01,0.010114361701026304
1995-08-02,0.015576092714339152
1995-08-03,0.019691830925351164
1995-08-04,0.009755354721568986
1995-08-05,0.008461728261866726
1995-08-06,0.01363837443456821
1995-08-07,0.00928970101462561
1995-08-08,0.013999193503682339
1995-08-09,0.009799136504986485
1995-08-10,0.008687144171296528
1995-08-11,0.016497738935666934
1995-08-12,0.047150496318258996
1995-08-13,0.04648360708131493
1995-08-14,0.020475209225197678
1995-08-15,0.010100585927414751
1995-08-16,0.011093002057486926
1995-08-17,0.013032606041935764
1995-08-18,0.016240906929867856
1995-08-19,0.011797932502834174
1995-08-20,0.009183671202601437
1995-08-21,0.009671204317056325
1995-08-22,0.008687285469468425
1995-08-23,0.011036545488934124
1995-08-24,0.011885243409704541
1995-08-25,0.012145812281800228
1995-08-26,0.01113934323025036
1995-08-27,0.009240338589046548
1995-08-28,0.010348710499794139
1995-08-29,0.008130393189547808
1995-08-30,0.004998993768999921
1995-08-31,0.006552226648356844
1995-09-01,0.011017333798088941
1995-09-02,0.015400031620552352
1995-09-03,0.02046784558375485
1995-09-04,0.02164078314174836
1995-09-05,0.02187666028155005
1995-09-06,0.014050544441331575
1995-09-07,0.0036151213742567933
1995-09-08,0.006415623402187198
1995-09-09,0.010071190621805943
1995-09-10,0.007788255327599709
1995-09-11,0.0051229787948760905
1995-09-12,0.00609506467413197
1995-09-13,0.0028182487903655657
1995-09-14,0.00412380915770043
1995-09-15,0.00572692808613607
1995-09-16,0.016787777710259175
1995-09-17,0.020121947208969006
1995-09-18,0.0071986203559339795
1995-09-19,0.005849166850987969
1995-09-20,0.008166359851282995
1995-09-21,0.011233493348157543
1995-09-22,0.024351704987181245
1995-09-23,0.028098743814816328
1995-09-24,0.02256998474818538
1995-09-25,0.018588054787764773
1995-09-26,0.015004699219662203
1995-09-27,0.012074741353165068
1995-09-28,0.013055841427349798
1995-09-29,0.005602556548817869
1995-09-30,0.004682015361793199
1995-10-01,0.002966065619213539
1995-10-02,0.002597883208384296
1995-10-03,0.0051702156389137315
1995-10-04,0.007597451032319205
1995-10-05,0.005530321952320974
1995-10-06,0.006252408238114845
1995-10-07,0.010346189109882904
1995-10-08,0.011486229791513397
1995-10-09,0.003247470456610475
1995-10-10,0.006104771201891319
1995-10-11,0.006797062454892963
1995-10-12,0.004499099984803585
1995-10-13,8.919590391929977E-4
1995-10-14,5.87105324780407E-4
1995-10-15,2.850232008150584E-4
1995-10-16,0.0012076885651022798
1995-10-17,0.0064727552067171765
1995-10-18,0.009400721478929402
1995-10-19,0.004601732987280792
1995-10-20,0.0042138960821872145
1995-10-21,0.005182494528463396
1995-10-22,0.005320037093983677
1995-10-23,0.0012299461664331962
1995-10-24,0.0016052940121257843
1995-10-25,0.0016847786029539976
1995-10-26,4.0126695534798307E-4
1995-10-27,7.531145733081943E-5
1995-10-28,2.3327765528525223E-5
1995-10-29,9.465854634023372E-5
1995-10-30,0.0015895038839515302
1995-10-31,0.0029584115607402105
1995-11-01,0.009806626367076902
1995-11-02,0.0119214184166253
1995-11-03,0.002068158860027008
1995-11-04,0.0011082848191320527
1995-11-05,0.0014586786967631612
1995-11-06,3.350748738578291E-4
1995-11-07,1.28492011470315E-4
1995-11-08,7.606926850659906E-4
1995-11-09,0.022612149615602387
1995-11-10,0.03251096024550738
1995-11-11,0.006382608646637238
1995-11-12,0.0022067893812370456
1995-11-13,3.325563059331757E-4
1995-11-14,6.0339676932688404E-5
1995-11-15,4.704658708989933E-5
1995-11-16,0.0018720844661994941
1995-11-17,0.004553742452227811
1995-11-18,0.00536895205893116
1995-11-19,0.007261323887040871
1995-11-20,0.001285971715949472
1995-11-21,5.650425431410957E-4
1995-11-22,2.2690558611344343E-4
1995-11-23,9.334484245629111E-5
1995-11-24,0.0028266672613946214
1995-11-25,0.030329920984545893
1995-11-26,7.702400906265376E-4
1995-11-27,2.582432812688661E-4
1995-11-28,1.3422966599316934E-4
1995-11-29,1.303880957262001E-4
1995-11-30,4.904471474628535E-5
1995-12-01,2.515121119587401E-4
1995-12-02,2.554078765196929E-4
1995-12-03,1.743478827032227E-4
1995-12-04,1.7944909186784304E-4
1995-12-05,2.024585890711168E-4
1995-12-06,1.1596492941016656E-4
1995-12-07,1.1245117233687246E-4
1995-12-08,6.324992874334946E-5
1995-12-09,1.9519760191217305E-4
1995-12-10,2.1209826369795182E-4
1995-12-11,1.0376000014414867E-4
1995-12-12,1.73038649742225E-4
1995-12-13,1.4830880548689118E-4
1995-12-14,1.3007766106751215E-4
1995-12-15,1.3705524159514598E-4
1995-12-16,1.8098968208181648E-4
1995-12-17,2.121908670850257E-4
1995-12-18,1.4378151476201526E-4
1995-12-19,3.785281769984954E-4
1995-12-20,1.5671822821910984E-4
1995-12-21,1.754119159171786E-4
1995-12-22,1.649316281999525E-4
1995-12-23,6.311325818312E-4
1995-12-24,0.0013406664707900837
1995-12-25,3.779785194658596E-4
1995-12-26,3.5000118490385163E-4
1995-12-27,4.391393447265445E-5
1995-12-28,9.193468959833103E-5
1995-12-29,7.977817587739005E-5
1995-12-30,6.734379714485427E-5
1995-12-31,1.0764261663524887E-4
1996-01-01,2.729840274777714E-4
1996-01-02,5.785002018071108E-5
1996-01-03,1.0514968359104665E-4
1996-01-04,5.856655896235792E-4
1996-01-05,3.772609878408439E-4
1996-01-06,2.563239798487037E-4
1996-01-07,1.925007254170902E-4
1996-01-08,7.960732927179926E-5
1996-01-09,1.2101946693937623E-4
1996-01-10,2.689370924991895E-4
1996-01-11,5.707615615581582E-4
1996-01-12,7.070048167098702E-4
1996-01-13,1.9361317177241856E-4
1996-01-14,5.6545591955629135E-5
1996-01-15,6.77064122596034E-5
1996-01-16,0.0017639311684498568
1996-01-17,6.945588944812031E-4
1996-01-18,1.6338785087336913E-4
1996-01-19,1.114653109737182E-4
1996-01-20,1.1084407352653422E-4
1996-01-21,1.461675646303226E-4
1996-01-22,5.028570025067075E-5
1996-01-23,2.9830504193448494E-5
1996-01-24,1.7193824499524586E-4
1996-01-25,1.9121530564321162E-4
1996-01-26,1.7388184168562958E-4
1996-01-27,5.7433280305973206E-5
1996-01-28,1.7813206190960024E-5
1996-01-29,4.93097982377781E-5
1996-01-30,3.543109585039388E-5
1996-01-31,8.037750291520678E-6
1996-02-01,8.293588182987353E-6
1996-02-02,7.496361916885985E-6
1996-02-03,9.912504374599166E-5
1996-02-04,1.0370226909634243E-5
1996-02-05,3.7600533002862203E-6
1996-02-06,7.804190037642089E-5
1996-02-07,1.079294491958305E-5
1996-02-08,1.5054648656716378E-5
1996-02-09,1.529347033899653E-5
1996-02-10,2.7182769616751786E-5
1996-02-11,3.845190320736543E-4
1996-02-12,0.0011888368603839936
1996-02-13,7.216066248255126E-6
1996-02-14,2.903711670241295E-6
1996-02-15,1.2980292412432744E-6
1996-02-16,2.43664607767774E-5
1996-02-17,2.109573222837591E-5
1996-02-18,1.0067177355746134E-5
1996-02-19,8.723909931380923E-6
1996-02-20,0.0042882170510451754
1996-02-21,0.010495271287964233
1996-02-22,0.006479843523451998
1996-02-23,0.0020279008548309474
1996-02-24,0.0013911743120976297
1996-02-25,0.004348254757798925
1996-02-26,0.007549877826085916
1996-02-27,0.002111308528461291
1996-02-28,2.0525442717103697E-4
1996-02-29,4.3550897335285695E-5
1996-03-01,2.186107485662662E-7
1996-03-02,2.539457892180749E-6
1996-03-03,6.219311067147945E-6
1996-03-04,7.632525812177421E-5
1996-03-05,7.001159505861993E-4
1996-03-06,1.2943275576918266E-4
1996-03-07,6.760878090226251E-4
1996-03-08,0.003385210119111046
1996-03-09,3.1795275077308805E-4
1996-03-10,4.992969952946179E-4
1996-03-11,0.0011100106794158394
1996-03-12,0.0041840451975339666
1996-03-13,0.0074994432878972405
1996-03-14,0.004571802768769982
1996-03-15,0.0032417972085531
1996-03-16,0.0015879524248682527
1996-03-17,5.966856971645533E-4
1996-03-18,9.489238073887614E-5
1996-03-19,3.5730237695814014E-6
1996-03-20,3.733154418921718E-4
1996-03-21,4.5151843660313086E-4
1996-03-22,0.008358247943102247
1996-03-23,0.005804368754719832
1996-03-24,0.00802871597153693
1996-03-25,0.0077662005729643635
1996-03-26,0.05716892127154329
1996-03-27,0.009952190942755346
1996-03-28,0.013832711517820633
1996-03-29,0.012069909443371267
1996-03-30,0.011286863498067541
1996-03-31,0.009391691053481296
1996-04-01,0.003824953696433911
1996-04-02,2.3279703025379106E-4
1996-04-03,1.2753849784089284E-4
1996-04-04,6.494228352608877E-4
1996-04-05,9.818677543973582E-4
1996-04-06,0.0019646545073513833
1996-04-07,0.0023648916813262012
1996-04-08,4.896847612875338E-4
1996-04-09,5.786464066246172E-4
1996-04-10,3.6511810876555033E-4
1996-04-11,6.155164304308846E-4
1996-04-12,2.7742348856590545E-4
1996-04-13,2.748331323231657E-4
1996-04-14,1.1681266585670626E-4
1996-04-15,1.9266838275745803E-4
1996-04-16,1.7442159165065456E-4
1996-04-17,3.8299208227895136E-4
1996-04-18,0.002819842277038259
1996-04-19,0.00722246473118977
1996-04-20,0.0040338862014360245
1996-04-21,0.0013673027441958986
1996-04-22,0.004478392619895816
1996-04-23,0.010917538461450016
1996-04-24,0.020078355051241305
1996-04-25,0.014434358864481087
1996-04-26,0.008352563570276342
1996-04-27,0.0017634200431882947
1996-04-28,0.003513404432929114
1996-04-29,0.0049651763757964686
1996-04-30,0.01009881866571848
1996-05-01,0.01226249129457246
1996-05-02,0.01511166544617519
1996-05-03,0.008007881219801399
1996-05-04,0.005375598373548418
1996-05-05,0.0035760249994192185
1996-05-06,0.004175373829502473
1996-05-07,0.010141187497953159
1996-05-08,0.012987051341196744
1996-05-09,0.007265804853124256
1996-05-10,0.008968564337366789
1996-05-11,0.01964653623050814
1996-05-12,0.031000690811944457
1996-05-13,0.025985537812628287
1996-05-14,0.029728753771375932
1996-05-15,0.019395160965880752
1996-05-16,0.014275148998335067
1996-05-17,0.011834944325766365
1996-05-18,0.008957809540248052
1996-05-19,0.0033329399665471713
1996-05-20,0.0038344923870917646
1996-05-21,0.002001143980924362
1996-05-22,0.0019313434690208034
1996-05-23,0.006192396950984426
1996-05-24,0.006830448187607573
1996-05-25,0.009021584842421035
1996-05-26,0.01957259227398144
1996-05-27,0.012297648192320158
1996-05-28,0.009719530175409163
1996-05-29,0.018744540664943694
1996-05-30,0.02286562835817892
1996-05-31,0.013884749765983738
1996-06-01,0.013177350534926382
1996-06-02,0.01988136115660171
1996-06-03,0.02069879713627055
1996-06-04,0.019734966938577347
1996-06-05,0.017535725936164755
1996-06-06,0.01243166853970059
1996-06-07,0.009829505633389683
1996-06-08,0.008087538832398726
1996-06-09,0.006700193841475329
1996-06-10,0.006604135357370182
1996-06-11,0.010086281473659722
1996-06-12,0.009386408252880422
1996-06-13,0.0031228102785079556
1996-06-14,0.005296039974220179
1996-06-15,0.002928478385331816
1996-06-16,0.007885047937486275
1996-06-17,0.013814801268112247
1996-06-18,0.023391620794362866
1996-06-19,0.024205401954987254
1996-06-20,0.03393839044804766
1996-06-21,0.03988664932932668
1996-06-22,0.01405180312323445
1996-06-23,0.01736669158635668
1996-06-24,0.023551673888907363
1996-06-25,0.02601930530963409
1996-06-26,0.01663552867894759
1996-06-27,0.014851190095394446
1996-06-28,0.019816143463657926
1996-06-29,0.019373815589856822
1996-06-30,0.02773842204189258
1996-07-01,0.043698792294343966
1996-07-02,0.04106236226587878
1996-07-03,0.020193432221183732
1996-07-04,0.011773606594398179
1996-07-05,0.012477290297030595
1996-07-06,0.010082467920557829
1996-07-07,0.00681204312741992
1996-07-08,0.005398145923599703
1996-07-09,0.006487555182794056
1996-07-10,0.009761389334127036
1996-07-11,0.015690519614805373
1996-07-12,0.01125140870095586
1996-07-13,0.009052581282726449
1996-07-14,0.013695997558839374
1996-07-15,0.013666914736957898
1996-07-16,0.015137363264859885
1996-07-17,0.009684606853154252
1996-07-18,0.009282933140783479
1996-07-19,0.009291676038848541
1996-07-20,0.010750323019428236
1996-07-21,0.00791215506638634
1996-07-22,0.012787304455126013
1996-07-23,0.009364888459728537
1996-07-24,0.008025673213485525
1996-07-25,0.015016914876987779
1996-07-26,0.02296095962777768
1996-07-27,0.008742142711352967
1996-07-28,0.008122701552003278
1996-07-29,0.011037573316472454
1996-07-30,0.016900632171499987
1996-07-31,0.018431493004036303
1996-08-01,0.018590357260755374
1996-08-02,0.0232014041342764
1996-08-03,0.018237626030597805
1996-08-04,0.013318855352136843
1996-08-05,0.015797398266879023
1996-08-06,0.017568559090566305
1996-08-07,0.015770949764734192
1996-08-08,0.017452604902848032
1996-08-09,0.009292438638050552
1996-08-10,0.007077933614050472
1996-08-11,0.012825112215289288
1996-08-12,0.010128300483725967
1996-08-13,0.009372394985385767
1996-08-14,0.015617990632667347
1996-08-15,0.01733167019712776
1996-08-16,0.021593804880631465
1996-08-17,0.02259235772149016
1996-08-18,0.01680174729063836
1996-08-19,0.01285986662999065
1996-08-20,0.014974298789743677
1996-08-21,0.020921319173277955
1996-08-22,0.007313352017312636
1996-08-23,0.001262117059915628
1996-08-24,0.006909854238106697
1996-08-25,0.009304216137272059
1996-08-26,0.0063951074536757885
1996-08-27,0.011500538843039898
1996-08-28,0.012517475141715959
1996-08-29,0.017323926998389937
1996-08-30,0.019635490778561634
1996-08-31,0.013970344516600805
1996-09-01,0.007501012643814059
1996-09-02,0.00755210310797305
1996-09-03,0.013909601693997117
1996-09-04,0.019191692554257633
1996-09-05,0.011136902305766923
1996-09-06,0.007386696326314197
1996-09-07,0.0066682112236612955
1996-09-08,0.003585746590634083
1996-09-09,0.0033141251549137405
1996-09-10,0.003162572004961348
1996-09-11,0.0065585135926082205
1996-09-12,0.00379359126885245
1996-09-13,0.002666867913478579
1996-09-14,0.0016481973992741898
1996-09-15,0.0035056685836560952
1996-09-16,0.020284390451251716
1996-09-17,0.02573711216174848
1996-09-18,0.013123814899028311
1996-09-19,0.015394460930664468
1996-09-20,0.02079223908721435
1996-09-21,0.02637242366353335
1996-09-22,0.021320633886916972
1996-09-23,0.007361431276468153
1996-09-24,0.01007683299055342
1996-09-25,0.008082159110668978
1996-09-26,0.0129188870458245
1996-09-27,0.016728417799191545
1996-09-28,0.013634399457260324
1996-09-29,0.00445895709232816
1996-09-30,0.002804362929912184
1996-10-01,0.005857088537030063
1996-10-02,0.0104615037383384
1996-10-03,0.013610877402296192
1996-10-04,0.020959262102997256
1996-10-05,0.014000620185495681
1996-10-06,0.013786940112663277
1996-10-07,0.0038169276224519415
1996-10-08,5.46357747205088E-4
1996-10-09,4.0302991554725157E-4
1996-10-10,3.5331994637006196E-4
1996-10-11,2.5817054290153195E-4
1996-10-12,4.968519219319195E-4
1996-10-13,4.676462127284813E-4
1996-10-14,4.938135895884122E-4
1996-10-15,7.676779587726423E-4
1996-10-16,8.231131132056044E-4
1996-10-17,4.635835432059122E-4
1996-10-18,3.2036247859948186E-4
1996-10-19,3.144378638216491E-4
1996-10-20,2.3676605517842603E-4
1996-10-21,3.143231412963727E-4
1996-10-22,2.2429622752001208E-4
1996-10-23,3.910467546538149E-4
1996-10-24,0.0011032161972374728
1996-10-25,0.0014432081167930753
1996-10-26,0.0054121948853027325
1996-10-27,0.020961758286409296
1996-10-28,0.04338280398964498
1996-10-29,0.042812242372857204
1996-10-30,0.011515649586029264
1996-10-31,0.001903727129185863
1996-11-01,2.828257080228153E-4
1996-11-02,8.95049442480615E-4
1996-11-03,0.0015757203552380394
1996-11-04,0.0015907573549025665
1996-11-05,0.002571327689996373
1996-11-06,0.004897078000942687
1996-11-07,0.0022176017513751128
1996-11-08,2.7127490157732143E-4
1996-11-09,1.862435956560943E-4
1996-11-10,1.5870351798292958E-4
1996-11-11,1.6950397404701814E-4
1996-11-12,3.1668311611248145E-4
1996-11-13,3.171053605519793E-4
1996-11-14,2.4555364257406896E-4
1996-11-15,2.95798295247707E-4
1996-11-16,3.6584802023239253E-4
1996-11-17,3.2355082424755636E-4
1996-11-18,1.6976252349323837E-4
1996-11-19,9.11506653197306E-5
1996-11-20,3.646209062458481E-5
1996-11-21,6.197220307726783E-5
1996-11-22,1.8847868754330978E-4
1996-11-23,2.126663922520857E-4
1996-11-24,2.843801872407742E-4
1996-11-25,1.749922918988473E-4
1996-11-26,1.3020081322716372E-5
1996-11-27,1.993350817464052E-6
1996-11-28,2.547170457599387E-5
1996-11-29,1.6382095901010217E-5
1996-11-30,3.062884422803907E-5
1996-12-01,1.3336655227446344E-4
1996-12-02,3.0140254071744254E-4
1996-12-03,8.887800214786555E-4
1996-12-04,4.4741628847777207E-4
1996-12-05,4.093378974213744E-4
1996-12-06,3.506343520404591E-4
1996-12-07,1.3772794975325164E-4
1996-12-08,1.2099228363774817E-4
1996-12-09,4.566389512471578E-5
1996-12-10,2.0372795162059143E-5
1996-12-11,1.8465648219332808E-5
1996-12-12,1.619923220237658E-5
1996-12-13,1.4438588448127141E-5
1996-12-14,1.3505684694080738E-4
1996-12-15,2.2843726982747968E-4
1996-12-16,4.957108218030145E-5
1996-12-17,4.3064793898570625E-6
1996-12-18,7.10683168415671E-6
1996-12-19,7.675629451739558E-7
1996-12-20,1.8592349429983745E-6
1996-12-21,5.293100261071401E-5
1996-12-22,9.694908200366349E-5
1996-12-23,1.1368525477723259E-4
1996-12-24,7.871461634046206E-5
1996-12-25,1.2862528590885365E-5
1996-12-26,3.1475126378045845E-5
1996-12-27,1.3239698188996336E-4
1996-12-28,6.142243714209826E-5
1996-12-29,1.9297423634794597E-5
1996-12-30,1.0650086884578226E-5
1996-12-31,3.831165332622396E-6
1997-01-01,4.936385075425041E-6
1997-01-02,1.368625196178748E-5
1997-01-03,2.388394414541096E-5
1997-01-04,2.2671284983603963E-5
1997-01-05,9.8392878757152E-5
1997-01-06,1.842386778844035E-4
1997-01-07,1.0157235414646733E-4
1997-01-08,4.812541106290773E-5
1997-01-09,1.1547532158050171E-5
1997-01-10,9.18434780927301E-6
1997-01-11,2.3712948014708984E-5
1997-01-12,7.545487149106055E-5
1997-01-13,4.373813780246106E-5
1997-01-14,1.3021305077507173E-5
1997-01-15,9.559171631367606E-5
1997-01-16,7.871748324581178E-4
1997-01-17,0.0011747957948582044
1997-01-18,2.6526696200191035E-6
1997-01-19,3.3192206817872264E-6
1997-01-20,0.0026111181497505327
1997-01-21,0.004267464478794253
1997-01-22,0.0019753229254848084
1997-01-23,2.5315428804940985E-4
1997-01-24,4.7310930935665334E-4
1997-01-25,2.50373879884136E-4
1997-01-26,3.789492219427406E-5
1997-01-27,3.015749109746283E-7
1997-01-28,4.843633221272475E-5
1997-01-29,9.623919457672603E-5
1997-01-30,2.268407046892403E-4
1997-01-31,7.333211725888305E-4
1997-02-01,0.004265259653028909
1997-02-02,8.470211988787317E-4
1997-02-03,0.0029748222654285813
1997-02-04,0.0038014831889464154
1997-02-05,0.0021154297803137653
1997-02-06,0.001636334691792737
1997-02-07,0.0012952801165573944
1997-02-08,6.284407852257245E-4
1997-02-09,1.3756592477998317E-4
1997-02-10,3.205122819892314E-4
1997-02-11,6.113773659076198E-4
1997-02-12,4.5172755036036044E-4
1997-02-13,1.5462780473408892E-4
1997-02-14,1.5390016507309945E-4
1997-02-15,3.33344343937083E-5
1997-02-16,4.540170488481637E-4
1997-02-17,0.0010592833886393564
1997-02-18,2.1834821616713147E-4
1997-02-19,0.003079152668812612
1997-02-20,0.005156101972120306
1997-02-21,4.134886628644682E-4
1997-02-22,6.056483930128089E-4
1997-02-23,8.543172856965141E-4
1997-02-24,2.3643599173231265E-6
1997-02-25,2.6314026509986154E-5
1997-02-26,0.00335588945770943
1997-02-27,0.0028974137974175423
1997-02-28,0.0022943919099546856
1997-03-01,2.4030204730104836E-5
1997-03-02,4.1495369124066404E-5
1997-03-03,1.583413076195973E-4
1997-03-04,2.3275732871062021E-4
1997-03-05,7.301126014268648E-5
1997-03-06,1.0622754339203734E-5
1997-03-07,3.2428288929233175E-5
1997-03-08,3.6744029693397324E-5
1997-03-09,1.0484047788185305E-4
1997-03-10,3.3718559766799923E-4
1997-03-11,8.720314665129283E-5
1997-03-12,3.66363939145975E-5
1997-03-13,0.0033637016245369926
1997-03-14,0.006861178166023696
1997-03-15,0.00749881901777459
1997-03-16,0.00840186763184342
1997-03-17,0.007396639959422116
1997-03-18,0.0023110588712308222
1997-03-19,0.003123677991936691
1997-03-20,0.010507871248411032
1997-03-21,0.012583771273729769
1997-03-22,0.009918777027770118
1997-03-23,0.005292098934798854
1997-03-24,0.0024325287023123426
1997-03-25,0.006874275185439082
1997-03-26,0.001466781988589516
1997-03-27,4.1672618316948633E-4
1997-03-28,6.57329634223669E-4
1997-03-29,0.00945616048907415
1997-03-30,0.016741157201211332
1997-03-31,0.006229596209494881
1997-04-01,0.0020898769847254666
1997-04-02,0.008715326111967764
1997-04-03,0.006629527462087848
1997-04-04,0.003270169728899313
1997-04-05,0.0048676025312827855
1997-04-06,0.0025445480779156537
1997-04-07,0.00514724051639465
1997-04-08,0.0056712441176407806
1997-04-09,0.0010700482634400093
1997-04-10,0.007413889998663622
1997-04-11,0.006354758745753717
1997-04-12,0.006389409680516924
1997-04-13,0.0016332314006753232
1997-04-14,0.003401552911192666
1997-04-15,0.0087551425661755
1997-04-16,0.0071782034255483225
1997-04-17,0.003830614418304137
1997-04-18,0.0013167170267795417
1997-04-19,0.0013859742450885622
1997-04-20,0.004010152398417875
1997-04-21,0.0036398471227391954
1997-04-22,0.004923114080118963
1997-04-23,0.006467515328827652
1997-04-24,0.003310658423610525
1997-04-25,0.006406290974638993
1997-04-26,0.007006160725113356
1997-04-27,0.007617888145774861
1997-04-28,0.007729458089825086
1997-04-29,0.004247474320339527
1997-04-30,0.003832835787804133
1997-05-01,0.002784727400020288
1997-05-02,0.005105284561537492
1997-05-03,0.005827543255647702
1997-05-04,0.00503316166142463
1997-05-05,0.00317466228684924
1997-05-06,0.0027041118277689163
1997-05-07,0.005235837432833961
1997-05-08,0.0021066253599810896
1997-05-09,0.00546761629384458
1997-05-10,0.006062835184869278
1997-05-11,0.003442981916132927
1997-05-12,0.0035032765513356426
1997-05-13,0.004121697033514785
1997-05-14,0.0024241560240847587
1997-05-15,0.0028169097040809023
1997-05-16,0.0028613436515891443
1997-05-17,0.0013613579354460777
1997-05-18,0.009881910741668831
1997-05-19,0.03929066413961682
1997-05-20,0.017971177037976866
1997-05-21,0.008116515218487842
1997-05-22,0.00824634882150724
1997-05-23,0.02140720843898899
1997-05-24,0.010598655724948973
1997-05-25,0.01204563268975669
1997-05-26,0.014785924312717776
1997-05-27,0.029841120007307678
1997-05-28,0.009296207390939878
1997-05-29,0.009652381122549415
1997-05-30,0.010247442382209794
1997-05-31,0.005436856683023908
1997-06-01,0.007275558138129869
1997-06-02,0.01051202328136226
1997-06-03,0.007531732933236036
1997-06-04,0.006515883657608138
1997-06-05,0.009402017598945694
1997-06-06,0.012316010129104476
1997-06-07,0.019120699736216967
1997-06-08,0.013462778177118788
1997-06-09,0.01288228672990772
1997-06-10,0.013536325941744278
1997-06-11,0.01337114755952465
1997-06-12,0.009221441347424867
1997-06-13,0.009468386842695234
1997-06-14,0.006710239077294619
1997-06-15,0.027448409317928173
1997-06-16,0.027028068530047418
1997-06-17,0.013488783857554646
1997-06-18,0.012165100400174442
1997-06-19,0.018675748140303875
1997-06-20,0.015588977636874076
1997-06-21,0.008175849348232565
1997-06-22,0.006969239807947115
1997-06-23,0.010525921665694231
1997-06-24,0.014245302029597668
1997-06-25,0.014002214284992166
1997-06-26,0.019576687199102952
1997-06-27,0.019398017285147572
1997-06-28,0.018472496926047643
1997-06-29,0.016558006932775256
1997-06-30,0.013361895400855918
1997-07-01,0.011532893178457534
1997-07-02,0.014066858365796929
1997-07-03,0.02289625479725723
1997-07-04,0.011445487231804706
1997-07-05,0.015644530169279164
1997-07-06,0.014875509824999897
1997-07-07,0.012067259265345211
1997-07-08,0.021111949806998976
1997-07-09,0.05128673512465708
1997-07-10,0.07508026042610864
1997-07-11,0.05309536078297772
1997-07-12,0.029937246655188716
1997-07-13,0.015176944081959519
1997-07-14,0.013026482786386543
1997-07-15,0.011029153072940206
1997-07-16,0.013894811393934144
1997-07-17,0.016021447423592107
1997-07-18,0.010077218392955754
1997-07-19,0.013427922534887003
1997-07-20,0.013329972138203144
1997-07-21,0.013212414266427521
1997-07-22,0.007838128908525813
1997-07-23,0.005970724241183869
1997-07-24,0.00505047370796967
1997-07-25,0.00894825476966308
1997-07-26,0.017481509636310826
1997-07-27,0.016960446230330578
1997-07-28,0.01247466478858557
1997-07-29,0.014353200065104769
1997-07-30,0.013625227468570462
1997-07-31,0.01071620332335365
1997-08-01,0.012759542448695373
1997-08-02,0.011737978142121793
1997-08-03,0.0088813646202727
1997-08-04,0.017799433963269287
1997-08-05,0.016621289102086653
1997-08-06,0.008785451133511415
1997-08-07,0.006743782629465839
1997-08-08,0.008538531894506454
1997-08-09,0.025714265489325015
1997-08-10,0.022139482091012432
1997-08-11,0.031669020791016696
1997-08-12,0.023893894354448424
1997-08-13,0.020153580722602468
1997-08-14,0.019728414839661784
1997-08-15,0.0063071310158912776
1997-08-16,0.010141101994449323
1997-08-17,0.009687420791640956
1997-08-18,0.006662462324183757
1997-08-19,0.011553028353092949
1997-08-20,0.010221219650852681
1997-08-21,0.007322095750790366
1997-08-22,0.0038926450937704017
1997-08-23,0.002102638875103586
1997-08-24,0.0020568320238851224
1997-08-25,0.00950090072717276
1997-08-26,0.0050211886034476
1997-08-27,0.009326382404353677
1997-08-28,0.01646330427799677
1997-08-29,0.015452349265198484
1997-08-30,0.01690258485893466
1997-08-31,0.011793497401309574
1997-09-01,0.003113545706605247
1997-09-02,0.007672583103310114
1997-09-03,0.012115194754250103
1997-09-04,0.015107037824496322
1997-09-05,0.031105325540526228
1997-09-06,0.026365187244256214
1997-09-07,0.010442614333922157
1997-09-08,0.006134691420712639
1997-09-09,0.004477013502746825
1997-09-10,0.00582082363639123
1997-09-11,0.007057661167348885
1997-09-12,0.01196319910748145
1997-09-13,0.01415398146286583
1997-09-14,0.008206154838722664
1997-09-15,0.00823781256967597
1997-09-16,0.009507484376791433
1997-09-17,0.009519834017144646
1997-09-18,0.008335737882171426
1997-09-19,0.010270341057889145
1997-09-20,0.010851762000888653
1997-09-21,0.014279068485041273
1997-09-22,0.01687239602664361
1997-09-23,0.010788891609958148
1997-09-24,0.007658864587974989
1997-09-25,0.01290827091687508
1997-09-26,0.030097242221286617
1997-09-27,0.05159428278108669
1997-09-28,0.007803594736674864
1997-09-29,0.011344255490173571
1997-09-30,0.009571646881746552
1997-10-01,0.0036509616413341935
1997-10-02,0.0016439997009503743
1997-10-03,9.391652302905763E-4
1997-10-04,3.790491424715764E-4
1997-10-05,2.498740906271617E-4
1997-10-06,0.001493156958828292
1997-10-07,0.0041271050481155366
1997-10-08,0.009205047694609577
1997-10-09,0.0027878556647089442
1997-10-10,0.001848362149336667
1997-10-11,5.435842691042484E-4
1997-10-12,4.177719293807504E-4
1997-10-13,7.200864508237596E-4
1997-10-14,4.3191733670470105E-4
1997-10-15,2.8995835492264536E-4
1997-10-16,3.337564699041473E-4
1997-10-17,2.601733977084769E-4
1997-10-18,7.633110317382656E-4
1997-10-19,4.2263039838241393E-4
1997-10-20,3.8336476526779225E-4
1997-10-21,3.283517693059915E-4
1997-10-22,2.9278789731884946E-4
1997-10-23,1.3556885144779015E-4
1997-10-24,4.0477207505329503E-4
1997-10-25,8.137537288752173E-4
1997-10-26,2.57799028982025E-4
1997-10-27,1.012575731857001E-4
1997-10-28,2.3598808314639414E-4
1997-10-29,4.5014428857537234E-4
1997-10-30,3.395598205474557E-4
1997-10-31,2.6030275021156194E-4
1997-11-01,2.0120471611165383E-4
1997-11-02,1.675479757858021E-4
1997-11-03,8.23122881509712E-5
1997-11-04,4.243919162122294E-5
1997-11-05,4.2134030586710847E-4
1997-11-06,2.5347569512829517E-4
1997-11-07,8.556856506589865E-4
1997-11-08,0.001524706110655337
1997-11-09,0.0011799185721447492
1997-11-10,0.0017198377964581825
1997-11-11,0.005239432852523403
1997-11-12,0.0018140420667095679
1997-11-13,5.562108002016727E-4
1997-11-14,1.291520414229077E-4
1997-11-15,1.0054029945184115E-4
1997-11-16,1.928918030547258E-5
1997-11-17,1.834122612765854E-5
1997-11-18,2.7293502680423817E-5
1997-11-19,4.856566182737152E-5
1997-11-20,2.0197819113665136E-4
1997-11-21,1.1572421176433903E-4
1997-11-22,4.43564174666984E-5
1997-11-23,1.686189567205596E-5
1997-11-24,1.6566012034582983E-4
1997-11-25,4.6126062769565176E-4
1997-11-26,5.11301188804457E-4
1997-11-27,4.412592916595019E-4
1997-11-28,5.74505198144125E-5
1997-11-29,2.004497393822055E-5
1997-11-30,5.558984293740676E-4
1997-12-01,0.0012203135108536471
1997-12-02,4.3429921188364493E-4
1997-12-03,1.3485027721382622E-4
1997-12-04,1.2685843359584275E-4
1997-12-05,3.5978932666011635E-5
1997-12-06,7.656114196256956E-6
1997-12-07,4.740403675922042E-6
1997-12-08,7.539155950760768E-6
1997-12-09,0.0012373029693778159
1997-12-10,0.013699185000726675
1997-12-11,0.0020533512430875216
1997-12-12,1.4646666761925262E-4
1997-12-13,4.7157102812488627E-4
1997-12-14,0.008414702122710381
1997-12-15,5.917925894482341E-4
1997-12-16,2.7295881983792145E-5
1997-12-17,2.2906918509640885E-5
1997-12-18,1.4664475362301906E-5
1997-12-19,2.4448305865204407E-5
1997-12-20,1.3056146370551684E-4
1997-12-21,1.3608608665773605E-4
1997-12-22,2.2786207040429348E-5
1997-12-23,3.113095185282584E-5
1997-12-24,9.232698903059344E-5
1997-12-25,7.458650488295088E-5
1997-12-26,2.006722663125517E-5
1997-12-27,1.6035443119357117E-5
1997-12-28,2.5659080143899383E-5
1997-12-29,3.730689684734312E-5
1997-12-30,1.4272959716145187E-4
1997-12-31,7.636898924609223E-5
1998-01-01,4.5207557545343894E-5
1998-01-02,1.6330330173531576E-5
1998-01-03,4.747957106845727E-6
1998-01-04,2.771120615630925E-6
1998-01-05,2.8475609204896576E-5
1998-01-06,1.2037906325043348E-4
1998-01-07,8.53455673333399E-6
1998-01-08,7.637114611097022E-6
1998-01-09,1.639495054994114E-5
1998-01-10,1.6465450512852917E-5
1998-01-11,2.0717965250191614E-6
1998-01-12,1.7087118852352422E-4
1998-01-13,0.0014681194010784271
1998-01-14,7.499653703195978E-4
1998-01-15,2.49176655095741E-4
1998-01-16,1.806069709738742E-4
1998-01-17,3.34796315022052E-4
1998-01-18,0.0016035554746686948
1998-01-19,9.209755833491892E-4
1998-01-20,0.001260060941231649
1998-01-21,0.0080484665590302
1998-01-22,1.779636239158651E-4
1998-01-23,2.8939602421943488E-5
1998-01-24,1.2027499461036666E-5
1998-01-25,5.126600897429547E-5
1998-01-26,3.966386408182202E-4
1998-01-27,9.894085762268666E-5
1998-01-28,0.0012815602191936508
1998-01-29,7.131907762642489E-4
1998-01-30,0.0014230462337110844
1998-01-31,2.5322287770870123E-4
1998-02-01,7.001806136108973E-5
1998-02-02,3.00128500960195E-5
1998-02-03,1.268248248701991E-4
1998-02-04,7.975887304618671E-4
1998-02-05,2.5712247853462326E-4
1998-02-06,3.6976459024277206E-5
1998-02-07,1.4757224309270664E-5
1998-02-08,1.3752979294601164E-4
1998-02-09,1.2888218271083212E-5
1998-02-10,0.0
1998-02-11,2.145767115990793E-6
1998-02-12,1.013336376888369E-5
1998-02-13,3.5154886099184464E-6
1998-02-14,1.0516649405519178E-5
1998-02-15,1.7919504840737432E-4
1998-02-16,8.627098849450874E-4
1998-02-17,0.004144937691726152
1998-02-18,0.008722940378096861
1998-02-19,0.005127489734011471
1998-02-20,8.576363562644685E-4
1998-02-21,3.576581012252196E-4
1998-02-22,1.2856281681277115E-4
1998-02-23,4.17329042030492E-5
1998-02-24,4.4753465179695975E-5
1998-02-25,9.726067649134707E-4
1998-02-26,0.006812229680222953
1998-02-27,0.0010304085907135423
1998-02-28,1.7959952477946791E-4
1998-03-01,3.075432078185738E-5
1998-03-02,2.3557696971890885E-5
1998-03-03,1.7119751539342785E-6
1998-03-04,2.194340660762905E-6
1998-03-05,2.7416121273969934E-5
1998-03-06,0.0017773076664070744
1998-03-07,0.01429591144172741
1998-03-08,6.362622350485604E-4
1998-03-09,4.123436631651706E-5
1998-03-10,1.3988415405827196E-5
1998-03-11,3.248522982714697E-4
1998-03-12,1.0973969793377332E-4
1998-03-13,0.0017154976108563402
1998-03-14,0.002242604562703763
1998-03-15,1.7423196087654874E-4
1998-03-16,2.79483556001169E-6
1998-03-17,8.439782931538319E-8
1998-03-18,5.1859915973304766E-5
1998-03-19,4.0108785968984183E-4
1998-03-20,2.988389788231991E-4
1998-03-21,0.001288042762642446
1998-03-22,0.012986189998179317
1998-03-23,0.04065327048838142
1998-03-24,0.04048952772234343
1998-03-25,0.007445624963629386
1998-03-26,0.0010181994812414265
1998-03-27,1.1611829902758674E-4
1998-03-28,6.273444139660316E-5
1998-03-29,0.001801806161686635
1998-03-30,0.017279156289684308
1998-03-31,0.0027014864289717773
1998-04-01,3.0181604379386693E-6
1998-04-02,1.5731132085644653E-5
1998-04-03,8.17286104480125E-5
1998-04-04,4.079532178884751E-4
1998-04-05,0.004033106062964255
1998-04-06,0.007264313502959369
1998-04-07,0.003999119554255524
1998-04-08,0.003876361931808331
1998-04-09,0.007597462387752297
1998-04-10,0.011759367863591254
1998-04-11,0.004486506324090166
1998-04-12,0.0023222562802048
1998-04-13,0.0018638330837236281
1998-04-14,0.0028695552383961624
1998-04-15,0.0031330099819430798
1998-04-16,0.009631763439010704
1998-04-17,0.007692775602643132
1998-04-18,0.00431383086869954
1998-04-19,0.012685463505315724
1998-04-20,0.024800311395866144
1998-04-21,0.04470651078002083
1998-04-22,0.03780286612176306
1998-04-23,0.022774625411704424
1998-04-24,0.012822642436153267
1998-04-25,0.002917793878864365
1998-04-26,0.002958348453662376
1998-04-27,0.005654433406913674
1998-04-28,0.00400206120723001
1998-04-29,0.006073674463132042
1998-04-30,0.011379025518491941
1998-05-01,0.010085299191048608
1998-05-02,0.011116336189634505
1998-05-03,0.005693538539394352
1998-05-04,0.015536255710566957
1998-05-05,0.022438253588813073
1998-05-06,0.014254137399630749
1998-05-07,0.006517724160414709
1998-05-08,0.0062892522917359795
1998-05-09,0.005803434868465461
1998-05-10,0.004033366859747082
1998-05-11,0.0011434580893889279
1998-05-12,5.354324063392813E-4
1998-05-13,2.1978914219156174E-4
1998-05-14,6.58018962846172E-4
1998-05-15,0.006651171628274707
1998-05-16,0.003400835687732927
1998-05-17,0.0018487464701581547
1998-05-18,0.00676109409341972
1998-05-19,0.014931936416142115
1998-05-20,0.05265665880525263
1998-05-21,0.024643681717895306
1998-05-22,0.012489074884921991
1998-05-23,0.009357991876609784
1998-05-24,0.01615796017656769
1998-05-25,0.013950501984356194
1998-05-26,0.04244756132612146
1998-05-27,0.055487235518266495
1998-05-28,0.03464357619230628
1998-05-29,0.010671947407522418
1998-05-30,0.013389207590035068
1998-05-31,0.011973123347217977
1998-06-01,0.009474388360451006
1998-06-02,0.017319916081649022
1998-06-03,0.01742028262844238
1998-06-04,0.01253554374920618
1998-06-05,0.011296517611465455
1998-06-06,0.01755108675215112
1998-06-07,0.019533691101015563
1998-06-08,0.021878379366495067
1998-06-09,0.021654577998500256
1998-06-10,0.02566050659004423
1998-06-11,0.016493726864582496
1998-06-12,0.011457089704973104
1998-06-13,0.0057484089142828135
1998-06-14,0.007295743495554573
1998-06-15,0.005657889616269468
1998-06-16,0.0076113628508114786
1998-06-17,0.005286315413376675
1998-06-18,0.009241770851036845
1998-06-19,0.008206294391703313
1998-06-20,0.00850607477443713
1998-06-21,0.015735732019009897
1998-06-22,0.01770243406712157
1998-06-23,0.014432965604370745
1998-06-24,0.01266617270528418
1998-06-25,0.012692833642463333
1998-06-26,0.01070566364230427
1998-06-27,0.014339498131114145
1998-06-28,0.016334288895914106
1998-06-29,0.014075044261502235
1998-06-30,0.010984021227804475
1998-07-01,0.01718023998921701
1998-07-02,0.016677099977453532
1998-07-03,0.016937292306662396
1998-07-04,0.017677127877157056
1998-07-05,0.02460854680065863
1998-07-06,0.02793948134537905
1998-07-07,0.015524188262439882
1998-07-08,0.009327896922175198
1998-07-09,0.009663465688115267
1998-07-10,0.018251883837364445
1998-07-11,0.021927931536366917
1998-07-12,0.026322873954234834
1998-07-13,0.031653880841192646
1998-07-14,0.03822229555567655
1998-07-15,0.030075208564829623
1998-07-16,0.02135940222112351
1998-07-17,0.027715812078852802
1998-07-18,0.020324768390513868
1998-07-19,0.014595462505025093
1998-07-20,0.01407784410058058
1998-07-21,0.022812375492053845
1998-07-22,0.02200376387845712
1998-07-23,0.015590991632737085
1998-07-24,0.010133000956656646
1998-07-25,0.007328368193189584
1998-07-26,0.006576786962528599
1998-07-27,0.005674841774072585
1998-07-28,0.012436554231339698
1998-07-29,0.009684153055317985
1998-07-30,0.004378850235723434
1998-07-31,0.005324407424814911
1998-08-01,0.007486286085195861
1998-08-02,0.011574492406020147
1998-08-03,0.01600007979972054
1998-08-04,0.008848562309778426
1998-08-05,0.01547355350366572
1998-08-06,0.014046077970542876
1998-08-07,0.006137718739553437
1998-08-08,0.007215794827105449
1998-08-09,0.012187818446677823
1998-08-10,0.010362454621333188
1998-08-11,0.019102841678330377
1998-08-12,0.015743701536877073
1998-08-13,0.01823663478284008
1998-08-14,0.02092192825733779
1998-08-15,0.009005638625917505
1998-08-16,0.0130405315283505
1998-08-17,0.027787127512824826
1998-08-18,0.014595868403395672
1998-08-19,0.013718881261857115
1998-08-20,0.008608964665039277
1998-08-21,0.005473185129854792
1998-08-22,0.009791521227169827
1998-08-23,0.011072025932605334
1998-08-24,0.015066976270943206
1998-08-25,0.02114766711038716
1998-08-26,0.012961603840249308
1998-08-27,0.010960450264054303
1998-08-28,0.012484719248730408
1998-08-29,0.01675032547013967
1998-08-30,0.01592034279706277
1998-08-31,0.017138999925956484
1998-09-01,0.015433207741187184
1998-09-02,0.012304663723744457
1998-09-03,0.009465103756497745
1998-09-04,0.012420679388135458
1998-09-05,0.023178173092186564
1998-09-06,0.016260398144761216
1998-09-07,0.007073207264663121
1998-09-08,0.017262595120801926
1998-09-09,0.013618006319819416
1998-09-10,0.012467641181532294
1998-09-11,0.010518628103157063
1998-09-12,0.006877819160867494
1998-09-13,0.0044644866361232185
1998-09-14,0.0038783473263320194
1998-09-15,8.826137017870387E-4
1998-09-16,0.02051343553531772
1998-09-17,0.015842070812973987
1998-09-18,0.005487151009956345
1998-09-19,0.009713219551733375
1998-09-20,0.007583705163513535
1998-09-21,0.0030589669784420593
1998-09-22,0.0023380933804761353
1998-09-23,0.005061309034228156
1998-09-24,0.005281952007671145
1998-09-25,0.0030830524097381373
1998-09-26,0.0022975147838222906
1998-09-27,0.008218752593857077
1998-09-28,0.00748570543313161
1998-09-29,0.0025147639901841232
1998-09-30,0.005106896516629518
1998-10-01,0.001861250664931678
1998-10-02,0.0046094585664871665
1998-10-03,0.006560430678553856
1998-10-04,0.002095706594756944
1998-10-05,2.31998316553148E-4
1998-10-06,2.450152793511975E-4
1998-10-07,2.943634501070257E-4
1998-10-08,9.259028610089176E-4
1998-10-09,0.001725927877152808
1998-10-10,0.0028942581366066967
1998-10-11,0.0023331276861329043
1998-10-12,0.0023705255697789784
1998-10-13,0.003117012983031551
1998-10-14,0.0048341313468256595
1998-10-15,0.007856420147684551
1998-10-16,0.0063350137364918575
1998-10-17,0.004182726337072747
1998-10-18,0.012395156829790274
1998-10-19,0.009693277335006672
1998-10-20,0.017207098955888556
1998-10-21,0.008455855153974064
1998-10-22,0.002366481744860173
1998-10-23,0.0017097937873080966
1998-10-24,5.852939951818463E-4
1998-10-25,7.641300726324015E-4
1998-10-26,7.202741247800828E-4
1998-10-27,4.5451341747937527E-4
1998-10-28,2.1271926749199914E-4
1998-10-29,0.0031029697593040616
1998-10-30,0.004012904992072427
1998-10-31,0.0017670397882950763
1998-11-01,6.99897991817248E-4
1998-11-02,5.273538153022395E-4
1998-11-03,5.94388979094488E-5
1998-11-04,3.009174688494168E-5
1998-11-05,5.1421801597802765E-5
1998-11-06,8.669576164841706E-5
1998-11-07,3.388796775606103E-4
1998-11-08,2.6971484736313544E-4
1998-11-09,1.5911073547019949E-4
1998-11-10,0.002102119641221696
1998-11-11,0.0016880949809928328
1998-11-12,6.914067864708677E-5
1998-11-13,3.993601733582468E-6
1998-11-14,4.448454486106795E-6
1998-11-15,1.7564680949069548E-5
1998-11-16,1.1734849358512175E-4
1998-11-17,6.242619201522452E-5
1998-11-18,2.1273320446460364E-4
1998-11-19,6.942870785401016E-5
1998-11-20,3.020296448150564E-4
1998-11-21,0.0033657335205920166
1998-11-22,0.021172977241814755
1998-11-23,0.04208177796689106
1998-11-24,0.006857457302930631
1998-11-25,0.0014664229393169907
1998-11-26,2.6699239295235487E-4
1998-11-27,3.9289433415793296E-5
1998-11-28,6.09638974810249E-6
1998-11-29,1.0379817116520519E-5
1998-11-30,3.7017269758890005E-5
1998-12-01,9.004239421674905E-5
1998-12-02,3.137902215421948E-5
1998-12-03,7.023526825164023E-6
1998-12-04,5.59388670077514E-6
1998-12-05,1.9583924628183455E-5
1998-12-06,5.645542014547873E-6
1998-12-07,1.2320094330480736E-5
1998-12-08,2.9672153266763413E-5
1998-12-09,9.205248469430477E-5
1998-12-10,2.1023641785384602E-4
1998-12-11,1.4450594829937347E-4
1998-12-12,5.521969423475949E-4
1998-12-13,3.670145182412465E-4
1998-12-14,7.313596449650479E-7
1998-12-15,1.5140786112404714E-6
1998-12-16,4.7834159936865804E-5
1998-12-17,4.2224117938125704E-5
1998-12-18,4.583219303247678E-5
1998-12-19,3.939113548351073E-5
1998-12-20,1.3320468891148774E-6
1998-12-21,7.844251169351557E-7
1998-12-22,6.830641991081521E-6
1998-12-23,5.9294020541364015E-6
1998-12-24,4.369872535250458E-6
1998-12-25,5.7378454440753085E-6
1998-12-26,3.147074754367825E-5
1998-12-27,1.125238113071658E-5
1998-12-28,2.326110585377609E-5
1998-12-29,1.3322130065675018E-5
1998-12-30,1.110041796011494E-5
1998-12-31,1.2071105390198416E-5
1999-01-01,2.4670169781133447E-5
1999-01-02,9.980158122774207E-6
1999-01-03,4.454024006007079E-7
1999-01-04,7.64047418262736E-8
1999-01-05,1.0543082398380027E-6
1999-01-06,1.5309186940078036E-6
1999-01-07,6.656940883271751E-5
1999-01-08,2.2568196281636006E-5
1999-01-09,3.412415258673424E-4
1999-01-10,0.0013124871490841998
1999-01-11,2.165108790350865E-6
1999-01-12,1.2773881267208092E-8
1999-01-13,2.0351514049122845E-6
1999-01-14,1.1311818293315614E-5
1999-01-15,4.941942286648906E-6
1999-01-16,1.895296150322563E-5
1999-01-17,6.443151896897938E-5
1999-01-18,1.1146417964787014E-5
1999-01-19,1.150920783910953E-5
1999-01-20,8.732130560266844E-6
1999-01-21,7.657343762957202E-6
1999-01-22,7.647106588859026E-6
1999-01-23,8.825640865297092E-7
1999-01-24,2.099280513712811E-6
1999-01-25,8.132909958316354E-6
1999-01-26,1.559601323210878E-5
1999-01-27,2.3385000078062045E-6
1999-01-28,6.988724792276597E-7
1999-01-29,6.516090893657936E-5
1999-01-30,1.0475697281624151E-4
1999-01-31,9.397127448445737E-6
1999-02-01,1.8946956926567884E-6
1999-02-02,1.2927392465299432E-6
1999-02-03,8.612870487922919E-7
1999-02-04,1.9512874136567947E-6
1999-02-05,6.009499126229038E-6
1999-02-06,1.625852109207672E-5
1999-02-07,3.729717179354579E-6
1999-02-08,6.286928418915594E-7
1999-02-09,1.9001322796346684E-6
1999-02-10,9.563023881948194E-6
1999-02-11,1.819373690479888E-5
1999-02-12,7.758385594836569E-6
1999-02-13,1.3912949818278557E-6
1999-02-14,1.6001583288680317E-6
1999-02-15,3.82178103263644E-8
1999-02-16,1.1574683377150251E-6
1999-02-17,2.037403601590135E-6
1999-02-18,5.135282326929695E-6
1999-02-19,3.387995944901272E-6
1999-02-20,1.7361789316846033E-6
1999-02-21,5.906707401663963E-6
1999-02-22,2.677111458844049E-6
1999-02-23,1.7403869284223896E-6
1999-02-24,2.646559966768274E-6
1999-02-25,1.6084327108947383E-6
1999-02-26,2.9107196977847344E-5
1999-02-27,1.2074335653691018E-4
1999-02-28,2.0460676404409694E-5
1999-03-01,6.059882911774565E-5
1999-03-02,2.0209771197926526E-5
1999-03-03,1.2814998058274796E-6
1999-03-04,8.711667774935733E-7
1999-03-05,2.580881073299679E-6
1999-03-06,4.943847567496694E-7
1999-03-07,4.519189748110935E-6
1999-03-08,1.7626167239025717E-6
1999-03-09,4.5603745659439884E-7
1999-03-10,7.309404294387645E-7
1999-03-11,1.7738861209614736E-5
1999-03-12,4.735888985367834E-4
1999-03-13,0.0026185418998983254
1999-03-14,2.4767830603926477E-4
1999-03-15,5.040966564783323E-6
1999-03-16,0.0
1999-03-17,6.61316282642443E-5
1999-03-18,8.199871952791725E-4
1999-03-19,2.3663730870442456E-4
1999-03-20,2.3598914684803994E-6
1999-03-21,1.2878434506737343E-6
1999-03-22,2.707334858657243E-6
1999-03-23,1.3233744239655262E-5
1999-03-24,1.4567954522722224E-4
1999-03-25,0.0038691880383356705
1999-03-26,0.02071110787520309
1999-03-27,0.015748014205986077
1999-03-28,0.002844585800273352
1999-03-29,3.944504705743592E-4
1999-03-30,2.8353258204858725E-4
1999-03-31,7.207340587409045E-4
1999-04-01,0.0013733684257326514
1999-04-02,5.995700075711782E-4
1999-04-03,7.939718934974112E-4
1999-04-04,1.652117837889644E-4
1999-04-05,0.0010407861987397806
1999-04-06,0.006409085403965474
1999-04-07,0.007904056469978701
1999-04-08,0.003790605270645694
1999-04-09,0.007753962132028844
1999-04-10,0.003466751235117395
1999-04-11,5.79430772850086E-4
1999-04-12,4.52520633471844E-4
1999-04-13,6.915761625498053E-4
1999-04-14,0.0020780362605543456
1999-04-15,0.0017127324249835408
1999-04-16,3.9076646321438695E-4
1999-04-17,4.587480763217579E-4
1999-04-18,0.0013455444679538213
1999-04-19,5.603996734607794E-4
1999-04-20,6.863948601105662E-4
1999-04-21,1.9348972280540993E-4
1999-04-22,2.801342526345865E-4
1999-04-23,0.0016596308954474337
1999-04-24,9.977993091854938E-4
1999-04-25,0.0017523099096757532
1999-04-26,0.0016484253743866237
1999-04-27,0.002974886703838534
1999-04-28,0.003681276365699094
1999-04-29,0.005398570945519112
1999-04-30,0.003824963990680115
1999-05-01,0.003145696148298545
1999-05-02,0.008150524617313394
1999-05-03,0.011786726394877888
1999-05-04,0.016970337232432294
1999-05-05,0.03205755740977231
1999-05-06,0.03703291672462701
1999-05-07,0.026041729715663816
1999-05-08,0.01290580104443523
1999-05-09,0.01223990311150467
1999-05-10,0.010794823510624897
1999-05-11,0.01312735061327514
1999-05-12,0.012491824540024206
1999-05-13,0.01736732026584437
1999-05-14,0.015861187213518483
1999-05-15,0.008036675133800962
1999-05-16,0.004547223793011708
1999-05-17,0.0044145026960955205
1999-05-18,0.0055111446580069275
1999-05-19,0.013693710973113036
1999-05-20,0.017761122611542134
1999-05-21,0.014494872578791385
1999-05-22,0.01776136288075308
1999-05-23,0.020062672427593135
1999-05-24,0.01767922692072305
1999-05-25,0.018231756849131663
1999-05-26,0.015716874346559016
1999-05-27,0.01565206419170803
1999-05-28,0.01717836761416746
1999-05-29,0.03904163359726732
1999-05-30,0.02823939491474452
1999-05-31,0.0066133237651065015
1999-06-01,0.010532331391371318
1999-06-02,0.012208391679315317
1999-06-03,0.007331719124360694
1999-06-04,0.0017680601131007175
1999-06-05,0.006521396656881775
1999-06-06,0.009918203354081119
1999-06-07,0.005420838842941303
1999-06-08,0.0072242762498383765
1999-06-09,0.010493308544572868
1999-06-10,0.012684491663344547
1999-06-11,0.013369893752559476
1999-06-12,0.005963543656181007
1999-06-13,0.005062478648009823
1999-06-14,0.0068640104450510605
1999-06-15,0.00780393244850067
1999-06-16,0.009711082926455512
1999-06-17,0.0066441911962517265
1999-06-18,0.006103337047956278
1999-06-19,0.009193634523709323
1999-06-20,0.009623905947733262
1999-06-21,0.012631775833932261
1999-06-22,0.03200808484564527
1999-06-23,0.056361950247221966
1999-06-24,0.03113746481615123
1999-06-25,0.02376743802893162
1999-06-26,0.019916079316045134
1999-06-27,0.012768988990512656
1999-06-28,0.00895406415322667
1999-06-29,0.016993961415376752
1999-06-30,0.02300314497735351
1999-07-01,0.021722532268775584
1999-07-02,0.020225975392749274
1999-07-03,0.011935338966062949
1999-07-04,0.009989441956742836
1999-07-05,0.008306026382377582
1999-07-06,0.01251681635342829
1999-07-07,0.011443988739456802
1999-07-08,0.010763293498431222
1999-07-09,0.023387039318608676
1999-07-10,0.03817595360289028
1999-07-11,0.036867728830938126
1999-07-12,0.023755336806751563
1999-07-13,0.01079319055210232
1999-07-14,0.010445562838974045
1999-07-15,0.007588008346844018
1999-07-16,0.012828645572506582
1999-07-17,0.022375976863510737
1999-07-18,0.02828416647663333
1999-07-19,0.03641518290085597
1999-07-20,0.03166793452007884
1999-07-21,0.01597449379293471
1999-07-22,0.018157294493326093
1999-07-23,0.011929252794149523
1999-07-24,0.008388535218319578
1999-07-25,0.010395456412671998
1999-07-26,0.013771777693980606
1999-07-27,0.012991340043431054
1999-07-28,0.01786896332393477
1999-07-29,0.01542247125738177
1999-07-30,0.0058332982573030675
1999-07-31,0.011024537859841161
1999-08-01,0.017332569739095183
1999-08-02,0.012939929914030378
1999-08-03,0.006816030033798436
1999-08-04,0.009126992111852132
1999-08-05,0.005960264571201149
1999-08-06,0.010858489760777322
1999-08-07,0.013277561883035836
1999-08-08,0.021323499982074803
1999-08-09,0.01857857112598936
1999-08-10,0.013568165293809732
1999-08-11,0.012416412224379733
1999-08-12,0.019582558716816266
1999-08-13,0.03128761074190005
1999-08-14,0.022666351156520444
1999-08-15,0.01796804925551247
1999-08-16,0.01266391347394488
1999-08-17,0.010813626370776762
1999-08-18,0.013086600125561983
1999-08-19,0.00729053594902955
1999-08-20,0.005495011745630796
1999-08-21,0.008428707275821418
1999-08-22,0.004928251133538433
1999-08-23,0.008078735496149694
1999-08-24,0.010570783338321609
1999-08-25,0.012013065813507471
1999-08-26,0.014491071949860046
1999-08-27,0.028448541059259605
1999-08-28,0.025565292923403926
1999-08-29,0.017632385262246354
1999-08-30,0.012076333677486529
1999-08-31,0.010119788548245634
1999-09-01,0.007836062389367548
1999-09-02,0.009340728494508886
1999-09-03,0.007958746258361614
1999-09-04,0.006013366131482712
1999-09-05,0.004774981981308164
1999-09-06,0.0054097232820140406
1999-09-07,0.007883967180806813
1999-09-08,0.007181577041408807
1999-09-09,0.008853863230542972
1999-09-10,0.012696533164245296
1999-09-11,0.012967577024756993
1999-09-12,0.009823969537406201
1999-09-13,0.00611222262562203
1999-09-14,0.007107107239510649
1999-09-15,0.005277430252524133
1999-09-16,0.007854792789552794
1999-09-17,0.011142133884076874
1999-09-18,0.010774529688349627
1999-09-19,0.009599401173592863
1999-09-20,0.01723166147026682
1999-09-21,0.027007473323743408
1999-09-22,0.01620051483140355
1999-09-23,0.006308706672391668
1999-09-24,0.0046735301104238024
1999-09-25,0.002103998284516652
1999-09-26,0.00339729907561364
1999-09-27,0.004025653315510532
1999-09-28,0.002125911276356935
1999-09-29,0.0028359560592768887
1999-09-30,0.0076691265379055604
1999-10-01,0.005958890280385372
1999-10-02,0.002540610821833083
1999-10-03,0.005768372439533205
1999-10-04,0.00971299982572205
1999-10-05,0.008682692942199297
1999-10-06,0.007224903450385273
1999-10-07,0.0100502438777846
1999-10-08,0.0064208311279608035
1999-10-09,0.0026183827340093163
1999-10-10,8.267237394006104E-4
1999-10-11,0.001262660621592502
1999-10-12,0.002923556083190566
1999-10-13,0.005064507031183314
1999-10-14,0.0069156621606508775
1999-10-15,0.002418214024542881
1999-10-16,0.003317468661423767
1999-10-17,0.025254901482942353
1999-10-18,0.030291503382701274
1999-10-19,0.015440562573867278
1999-10-20,0.01271818184345937
1999-10-21,0.008490735318374038
1999-10-22,0.002336470842956842
1999-10-23,0.0017177383244793788
1999-10-24,7.747765812832132E-4
1999-10-25,2.2043928335825202E-4
1999-10-26,1.6145342522934516E-4
1999-10-27,3.2631846113780115E-4
1999-10-28,0.005630117886855558
1999-10-29,0.00798864909304204
1999-10-30,0.0035649359857394558
1999-10-31,0.0029215398678163525
1999-11-01,0.007292802094526515
1999-11-02,0.009248161255797605
1999-11-03,0.0035141692636933334
1999-11-04,9.445791507738768E-4
1999-11-05,4.194974753866622E-4
1999-11-06,3.6753081963593245E-4
1999-11-07,3.3437499903886825E-4
1999-11-08,3.006127304867561E-4
1999-11-09,3.4867438320452176E-4
1999-11-10,1.1055276797715073E-4
1999-11-11,2.055801754669711E-4
1999-11-12,1.0998412002810984E-4
1999-11-13,5.490890803107931E-5
1999-11-14,4.523836268201022E-5
1999-11-15,4.942959918405183E-5
1999-11-16,1.5309533433971142E-4
1999-11-17,1.9626028674142812E-4
1999-11-18,1.5981598769699334E-4
1999-11-19,2.0201510452660994E-4
1999-11-20,3.180513375500913E-4
1999-11-21,2.967762454474429E-4
1999-11-22,1.768360608620857E-6
1999-11-23,2.446569898231608E-6
1999-11-24,3.3042054831778966E-6
1999-11-25,5.933996035495618E-6
1999-11-26,2.0588075248673984E-5
1999-11-27,3.2221111569633146E-5
1999-11-28,3.3535511787492394E-5
1999-11-29,3.352480475329141E-5
1999-11-30,5.174443315324776E-6
1999-12-01,9.850178617048175E-6
1999-12-02,5.792847788103846E-5
1999-12-03,6.886176207701726E-5
1999-12-04,1.259107015947581E-4
1999-12-05,9.962082620838087E-5
1999-12-06,3.2087414118357986E-5
1999-12-07,1.4497729224900413E-5
1999-12-08,6.42879401693075E-4
1999-12-09,0.0062221593017420295
1999-12-10,0.00256026886752384
1999-12-11,0.0035023680128569183
1999-12-12,1.9762907305198818E-4
1999-12-13,1.7960489907845628E-4
1999-12-14,3.282150070154436E-5
1999-12-15,2.115579393628817E-4
1999-12-16,6.512940800361658E-5
1999-12-17,3.256660060669993E-6
1999-12-18,1.4105053982664209E-6
1999-12-19,1.1214810436174465E-6
1999-12-20,4.849275164536829E-6
1999-12-21,1.8577341730695172E-5
1999-12-22,1.0768761320821108E-4
1999-12-23,1.9006914087628778E-4
1999-12-24,3.913723041110028E-4
1999-12-25,1.455448167224562E-4
1999-12-26,1.1133796106862144E-4
1999-12-27,1.6011090503624455E-4
1999-12-28,8.189662923138545E-5
1999-12-29,5.147006955793952E-7
1999-12-30,1.3577314852253253E-5
1999-12-31,2.486147912050614E-6
2000-01-01,2.5552415508265595E-7
2000-01-02,2.0710935297724996E-6
2000-01-03,7.714247605562679E-7
2000-01-04,3.2033754512391416E-6
2000-01-05,4.214753305746686E-6
2000-01-06,2.6326188012096084E-6
2000-01-07,4.7553849716387655E-5
2000-01-08,1.001507762827403E-5
2000-01-09,2.9327617591069403E-5
2000-01-10,1.7664616656002336E-5
2000-01-11,2.9852260989384035E-6
2000-01-12,6.095623651059191E-6
2000-01-13,9.984339570148319E-5
2000-01-14,5.565915739603265E-4
2000-01-15,7.599952414946044E-5
2000-01-16,1.3995617834838708E-4
2000-01-17,9.225165169197592E-5
2000-01-18,3.997943462907209E-6
2000-01-19,2.0407352217808962E-4
2000-01-20,2.1105085620754912E-4
2000-01-21,0.001542104099755742
2000-01-22,0.0016050934719776813
2000-01-23,0.00461628370468235
2000-01-24,9.189443560066777E-4
2000-01-25,5.588395874496096E-5
2000-01-26,2.1339491712121536E-6
2000-01-27,9.761975476236982E-6
2000-01-28,0.0014378068761069056
2000-01-29,0.008151368772308681
2000-01-30,1.6108906122975093E-4
2000-01-31,1.9834285118982477E-5
2000-02-01,1.4368905598433632E-4
2000-02-02,0.002369434818457686
2000-02-03,0.001858593929581335
2000-02-04,9.746199650900732E-4
2000-02-05,0.0029559141361059768
2000-02-06,0.004395771416126233
2000-02-07,0.0019517213408062036
2000-02-08,4.552758625131418E-4
2000-02-09,2.2423799523055827E-4
2000-02-10,1.1377718963856277E-4
2000-02-11,1.4326238693318014E-4
2000-02-12,1.6830477186882348E-4
2000-02-13,3.7666569275408543E-6
2000-02-14,1.5200301131448527E-4
2000-02-15,2.8726719214158253E-5
2000-02-16,2.2925207979000644E-6
2000-02-17,6.332725176671547E-5
2000-02-18,1.8186958252456846E-4
2000-02-19,4.422119130276724E-5
2000-02-20,8.026061870669672E-6
2000-02-21,3.674914904454351E-6
2000-02-22,4.903665690781943E-6
2000-02-23,1.7880296429174341E-6
2000-02-24,7.966977811556726E-6
2000-02-25,5.130020818137957E-5
2000-02-26,4.98735067486784E-5
2000-02-27,2.225003583576576E-5
2000-02-28,4.360392606472161E-5
2000-02-29,2.965241349827039E-5
2000-03-01,0.0011517268013946443
2000-03-02,0.011940437519280922
2000-03-03,0.0032030388917024073
2000-03-04,0.0026230763159449206
2000-03-05,0.0038255537863990823
2000-03-06,0.0023472160726916826
2000-03-07,5.806871749504215E-4
2000-03-08,0.007058620222583273
2000-03-09,0.0031993824811964874
2000-03-10,3.43184538853673E-4
2000-03-11,2.735507591045684E-4
2000-03-12,0.008816322909781946
2000-03-13,0.015106776211489531
2000-03-14,0.012839238244449195
2000-03-15,0.0025309062990006978
2000-03-16,6.084148963747243E-4
2000-03-17,5.4866366519879686E-5
2000-03-18,4.4470665839316753E-5
2000-03-19,4.35841578249703E-4
2000-03-20,1.8789173491024825E-4
2000-03-21,1.2176000921454775E-5
2000-03-22,1.8706200099655373E-6
2000-03-23,6.219258193416868E-5
2000-03-24,7.178168686905397E-5
2000-03-25,2.5731956627760396E-5
2000-03-26,1.697946632831234E-6
2000-03-27,1.113233540884171E-4
2000-03-28,8.420344171651749E-4
2000-03-29,8.879383983864981E-4
2000-03-30,1.8070277177404398E-4
2000-03-31,5.382794759092873E-4
2000-04-01,5.078675232829321E-4
2000-04-02,5.626270139727068E-4
2000-04-03,8.823110398341229E-4
2000-04-04,8.439039405832552E-4
2000-04-05,0.0011176713684908465
2000-04-06,0.0014226636948022288
2000-04-07,0.0017142689832175947
2000-04-08,0.0016972134220665648
2000-04-09,0.004136071046982054
2000-04-10,0.0043906907693494375
2000-04-11,0.0060080820170605774
2000-04-12,0.004052747616425231
2000-04-13,0.0016921797580232295
2000-04-14,0.0037762132990648845
2000-04-15,0.004229188959333778
2000-04-16,0.002615275028949594
2000-04-17,0.006153070405026385
2000-04-18,0.006136414523549051
2000-04-19,0.005118542169421202
2000-04-20,0.009597267982533167
2000-04-21,0.01082512030463371
2000-04-22,0.007239356362976069
2000-04-23,0.012281080519764455
2000-04-24,0.027447818971281936
2000-04-25,0.02315147591978131
2000-04-26,0.024956316252934364
2000-04-27,0.026771454918872103
2000-04-28,0.024026373687704584
2000-04-29,0.022638365942999106
2000-04-30,0.024736586977699232
2000-05-01,0.028617597391743285
2000-05-02,0.029523303250414117
2000-05-03,0.009902522866850987
2000-05-04,9.904717247518973E-4
2000-05-05,0.0014626477027676061
2000-05-06,0.004126214854104498
2000-05-07,0.002137179502274899
2000-05-08,0.0027353784646709785
2000-05-09,0.0015596734357939124
2000-05-10,0.0053942267832794355
2000-05-11,0.003741460992467822
2000-05-12,0.0019474356902302765
2000-05-13,0.0020175449568664303
2000-05-14,0.007615772531472966
2000-05-15,0.010410800215159203
2000-05-16,0.011750865779766445
2000-05-17,0.012423487603217171
2000-05-18,0.020975371371679277
2000-05-19,0.028766266571557734
2000-05-20,0.02641208917789494
2000-05-21,0.012769458622175224
2000-05-22,0.020673156582126033
2000-05-23,0.03587706483339663
2000-05-24,0.030550358595405017
2000-05-25,0.03654755025185853
2000-05-26,0.03686869696097008
2000-05-27,0.021804613241064353
2000-05-28,0.03133272289561958
2000-05-29,0.029337110826873885
2000-05-30,0.02385571044301308
2000-05-31,0.014667022664983565
2000-06-01,0.009936624804129995
2000-06-02,0.0025045533813959847
2000-06-03,0.002249428985858664
2000-06-04,0.011487821296380674
2000-06-05,0.017369149624475333
2000-06-06,0.015978015271900136
2000-06-07,0.0132621002242331
2000-06-08,0.01276107471168218
2000-06-09,0.010522694101139872
2000-06-10,0.01749918719690141
2000-06-11,0.015068410121240532
2000-06-12,0.03336704172606374
2000-06-13,0.024641956283047956
2000-06-14,0.012396352799842745
2000-06-15,0.007607090034725607
2000-06-16,0.010887603210208147
2000-06-17,0.009138354125013695
2000-06-18,0.017712307624789526
2000-06-19,0.01393376278500836
2000-06-20,0.015680757092549628
2000-06-21,0.01026196980031015
2000-06-22,0.012841182362048174
2000-06-23,0.01924887847284752
2000-06-24,0.02207213959152662
2000-06-25,0.021176818581624592
2000-06-26,0.01143299651607541
2000-06-27,0.005628928935043705
2000-06-28,0.008811842773839722
2000-06-29,0.009782636251890547
2000-06-30,0.004564076475883571
2000-07-01,0.004339133807533307
2000-07-02,0.0036920410274646383
2000-07-03,0.0012520635969987155
2000-07-04,0.0010993789847574857
2000-07-05,0.003045087409933344
2000-07-06,0.003346842302942023
2000-07-07,0.013196399232411619
2000-07-08,0.013312436594416879
2000-07-09,0.017238852903949126
2000-07-10,0.011489549808633984
2000-07-11,0.01169403939886564
2000-07-12,0.018317329089420638
2000-07-13,0.008806274445072615
2000-07-14,0.010228533169009655
2000-07-15,0.009222208384388435
2000-07-16,0.009172574968369684
2000-07-17,0.013634452323286769
2000-07-18,0.016354695929808347
2000-07-19,0.012005577566297398
2000-07-20,0.010180141832804392
2000-07-21,0.012709596157900174
2000-07-22,0.011971049702498423
2000-07-23,0.012294479567926045
2000-07-24,0.023206639261196017
2000-07-25,0.01222547873192089
2000-07-26,0.00836993152263048
2000-07-27,0.006171483515383376
2000-07-28,0.004360327063290861
2000-07-29,0.004195657112769078
2000-07-30,0.007797844998975504
2000-07-31,0.012868528828547802
2000-08-01,0.02401399731882793
2000-08-02,0.03251654350538543
2000-08-03,0.016393416557124355
2000-08-04,0.005993599208391079
2000-08-05,0.00304603091699432
2000-08-06,0.012479172768241254
2000-08-07,0.010486555078940668
2000-08-08,0.016350274989342696
2000-08-09,0.017414821793377368
2000-08-10,0.010794895510266226
2000-08-11,0.018079573030531062
2000-08-12,0.015235765992393985
2000-08-13,0.012546423559405896
2000-08-14,0.014332167772625063
2000-08-15,0.013051299214048259
2000-08-16,0.013542803866194818
2000-08-17,0.009922327390036402
2000-08-18,0.010275009065423928
2000-08-19,0.008430284610030394
2000-08-20,0.009767261770415363
2000-08-21,0.006287443841786099
2000-08-22,0.010752805314127919
2000-08-23,0.007270218874435219
2000-08-24,0.00493022075723046
2000-08-25,0.0044984141235841265
2000-08-26,0.006273086443013931
2000-08-27,0.007260160790996528
2000-08-28,0.00881619003563625
2000-08-29,0.01916853276339163
2000-08-30,0.028578004543527626
2000-08-31,0.03373449881351581
2000-09-01,0.023873298913602
2000-09-02,0.014207814071349075
2000-09-03,0.02830986942497312
2000-09-04,0.0251800294628072
2000-09-05,0.007287114364130388
2000-09-06,0.0119507969498758
2000-09-07,0.01398951357578316
2000-09-08,0.012180441210001955
2000-09-09,0.013412906397391134
2000-09-10,0.008299732589229204
2000-09-11,0.0041026817699021225
2000-09-12,0.004416832697193311
2000-09-13,0.012026267032985451
2000-09-14,0.019831073282017664
2000-09-15,0.018745697704235727
2000-09-16,0.01819551405884661
2000-09-17,0.03581569345782899
2000-09-18,0.026727244745021243
2000-09-19,0.011654273055266602
2000-09-20,0.006390717731855099
2000-09-21,0.0033520521115586246
2000-09-22,0.0035245093373377514
2000-09-23,0.013067180082703128
2000-09-24,0.00847089300254506
2000-09-25,0.006030947319428957
2000-09-26,0.0027305676619980026
2000-09-27,0.0012908459608622434
2000-09-28,6.586377540731609E-4
2000-09-29,0.00167153082341654
2000-09-30,0.010894791504809669
2000-10-01,0.026608626214924894
2000-10-02,0.030961429717791818
2000-10-03,0.011154533450927456
2000-10-04,0.004501057320671652
2000-10-05,0.0034196491141173973
2000-10-06,0.002314003443909176
2000-10-07,0.002387858714816306
2000-10-08,0.0036195923800768403
2000-10-09,0.003955848546285891
2000-10-10,0.0025805863670610944
2000-10-11,0.0011088205153838282
2000-10-12,9.073598034956366E-4
2000-10-13,0.0013047932650060308
2000-10-14,0.0013271211074735154
2000-10-15,0.0013181248960388195
2000-10-16,0.0029701095146950256
2000-10-17,0.008978451990807353
2000-10-18,0.003366370770287651
2000-10-19,0.0012043031766087403
2000-10-20,0.0013601390184372548
2000-10-21,0.0016863415879730577
2000-10-22,0.0013036465041114356
2000-10-23,0.001041670021581225
2000-10-24,6.014677534400918E-4
2000-10-25,2.58846547478695E-4
2000-10-26,0.005474205465179063
2000-10-27,0.02050992575556088
2000-10-28,0.04510265302183629
2000-10-29,0.002212484007488113
2000-10-30,2.3808196174216032E-4
2000-10-31,5.694775878688398E-5
2000-11-01,6.790121936453668E-5
2000-11-02,3.0888060644775186E-4
2000-11-03,2.1233643863855311E-4
2000-11-04,1.490171015198985E-4
2000-11-05,3.248265295474524E-4
2000-11-06,3.5861576324634406E-4
2000-11-07,2.81881501659968E-4
2000-11-08,4.747824777286892E-5
2000-11-09,2.2818389517214013E-4
2000-11-10,4.546660431153635E-4
2000-11-11,6.403214167289609E-4
2000-11-12,6.402995691918418E-4
2000-11-13,3.0217152687104815E-4
2000-11-14,3.645589819538876E-4
2000-11-15,2.0562760845755452E-4
2000-11-16,7.965510507450318E-6
2000-11-17,8.983005319953463E-5
2000-11-18,1.5270570099890665E-4
2000-11-19,4.602507310084886E-4
2000-11-20,4.5250749105266364E-4
2000-11-21,2.1333995241603517E-4
2000-11-22,5.7150575263478664E-5
2000-11-23,7.646999378789826E-5
2000-11-24,7.66494289066744E-5
2000-11-25,1.287030288492453E-4
2000-11-26,1.3451745764952693E-5
2000-11-27,3.3310807503015327E-6
2000-11-28,0.003819968741191669
2000-11-29,0.0014297796211364007
2000-11-30,2.3257138245768718E-4
2000-12-01,1.1309685615343386E-4
2000-12-02,4.774468378002854E-5
2000-12-03,3.342315715557001E-7
2000-12-04,1.5129398888980457E-6
2000-12-05,2.525685356813508E-5
2000-12-06,5.858181906859209E-5
2000-12-07,6.799932570982261E-6
2000-12-08,6.330206102345134E-6
2000-12-09,5.100242055079095E-5
2000-12-10,6.159894068636428E-5
2000-12-11,1.1182563624982207E-4
2000-12-12,3.4262524120620295E-5
2000-12-13,2.3864311491834567E-6
2000-12-14,7.460428971205028E-6
2000-12-15,9.176441721173854E-6
2000-12-16,3.5139013819496978E-6
2000-12-17,1.0240322823341925E-6
2000-12-18,5.589022683672337E-6
2000-12-19,1.8770896509135478E-5
2000-12-20,1.2953612699330136E-5
2000-12-21,9.95484828254567E-6
2000-12-22,2.042050807466832E-6
2000-12-23,2.4761184370546977E-6
2000-12-24,1.591787494231354E-6
2000-12-25,2.753982596075552E-6
2000-12-26,4.061839866474855E-6
2000-12-27,4.4983214726989315E-6
2000-12-28,8.601903979190834E-6
2000-12-29,9.421249410982681E-6
2000-12-30,3.379679439671373E-6
2000-12-31,1.5121534616708564E-6
2001-01-01,8.494940268601727E-5
2001-01-02,7.90230066388976E-5
2001-01-03,1.9472574098479E-4
2001-01-04,2.7942726344669085E-4
2001-01-05,8.50511455286029E-5
2001-01-06,4.564459805347924E-6
2001-01-07,7.548231110269905E-6
2001-01-08,1.0053415750147793E-5
2001-01-09,4.806481909966599E-5
2001-01-10,4.337379203627451E-5
2001-01-11,3.9996717246279027E-5
2001-01-12,3.067092610950853E-6
2001-01-13,8.484809647207983E-6
2001-01-14,1.325580347605944E-5
2001-01-15,5.008762332225704E-6
2001-01-16,1.5652382832344292E-6
2001-01-17,7.943228951515163E-7
2001-01-18,6.705930478104421E-7
2001-01-19,2.5332576179098095E-7
2001-01-20,6.598966947858631E-7
2001-01-21,2.147661556701717E-6
2001-01-22,9.724487695556313E-5
2001-01-23,0.0011549310279729533
2001-01-24,2.099815108522947E-4
2001-01-25,1.5267780224746853E-4
2001-01-26,7.285833976698111E-5
2001-01-27,3.16087054400003E-5
2001-01-28,5.317697284096929E-6
2001-01-29,2.5104032924366957E-6
2001-01-30,4.040243798881292E-6
2001-01-31,2.325412641345799E-5
2001-02-01,8.333755449296212E-5
2001-02-02,2.721875363301842E-5
2001-02-03,5.202503335386891E-6
2001-02-04,9.736205908184329E-6
2001-02-05,4.375251484707487E-6
2001-02-06,1.4013932509179828E-5
2001-02-07,1.9396401939991593E-5
2001-02-08,3.634927777329936E-5
2001-02-09,3.126129700687127E-5
2001-02-10,5.812184961327762E-5
2001-02-11,5.321937427295225E-5
2001-02-12,1.7659816742734227E-5
2001-02-13,9.502042219149742E-6
2001-02-14,8.779572670935994E-7
2001-02-15,2.8573256429152375E-6
2001-02-16,2.0712905732789941E-4
2001-02-17,2.304045053363736E-4
2001-02-18,5.64404285781093E-4
2001-02-19,0.0019742124994818174
2001-02-20,7.939254528953855E-4
2001-02-21,0.001935652662563222
2001-02-22,0.005668553916926427
2001-02-23,0.0011422710606330984
2001-02-24,0.00494466301109311
2001-02-25,0.012101051296882345
2001-02-26,0.01573616630820189
2001-02-27,0.0014717672898931567
2001-02-28,2.7227900918088066E-4
2001-03-01,4.258726893800793E-4
2001-03-02,9.893654551038546E-5
2001-03-03,1.983423616292717E-5
2001-03-04,2.0403046121896206E-6
2001-03-05,6.918003864676081E-4
2001-03-06,4.905159472546213E-4
2001-03-07,4.436693672005861E-6
2001-03-08,1.2548573119790564E-5
2001-03-09,1.06836472562409E-4
2001-03-10,1.5692677433922612E-4
2001-03-11,5.751008074243762E-5
2001-03-12,3.850656207796355E-5
2001-03-13,1.1904176660460888E-4
2001-03-14,1.5917699408941156E-4
2001-03-15,6.38415760783341E-5
2001-03-16,4.7462923570632766E-5
2001-03-17,4.496932578327442E-5
2001-03-18,1.3748188347099784E-4
2001-03-19,3.932056775245455E-6
2001-03-20,1.2235356219320898E-6
2001-03-21,1.7212002333539222E-5
2001-03-22,0.001674921181852162
2001-03-23,0.006569811299720056
2001-03-24,0.002455866092991071
2001-03-25,0.0013177066667069126
2001-03-26,0.002943482284029013
2001-03-27,0.004054716525594059
2001-03-28,0.002484705468562021
2001-03-29,0.006423527463697245
2001-03-30,0.011971564163742244
2001-03-31,0.006566750283596842
2001-04-01,0.0048831393906717735
2001-04-02,0.002080431241713207
2001-04-03,4.205864864352474E-4
2001-04-04,1.8683440349005306E-4
2001-04-05,3.712951726536435E-5
2001-04-06,3.856753847773125E-5
2001-04-07,2.1134128881373392E-4
2001-04-08,0.0036474512496652814
2001-04-09,0.0024144321081801126
2001-04-10,0.004594237394785257
2001-04-11,0.004155037391035849
2001-04-12,0.008143647312935631
2001-04-13,0.008868965464327696
2001-04-14,0.002335168201358527
2001-04-15,0.0022823593381178734
2001-04-16,0.006830426216931028
2001-04-17,0.0029620170368496444
2001-04-18,0.0045906464204454
2001-04-19,0.0017209544146180842
2001-04-20,0.001924424736558651
2001-04-21,4.835219518662701E-4
2001-04-22,6.11546474991266E-5
2001-04-23,4.3381516543739616E-5
2001-04-24,1.8337517976957503E-5
2001-04-25,8.321327478613427E-4
2001-04-26,0.007191892332050356
2001-04-27,0.011972303874580459
2001-04-28,0.020353145303823338
2001-04-29,0.024270464503264495
2001-04-30,0.013664002048401368
2001-05-01,0.005076426136324034
2001-05-02,0.008608242061468784
2001-05-03,0.011809831750633054
2001-05-04,0.010973589012530956
2001-05-05,0.01900807652616748
2001-05-06,0.01612211723674026
2001-05-07,0.031741268658586945
2001-05-08,0.036266087102036805
2001-05-09,0.04760624139413589
2001-05-10,0.047329518816902
2001-05-11,0.031777517443525326
2001-05-12,0.026878165484608262
2001-05-13,9.59576480402593E-4
2001-05-14,0.0012109323048636127
2001-05-15,0.0042966738905470606
2001-05-16,0.009462443891277447
2001-05-17,0.006635492017211921
2001-05-18,0.0075558454099717495
2001-05-19,0.006992033636215199
2001-05-20,0.00975733436285747
2001-05-21,0.010895836788912159
2001-05-22,0.011965242043795664
2001-05-23,0.010026887177277866
2001-05-24,0.012915215348530913
2001-05-25,0.005834741822671228
2001-05-26,0.007625922547368541
2001-05-27,0.005699219766579559
2001-05-28,0.006482869914171668
2001-05-29,0.007837808107235524
2001-05-30,0.02379801394550203
2001-05-31,0.02151527920170921
2001-06-01,0.016304751933485233
2001-06-02,0.02067413906303409
2001-06-03,0.028575400392490714
2001-06-04,0.04369632304379194
2001-06-05,0.03355580320031613
2001-06-06,0.012621320518275308
2001-06-07,0.014917953298004492
2001-06-08,0.016643241196599566
2001-06-09,0.013663289902020058
2001-06-10,0.011089230904181797
2001-06-11,0.009914393544362294
2001-06-12,0.010777502481807047
2001-06-13,0.01866664997172317
2001-06-14,0.022864115731663102
2001-06-15,0.02539643343502648
2001-06-16,0.023502692878747216
2001-06-17,0.026484494602373843
2001-06-18,0.03679231981932392
2001-06-19,0.020167492325058906
2001-06-20,0.010682656227342975
2001-06-21,0.014753818637568347
2001-06-22,0.013710468708706508
2001-06-23,0.013350074778316732
2001-06-24,0.01044142207015629
2001-06-25,0.007273046292480318
2001-06-26,0.008625239848246858
2001-06-27,0.009267389211460747
2001-06-28,0.00792998563323414
2001-06-29,0.017073857770904005
2001-06-30,0.026180135707472473
2001-07-01,0.022236302563347025
2001-07-02,0.009520041508585984
2001-07-03,0.006293557819016239
2001-07-04,0.004529056003645152
2001-07-05,0.008428074277933621
2001-07-06,0.011176484946541849
2001-07-07,0.009361437015801824
2001-07-08,0.009231986477109844
2001-07-09,0.018204110908051133
2001-07-10,0.01590256546281196
2001-07-11,0.010532507792950202
2001-07-12,0.015012650099740043
2001-07-13,0.008903357809260446
2001-07-14,0.009084040519953858
2001-07-15,0.008917302370362862
2001-07-16,0.015842187433729886
2001-07-17,0.01506035822979831
2001-07-18,0.009418149102357571
2001-07-19,0.011602347008795555
2001-07-20,0.010221261190571729
2001-07-21,0.010240145593459012
2001-07-22,0.010999672714580865
2001-07-23,0.006938266624629833
2001-07-24,0.00936779131146949
2001-07-25,0.009282864816616157
2001-07-26,0.009345656668352489
2001-07-27,0.012325534753056786
2001-07-28,0.0159100672321022
2001-07-29,0.023408506363735912
2001-07-30,0.027472822775582138
2001-07-31,0.024586350427790706
2001-08-01,0.028011391898719883
2001-08-02,0.01313826526451978
2001-08-03,0.006702003161031149
2001-08-04,0.01069563979774242
2001-08-05,0.009974360492719868
2001-08-06,0.006675769827604392
2001-08-07,0.005515703077717654
2001-08-08,0.01115491074433039
2001-08-09,0.00810006568353839
2001-08-10,0.003794750543840682
2001-08-11,0.0030242271910318713
2001-08-12,0.004496364981168963
2001-08-13,0.010326913369519942
2001-08-14,0.014050698789444515
2001-08-15,0.00897107055862222
2001-08-16,0.0042404570197130415
2001-08-17,0.006946341543951026
2001-08-18,0.007918073625572633
2001-08-19,0.007722902220077405
2001-08-20,0.010046723284029327
2001-08-21,0.014934851846190141
2001-08-22,0.006325411520636059
2001-08-23,0.005161356844384863
2001-08-24,0.009253707256807228
2001-08-25,0.012941868982786408
2001-08-26,0.01730024934093849
2001-08-27,0.022877135590134233
2001-08-28,0.016797304128742887
2001-08-29,0.017142896278280837
2001-08-30,0.010194578755735132
2001-08-31,0.011041748073642733
2001-09-01,0.008316182229862686
2001-09-02,0.0034271076490701518
2001-09-03,0.00341320592789372
2001-09-04,0.0028851847841284686
2001-09-05,0.010229435998615803
2001-09-06,0.016331541114131203
2001-09-07,0.01307851110912931
2001-09-08,0.008173276588600424
2001-09-09,0.00919639168299831
2001-09-10,0.013042343346998324
2001-09-11,0.013641610921886984
2001-09-12,0.010869905682580418
2001-09-13,0.004514202837434714
2001-09-14,0.0023871383897510804
2001-09-15,0.006227577286657904
2001-09-16,0.00980602510890688
2001-09-17,0.0174176083407838
2001-09-18,0.021556963809394928
2001-09-19,0.017180751032551445
2001-09-20,0.0030032378942523143
2001-09-21,0.0035391279545225777
2001-09-22,0.008162804615472282
2001-09-23,0.008957357185576602
2001-09-24,0.006687811133000402
2001-09-25,0.005229190950563145
2001-09-26,0.007698945117797947
2001-09-27,0.00415645188066522
2001-09-28,0.0040437308754629605
2001-09-29,0.007169862169576916
2001-09-30,0.009747707649454023
2001-10-01,0.01130186993301725
2001-10-02,0.011904354138797873
2001-10-03,0.01610078218737069
2001-10-04,0.011792884416687003
2001-10-05,0.005927747891993656
2001-10-06,0.004598751475564908
2001-10-07,0.002782648336230614
2001-10-08,0.002180147308662994
2001-10-09,0.013737685443523044
2001-10-10,0.009524983431047782
2001-10-11,0.002378653783183281
2001-10-12,0.0025486673081439697
2001-10-13,0.007906602839306484
2001-10-14,0.006710895511458109
2001-10-15,0.004121024622916603
2001-10-16,0.004279966987137488
2001-10-17,0.009910561229646375
2001-10-18,0.018347190030886636
2001-10-19,0.0038027490291377597
2001-10-20,0.001618952565328358
2001-10-21,6.0962225544075E-4
2001-10-22,1.383802965037151E-4
2001-10-23,9.55456906826162E-5
2001-10-24,4.528200902941295E-4
2001-10-25,6.664558392332637E-4
2001-10-26,7.986953219331017E-4
2001-10-27,0.007209260960611421
2001-10-28,0.004145215929278655
2001-10-29,0.0069460999251090595
2001-10-30,0.01765127120821893
2001-10-31,0.019068176826416837
2001-11-01,0.0037305218155279543
2001-11-02,9.659007163249854E-4
2001-11-03,8.241626856008845E-4
2001-11-04,8.089276823984875E-4
2001-11-05,4.6593575165414095E-4
2001-11-06,0.0020262123856760023
2001-11-07,0.0041696307435328695
2001-11-08,0.0023655257388813444
2001-11-09,5.11884964768661E-4
2001-11-10,6.286067702092687E-4
2001-11-11,0.00708935279706579
2001-11-12,0.005220992716408269
2001-11-13,4.4462031100483176E-4
2001-11-14,3.7534478817302E-5
2001-11-15,4.398320611024626E-4
2001-11-16,7.363630609376543E-4
2001-11-17,6.505076946389858E-4
2001-11-18,5.309318301217903E-4
2001-11-19,5.829280026408519E-4
2001-11-20,3.6424553604144763E-4
2001-11-21,6.143746002179806E-4
2001-11-22,5.839774472241605E-4
2001-11-23,8.948608237663807E-4
2001-11-24,1.6701187317290508E-4
2001-11-25,3.569497982035964E-6
2001-11-26,2.9556376889367147E-6
2001-11-27,1.0796647728959102E-4
2001-11-28,1.5717430330598045E-4
2001-11-29,2.6095416224992477E-5
2001-11-30,9.366372063227229E-6
2001-12-01,5.5107585859119595E-6
2001-12-02,3.825992241423843E-5
2001-12-03,2.8612479062528423E-5
2001-12-04,6.006896659793931E-5
2001-12-05,2.4958295077603184E-4
2001-12-06,2.7540223824051575E-4
2001-12-07,3.9435601150909414E-4
2001-12-08,7.02187751595111E-4
2001-12-09,2.9168819555194623E-4
2001-12-10,6.253349091463334E-6
2001-12-11,1.7172178698537456E-6
2001-12-12,1.1211081963963543E-6
2001-12-13,1.76920743853506E-6
2001-12-14,1.6378940892360646E-6
2001-12-15,1.750075757868588E-5
2001-12-16,1.596390832085493E-5
2001-12-17,4.476505112935278E-5
2001-12-18,1.2430229597671942E-5
2001-12-19,3.172950153301629E-6
2001-12-20,7.224675481847212E-7
2001-12-21,5.737176346214277E-7
2001-12-22,1.1684012408785006E-6
2001-12-23,1.944410657261456E-6
2001-12-24,5.4273066788097275E-6
2001-12-25,5.3666191119946066E-5
2001-12-26,3.302557945328502E-5
2001-12-27,6.587395498831499E-5
2001-12-28,5.339965965209397E-5
2001-12-29,1.0606765577568869E-5
2001-12-30,2.62842739477773E-5
2001-12-31,1.1702799676640665E-5
2002-01-01,6.189205443324772E-6
2002-01-02,4.825972636361331E-6
2002-01-03,4.188094143761311E-6
2002-01-04,1.7288919018743796E-6
2002-01-05,3.335824650558302E-6
2002-01-06,3.6481238635788874E-6
2002-01-07,4.6647727521320784E-5
2002-01-08,5.448941948620644E-4
2002-01-09,6.592543361091313E-4
2002-01-10,9.32805579022118E-5
2002-01-11,5.179817149299555E-5
2002-01-12,6.079128231433362E-5
2002-01-13,7.1310680985265495E-9
2002-01-14,1.8536675382019977E-5
2002-01-15,5.625165097079244E-5
2002-01-16,2.0689506733465867E-4
2002-01-17,0.0014667528944567834
2002-01-18,0.0019335676922130106
2002-01-19,5.779267292644783E-4
2002-01-20,4.858704487464415E-4
2002-01-21,3.399740533650486E-4
2002-01-22,0.001273514197764118
2002-01-23,0.007482655398211789
2002-01-24,0.00168731019155984
2002-01-25,1.688597427677695E-4
2002-01-26,1.0187130194928148E-4
2002-01-27,2.936502775751768E-5
2002-01-28,0.0038712386876415847
2002-01-29,0.001425309605806034
2002-01-30,0.0012067268808737613
2002-01-31,1.1258007171613785E-4
2002-02-01,5.9701793284424474E-5
2002-02-02,5.4859389117679014E-5
2002-02-03,7.52758602658856E-5
2002-02-04,3.831838600510671E-5
2002-02-05,3.3848591154146667E-6
2002-02-06,1.1750711394191122E-5
2002-02-07,2.486258011958769E-6
2002-02-08,1.9303774423394615E-5
2002-02-09,9.24782472733151E-6
2002-02-10,9.8797046473416E-6
2002-02-11,1.8581437272783348E-6
2002-02-12,1.0739438839899884E-6
2002-02-13,2.737938209194889E-5
2002-02-14,1.1552021050091594E-5
2002-02-15,2.594369713941379E-6
2002-02-16,2.6074778416582014E-5
2002-02-17,4.271126010250792E-5
2002-02-18,1.0441623510548426E-5
2002-02-19,5.824947852494278E-4
2002-02-20,4.370259506776355E-4
2002-02-21,2.5042321462611836E-4
2002-02-22,1.37021931903316E-4
2002-02-23,1.8031894533167473E-5
2002-02-24,3.454224553291429E-5
2002-02-25,0.0012239389363525798
2002-02-26,3.071669419557033E-4
2002-02-27,9.211561641014704E-5
2002-02-28,5.846158021556985E-5
2002-03-01,1.5161993098217469E-5
2002-03-02,5.171259916942158E-6
2002-03-03,7.86006372944511E-4
2002-03-04,5.710314439511025E-4
2002-03-05,7.345156416568331E-5
2002-03-06,9.825253825110869E-5
2002-03-07,2.9173815845223E-4
2002-03-08,8.307259420781776E-5
2002-03-09,2.3128255895666763E-4
2002-03-10,6.657597367479447E-4
2002-03-11,0.0021937271523865026
2002-03-12,3.6217709651094327E-4
2002-03-13,4.06106182492669E-5
2002-03-14,4.092783734414917E-6
2002-03-15,1.0113668775632078E-5
2002-03-16,2.3037602927554292E-4
2002-03-17,3.51869285705326E-5
2002-03-18,4.5108188111873554E-5
2002-03-19,5.410869348363853E-5
2002-03-20,8.086760430664184E-6
2002-03-21,2.9533502459065864E-5
2002-03-22,2.9732585903529795E-4
2002-03-23,0.003282035217656817
2002-03-24,0.014208390765876695
2002-03-25,0.008456628362602032
2002-03-26,0.011559195184682888
2002-03-27,0.009640730359460213
2002-03-28,0.007288842954017623
2002-03-29,0.005723746210963039
2002-03-30,0.0026607657194088617
2002-03-31,0.002493807972655141
2002-04-01,0.011603071576944263
2002-04-02,0.017124114306043645
2002-04-03,0.017405958270648603
2002-04-04,0.001636965555300155
2002-04-05,2.825396505169483E-4
2002-04-06,5.98724252069674E-4
2002-04-07,6.96991244420272E-4
2002-04-08,0.005861444914146952
2002-04-09,0.01068573753694193
2002-04-10,0.0057872599110543824
2002-04-11,0.006416572362767387
2002-04-12,0.0014799075917749105
2002-04-13,4.2646024037866774E-4
2002-04-14,6.313894721984531E-4
2002-04-15,0.0047287092932992115
2002-04-16,0.014776183683220048
2002-04-17,0.010523015746439237
2002-04-18,0.004498932830525028
2002-04-19,0.005426434353162456
2002-04-20,0.0034192352503588166
2002-04-21,0.01097906002744829
2002-04-22,0.00876304508967169
2002-04-23,0.004560879657046595
2002-04-24,0.00688529689697943
2002-04-25,0.013903071806602676
2002-04-26,0.015130427956489412
2002-04-27,0.008597429417847387
2002-04-28,0.012905749530647236
2002-04-29,0.011076422297451519
2002-04-30,0.009734733032687374
2002-05-01,0.010215591211390162
2002-05-02,0.012471271733334765
2002-05-03,0.011196114866961714
2002-05-04,0.01124054264031829
2002-05-05,0.017125022456174293
2002-05-06,0.032816345164868865
2002-05-07,0.012646379309505509
2002-05-08,0.006203661030919327
2002-05-09,0.005313276561208476
2002-05-10,0.014083779371350654
2002-05-11,0.024838164148459636
2002-05-12,0.014745152660056625
2002-05-13,0.0029550151698794474
2002-05-14,0.011154068954321994
2002-05-15,0.010873467229991546
2002-05-16,0.0047573132868484296
2002-05-17,0.007714887182986869
2002-05-18,0.011170135777588904
2002-05-19,0.02943322588504854
2002-05-20,0.015097257454495118
2002-05-21,0.020633334530939487
2002-05-22,0.018614548450665746
2002-05-23,0.01496696266311175
2002-05-24,0.018188249735907824
2002-05-25,0.026858430158001108
2002-05-26,0.0325145673369248
2002-05-27,0.028290584103923787
2002-05-28,0.022346981033121858
2002-05-29,0.007825759775447225
2002-05-30,0.007602008447671438
2002-05-31,0.00877493512211191
2002-06-01,0.0057283955930975345
2002-06-02,0.006122199188265052
2002-06-03,0.0071986089672443085
2002-06-04,0.009353458202939787
2002-06-05,0.00928536211914572
2002-06-06,0.010065315571039868
2002-06-07,0.017252302281577942
2002-06-08,0.01426548968568928
2002-06-09,0.00787547530226448
2002-06-10,0.013695015646691762
2002-06-11,0.018154324224612536
2002-06-12,0.020167342293347292
2002-06-13,0.04458130974838707
2002-06-14,0.028496262874237316
2002-06-15,0.029758857929278244
2002-06-16,0.015979821288556538
2002-06-17,0.00792265605187287
2002-06-18,0.008066575558740002
2002-06-19,0.013321014786873286
2002-06-20,0.01439020191777945
2002-06-21,0.019691520901846744
2002-06-22,0.03213796728117307
2002-06-23,0.019611452451428382
2002-06-24,0.011255609673918619
2002-06-25,0.012068936914712879
2002-06-26,0.009497321777990786
2002-06-27,0.0053025558883473545
2002-06-28,0.007159025071802345
2002-06-29,0.016473469589498906
2002-06-30,0.02624213284615015
2002-07-01,0.02063892816315631
2002-07-02,0.02504925359460471
2002-07-03,0.025721673049508276
2002-07-04,0.022527768496955963
2002-07-05,0.013258015948617327
2002-07-06,0.01605348266033552
2002-07-07,0.02933071888833221
2002-07-08,0.0215574645493902
2002-07-09,0.018422364013649616
2002-07-10,0.016587171955911525
2002-07-11,0.020476809672153193
2002-07-12,0.01591098536537777
2002-07-13,0.012634604977006572
2002-07-14,0.019013617257695913
2002-07-15,0.01035965118481864
2002-07-16,0.012081163105917385
2002-07-17,0.015380446854395673
2002-07-18,0.009359099670418664
2002-07-19,0.015618239850713266
2002-07-20,0.01978999880581426
2002-07-21,0.03790249377333272
2002-07-22,0.04155668251267836
2002-07-23,0.020074250008207832
2002-07-24,0.010852438028650858
2002-07-25,0.008579569421809695
2002-07-26,0.009503024079381818
2002-07-27,0.01656324283726481
2002-07-28,0.014697190590871146
2002-07-29,0.015884813725623857
2002-07-30,0.017673979515693758
2002-07-31,0.012049340721585417
2002-08-01,0.00979381377603117
2002-08-02,0.013863329659003717
2002-08-03,0.013470716982503883
2002-08-04,0.00917215864734574
2002-08-05,0.009489171690352861
2002-08-06,0.009346333416614654
2002-08-07,0.009599786944468003
2002-08-08,0.009929149673291658
2002-08-09,0.014536596465791496
2002-08-10,0.01541746662522802
2002-08-11,0.021995269464330485
2002-08-12,0.029275722896835003
2002-08-13,0.024473341448917753
2002-08-14,0.019798016845610205
2002-08-15,0.014765860652378723
2002-08-16,0.021681735233976884
2002-08-17,0.01170330036466167
2002-08-18,0.011309911632066386
2002-08-19,0.023471313731040146
2002-08-20,0.014860422402021081
2002-08-21,0.0044542501815451494
2002-08-22,0.012624615384492506
2002-08-23,0.012393731863395558
2002-08-24,0.006751091607870607
2002-08-25,0.01035421406396923
2002-08-26,0.014625505701517322
2002-08-27,0.008048062177227219
2002-08-28,0.006898457443294562
2002-08-29,0.004999381566790184
2002-08-30,0.005670696855881328
2002-08-31,0.0047103173775084484
2002-09-01,0.0070396842842010915
2002-09-02,0.005785964551453084
2002-09-03,0.006516370078442558
2002-09-04,0.006509743997052748
2002-09-05,0.008151959123131079
2002-09-06,0.00658322971453407
2002-09-07,0.005036979796896305
2002-09-08,0.012686527316443779
2002-09-09,0.016109275181717578
2002-09-10,0.011757495613908021
2002-09-11,0.007553106224361481
2002-09-12,0.0021607720619179907
2002-09-13,0.0024980402546795452
2002-09-14,0.006722226337468819
2002-09-15,0.00949936583636139
2002-09-16,0.005641333744535915
2002-09-17,0.0022643818452773787
2002-09-18,0.0014768697087891994
2002-09-19,0.002938147951242331
2002-09-20,0.010520915640881522
2002-09-21,0.010367752424900702
2002-09-22,0.025145632541620982
2002-09-23,0.020973590912526197
2002-09-24,0.019578337655437754
2002-09-25,0.009013437661745735
2002-09-26,0.010560985759546455
2002-09-27,0.026497297939514487
2002-09-28,0.013397871516172059
2002-09-29,0.004608637497150456
2002-09-30,0.0038161120156359114
2002-10-01,0.0032839819715303445
2002-10-02,0.003489231079334934
2002-10-03,0.0029544497146696607
2002-10-04,0.0028233870232731344
2002-10-05,0.0016649029178421014
2002-10-06,0.0032468121449887276
2002-10-07,0.0038078577294895564
2002-10-08,0.0040074225060085684
2002-10-09,0.003003057166543092
2002-10-10,0.0020779477116596276
2002-10-11,0.0012439191552599351
2002-10-12,0.0015438940410201283
2002-10-13,0.003510850082628614
2002-10-14,0.010557652277377327
2002-10-15,0.012648021160382444
2002-10-16,0.0037157808088605212
2002-10-17,0.00147200492072435
2002-10-18,0.011269683279515087
2002-10-19,0.01385224599090855
2002-10-20,0.0071472756736453945
2002-10-21,9.173170498018138E-4
2002-10-22,4.986304949721448E-4
2002-10-23,4.678078222049119E-4
2002-10-24,4.232581253054426E-4
2002-10-25,7.353204946689636E-4
2002-10-26,8.627562779374718E-4
2002-10-27,6.669752749130523E-4
2002-10-28,7.760236406829602E-4
2002-10-29,3.338549727164332E-4
2002-10-30,3.44985890045426E-4
2002-10-31,2.1832467615872533E-4
2002-11-01,7.171711414544648E-5
2002-11-02,3.9142361802584015E-4
2002-11-03,0.0017302301199505616
2002-11-04,0.0021826696766554707
2002-11-05,0.0013067702672289688
2002-11-06,2.953420857576807E-4
2002-11-07,8.863427405646738E-6
2002-11-08,1.2378099995536891E-5
2002-11-09,8.105677400739394E-5
2002-11-10,7.020224396886711E-5
2002-11-11,0.008614748132045392
2002-11-12,0.05589795211709485
2002-11-13,0.015022688082138212
2002-11-14,0.0010878914975851971
2002-11-15,1.315523089165168E-4
2002-11-16,1.3712334337631189E-5
2002-11-17,5.261306529603149E-5
2002-11-18,1.9574760258047753E-4
2002-11-19,4.2910808180974906E-4
2002-11-20,7.316190809618793E-4
2002-11-21,6.78052494212657E-5
2002-11-22,5.019560098268177E-6
2002-11-23,2.5785258082940664E-5
2002-11-24,1.010471142397633E-4
2002-11-25,0.0013527588013564084
2002-11-26,0.009721547423202621
2002-11-27,2.3443440431405757E-4
2002-11-28,1.590972670903901E-4
2002-11-29,6.810337153295254E-4
2002-11-30,7.996277056806193E-4
2002-12-01,0.0011146976346036762
2002-12-02,3.0518459535099383E-4
2002-12-03,8.826808214324607E-5
2002-12-04,1.1680349890514659E-4
2002-12-05,1.1504411682152002E-4
2002-12-06,4.159354177354659E-5
2002-12-07,9.41888016367367E-6
2002-12-08,4.6780210976952494E-6
2002-12-09,1.499195386359828E-5
2002-12-10,5.417739952611854E-5
2002-12-11,1.3274183944824693E-6
2002-12-12,4.779764228007931E-6
2002-12-13,2.7729288173831757E-6
2002-12-14,2.0197964534776847E-5
2002-12-15,1.4107969965943375E-4
2002-12-16,3.329898543990419E-4
2002-12-17,0.0014787989573675471
2002-12-18,0.0023206984525311865
2002-12-19,0.0011911202336435795
2002-12-20,0.0016774119976864117
2002-12-21,9.57837615353133E-4
2002-12-22,1.2522963948393293E-4
2002-12-23,8.71439723500994E-6
2002-12-24,1.1310370672162377E-4
2002-12-25,7.92289055554041E-4
2002-12-26,1.5698097500063218E-4
2002-12-27,3.362746685474301E-4
2002-12-28,4.608865667161127E-4
2002-12-29,2.089945052925176E-4
2002-12-30,5.288487413054892E-5
2002-12-31,5.716646287721919E-5
2003-01-01,6.526440633286271E-4
2003-01-02,2.1386038588429744E-6
2003-01-03,1.6534111670584375E-6
2003-01-04,4.883984929830241E-4
2003-01-05,3.902898438253128E-4
2003-01-06,4.011008670788581E-6
2003-01-07,5.447223690385628E-6
2003-01-08,9.113120878411671E-5
2003-01-09,1.7312751197990615E-5
2003-01-10,1.2333838668882106E-5
2003-01-11,8.239228900073182E-6
2003-01-12,1.3013501776154853E-5
2003-01-13,1.0350312731082255E-6
2003-01-14,6.0623450595617205E-6
2003-01-15,1.0299880291467709E-6
2003-01-16,4.874883251287192E-7
2003-01-17,1.4233051527482016E-6
2003-01-18,1.6225040115388328E-6
2003-01-19,2.0105512742370315E-6
2003-01-20,1.929000375442214E-6
2003-01-21,1.132382357151501E-5
2003-01-22,1.9892418143702228E-5
2003-01-23,1.0607760048739103E-4
2003-01-24,1.9369654139828982E-4
2003-01-25,7.533418347806265E-5
2003-01-26,3.3781434138655513E-5
2003-01-27,6.849742408929661E-6
2003-01-28,5.987034664716243E-6
2003-01-29,0.0026088410399098825
2003-01-30,0.0016253654709367034
2003-01-31,5.304360976138612E-4
2003-02-01,2.483416450716772E-4
2003-02-02,4.526359389574054E-6
2003-02-03,1.4925710443894744E-5
2003-02-04,6.254566849062637E-6
2003-02-05,0.0037461920684987537
2003-02-06,0.0011259967927565702
2003-02-07,1.5760450427173084E-4
2003-02-08,2.403010309651829E-4
2003-02-09,9.505730481070248E-4
2003-02-10,8.989219589493304E-4
2003-02-11,3.3111008307995667E-4
2003-02-12,0.0031028902786614885
2003-02-13,0.0033903831725768147
2003-02-14,0.0017765960657566604
2003-02-15,5.362188817510725E-5
2003-02-16,2.255524512883326E-5
2003-02-17,8.74012544388411E-6
2003-02-18,6.99683219106207E-6
2003-02-19,0.0010387737452349697
2003-02-20,3.452060686855192E-4
2003-02-21,5.142404724597776E-4
2003-02-22,2.3019027345523708E-5
2003-02-23,8.784045855507142E-6
2003-02-24,4.57348810491792E-5
2003-02-25,9.084805543902691E-4
2003-02-26,4.960777877086283E-4
2003-02-27,9.57623640304133E-4
2003-02-28,7.259795948744308E-5
2003-03-01,2.71424465998185E-4
2003-03-02,5.11226078474397E-4
2003-03-03,0.0013489683712607462
2003-03-04,0.0011653884140790688
2003-03-05,1.2449328767010393E-4
2003-03-06,4.351138045421976E-7
2003-03-07,9.047989203569565E-7
2003-03-08,9.927038286039685E-6
2003-03-09,4.417535263706134E-7
2003-03-10,3.105635554667554E-5
2003-03-11,0.0023554072984685874
2003-03-12,0.00703568973619463
2003-03-13,0.004009147271482472
2003-03-14,0.003365456753295077
2003-03-15,0.003987281088385605
2003-03-16,0.005047242646539515
2003-03-17,0.0051571232035363245
2003-03-18,0.003100380866561571
2003-03-19,0.0034556720389569058
2003-03-20,0.0045695467061330555
2003-03-21,0.0011189541390744353
2003-03-22,1.1975559996294378E-4
2003-03-23,6.038620280229948E-6
2003-03-24,1.836385648060088E-4
2003-03-25,0.001241383465838475
2003-03-26,0.002985396726094735
2003-03-27,0.0029733234042403954
2003-03-28,0.001628408592530981
2003-03-29,0.0020327601587406025
2003-03-30,0.010474351400461225
2003-03-31,0.025464784977613692
2003-04-01,0.009826389408830677
2003-04-02,0.005029295232236499
2003-04-03,0.004323424852429828
2003-04-04,0.003987689755455759
2003-04-05,6.71449364313361E-4
2003-04-06,1.900895828335765E-4
2003-04-07,2.1987809652303383E-4
2003-04-08,2.920585490380669E-4
2003-04-09,3.0282618360135826E-4
2003-04-10,8.597071798840628E-4
2003-04-11,0.005916136450838537
2003-04-12,0.014411713452542108
2003-04-13,0.01150584947280146
2003-04-14,0.004992691751052221
2003-04-15,0.005656396164354845
2003-04-16,0.010962447070985589
2003-04-17,0.01897931955120949
2003-04-18,0.0068589287586603405
2003-04-19,0.0044309847717787215
2003-04-20,0.012795155356760186
2003-04-21,0.009929522156744084
2003-04-22,0.01047887856570304
2003-04-23,0.0033898536212559603
2003-04-24,9.153462593783214E-4
2003-04-25,8.607022197453117E-4
2003-04-26,0.005339908537346625
2003-04-27,0.00686231789483701
2003-04-28,0.004412524148089155
2003-04-29,0.003238429016248029
2003-04-30,0.005726278009956255
2003-05-01,0.013022964425784331
2003-05-02,0.02289689502585019
2003-05-03,0.0193471024585919
2003-05-04,0.018901208514404244
2003-05-05,0.005927122343972933
2003-05-06,0.005915924949515335
2003-05-07,0.0029841141650571363
2003-05-08,0.004109672698471599
2003-05-09,8.282150033265355E-4
2003-05-10,0.0025303160875257795
2003-05-11,6.137916519484168E-4
2003-05-12,9.190022322325569E-4
2003-05-13,0.002621088266558079
2003-05-14,0.006132460449905408
2003-05-15,0.008045403144390043
2003-05-16,0.006280953366110944
2003-05-17,0.0057794595891676815
2003-05-18,0.004118256432190472
2003-05-19,0.004044320696540668
2003-05-20,0.014857456722004298
2003-05-21,0.01574175217263093
2003-05-22,0.015447002266308105
2003-05-23,0.01073866752445047
2003-05-24,0.00876745266114324
2003-05-25,0.01127380541640711
2003-05-26,0.0077287391130790315
2003-05-27,0.006510281528187693
2003-05-28,0.003357225671663408
2003-05-29,0.0025217382186768136
2003-05-30,0.0019339664114271142
2003-05-31,5.866696801963884E-4
2003-06-01,0.0024815587341726615
2003-06-02,0.004869631534093783
2003-06-03,0.009941963159895578
2003-06-04,0.020296154818121245
2003-06-05,0.03141578632773871
2003-06-06,0.02682966165200251
2003-06-07,0.03602218990998516
2003-06-08,0.0329777359099547
2003-06-09,0.052396211704992215
2003-06-10,0.05495456707399126
2003-06-11,0.032010306317408074
2003-06-12,0.020755414876905444
2003-06-13,0.02337141861378826
2003-06-14,0.015766655908464267
2003-06-15,0.009994343999040752
2003-06-16,0.012978726372895098
2003-06-17,0.012040342086138264
2003-06-18,0.013862393843760007
2003-06-19,0.013010577103493678
2003-06-20,0.01826643980232871
2003-06-21,0.03772268846515934
2003-06-22,0.03292173549404737
2003-06-23,0.01714752801393424
2003-06-24,0.01676139380222843
2003-06-25,0.015056766409397895
2003-06-26,0.024032152298096316
2003-06-27,0.026881165496799725
2003-06-28,0.02665291117957182
2003-06-29,0.03710669573023368
2003-06-30,0.018315787298376757
2003-07-01,0.010955270454926053
2003-07-02,0.01253104997670774
2003-07-03,0.011711282261773634
2003-07-04,0.009360846819082063
2003-07-05,0.0104450608060915
2003-07-06,0.009949923406862685
2003-07-07,0.00918250205562534
2003-07-08,0.012577982896420273
2003-07-09,0.008766327467549111
2003-07-10,0.011493529710112194
2003-07-11,0.019284761809697203
2003-07-12,0.016209714088671216
2003-07-13,0.01662042174278481
2003-07-14,0.014035011983488029
2003-07-15,0.012667456937099244
2003-07-16,0.012494530546440258
2003-07-17,0.011691402204332516
2003-07-18,0.007233065142286178
2003-07-19,0.006943842559163685
2003-07-20,0.01159444600270864
2003-07-21,0.011619977777281009
2003-07-22,0.010082264123463995
2003-07-23,0.0072013872323456905
2003-07-24,0.015072271670882958
2003-07-25,0.012472246252003613
2003-07-26,0.014078487719442886
2003-07-27,0.009952954231583924
2003-07-28,0.01119002473392128
2003-07-29,0.021608842018734916
2003-07-30,0.019214657201762034
2003-07-31,0.011313161179936642
2003-08-01,0.008492284057405559
2003-08-02,0.005936662933354591
2003-08-03,0.003474840501931145
2003-08-04,0.004228316864540406
2003-08-05,0.005155923911942867
2003-08-06,0.007163512163363919
2003-08-07,0.007518205646238575
2003-08-08,0.007146996878375633
2003-08-09,0.008645762161800168
2003-08-10,0.010504907038972864
2003-08-11,0.009747093531180657
2003-08-12,0.008158617320066577
2003-08-13,0.007793940360360158
2003-08-14,0.008530332735514328
2003-08-15,0.0075131448415073875
2003-08-16,0.007973927925004612
2003-08-17,0.013701733657103952
2003-08-18,0.00826829410071043
2003-08-19,0.012143102636723784
2003-08-20,0.009551877320377043
2003-08-21,0.007245300898742543
2003-08-22,0.020128811035720506
2003-08-23,0.0060279627142933575
2003-08-24,0.009855100288035004
2003-08-25,0.007519158237081266
2003-08-26,0.005733969810461411
2003-08-27,0.009388366054502082
2003-08-28,0.007141955784541973
2003-08-29,0.0069126355545015014
2003-08-30,0.009474622915001469
2003-08-31,0.01294469194392546
2003-09-01,0.013831935895674583
2003-09-02,0.011457312880621672
2003-09-03,0.00889604694165021
2003-09-04,0.006203925679614354
2003-09-05,0.010480581823346678
2003-09-06,0.00862739141645485
2003-09-07,0.0115542579650245
2003-09-08,0.010050770553688623
2003-09-09,0.008285143672276458
2003-09-10,0.014638554436888142
2003-09-11,0.01948486217942757
2003-09-12,0.014379890296633335
2003-09-13,0.013688502715586377
2003-09-14,0.013950842805835483
2003-09-15,0.010072528683134132
2003-09-16,0.00889049039367684
2003-09-17,0.008589712766058194
2003-09-18,0.008162084461794391
2003-09-19,0.00808099013765972
2003-09-20,0.01013805686745922
2003-09-21,0.011680356406085791
2003-09-22,0.008369440631314588
2003-09-23,0.007588324111685799
2003-09-24,0.009853116417214152
2003-09-25,0.006723458438865876
2003-09-26,0.009718556877334876
2003-09-27,0.00704959416915887
2003-09-28,0.004542345090663187
2003-09-29,0.005366020478126427
2003-09-30,0.0044303716557275155
2003-10-01,0.007576187812816519
2003-10-02,0.007039624803937772
2003-10-03,0.009748291372858849
2003-10-04,0.007960723623841776
2003-10-05,0.004348766897126604
2003-10-06,0.0033065567215059964
2003-10-07,0.012596134856610354
2003-10-08,0.02178866646309507
2003-10-09,0.03045587001453888
2003-10-10,0.02740326140052901
2003-10-11,0.004484594998694391
2003-10-12,0.0010260518280010252
2003-10-13,3.194204066791649E-4
2003-10-14,0.001077423938102396
2003-10-15,0.004903881449298222
2003-10-16,0.004001858594004847
2003-10-17,0.001910130201346423
2003-10-18,0.0034459246580553758
2003-10-19,0.0012958116070708762
2003-10-20,0.00270434295266946
2003-10-21,0.0027253700975736843
2003-10-22,0.001899972669680184
2003-10-23,0.0027039534021530724
2003-10-24,0.00295006686249703
2003-10-25,0.00442827661936202
2003-10-26,0.00693753442938922
2003-10-27,0.005230687665813021
2003-10-28,0.0015769594736885755
2003-10-29,8.491626117979535E-4
2003-10-30,7.84196933071872E-4
2003-10-31,0.0022665128072326427
2003-11-01,7.185068446452276E-4
2003-11-02,3.464688198250045E-4
2003-11-03,2.9403325231075375E-4
2003-11-04,6.268675867200429E-5
2003-11-05,2.7321719057945193E-4
2003-11-06,4.840212066416217E-4
2003-11-07,3.9345173472781983E-4
2003-11-08,2.4344963065183538E-4
2003-11-09,2.4027150213003326E-4
2003-11-10,2.1001341110982015E-4
2003-11-11,1.4168713080175537E-4
2003-11-12,1.1648389934830152E-4
2003-11-13,7.254072242651366E-5
2003-11-14,3.8788030778677015E-6
2003-11-15,2.7217094342387293E-6
2003-11-16,2.5354509868429E-5
2003-11-17,4.511039071672046E-5
2003-11-18,1.542935887993823E-5
2003-11-19,6.885565674004469E-5
2003-11-20,2.7315760694092786E-4
2003-11-21,9.005444584201665E-5
2003-11-22,1.526869365136382E-5
2003-11-23,5.70455864174861E-5
2003-11-24,4.8790096483598196E-5
2003-11-25,2.0517797641346423E-4
2003-11-26,1.2303877344477368E-4
2003-11-27,1.1092618453377239E-4
2003-11-28,1.5563257195811615E-4
2003-11-29,1.1476821565100455E-4
2003-11-30,1.785488778518835E-5
2003-12-01,2.074429843339463E-5
2003-12-02,2.1205263638719774E-5
2003-12-03,1.9214250867083152E-5
2003-12-04,7.07708382227219E-5
2003-12-05,1.0667160560262964E-4
2003-12-06,4.0150007329269467E-4
2003-12-07,2.8378633874834227E-4
2003-12-08,5.335112208291651E-5
2003-12-09,2.5959265668342265E-4
2003-12-10,2.1721528666070552E-4
2003-12-11,6.405474207259522E-5
2003-12-12,3.1085525852691392E-6
2003-12-13,1.0607966131143805E-6
2003-12-14,4.0512781439959773E-7
2003-12-15,1.3479441241129013E-5
2003-12-16,1.8275140699446657E-4
2003-12-17,0.003296010729023937
2003-12-18,0.0050426514253139754
2003-12-19,0.009573727887394709
2003-12-20,0.0038136855058914535
2003-12-21,6.422705643346697E-4
2003-12-22,1.603882071450365E-4
2003-12-23,7.973969166028709E-5
2003-12-24,1.615711164207456E-4
2003-12-25,8.791969667312031E-5
2003-12-26,1.7193572863328744E-5
2003-12-27,1.8038133855146566E-4
2003-12-28,0.007218188389111534
2003-12-29,2.2344649681968058E-4
2003-12-30,4.438938403057323E-6
2003-12-31,4.788147061668543E-6
2004-01-01,1.0815949168201514E-5
2004-01-02,1.3730694474796715E-5
2004-01-03,1.6805284282869674E-5
2004-01-04,5.314552930154064E-6
2004-01-05,1.9518300036892665E-6
2004-01-06,7.015219733996594E-7
2004-01-07,3.6777830082463235E-6
2004-01-08,0.0013770972533452108
2004-01-09,5.2345362175698314E-5
2004-01-10,4.26871536601378E-6
2004-01-11,4.448259281922767E-6
2004-01-12,6.53030402712881E-5
2004-01-13,3.647251877483927E-4
2004-01-14,9.240426446715285E-4
2004-01-15,2.2484874875508754E-4
2004-01-16,8.963307878778946E-5
2004-01-17,1.1642796753591914E-4
2004-01-18,1.6044328116605175E-4
2004-01-19,0.0011012251983927193
2004-01-20,5.138856133608038E-4
2004-01-21,5.71330061318675E-5
2004-01-22,9.754495824918967E-5
2004-01-23,0.0027192494146577127
2004-01-24,0.002855155097949323
2004-01-25,4.7291319191790864E-4
2004-01-26,8.619904336445233E-5
2004-01-27,8.808585395647499E-5
2004-01-28,4.9534537140936964E-5
2004-01-29,3.2480498807079562E-6
2004-01-30,2.2185590060299595E-6
2004-01-31,5.225918121762153E-5
2004-02-01,8.164792880638407E-5
2004-02-02,1.9671710326554746E-4
2004-02-03,1.458336203172278E-4
2004-02-04,2.447075394770348E-5
2004-02-05,5.324026247758193E-6
2004-02-06,2.2947831087897607E-4
2004-02-07,6.369384036377675E-5
2004-02-08,8.577734911556743E-7
2004-02-09,1.7155813845014828E-6
2004-02-10,1.2831255518755683E-6
2004-02-11,5.178649884467976E-6
2004-02-12,3.998346037896136E-6
2004-02-13,2.22432485809909E-6
2004-02-14,1.6775020370546742E-5
2004-02-15,1.0902223331238817E-4
2004-02-16,1.8038366408437156E-4
2004-02-17,1.0987154110939943E-6
2004-02-18,1.5732189855602117E-6
2004-02-19,0.0012589390539516966
2004-02-20,0.001356126729557617
2004-02-21,1.074675105037692E-4
2004-02-22,5.663260364872149E-4
2004-02-23,1.304221398609527E-4
2004-02-24,3.8517126554445015E-5
2004-02-25,7.10149595848143E-7
2004-02-26,5.2058288848139995E-5
2004-02-27,1.5017366667798148E-4
2004-02-28,2.515808889956341E-4
2004-02-29,3.395480150236631E-4
2004-03-01,2.710620278540288E-4
2004-03-02,5.9481116816787284E-5
2004-03-03,1.1022195253881118E-5
2004-03-04,1.8389144312173764E-6
2004-03-05,1.634954473800184E-6
2004-03-06,2.0003470446024074E-6
2004-03-07,6.140383804679803E-4
2004-03-08,2.1444424514096958E-4
2004-03-09,8.14382165059863E-5
2004-03-10,0.0037833802153453625
2004-03-11,6.207544232765468E-5
2004-03-12,8.63387437015459E-5
2004-03-13,5.3627666678076636E-5
2004-03-14,2.7634579016839456E-5
2004-03-15,1.7350827999399613E-5
2004-03-16,3.5154603219793925E-4
2004-03-17,1.8037662786726924E-4
2004-03-18,1.6813880629817313E-4
2004-03-19,0.0037126558529605616
2004-03-20,0.005436165754027757
2004-03-21,0.002443351093153396
2004-03-22,0.003833559348164143
2004-03-23,0.002289021307911457
2004-03-24,0.0011169660240625738
2004-03-25,6.387938281829653E-4
2004-03-26,5.581107583690052E-4
2004-03-27,6.150862130347303E-4
2004-03-28,0.0021637853134507156
2004-03-29,0.001947616651479629
2004-03-30,0.009760662893042732
2004-03-31,0.008086833636727384
2004-04-01,0.003002068795135246
2004-04-02,0.00654972526900344
2004-04-03,0.010185377164704619
2004-04-04,0.008659780107003901
2004-04-05,0.007684488232759592
2004-04-06,0.015789589558815636
2004-04-07,0.01231332071727612
2004-04-08,0.012227476718265124
2004-04-09,0.013677960408095782
2004-04-10,0.02854117761800976
2004-04-11,0.029611939775410757
2004-04-12,0.02489579200548026
2004-04-13,0.023909520454715814
2004-04-14,0.03190401721323937
2004-04-15,0.033189305570279444
2004-04-16,0.03063550603553445
2004-04-17,0.03427740669295434
2004-04-18,0.039358897093668355
2004-04-19,0.02514535327345431
2004-04-20,0.005639774993347632
2004-04-21,0.005351257753292636
2004-04-22,0.010374507303049785
2004-04-23,0.013391167054270445
2004-04-24,0.004433297224998083
2004-04-25,0.0019508794815271521
2004-04-26,0.0027234374536438907
2004-04-27,0.004336200615541154
2004-04-28,0.004292795642646198
2004-04-29,0.005862976861825923
2004-04-30,0.002203297922345683
2004-05-01,0.001158944136362667
2004-05-02,0.0012144140104194728
2004-05-03,2.0204656007184832E-4
2004-05-04,6.897948559937498E-6
2004-05-05,2.8492905353464586E-4
2004-05-06,0.0018350131479112671
2004-05-07,1.25244322012109E-4
2004-05-08,0.00119863562253305
2004-05-09,0.003440712303167282
2004-05-10,0.003095153411577272
2004-05-11,0.00800135148292514
2004-05-12,0.012319859203287374
2004-05-13,0.014159966712310937
2004-05-14,0.02146758957364604
2004-05-15,0.015627021010587838
2004-05-16,0.002624207328978964
2004-05-17,0.00836985597903234
2004-05-18,0.014929274294290378
2004-05-19,0.01692435899514687
2004-05-20,0.018473298165521766
2004-05-21,0.021078862960917377
2004-05-22,0.030381746004006935
2004-05-23,0.029458336777056546
2004-05-24,0.010468449035053553
2004-05-25,0.011896744057399163
2004-05-26,0.006909954665597067
2004-05-27,0.006627019452759804
2004-05-28,0.009648214036815393
2004-05-29,0.006422927971744559
2004-05-30,0.0066302004040094745
2004-05-31,0.006494921497672756
2004-06-01,0.011072694661382429
2004-06-02,0.014889146461478393
2004-06-03,0.019817663222932404
2004-06-04,0.008923982171437621
2004-06-05,0.01024532499541392
2004-06-06,0.007855850370308164
2004-06-07,0.007001374684054863
2004-06-08,0.009825905244316492
2004-06-09,0.007239112289775476
2004-06-10,0.005014682639700924
2004-06-11,0.009438012952154747
2004-06-12,0.015876123130330492
2004-06-13,0.017385021111798717
2004-06-14,0.011490454226636752
2004-06-15,0.010552593680071557
2004-06-16,0.009303225487355866
2004-06-17,0.017026001734698863
2004-06-18,0.02613166797161647
2004-06-19,0.02267423798871916
2004-06-20,0.03153258400078781
2004-06-21,0.04717930676117428
2004-06-22,0.042178532393498114
2004-06-23,0.021175673873137384
2004-06-24,0.014081628609329162
2004-06-25,0.011959649640554635
2004-06-26,0.006915551065087272
2004-06-27,0.011151248025752783
2004-06-28,0.013336421001410421
2004-06-29,0.010577306207395722
2004-06-30,0.008714098172507614
2004-07-01,0.009087837211745121
2004-07-02,0.01039367344397153
2004-07-03,0.012341342126189881
2004-07-04,0.0130822699339867
2004-07-05,0.01762576389996872
2004-07-06,0.025101044818717725
2004-07-07,0.03926593440490603
2004-07-08,0.03591215539818771
2004-07-09,0.04464870366795583
2004-07-10,0.041678253648010005
2004-07-11,0.016383985850517653
2004-07-12,0.00817227090060395
2004-07-13,0.010188778749622575
2004-07-14,0.018395798113390358
2004-07-15,0.019627342664796734
2004-07-16,0.01858939830809054
2004-07-17,0.0220840923621708
2004-07-18,0.03701186321122355
2004-07-19,0.04571560438244975
2004-07-20,0.035209642961362926
2004-07-21,0.01163660667271994
2004-07-22,0.015282379778746573
2004-07-23,0.017593056840115254
2004-07-24,0.014895145018853789
2004-07-25,0.00939230111215898
2004-07-26,0.009602839388055359
2004-07-27,0.009696007541896604
2004-07-28,0.014491611676278373
2004-07-29,0.018726531159689135
2004-07-30,0.009872048241733117
2004-07-31,0.00818837207057404
2004-08-01,0.006474477358879184
2004-08-02,0.009271101798893025
2004-08-03,0.011191114550563751
2004-08-04,0.015861684242938146
2004-08-05,0.01581922435998917
2004-08-06,0.010084973582439287
2004-08-07,0.010010087164443328
2004-08-08,0.011315789285229402
2004-08-09,0.011004351976703868
2004-08-10,0.008648896099782742
2004-08-11,0.008582938170100203
2004-08-12,0.01727939373224978
2004-08-13,0.015360481260638643
2004-08-14,0.008498700024490302
2004-08-15,0.00830065860601035
2004-08-16,0.007777341947779542
2004-08-17,0.010446856188504381
2004-08-18,0.010810026599908422
2004-08-19,0.01264567106822469
2004-08-20,0.010069956243768958
2004-08-21,0.006770844723241584
2004-08-22,0.005054351561759824
2004-08-23,0.006636523916831328
2004-08-24,0.004585721498543386
2004-08-25,0.010517292847087242
2004-08-26,0.012220610760047114
2004-08-27,0.013524553174386302
2004-08-28,0.010100751728686058
2004-08-29,0.012934095459021168
2004-08-30,0.015773300019422544
2004-08-31,0.013368076939601037
2004-09-01,0.014685409582153464
2004-09-02,0.009107594168429782
2004-09-03,0.005160502134435442
2004-09-04,0.010125462035638078
2004-09-05,0.00788271651920976
2004-09-06,0.005816880439281947
2004-09-07,0.0056542006389621695
2004-09-08,0.01738881478420923
2004-09-09,0.025496235297221365
2004-09-10,0.010707395099082303
2004-09-11,0.022717721808961686
2004-09-12,0.053489019999005336
2004-09-13,0.03891336074024324
2004-09-14,0.013670001350375091
2004-09-15,0.015758115993589655
2004-09-16,0.019225892002987816
2004-09-17,0.010837923817637832
2004-09-18,0.012072339796776065
2004-09-19,0.003409803863058764
2004-09-20,0.005175746545448704
2004-09-21,0.011452584008744557
2004-09-22,0.01548883247035216
2004-09-23,0.015521012894267909
2004-09-24,0.0087765981652537
2004-09-25,0.004845271694581935
2004-09-26,0.003247417650090569
2004-09-27,0.008823316096152986
2004-09-28,0.010829665760783175
2004-09-29,0.009862579704118303
2004-09-30,0.004519779192046581
2004-10-01,0.0025099935633045175
2004-10-02,0.0032112147460400427
2004-10-03,0.005681017711757872
2004-10-04,0.014289322570191802
2004-10-05,0.03471833469293459
2004-10-06,0.02991732021010153
2004-10-07,0.05484168083225474
2004-10-08,0.01949047056193538
2004-10-09,0.0014887866666205463
2004-10-10,6.762804771719974E-4
2004-10-11,6.22263719504557E-4
2004-10-12,0.0012084879839994037
2004-10-13,0.0032919368883728615
2004-10-14,0.014339224250731971
2004-10-15,0.022987457775473615
2004-10-16,0.00656086439066302
2004-10-17,5.49119638193722E-4
2004-10-18,3.4777621337243246E-4
2004-10-19,2.687281452216523E-4
2004-10-20,1.6678390352598183E-4
2004-10-21,1.448403526155806E-4
2004-10-22,3.847596919690204E-4
2004-10-23,6.96980181057493E-4
2004-10-24,7.591225715892332E-4
2004-10-25,7.769196611698621E-4
2004-10-26,7.929512725621318E-4
2004-10-27,8.955380264136085E-4
2004-10-28,3.728423986635901E-4
2004-10-29,3.525384734004683E-4
2004-10-30,1.6772678936455965E-4
2004-10-31,9.025961040685014E-5
2004-11-01,9.950174580187954E-5
2004-11-02,7.819048768695093E-5
2004-11-03,1.5308331140957538E-4
2004-11-04,1.3048184280049438E-4
2004-11-05,1.6506060890627192E-4
2004-11-06,3.794914865337332E-4
2004-11-07,5.394508528878325E-4
2004-11-08,3.0949822596296455E-4
2004-11-09,3.1546831685812953E-4
2004-11-10,2.8083524496743637E-4
2004-11-11,1.2756156063129342E-4
2004-11-12,1.5876976154597893E-4
2004-11-13,1.2112447828528682E-4
2004-11-14,1.1840803048424366E-4
2004-11-15,1.8164539767899233E-4
2004-11-16,4.271524751417922E-5
2004-11-17,2.5926926396434884E-5
2004-11-18,7.018161228433711E-5
2004-11-19,4.1195184650092293E-4
2004-11-20,1.6361214736550878E-4
2004-11-21,2.1913126039489296E-5
2004-11-22,1.8832569597222412E-4
2004-11-23,0.001512771037804338
2004-11-24,9.3955129437347E-4
2004-11-25,1.7113020414508614E-4
2004-11-26,5.092952741364866E-5
2004-11-27,1.8015316410673898E-4
2004-11-28,3.315017658712101E-4
2004-11-29,1.4165487832925978E-4
2004-11-30,2.5971480734654917E-5
2004-12-01,4.071001173251089E-5
2004-12-02,7.376936107631919E-5
2004-12-03,5.148931467555258E-7
2004-12-04,2.101898098054426E-6
2004-12-05,1.0108502357182103E-5
2004-12-06,6.957315669619375E-5
2004-12-07,1.2004187967799803E-4
2004-12-08,1.6018143381290237E-4
2004-12-09,1.5969381573209326E-4
2004-12-10,3.419849962219356E-4
2004-12-11,2.1810305739029068E-5
2004-12-12,2.1803985323912984E-5
2004-12-13,6.246794585265206E-5
2004-12-14,2.1095325522902617E-4
2004-12-15,2.1316514470263567E-4
2004-12-16,8.555902716521939E-4
2004-12-17,2.6428348904991405E-6
2004-12-18,2.3972460566450155E-6
2004-12-19,1.0727190164494153E-5
2004-12-20,4.854006652258323E-4
2004-12-21,0.0019600582419857047
2004-12-22,6.325876874631893E-4
2004-12-23,5.902930489828766E-5
2004-12-24,2.083194469955239E-5
2004-12-25,1.8803475599567536E-4
2004-12-26,2.523159949780567E-4
2004-12-27,3.181194591096157E-5
2004-12-28,1.4274313181366766E-6
2004-12-29,2.3113621676977304E-6
2004-12-30,6.837315529430054E-6
2004-12-31,7.597741240794932E-6
2005-01-01,2.9146660034670847E-6
2005-01-02,3.5982711389822525E-6
2005-01-03,1.4008091936503114E-6
2005-01-04,1.4963646888986927E-5
2005-01-05,2.129717870855377E-6
2005-01-06,1.6191003640071745E-6
2005-01-07,2.85829128435068E-5
2005-01-08,1.0109575690114717E-4
2005-01-09,0.001088389400064458
2005-01-10,2.772623588960223E-4
2005-01-11,0.0031741721059878707
2005-01-12,1.0856312104926218E-4
2005-01-13,1.1026658346545662E-4
2005-01-14,9.25037886924801E-5
2005-01-15,4.1997052940261785E-5
2005-01-16,7.485399932078608E-6
2005-01-17,2.667953691668422E-5
2005-01-18,6.173700768726581E-4
2005-01-19,9.669700250827525E-4
2005-01-20,1.8639990077499397E-4
2005-01-21,1.5098031395813099E-5
2005-01-22,1.6623933532572538E-4
2005-01-23,0.0015244153297148291
2005-01-24,1.3363271805069468E-4
2005-01-25,1.809961992161392E-5
2005-01-26,3.6469504694112083E-5
2005-01-27,3.09932914027999E-5
2005-01-28,2.905762168634755E-5
2005-01-29,4.075606205326521E-6
2005-01-30,4.066318577201504E-6
2005-01-31,1.2098012365893687E-4
2005-02-01,0.0010042260170086252
2005-02-02,1.6345982591085977E-4
2005-02-03,2.2876697425404723E-5
2005-02-04,1.3191657606285305E-6
2005-02-05,1.2103835466050347E-5
2005-02-06,6.987043726814015E-5
2005-02-07,8.917228314826944E-5
2005-02-08,4.189667887513707E-6
2005-02-09,1.4453690695363139E-5
2005-02-10,8.244781282639871E-5
2005-02-11,1.5665129730518484E-4
2005-02-12,5.896996747491955E-4
2005-02-13,0.001486926414057537
2005-02-14,3.209495143188014E-4
2005-02-15,1.8122538160877274E-4
2005-02-16,0.002831129269461719
2005-02-17,0.0035416741656713385
2005-02-18,0.0035756084281759496
2005-02-19,8.102050081535154E-4
2005-02-20,9.636393318361894E-4
2005-02-21,1.550175689394573E-4
2005-02-22,3.147600174546952E-4
2005-02-23,5.237851784062119E-4
2005-02-24,7.800243560891067E-5
2005-02-25,4.470136615497286E-5
2005-02-26,2.037336779136103E-5
2005-02-27,1.95331004055355E-5
2005-02-28,3.332059204116498E-5
2005-03-01,6.725584546085355E-5
2005-03-02,5.081403303992933E-4
2005-03-03,6.282842272491094E-4
2005-03-04,3.563659811612358E-4
2005-03-05,0.0035606922590950786
2005-03-06,0.006338818031424824
2005-03-07,0.0039730067035089025
2005-03-08,0.0021697236519371216
2005-03-09,2.0165976264543782E-4
2005-03-10,1.618939960728075E-4
2005-03-11,0.0028284468479527255
2005-03-12,5.726186929710028E-4
2005-03-13,6.713571977608479E-4
2005-03-14,6.786190484810987E-4
2005-03-15,0.0018014918322674155
2005-03-16,1.28926513153196E-4
2005-03-17,0.0017416623107503763
2005-03-18,0.0038829666493520247
2005-03-19,0.005547442659994172
2005-03-20,0.01349957096737273
2005-03-21,0.007180454168241694
2005-03-22,0.009102420621520465
2005-03-23,0.021054254141053635
2005-03-24,0.025904495431043437
2005-03-25,0.007359906165097021
2005-03-26,0.006850984353956496
2005-03-27,0.004807436678035685
2005-03-28,0.011367318659961953
2005-03-29,0.004964706985566839
2005-03-30,0.005233630674705966
2005-03-31,0.00449212799679226
2005-04-01,6.062429270130036E-4
2005-04-02,1.801534897801556E-4
2005-04-03,0.0016282822887225994
2005-04-04,9.74247529605741E-4
2005-04-05,7.014315698602881E-5
2005-04-06,0.004607585313118458
2005-04-07,0.0023215727474727933
2005-04-08,0.001362474490386215
2005-04-09,0.003318726649174773
2005-04-10,0.008850668132939367
2005-04-11,0.00572595846899261
2005-04-12,9.887364576410516E-4
2005-04-13,5.195932792906143E-5
2005-04-14,6.880162430545947E-6
2005-04-15,1.0534602115166361E-4
2005-04-16,0.0013636205962517462
2005-04-17,0.004424106361926852
2005-04-18,0.002871619174851803
2005-04-19,0.0026616981360567185
2005-04-20,9.211524897384108E-4
2005-04-21,0.0012233508121902526
2005-04-22,0.0014836694545811847
2005-04-23,0.004829228950849902
2005-04-24,0.006756283392240225
2005-04-25,0.009148832515322449
2005-04-26,0.01045479921912664
2005-04-27,0.012290932928483884
2005-04-28,0.012921988274196614
2005-04-29,0.012550219141704178
2005-04-30,0.008988441100612738
2005-05-01,0.003095480167850914
2005-05-02,0.002153753096923129
2005-05-03,0.008030500499754862
2005-05-04,0.007454483336610408
2005-05-05,0.009861438643954395
2005-05-06,0.010054492970289739
2005-05-07,0.0056243816990005965
2005-05-08,0.00273639146503985
2005-05-09,0.003566395765911972
2005-05-10,0.0035144503124358195
2005-05-11,0.0034348312020051498
2005-05-12,0.004640913449381946
2005-05-13,0.005388551853220018
2005-05-14,0.007902322361227931
2005-05-15,0.010766869642140473
2005-05-16,0.008861877238446648
2005-05-17,0.016924989408879862
2005-05-18,0.018383370121623093
2005-05-19,0.026280335265452186
2005-05-20,0.018366109578083344
2005-05-21,0.02114917090907635
2005-05-22,0.017171130078423504
2005-05-23,0.018691325423911383
2005-05-24,0.013605541174047196
2005-05-25,0.010517691944342605
2005-05-26,0.007707844488181536
2005-05-27,0.007265914504518643
2005-05-28,0.004251424254331467
2005-05-29,0.0024436994103603127
2005-05-30,0.0017565091790108732
2005-05-31,0.004772009634525134
2005-06-01,0.0018583813040324588
2005-06-02,0.0019013575326574993
2005-06-03,0.0041457189616597254
2005-06-04,0.005684247605694767
2005-06-05,0.006742982540783514
2005-06-06,0.00575956026953982
2005-06-07,0.005319052011881986
2005-06-08,0.005647443879195667
2005-06-09,0.0036897189391206448
2005-06-10,0.0024507372611042096
2005-06-11,0.002810971657679021
2005-06-12,0.0020271062691293736
2005-06-13,0.007539778061682051
2005-06-14,0.006586065480928771
2005-06-15,0.00980183921240645
2005-06-16,0.012155193017303115
2005-06-17,0.015731617658314427
2005-06-18,0.008545645320564245
2005-06-19,0.005549369118615942
2005-06-20,0.00551143220923585
2005-06-21,0.009377202846211142
2005-06-22,0.00928799473587039
2005-06-23,0.012517397828499456
2005-06-24,0.014275216726652034
2005-06-25,0.018229582324017418
2005-06-26,0.009624404309659348
2005-06-27,0.011541295896988359
2005-06-28,0.01497665010372018
2005-06-29,0.01129313123767249
2005-06-30,0.010110413363831896
2005-07-01,0.016766410308019303
2005-07-02,0.015724338929509075
2005-07-03,0.017016344160623698
2005-07-04,0.019816694446070322
2005-07-05,0.016126889804334306
2005-07-06,0.008382678651027905
2005-07-07,0.00869500859017123
2005-07-08,0.005743473461039885
2005-07-09,0.007775065613518202
2005-07-10,0.013527233694246302
2005-07-11,0.012716120661207562
2005-07-12,0.011534139683236765
2005-07-13,0.017083609226504506
2005-07-14,0.026466609257343468
2005-07-15,0.017605578891982956
2005-07-16,0.005546365797476312
2005-07-17,0.012520649253185882
2005-07-18,0.012685936575371603
2005-07-19,0.014019881639682581
2005-07-20,0.012470102077551917
2005-07-21,0.008916402515056949
2005-07-22,0.012055865962660109
2005-07-23,0.009934857991997264
2005-07-24,0.004479073094653596
2005-07-25,0.008337360934052965
2005-07-26,0.011089543409836842
2005-07-27,0.009440293838409239
2005-07-28,0.008026477872558611
2005-07-29,0.006685913177383991
2005-07-30,0.005732627179853192
2005-07-31,0.004930478208107141
2005-08-01,0.008361178221931824
2005-08-02,0.013956826112863557
2005-08-03,0.0080721370015217
2005-08-04,0.005950387588954152
2005-08-05,0.01613949934861153
2005-08-06,0.019577362371083974
2005-08-07,0.016803531690606863
2005-08-08,0.01888603775093064
2005-08-09,0.012550919410297302
2005-08-10,0.017044709665189634
2005-08-11,0.014498904981294176
2005-08-12,0.010349140180044963
2005-08-13,0.014059993495011107
2005-08-14,0.021237236017885474
2005-08-15,0.010109415516421838
2005-08-16,0.0066344275402415364
2005-08-17,0.009163589409743333
2005-08-18,0.011580842845117805
2005-08-19,0.017000333206220818
2005-08-20,0.013282068986950278
2005-08-21,0.012412886424726086
2005-08-22,0.01979105392390232
2005-08-23,0.01362480398423301
2005-08-24,0.02110731222004777
2005-08-25,0.01886447927833931
2005-08-26,0.008956001002556457
2005-08-27,0.009011752065254905
2005-08-28,0.007055304114259126
2005-08-29,0.005498829630278404
2005-08-30,0.006590435689093488
2005-08-31,0.006910440824938909
2005-09-01,0.005688887736751921
2005-09-02,0.008434822864249897
2005-09-03,0.011407766728351993
2005-09-04,0.009097420758443055
2005-09-05,0.007562758065736025
2005-09-06,0.0072877807927423195
2005-09-07,0.007249341692329351
2005-09-08,0.010291772887638021
2005-09-09,0.012485472343067855
2005-09-10,0.011261843728481385
2005-09-11,0.00842243064295949
2005-09-12,0.012146828116709264
2005-09-13,0.008017356496229684
2005-09-14,0.0010337970922307121
2005-09-15,0.0024619998813722194
2005-09-16,0.009872596382313121
2005-09-17,0.005740816044733963
2005-09-18,0.0035191466679089234
2005-09-19,0.01343517474585265
2005-09-20,0.04710636600293972
2005-09-21,0.01219301637886461
2005-09-22,0.008270695329005507
2005-09-23,0.011971060174034171
2005-09-24,0.009899154764510596
2005-09-25,0.007264740007247261
2005-09-26,0.007921555826965292
2005-09-27,0.010139452647601572
2005-09-28,0.008886408076551718
2005-09-29,0.010602837710327296
2005-09-30,0.01378584306274103
2005-10-01,0.022113091213224374
2005-10-02,0.012441631401807943
2005-10-03,0.007078312078834272
2005-10-04,0.011197002838674728
2005-10-05,0.00607562564744424
2005-10-06,0.0018497889703922843
2005-10-07,0.0037251627847707737
2005-10-08,0.002626434859014731
2005-10-09,0.0027312047093152585
2005-10-10,0.003298895401715494
2005-10-11,0.002394774475640453
2005-10-12,0.0018729794422672262
2005-10-13,0.0024963422722533496
2005-10-14,0.0020000992725857977
2005-10-15,0.0049738760308842165
2005-10-16,0.004204899247166704
2005-10-17,0.006985311556854311
2005-10-18,0.00778841741215223
2005-10-19,0.004062031842442459
2005-10-20,0.010725475999846008
2005-10-21,0.016430886971145545
2005-10-22,0.027152251066047857
2005-10-23,0.02902156986559071
2005-10-24,0.0022387963185808994
2005-10-25,4.537705277815596E-4
2005-10-26,7.670257575871443E-4
2005-10-27,0.001434409002037507
2005-10-28,0.0033274248323871504
2005-10-29,0.0010731361432683789
2005-10-30,0.0011649386666800431
2005-10-31,0.0014657202658177038
2005-11-01,3.9258742154978777E-4
2005-11-02,2.55383477829899E-4
2005-11-03,1.5600207843183817E-4
2005-11-04,2.0525563312493965E-4
2005-11-05,1.4195210328335194E-4
2005-11-06,6.272642174025492E-5
2005-11-07,1.699920816061895E-4
2005-11-08,0.0030040340856331573
2005-11-09,0.0016034542341674457
2005-11-10,5.637567889292253E-4
2005-11-11,1.0374467166061798E-4
2005-11-12,2.0138733624151834E-5
2005-11-13,1.7761049149311474E-4
2005-11-14,2.75547030176236E-4
2005-11-15,1.2798952993194396E-4
2005-11-16,1.4655245591498482E-4
2005-11-17,3.4311131001218774E-4
2005-11-18,3.6464044378261125E-4
2005-11-19,2.2204461601794698E-4
2005-11-20,1.9427428690064374E-4
2005-11-21,2.640206044634591E-4
2005-11-22,4.386577643217957E-4
2005-11-23,5.523344101553525E-4
2005-11-24,2.654456244876611E-4
2005-11-25,5.6294268490622354E-5
2005-11-26,5.273888472448549E-6
2005-11-27,2.151510798045801E-6
2005-11-28,2.922372243600176E-6
2005-11-29,4.20582822574715E-6
2005-11-30,4.088303269538695E-6
2005-12-01,8.405744122853273E-6
2005-12-02,2.0763206523223243E-6
2005-12-03,2.955656056163221E-6
2005-12-04,4.119549673848977E-6
2005-12-05,1.7208947007679827E-5
2005-12-06,2.7217163766084654E-5
2005-12-07,1.3239806264465836E-5
2005-12-08,2.705462556671898E-5
2005-12-09,1.6101794262645306E-5
2005-12-10,4.4352841662889576E-5
2005-12-11,3.7652769691139164E-5
2005-12-12,7.796627879821574E-6
2005-12-13,1.447106283451958E-6
2005-12-14,5.945449692833827E-6
2005-12-15,2.8339386972833327E-6
2005-12-16,1.9928140526998944E-6
2005-12-17,1.8737202827697391E-6
2005-12-18,1.1379881143126365E-5
2005-12-19,2.4290041831153802E-5
2005-12-20,3.213177853426347E-5
2005-12-21,9.207478807665041E-4
2005-12-22,0.010601730075871405
2005-12-23,0.0019140950416166348
2005-12-24,1.0794139826181647E-4
2005-12-25,7.139133705355258E-4
2005-12-26,4.088107096729422E-4
2005-12-27,4.773954542353435E-6
2005-12-28,4.5115214538125934E-7
2005-12-29,3.5435187022981085E-6
2005-12-30,2.182962804229485E-6
2005-12-31,3.134920478804302E-7
2006-01-01,1.1222728773638744E-6
2006-01-02,1.1492213755898787E-6
2006-01-03,2.257948112349192E-6
2006-01-04,5.839593155682178E-7
2006-01-05,8.275419364340493E-7
2006-01-06,1.444703479987733E-6
2006-01-07,1.6445414412137439E-6
2006-01-08,1.8318427261019586E-6
2006-01-09,2.7319021748038035E-6
2006-01-10,3.8359375847432875E-6
2006-01-11,6.742770699853401E-6
2006-01-12,7.41946092420169E-6
2006-01-13,3.7910882616554815E-5
2006-01-14,5.84144636300798E-5
2006-01-15,4.5602054930425566E-5
2006-01-16,1.2257606034988974E-4
2006-01-17,3.7007433851026514E-4
2006-01-18,6.572137988740104E-4
2006-01-19,9.212101216594291E-4
2006-01-20,3.97395196392682E-4
2006-01-21,1.2123966191641299E-4
2006-01-22,1.623787725025204E-5
2006-01-23,2.6424166332391403E-6
2006-01-24,1.7670711345090217E-4
2006-01-25,2.1857559775510815E-4
2006-01-26,7.98686223309666E-6
2006-01-27,4.1464328924742285E-6
2006-01-28,2.0066767207869855E-6
2006-01-29,1.3038879780098261E-6
2006-01-30,1.763863104502075E-6
2006-01-31,1.385030483772961E-6
2006-02-01,2.9743943476890496E-6
2006-02-02,2.420626564205902E-6
2006-02-03,4.8804822879479335E-5
2006-02-04,5.389817379786417E-4
2006-02-05,1.1677332591181833E-4
2006-02-06,8.593183887267595E-7
2006-02-07,5.387287144422111E-7
2006-02-08,2.00488659682973E-6
2006-02-09,5.194335409992332E-6
2006-02-10,3.875390421343173E-5
2006-02-11,9.710444816664335E-5
2006-02-12,1.8475980411151153E-6
2006-02-13,7.923227659828268E-5
2006-02-14,0.001763533942843175
2006-02-15,0.001530937254313739
2006-02-16,0.009559370956086633
2006-02-17,0.002642918215775283
2006-02-18,6.504453238648778E-4
2006-02-19,6.630616266834391E-4
2006-02-20,0.0011168722521082964
2006-02-21,0.0019512795387432163
2006-02-22,0.0012908631471852939
2006-02-23,6.838588563799485E-4
2006-02-24,3.3635300490872816E-4
2006-02-25,2.1807843678446786E-4
2006-02-26,9.881863755094247E-5
2006-02-27,9.729927537798295E-5
2006-02-28,7.410455178295789E-5
2006-03-01,4.597108062210344E-4
2006-03-02,1.545356346997153E-4
2006-03-03,9.717202840350654E-5
2006-03-04,2.9585885253289316E-5
2006-03-05,6.823375693282565E-4
2006-03-06,2.827974653173358E-4
2006-03-07,9.310685799700385E-5
2006-03-08,5.757279105105953E-6
2006-03-09,2.87281928297997E-6
2006-03-10,2.554064186708272E-5
2006-03-11,6.996315683613168E-4
2006-03-12,0.003601343923645174
2006-03-13,5.163702057718265E-4
2006-03-14,7.321668487808998E-5
2006-03-15,6.795536858595056E-4
2006-03-16,0.0016804759492414266
2006-03-17,2.3674192557128216E-4
2006-03-18,5.5375590585072225E-5
2006-03-19,7.593561540449994E-6
2006-03-20,1.695226945035115E-5
2006-03-21,3.810669914646097E-5
2006-03-22,3.770899566141396E-4
2006-03-23,2.1254454571789785E-4
2006-03-24,6.419836856755286E-6
2006-03-25,4.9321462806163765E-6
2006-03-26,9.219689554733397E-5
2006-03-27,2.785197263419169E-4
2006-03-28,4.452226053860256E-5
2006-03-29,9.64201177719692E-5
2006-03-30,2.002955346189339E-4
2006-03-31,4.2778715150212286E-5
2006-04-01,3.5302530779067514E-4
2006-04-02,0.005159725994737619
2006-04-03,0.015560089984962975
2006-04-04,0.02214870870986901
2006-04-05,0.017241806829766677
2006-04-06,0.010713413296860085
2006-04-07,0.010735325031226633
2006-04-08,0.014591445339118157
2006-04-09,0.013602500101343066
2006-04-10,0.011703730219493138
2006-04-11,0.004219841499489442
2006-04-12,0.0020846714582324266
2006-04-13,0.004042489586909266
2006-04-14,0.0010332559036103162
2006-04-15,0.0010196198028888095
2006-04-16,0.0016669114419492123
2006-04-17,0.0109749530688763
2006-04-18,0.011923816283130054
2006-04-19,0.007226230130558564
2006-04-20,7.056631505667736E-4
2006-04-21,6.039368768246079E-4
2006-04-22,0.001633566731215339
2006-04-23,0.0024132084355660195
2006-04-24,0.002875971076522612
2006-04-25,0.002703630986777329
2006-04-26,0.0046590011618105436
2006-04-27,0.00570031217497927
2006-04-28,5.885553285360371E-4
2006-04-29,4.678077538840187E-4
2006-04-30,2.7788646531265763E-4
2006-05-01,0.0013351163293282787
2006-05-02,0.004650782913269589
2006-05-03,0.003607841163453278
2006-05-04,0.0038806636531791444
2006-05-05,0.007493686860341491
2006-05-06,0.022289878980669996
2006-05-07,0.01687930053086294
2006-05-08,0.004827567566016586
2006-05-09,0.007472721733988111
2006-05-10,0.012818573357475018
2006-05-11,0.019330362476022326
2006-05-12,0.014692554990829068
2006-05-13,0.016049087309502753
2006-05-14,0.02421947088550233
2006-05-15,0.0015964799226307785
2006-05-16,1.683546054956777E-4
2006-05-17,2.283485341454041E-4
2006-05-18,2.2696770264676058E-4
2006-05-19,0.0022798189215696135
2006-05-20,0.004247286230428429
2006-05-21,0.003172073331725979
2006-05-22,0.0028687252961732386
2006-05-23,0.004407654683063381
2006-05-24,0.009659798248925766
2006-05-25,0.014460828274091779
2006-05-26,0.02739462392715311
2006-05-27,0.041642547497316974
2006-05-28,0.02563834681605753
2006-05-29,0.019849494063999093
2006-05-30,0.026611042740378576
2006-05-31,0.020168160797466698
2006-06-01,0.017102983692003786
2006-06-02,0.005270700025295697
2006-06-03,0.005222678493435526
2006-06-04,0.010129812298684275
2006-06-05,0.014044382809940878
2006-06-06,0.013041772208045402
2006-06-07,0.010919113446438214
2006-06-08,0.008051270064242865
2006-06-09,0.010885891622571017
2006-06-10,0.034300723659875285
2006-06-11,0.01862412540344972
2006-06-12,0.018951952695177594
2006-06-13,0.013458974478872725
2006-06-14,0.011726097609849963
2006-06-15,0.0076589423098169535
2006-06-16,0.007619503569702564
2006-06-17,0.005890424623185519
2006-06-18,0.002701948122610367
2006-06-19,0.006755728913348326
2006-06-20,0.01574692510127293
2006-06-21,0.01188674977967044
2006-06-22,0.01282374399606862
2006-06-23,0.010016668179923157
2006-06-24,0.013487760002274463
2006-06-25,0.013123057926628262
2006-06-26,0.014135428741646553
2006-06-27,0.011400742858600163
2006-06-28,0.008929135105470934
2006-06-29,0.007812493493619118
2006-06-30,0.006372474239543607
2006-07-01,0.00906005120543741
2006-07-02,0.011050125367593306
2006-07-03,0.014003784158439584
2006-07-04,0.009123823885424352
2006-07-05,0.006955275373015085
2006-07-06,0.014477451990265764
2006-07-07,0.021241590550713743
2006-07-08,0.0272124091201435
2006-07-09,0.022826394452572688
2006-07-10,0.021496668503778998
2006-07-11,0.016404952272573874
2006-07-12,0.014630846392567612
2006-07-13,0.013457011646093238
2006-07-14,0.009120007119529268
2006-07-15,0.00934907630989728
2006-07-16,0.010249065661277994
2006-07-17,0.011630943121814844
2006-07-18,0.013348004462458164
2006-07-19,0.016671570214714892
2006-07-20,0.010094814867431799
2006-07-21,0.0070506630286384115
2006-07-22,0.003547551182669388
2006-07-23,0.0035148582215439096
2006-07-24,0.006928113609547514
2006-07-25,0.012011957156921493
2006-07-26,0.019369590535122
2006-07-27,0.011998248746880682
2006-07-28,0.013958268930010835
2006-07-29,0.01642200628693253
2006-07-30,0.008493610113763006
2006-07-31,0.0084423584660524
2006-08-01,0.01185612945874775
2006-08-02,0.00912516057247531
2006-08-03,0.010210975331336844
2006-08-04,0.011035983894906124
2006-08-05,0.00909375086117901
2006-08-06,0.006328370800384289
2006-08-07,0.009898270275688108
2006-08-08,0.008916523066242682
2006-08-09,0.017178279555309844
2006-08-10,0.008444562135982712
2006-08-11,0.009152363712615756
2006-08-12,0.007840635921909556
2006-08-13,0.007679541096639408
2006-08-14,0.009670597428805846
2006-08-15,0.004399626219906285
2006-08-16,0.0024836830097732516
2006-08-17,0.010796464851306175
2006-08-18,0.005784149144224739
2006-08-19,0.006047529092369425
2006-08-20,0.011652778075339976
2006-08-21,0.01397017247652554
2006-08-22,0.0065503624790545925
2006-08-23,0.007370529102394486
2006-08-24,0.008713467826176515
2006-08-25,0.006716616414068617
2006-08-26,0.0069544251811023096
2006-08-27,0.010213815404819217
2006-08-28,0.01543168984599564
2006-08-29,0.014416626630410986
2006-08-30,0.007860672714645094
2006-08-31,0.005934879234769294
2006-09-01,0.006215284231913722
2006-09-02,0.008182200225264216
2006-09-03,0.003411710467123964
2006-09-04,0.0016372724310699052
2006-09-05,6.018735000439938E-4
2006-09-06,0.001707796153042529
2006-09-07,0.004473093192206157
2006-09-08,0.008369258510718233
2006-09-09,0.007781463798542654
2006-09-10,0.017084763589775925
2006-09-11,0.01852579244432433
2006-09-12,0.01716566206273932
2006-09-13,0.004093130926027608
2006-09-14,0.004868578439403616
2006-09-15,0.006906545178495771
2006-09-16,0.006257621423658621
2006-09-17,0.0063009631014281225
2006-09-18,0.004228042861847569
2006-09-19,0.007651637115269587
2006-09-20,0.017292439247105953
2006-09-21,0.024787537931213965
2006-09-22,0.029628767850060474
2006-09-23,0.009058641975987656
2006-09-24,0.0029492641028798046
2006-09-25,0.002997168305606684
2006-09-26,0.0018666752607602384
2006-09-27,0.001461232400772565
2006-09-28,0.006387795014518485
2006-09-29,0.008553630900036104
2006-09-30,0.007217522250141304
2006-10-01,0.007381610418513787
2006-10-02,0.002965652884278835
2006-10-03,0.005226293046525854
2006-10-04,0.006955216550678237
2006-10-05,0.00801401910229693
2006-10-06,0.001856004014226643
2006-10-07,0.0012481605765406625
2006-10-08,0.00186155291895146
2006-10-09,0.0020449601830873796
2006-10-10,0.0027755260449756633
2006-10-11,0.0031034840331632747
2006-10-12,0.0024971519033883624
2006-10-13,0.003552194910412824
2006-10-14,0.0022477473814431262
2006-10-15,0.0011501086658579627
2006-10-16,0.0011938879684226542
2006-10-17,0.0014722909331078343
2006-10-18,0.0011532602232520337
2006-10-19,0.0022481716156230493
2006-10-20,0.002870437644590197
2006-10-21,0.0030496241430114247
2006-10-22,8.498004771826724E-4
2006-10-23,6.726905321546038E-4
2006-10-24,9.813239675016236E-4
2006-10-25,2.6483115911821186E-4
2006-10-26,3.684000157520589E-4
2006-10-27,7.776697321509138E-4
2006-10-28,0.0010172723985006416
2006-10-29,1.7033944444617294E-4
2006-10-30,2.812211928461083E-4
2006-10-31,3.2168282775126505E-4
2006-11-01,0.0011909629528819349
2006-11-02,4.4863540587027984E-4
2006-11-03,4.283442244777317E-4
2006-11-04,5.168109450245731E-4
2006-11-05,5.211845904530395E-4
2006-11-06,3.845198534603909E-4
2006-11-07,0.002672907731091955
2006-11-08,0.003385326616906075
2006-11-09,0.0028238977534265704
2006-11-10,0.003129702275964144
2006-11-11,0.0017484464489899152
2006-11-12,8.963326814143111E-5
2006-11-13,2.340096473804255E-4
2006-11-14,1.7561811342513696E-4
2006-11-15,9.74930590511115E-5
2006-11-16,2.1985524673775897E-4
2006-11-17,1.7446868728532077E-4
2006-11-18,1.8090605668099255E-4
2006-11-19,7.196263548166448E-4
2006-11-20,0.0013292046348275471
2006-11-21,4.4791315890132003E-4
2006-11-22,5.004644473688255E-4
2006-11-23,1.7945399309436409E-4
2006-11-24,2.7945176890432856E-4
2006-11-25,7.915089207648011E-4
2006-11-26,5.104722937896232E-4
2006-11-27,1.642587900631699E-4
2006-11-28,2.022332105168365E-5
2006-11-29,9.451063054777337E-6
2006-11-30,1.4106580762127427E-5
2006-12-01,3.211438140523741E-5
2006-12-02,2.4094736755438802E-5
2006-12-03,5.600562030505962E-6
2006-12-04,8.263420542139883E-7
2006-12-05,5.922730675928894E-6
2006-12-06,1.2828624636385989E-5
2006-12-07,1.0547283823404856E-5
2006-12-08,4.140233751331493E-5
2006-12-09,7.453370644510436E-5
2006-12-10,5.865683861761511E-5
2006-12-11,4.343342550100255E-4
2006-12-12,0.0023625660998695995
2006-12-13,3.6514146967175996E-4
2006-12-14,2.4671162764856932E-5
2006-12-15,8.730179502615249E-6
2006-12-16,1.45796033775337E-7
2006-12-17,1.884796430144462E-5
2006-12-18,3.653283873432631E-4
2006-12-19,3.9485932410205537E-4
2006-12-20,8.127718225939012E-5
2006-12-21,2.0215429856857173E-5
2006-12-22,7.009309051464703E-5
2006-12-23,8.689050118085919E-5
2006-12-24,3.172976007313664E-5
2006-12-25,4.065914227509024E-5
2006-12-26,1.1193130596308951E-4
2006-12-27,2.75725221945773E-4
2006-12-28,1.9302014976564202E-4
2006-12-29,2.3728344743614722E-5
2006-12-30,1.807765238310773E-4
2006-12-31,3.859280795860834E-4
2007-01-01,3.6620005509317043E-4
2007-01-02,4.3186409088446923E-4
2007-01-03,2.2618762344442316E-4
2007-01-04,4.139412202903134E-5
2007-01-05,1.0726088030331345E-5
2007-01-06,6.486678345878839E-6
2007-01-07,1.8682139083638376E-5
2007-01-08,6.57385984608648E-5
2007-01-09,4.3691718839579636E-5
2007-01-10,3.682297197595107E-5
2007-01-11,2.0856711359653225E-5
2007-01-12,1.7742864123350417E-5
2007-01-13,2.596774590091302E-5
2007-01-14,2.3444531478201965E-5
2007-01-15,8.548666184103585E-6
2007-01-16,1.069095422102522E-5
2007-01-17,6.94909478844435E-5
2007-01-18,9.017258884850301E-6
2007-01-19,3.198427687205373E-5
2007-01-20,1.0889410124908022E-4
2007-01-21,4.985892675215926E-5
2007-01-22,1.098538645665004E-5
2007-01-23,2.2501046495217245E-6
2007-01-24,1.825708048136878E-6
2007-01-25,3.083061673000975E-6
2007-01-26,9.89682163211852E-7
2007-01-27,4.718846709039873E-6
2007-01-28,3.951736378087703E-5
2007-01-29,8.349145421991117E-5
2007-01-30,4.1124549884472965E-4
2007-01-31,0.0067472142257990735
2007-02-01,0.0025494992091908567
2007-02-02,0.0013072094818118909
2007-02-03,9.406639074958685E-4
2007-02-04,0.008942310603948317
2007-02-05,0.011819163760843052
2007-02-06,0.0021306958809913486
2007-02-07,0.0059150312157414476
2007-02-08,0.006833752952341189
2007-02-09,3.3678904631003474E-4
2007-02-10,6.450424253366011E-6
2007-02-11,1.9807259633850737E-4
2007-02-12,0.0026158654455604906
2007-02-13,0.007438954324390948
2007-02-14,0.019371092647965386
2007-02-15,0.0010507138201390706
2007-02-16,8.492672255160959E-4
2007-02-17,5.849300714158916E-4
2007-02-18,2.927761536328169E-4
2007-02-19,4.4189309945249066E-5
2007-02-20,5.07335657654354E-5
2007-02-21,7.962885523547018E-6
2007-02-22,3.672731737700944E-6
2007-02-23,1.883237330106022E-5
2007-02-24,2.5350312274817996E-5
2007-02-25,6.807591450853638E-4
2007-02-26,0.0014281522911423637
2007-02-27,4.1520670536788644E-4
2007-02-28,2.5904931071652043E-5
2007-03-01,0.0027137744873117447
2007-03-02,0.0052544974555945026
2007-03-03,2.998544131499284E-4
2007-03-04,5.033630057885223E-5
2007-03-05,1.045246952963549E-4
2007-03-06,5.39087587355326E-5
2007-03-07,2.2194124604342182E-5
2007-03-08,1.1466566468938522E-5
2007-03-09,1.5894568495053907E-6
2007-03-10,2.9232028433325305E-5
2007-03-11,1.0702028233827924E-4
2007-03-12,2.4982515588622102E-5
2007-03-13,2.2866276231982402E-4
2007-03-14,7.876947222464125E-4
2007-03-15,7.532241017527519E-4
2007-03-16,2.0854550033758875E-4
2007-03-17,1.0603179589548055E-5
2007-03-18,8.52346317969932E-7
2007-03-19,0.0
2007-03-20,2.5548628155803275E-6
2007-03-21,0.0012863637469169727
2007-03-22,0.013999087008485617
2007-03-23,0.005599115715718094
2007-03-24,0.0019829428383629543
2007-03-25,4.1915869166964765E-4
2007-03-26,5.5924011879182585E-6
2007-03-27,8.65201328087771E-6
2007-03-28,5.2272623317660834E-6
2007-03-29,5.7982456108278645E-6
2007-03-30,1.4158110356085072E-5
2007-03-31,3.409724941289783E-5
2007-04-01,6.846004221441674E-5
2007-04-02,4.3049611874713294E-4
2007-04-03,0.0011258524182621258
2007-04-04,0.002468176735794748
2007-04-05,0.004172324919563081
2007-04-06,0.009517727318028055
2007-04-07,0.009639129706674887
2007-04-08,0.016159130611598137
2007-04-09,0.01732916883937085
2007-04-10,0.029816028220733766
2007-04-11,0.025663395317135435
2007-04-12,0.00901161403417245
2007-04-13,0.0015527201253410553
2007-04-14,8.600016133654521E-4
2007-04-15,7.840011975655305E-4
2007-04-16,0.002508540288115203
2007-04-17,0.0037273807662974575
2007-04-18,0.0011358991529058602
2007-04-19,0.002727884790657665
2007-04-20,0.01016646581368692
2007-04-21,0.017788495411818275
2007-04-22,0.01712426751288411
2007-04-23,0.012281117232856372
2007-04-24,0.016234900006092436
2007-04-25,0.008658014148489265
2007-04-26,0.013607430523605411
2007-04-27,0.0176917845945705
2007-04-28,0.0025364436876216365
2007-04-29,4.0535942992998435E-4
2007-04-30,1.432982193524934E-4
2007-05-01,8.956064642796419E-5
2007-05-02,2.625615910068157E-4
2007-05-03,0.002379214984515794
2007-05-04,0.0037625139683737656
2007-05-05,0.0019051836088826426
2007-05-06,0.007987439866843273
2007-05-07,0.006240367183938154
2007-05-08,0.009578751576540473
2007-05-09,0.007825008122575191
2007-05-10,0.011376453259176699
2007-05-11,0.012102965797307307
2007-05-12,0.008455853955972948
2007-05-13,0.007691610457539744
2007-05-14,0.024385145575384872
2007-05-15,0.01816868487646646
2007-05-16,0.004310205086284599
2007-05-17,0.006224545418950041
2007-05-18,0.010877868356022724
2007-05-19,0.010222197553908003
2007-05-20,0.013208170149054647
2007-05-21,0.01373626975011187
2007-05-22,0.018361898412186255
2007-05-23,0.014077752744348313
2007-05-24,0.011231681410955834
2007-05-25,0.00796500140996094
2007-05-26,0.006274417503814602
2007-05-27,0.009851532314983433
2007-05-28,0.008855146129818366
2007-05-29,0.0032875137298691843
2007-05-30,0.003457184178484538
2007-05-31,0.002790956486816132
2007-06-01,0.00481124130430459
2007-06-02,0.011226144611866986
2007-06-03,0.015140733804120567
2007-06-04,0.014999328278847633
2007-06-05,0.018629510705265445
2007-06-06,0.015334138501477775
2007-06-07,0.018118003023295484
2007-06-08,0.033884242552731134
2007-06-09,0.04017128231817754
2007-06-10,0.04799526351080156
2007-06-11,0.06554643943277252
2007-06-12,0.028155167968407946
2007-06-13,0.012565554289411767
2007-06-14,0.015986467381496557
2007-06-15,0.030398155913687042
2007-06-16,0.04712093762105509
2007-06-17,0.03975472457580032
2007-06-18,0.020146858255962387
2007-06-19,0.0082761906537156
2007-06-20,0.007490004443378744
2007-06-21,0.015029272675881365
2007-06-22,0.014609409029089105
2007-06-23,0.009890611857186616
2007-06-24,0.009242025238199258
2007-06-25,0.006086257182317078
2007-06-26,0.004146687547366706
2007-06-27,0.00916237214098051
2007-06-28,0.018474883235083877
2007-06-29,0.018664816157408316
2007-06-30,0.016266302732272968
2007-07-01,0.01273086439401061
2007-07-02,0.012996207368993222
2007-07-03,0.013934491605190261
2007-07-04,0.012810850966781166
2007-07-05,0.013534342552832975
2007-07-06,0.013072780608837103
2007-07-07,0.01639150576657201
2007-07-08,0.007971707441650981
2007-07-09,0.007536807505880174
2007-07-10,0.0078257075291987
2007-07-11,0.0052683854504568025
2007-07-12,0.004708602347796943
2007-07-13,0.010701758411679366
2007-07-14,0.009559496191445945
2007-07-15,0.0183248730601391
2007-07-16,0.013803882578188447
2007-07-17,0.01658791561787612
2007-07-18,0.023931390450697233
2007-07-19,0.030714644700964914
2007-07-20,0.03845039766635839
2007-07-21,0.04227201096872975
2007-07-22,0.021054866611935164
2007-07-23,0.02044061090390673
2007-07-24,0.019674265847731787
2007-07-25,0.02971390741990142
2007-07-26,0.028666501738675503
2007-07-27,0.02339878450292575
2007-07-28,0.01479601795999575
2007-07-29,0.010267805849988433
2007-07-30,0.010123568700688281
2007-07-31,0.015540229364186179
2007-08-01,0.017614675230001375
2007-08-02,0.008345565921779576
2007-08-03,0.004127228579022507
2007-08-04,0.004874466539674164
2007-08-05,0.004734072406649663
2007-08-06,0.008798505429147554
2007-08-07,0.00916048131665636
2007-08-08,0.0026165588355535068
2007-08-09,0.002527663253644717
2007-08-10,0.008083575541501081
2007-08-11,0.0101247514273962
2007-08-12,0.012362126569184641
2007-08-13,0.018938361556642257
2007-08-14,0.02660067401673427
2007-08-15,0.02561928631848902
2007-08-16,0.017374461001253894
2007-08-17,0.013375942739937186
2007-08-18,0.007922166428316916
2007-08-19,0.009516179170516397
2007-08-20,0.004824379072565398
2007-08-21,0.006993548283656652
2007-08-22,0.008511559844961672
2007-08-23,0.010082022062881028
2007-08-24,0.011089330284600551
2007-08-25,0.014591531497896253
2007-08-26,0.022739638909318554
2007-08-27,0.017079181703968393
2007-08-28,0.00987362997404314
2007-08-29,0.013797315288056007
2007-08-30,0.007668961591857842
2007-08-31,0.010093598691645741
2007-09-01,0.015863603320893406
2007-09-02,0.01021485049632321
2007-09-03,0.011348398093806307
2007-09-04,0.02036337869986155
2007-09-05,0.03116592742553726
2007-09-06,0.0462947381419596
2007-09-07,0.04161411411515609
2007-09-08,0.03398635471221404
2007-09-09,0.016382206165805335
2007-09-10,0.011233400982004206
2007-09-11,0.007228820048098114
2007-09-12,0.010090889707907905
2007-09-13,0.01040622969047584
2007-09-14,0.014436186238540464
2007-09-15,0.008320540160910632
2007-09-16,0.009189151880181629
2007-09-17,0.006341824991140205
2007-09-18,0.012706419546423306
2007-09-19,0.004590358769347169
2007-09-20,0.0018707506658304954
2007-09-21,5.690374916770186E-4
2007-09-22,0.005843715792480068
2007-09-23,0.007967459812868961
2007-09-24,0.005289496404362481
2007-09-25,0.0025988699359268796
2007-09-26,0.003112249484596163
2007-09-27,0.009934401847326517
2007-09-28,0.010143863732387595
2007-09-29,0.008020804201549258
2007-09-30,0.009173861245276383
2007-10-01,0.007296315381049758
2007-10-02,0.006319221624275582
2007-10-03,0.00397459984288156
2007-10-04,0.0023651852702098394
2007-10-05,0.005160106458040568
2007-10-06,0.010087027341661706
2007-10-07,0.03584526914111896
2007-10-08,0.04413544843047202
2007-10-09,0.025654571429097637
2007-10-10,0.011512673002406493
2007-10-11,0.002369699480510246
2007-10-12,0.0034969042464826627
2007-10-13,0.010197360990386853
2007-10-14,0.012199007368479366
2007-10-15,0.022122044666491238
2007-10-16,0.024621875195070034
2007-10-17,0.008973504765672208
2007-10-18,0.006233531479968956
2007-10-19,0.008199386629241577
2007-10-20,0.005206305772840268
2007-10-21,0.0012711719492321885
2007-10-22,3.532161145356123E-4
2007-10-23,1.1891359492625142E-4
2007-10-24,3.9207530726458765E-5
2007-10-25,3.580668467489596E-5
2007-10-26,2.823270661572837E-5
2007-10-27,1.7609509102594988E-4
2007-10-28,2.010378612362218E-4
2007-10-29,1.3738144836430172E-4
2007-10-30,1.8756399630951516E-4
2007-10-31,6.075271525081298E-4
2007-11-01,0.004237132119627348
2007-11-02,0.005485527415613439
2007-11-03,0.0018348346056395284
2007-11-04,4.7058132762287677E-4
2007-11-05,6.936831530501254E-4
2007-11-06,0.0015386326301313985
2007-11-07,5.880670801429262E-4
2007-11-08,4.1460511716354196E-4
2007-11-09,0.0014616751810940442
2007-11-10,0.0026854429939869792
2007-11-11,0.0010779911330266183
2007-11-12,2.409192274218833E-4
2007-11-13,4.41610545258965E-4
2007-11-14,0.008049076503617303
2007-11-15,0.03569157871359797
2007-11-16,0.014652617816763993
2007-11-17,3.508287020689666E-4
2007-11-18,9.869571959054002E-6
2007-11-19,4.6362922357964565E-6
2007-11-20,4.389236306198815E-5
2007-11-21,2.4732005362427156E-4
2007-11-22,3.630052387047409E-4
2007-11-23,2.2589541555282234E-4
2007-11-24,2.2475348544915904E-4
2007-11-25,1.413766074286293E-4
2007-11-26,4.931487807915599E-5
2007-11-27,1.886240796896045E-4
2007-11-28,4.6832444684297343E-4
2007-11-29,3.3192661958925823E-4
2007-11-30,6.014653002429882E-4
2007-12-01,7.521098412779519E-4
2007-12-02,2.638040457339364E-4
2007-12-03,0.0011614419552895133
2007-12-04,7.545986753954373E-4
2007-12-05,1.8578284230489304E-5
2007-12-06,1.991944640460432E-6
2007-12-07,6.531964718944778E-7
2007-12-08,2.8315326148066527E-5
2007-12-09,1.4795580390055221E-5
2007-12-10,4.289891786906037E-6
2007-12-11,8.228857436893676E-6
2007-12-12,9.213484797802966E-7
2007-12-13,9.237814100206883E-7
2007-12-14,8.95335931157665E-6
2007-12-15,1.4050953608099327E-5
2007-12-16,2.1397146732951814E-5
2007-12-17,7.098093977928561E-6
2007-12-18,1.957281259938371E-6
2007-12-19,1.0613346135340473E-6
2007-12-20,2.2092749352353695E-5
2007-12-21,1.009826333793383E-4
2007-12-22,9.818725238186297E-5
2007-12-23,1.2191855038950984E-6
2007-12-24,2.8702209827593758E-6
2007-12-25,2.7727065559389095E-5
2007-12-26,6.400283470281739E-5
2007-12-27,7.828391802118522E-5
2007-12-28,1.0309517228529175E-4
2007-12-29,1.9712652768530893E-5
2007-12-30,1.897524264203777E-5
2007-12-31,3.2347935529481466E-5
2008-01-01,2.3411542223636582E-6
2008-01-02,3.0808707504787464E-6
2008-01-03,3.917312803486533E-6
2008-01-04,5.363777238260595E-6
2008-01-05,1.4115585600885556E-6
2008-01-06,4.829817723791638E-7
2008-01-07,1.3089444901754767E-6
2008-01-08,2.2295191535906394E-6
2008-01-09,9.666806181786145E-7
2008-01-10,8.272717227992238E-6
2008-01-11,8.30377282733789E-5
2008-01-12,1.2181991625770886E-4
2008-01-13,8.291406288795899E-5
2008-01-14,9.273465559030607E-5
2008-01-15,7.596891167495635E-5
2008-01-16,8.217338672155139E-6
2008-01-17,6.671891538504292E-5
2008-01-18,3.708988414909375E-5
2008-01-19,1.4339118042604984E-4
2008-01-20,7.031334962538115E-4
2008-01-21,7.488261967706404E-4
2008-01-22,3.228170487250681E-5
2008-01-23,0.004669738819724404
2008-01-24,0.006768022026950229
2008-01-25,0.005486325246856476
2008-01-26,0.017253541380975602
2008-01-27,0.0030949924853389396
2008-01-28,1.5667860281708194E-4
2008-01-29,1.9875390477441844E-4
2008-01-30,0.005472229357719001
2008-01-31,0.0015384453616377137
2008-02-01,4.7568783907604576E-4
2008-02-02,5.4627890928977685E-5
2008-02-03,9.91429957346512E-6
2008-02-04,1.560066520831106E-5
2008-02-05,3.844622074408915E-5
2008-02-06,7.35979518622777E-5
2008-02-07,3.8410921444698783E-4
2008-02-08,0.003105868472766872
2008-02-09,0.004220381301579553
2008-02-10,0.001948044253325562
2008-02-11,2.7607655509720647E-4
2008-02-12,4.655715116255947E-5
2008-02-13,6.515880564027448E-5
2008-02-14,1.6005370199478467E-5
2008-02-15,1.502245333734767E-4
2008-02-16,1.5238827073364863E-4
2008-02-17,3.837196990898912E-5
2008-02-18,2.1707873628096843E-4
2008-02-19,0.0038553523579090685
2008-02-20,0.002765424842042332
2008-02-21,5.854807132846706E-4
2008-02-22,1.6799396303786641E-6
2008-02-23,1.1587854182735068E-5
2008-02-24,2.764148332452762E-4
2008-02-25,9.221453403016539E-4
2008-02-26,5.137166247204175E-4
2008-02-27,4.221542860702374E-4
2008-02-28,1.6678265486785495E-6
2008-02-29,3.75101064696735E-6
2008-03-01,1.1475789412406064E-5
2008-03-02,9.552275264889496E-5
2008-03-03,0.0010983270034546435
2008-03-04,0.006027537806114832
2008-03-05,0.006654264043261464
2008-03-06,5.427968048840064E-4
2008-03-07,4.449393720403535E-4
2008-03-08,0.001496429952852752
2008-03-09,4.304642336116269E-4
2008-03-10,3.158056071212468E-4
2008-03-11,2.917663946454393E-4
2008-03-12,1.2814536960853022E-4
2008-03-13,1.1586773438495025E-4
2008-03-14,8.923394003280769E-4
2008-03-15,5.755486956395033E-4
2008-03-16,0.0022454217742995685
2008-03-17,8.110202633254172E-4
2008-03-18,0.0018489733796228378
2008-03-19,0.0018754014971626095
2008-03-20,0.010474556825736314
2008-03-21,0.011940659852155198
2008-03-22,0.003995474190111455
2008-03-23,0.0045325513592099275
2008-03-24,0.004489924633963078
2008-03-25,0.0014210720709227586
2008-03-26,0.0031991646373746227
2008-03-27,0.0027441702761659393
2008-03-28,0.0012375270414821552
2008-03-29,0.001245722245696749
2008-03-30,0.00526616051984912
2008-03-31,0.005452246565210548
2008-04-01,0.008811784332674497
2008-04-02,0.0069985020228137945
2008-04-03,0.00965122124500995
2008-04-04,0.006234979158195785
2008-04-05,4.8268939795622983E-4
2008-04-06,6.767020997104442E-4
2008-04-07,1.5169562172249833E-4
2008-04-08,3.3567165825331845E-5
2008-04-09,8.965637800723276E-6
2008-04-10,2.073517109588453E-5
2008-04-11,1.1623830585078183E-4
2008-04-12,0.0015451868847312623
2008-04-13,0.004566960364528019
2008-04-14,0.01031188623783259
2008-04-15,0.0074923048228377614
2008-04-16,0.00449181732872627
2008-04-17,0.005671373230344357
2008-04-18,0.002852357583760087
2008-04-19,0.0011672008312742033
2008-04-20,1.2560439398873893E-4
2008-04-21,1.0528292886660703E-5
2008-04-22,1.2789429384477935E-4
2008-04-23,8.474549008055418E-4
2008-04-24,0.001771759252062615
2008-04-25,7.041637391614182E-4
2008-04-26,0.0013629147864738299
2008-04-27,0.0033742323226084127
2008-04-28,0.006296855344895808
2008-04-29,0.007030203432300667
2008-04-30,0.004716917718928982
2008-05-01,0.010324849046705433
2008-05-02,0.005975972675903035
2008-05-03,0.003384671910650311
2008-05-04,0.0020300168176241376
2008-05-05,0.007028769943300714
2008-05-06,0.006484790897512685
2008-05-07,0.004704511400520513
2008-05-08,0.006103069758757345
2008-05-09,0.005922143818967905
2008-05-10,0.005304468784024742
2008-05-11,0.002608529566528945
2008-05-12,0.0033385271373992885
2008-05-13,0.007710798537629889
2008-05-14,0.008738768902932565
2008-05-15,0.0073507703688944475
2008-05-16,0.007744462445830296
2008-05-17,0.010496295136110684
2008-05-18,0.018496523817922363
2008-05-19,0.015513704472339452
2008-05-20,0.0206859931504738
2008-05-21,0.013554743637393493
2008-05-22,0.009145426895202383
2008-05-23,0.006753457478310928
2008-05-24,0.007460153116032493
2008-05-25,0.004829389293647506
2008-05-26,0.007766917616536426
2008-05-27,0.008050874644726497
2008-05-28,0.00551177881072931
2008-05-29,0.006676201001008414
2008-05-30,0.013108329445395831
2008-05-31,0.011966733389476689
2008-06-01,0.009226163340775258
2008-06-02,0.014224391217429879
2008-06-03,0.01291147791425933
2008-06-04,0.016048471140780913
2008-06-05,0.01742044389199131
2008-06-06,0.015568220993748098
2008-06-07,0.013491333365912985
2008-06-08,0.015889535255772153
2008-06-09,0.012646870906853621
2008-06-10,0.012341349961172988
2008-06-11,0.016582788280964635
2008-06-12,0.01264342873772603
2008-06-13,0.011426698058370849
2008-06-14,0.01111159970870598
2008-06-15,0.009386459761723925
2008-06-16,0.018234995243325922
2008-06-17,0.02043261811663655
2008-06-18,0.018014138939223868
2008-06-19,0.019574810716656434
2008-06-20,0.014358861051454164
2008-06-21,0.008956102890723532
2008-06-22,0.009820689920720696
2008-06-23,0.008925122737810594
2008-06-24,0.00983533603542341
2008-06-25,0.00810075669381057
2008-06-26,0.017063275459631218
2008-06-27,0.014732221452203206
2008-06-28,0.024861370794161317
2008-06-29,0.027330311017886057
2008-06-30,0.024188248707411045
2008-07-01,0.0184120354388029
2008-07-02,0.017706343111228637
2008-07-03,0.01809499189330285
2008-07-04,0.0178783729341869
2008-07-05,0.029032320174680742
2008-07-06,0.02026746257839736
2008-07-07,0.014493904330116754
2008-07-08,0.016133673522984823
2008-07-09,0.014979564852507874
2008-07-10,0.014269069149555669
2008-07-11,0.01451839635281681
2008-07-12,0.016825431045237163
2008-07-13,0.021374857902340255
2008-07-14,0.021562285881936337
2008-07-15,0.017010813849862673
2008-07-16,0.011576396717227405
2008-07-17,0.008707014130974976
2008-07-18,0.011983837788330419
2008-07-19,0.017028633138460952
2008-07-20,0.015555012994645259
2008-07-21,0.010708768954350347
2008-07-22,0.013401836014176615
2008-07-23,0.011874486936127722
2008-07-24,0.010287321868799059
2008-07-25,0.014753982056177903
2008-07-26,0.012660985376197937
2008-07-27,0.011321717617513653
2008-07-28,0.008985617418475362
2008-07-29,0.008795303251056374
2008-07-30,0.009117915172608425
2008-07-31,0.012893062838386529
2008-08-01,0.014272627324696809
2008-08-02,0.01501027009677706
2008-08-03,0.0154412675956511
2008-08-04,0.014333141191366559
2008-08-05,0.020760181826381247
2008-08-06,0.011762264090826072
2008-08-07,0.008423466579414356
2008-08-08,0.007121015229538154
2008-08-09,0.016155224813558473
2008-08-10,0.019813362671692227
2008-08-11,0.022511923075705122
2008-08-12,0.014664327744740835
2008-08-13,0.012394983310204779
2008-08-14,0.014576363190090466
2008-08-15,0.01310649964721991
2008-08-16,0.01614787514430672
2008-08-17,0.017849909545579537
2008-08-18,0.025080908135407896
2008-08-19,0.016993572895403406
2008-08-20,0.008871681971417529
2008-08-21,0.0063382420974313495
2008-08-22,0.010088530809648891
2008-08-23,0.011341709943644272
2008-08-24,0.009439188004637807
2008-08-25,0.011509967827984035
2008-08-26,0.008414862048855354
2008-08-27,0.012907747045055176
2008-08-28,0.023365894804042827
2008-08-29,0.023679087417545285
2008-08-30,0.016095668025701185
2008-08-31,0.005524826410520602
2008-09-01,0.005907338990975878
2008-09-02,0.008314641069973965
2008-09-03,0.007861081955651458
2008-09-04,0.01283901261374791
2008-09-05,0.01266816287570942
2008-09-06,0.0055809353890807776
2008-09-07,0.007858437851155397
2008-09-08,0.013913137073521754
2008-09-09,0.010317831250372222
2008-09-10,0.005883904837336087
2008-09-11,0.004796215800217407
2008-09-12,0.00959131585210977
2008-09-13,0.006617301508786453
2008-09-14,0.004775750045154429
2008-09-15,0.0069968445349642226
2008-09-16,0.013484096877181023
2008-09-17,0.010174383791106382
2008-09-18,0.007672246353126337
2008-09-19,0.004749346189985431
2008-09-20,0.010850174784380377
2008-09-21,0.014035750176193186
2008-09-22,0.014380772644078681
2008-09-23,0.007385766191525114
2008-09-24,0.006510678473445978
2008-09-25,0.010377869898161267
2008-09-26,0.012452038296832627
2008-09-27,0.025819559311602822
2008-09-28,0.01854465642058964
2008-09-29,0.003650699529155364
2008-09-30,9.984428875540944E-4
2008-10-01,0.008202830463583945
2008-10-02,0.017683548144504003
2008-10-03,0.009790651762695472
2008-10-04,0.011745973541382126
2008-10-05,0.009768811968096916
2008-10-06,0.011348093912652655
2008-10-07,0.009486021532874846
2008-10-08,0.005519901505006598
2008-10-09,0.002758282613563918
2008-10-10,0.0014394592650925184
2008-10-11,0.0014061150930851178
2008-10-12,0.0011731420732760953
2008-10-13,0.0020550680243555204
2008-10-14,0.0015739823698463584
2008-10-15,5.559164365722915E-4
2008-10-16,1.2015159916517737E-4
2008-10-17,2.1938067533345753E-5
2008-10-18,2.0525121020088582E-4
2008-10-19,7.733126915261306E-4
2008-10-20,0.0015516985793889821
2008-10-21,8.192888971020589E-4
2008-10-22,5.464847353546423E-4
2008-10-23,0.00228741537125381
2008-10-24,0.008621297991469242
2008-10-25,0.026844236095394075
2008-10-26,0.035249123666847536
2008-10-27,0.022424301452930794
2008-10-28,4.813491273085878E-4
2008-10-29,3.611351924212224E-4
2008-10-30,3.10462742657373E-4
2008-10-31,2.729196271140595E-4
2008-11-01,4.587570523198275E-5
2008-11-02,1.2540642149068737E-5
2008-11-03,2.420876508199397E-4
2008-11-04,8.347720548897628E-4
2008-11-05,0.0019494912668651554
2008-11-06,9.893586400567674E-5
2008-11-07,1.3969104345123695E-6
2008-11-08,9.799940160541936E-7
2008-11-09,2.1798215994774072E-6
2008-11-10,3.2410211466750614E-6
2008-11-11,1.4000470212750221E-5
2008-11-12,3.868782201614946E-5
2008-11-13,3.775962965251117E-6
2008-11-14,6.23234693323687E-6
2008-11-15,1.9800182872566324E-6
2008-11-16,5.96955718930479E-6
2008-11-17,5.288325012324599E-6
2008-11-18,5.647404219706855E-6
2008-11-19,2.189487329253974E-5
2008-11-20,4.0517490941949954E-5
2008-11-21,2.1509270526400313E-4
2008-11-22,2.8008773688269347E-4
2008-11-23,6.464835422102463E-5
2008-11-24,1.1634079424601843E-5
2008-11-25,4.731974627177239E-6
2008-11-26,2.4735957313021064E-6
2008-11-27,3.0629671002583106E-6
2008-11-28,6.50119740448194E-6
2008-11-29,1.1362458567750413E-5
2008-11-30,1.9049725221396598E-5
2008-12-01,1.132203453748027E-4
2008-12-02,3.974645393718678E-4
2008-12-03,2.6420500065190626E-4
2008-12-04,1.3007016483084586E-4
2008-12-05,9.061286283931313E-5
2008-12-06,1.7923991688103424E-4
2008-12-07,2.50474621123421E-4
2008-12-08,6.667926110412817E-6
2008-12-09,1.6496360293469491E-4
2008-12-10,2.545596185854149E-4
2008-12-11,4.911465710588089E-4
2008-12-12,3.3096914466409426E-4
2008-12-13,9.376347004060301E-5
2008-12-14,1.818585309013042E-5
2008-12-15,2.838530917748102E-5
2008-12-16,9.088116391953204E-6
2008-12-17,2.537981008422288E-6
2008-12-18,3.928793445283782E-6
2008-12-19,1.3613525200444683E-5
2008-12-20,1.0963489727434468E-4
2008-12-21,3.952175064309729E-4
2008-12-22,8.310221569783055E-4
2008-12-23,8.093659387909387E-4
2008-12-24,3.8822323865278735E-4
2008-12-25,2.006163092107474E-4
2008-12-26,0.0011979552702825415
2008-12-27,6.736610424696995E-4
2008-12-28,1.1618018483850812E-4
2008-12-29,2.0564353755981468E-4
2008-12-30,1.3504600906814513E-4
2008-12-31,6.569133190780092E-5
2009-01-01,9.105379520645304E-5
2009-01-02,1.2269781393399402E-4
2009-01-03,8.243609654677951E-6
2009-01-04,5.0461451637720525E-5
2009-01-05,6.335593278144668E-5
2009-01-06,1.0011814073490301E-4
2009-01-07,5.159249953864719E-5
2009-01-08,8.481215493513605E-5
2009-01-09,9.099725172082632E-5
2009-01-10,3.838838833494169E-5
2009-01-11,1.5265500850378556E-4
2009-01-12,7.383906911644755E-5
2009-01-13,1.3609684126065007E-5
2009-01-14,1.6064271598265048E-5
2009-01-15,2.998231862525919E-5
2009-01-16,2.2661322421631835E-5
2009-01-17,8.43281471624311E-6
2009-01-18,5.0978160983114214E-5
2009-01-19,1.5717607705662736E-4
2009-01-20,5.004228980446559E-4
2009-01-21,1.1715187410263332E-4
2009-01-22,4.592525116582551E-5
2009-01-23,1.324899199765446E-4
2009-01-24,2.1992561652011826E-4
2009-01-25,7.90950162801707E-4
2009-01-26,0.001588769240754286
2009-01-27,0.001094222279165917
2009-01-28,3.817791597612741E-4
2009-01-29,7.013024087366373E-5
2009-01-30,2.1481645236252696E-5
2009-01-31,9.878497322851643E-5
2009-02-01,7.948208759959531E-5
2009-02-02,1.2884638833920412E-5
2009-02-03,3.349639654472926E-5
2009-02-04,5.3525826906667136E-5
2009-02-05,2.792134894366423E-6
2009-02-06,5.947209601855699E-6
2009-02-07,1.767827143659669E-5
2009-02-08,2.5191963382764157E-5
2009-02-09,8.897183554819398E-6
2009-02-10,2.249221930126153E-7
2009-02-11,9.478869269186813E-6
2009-02-12,6.179231664903751E-4
2009-02-13,1.9323559421290932E-5
2009-02-14,1.7791468917786304E-6
2009-02-15,1.6969103426675092E-6
2009-02-16,1.0631780747980631E-6
2009-02-17,1.8223009247659178E-6
2009-02-18,8.729557574351218E-7
2009-02-19,6.692580302910438E-7
2009-02-20,1.6775204884899078E-7
2009-02-21,1.1995782323090397E-6
2009-02-22,1.1705715726969932E-6
2009-02-23,5.46308174128469E-5
2009-02-24,0.0016228383321050782
2009-02-25,0.003195582275700757
2009-02-26,4.935220383771724E-4
2009-02-27,8.668374742026937E-4
2009-02-28,5.301359296275E-4
2009-03-01,2.33204367712489E-4
2009-03-02,4.220222359374147E-5
2009-03-03,9.606187156538941E-5
2009-03-04,0.001290397482217365
2009-03-05,0.001157835014117467
2009-03-06,7.33892441450401E-4
2009-03-07,1.255779727844624E-4
2009-03-08,7.674043517121684E-6
2009-03-09,2.18060535308893E-5
2009-03-10,1.3465394222598738E-4
2009-03-11,7.158583001552323E-5
2009-03-12,1.2143085098179933E-4
2009-03-13,1.3151285440750697E-6
2009-03-14,1.2817585002267151E-6
2009-03-15,3.2786590642829884E-6
2009-03-16,7.629982835069435E-5
2009-03-17,2.6050691270121195E-4
2009-03-18,6.196405687829452E-4
2009-03-19,0.0013238818005162098
2009-03-20,3.534107543025192E-4
2009-03-21,8.353439063462619E-4
2009-03-22,0.0011562766021746946
2009-03-23,6.543264689603459E-4
2009-03-24,2.652431678911496E-4
2009-03-25,2.1121865366643703E-4
2009-03-26,0.001512107811322032
2009-03-27,0.006009332864562558
2009-03-28,0.004263008715377047
2009-03-29,0.009876759087299855
2009-03-30,0.013309588791126523
2009-03-31,0.017342775220518167
2009-04-01,0.004888877477703312
2009-04-02,0.001454305613411505
2009-04-03,0.011200116297648981
2009-04-04,0.006906231940966106
2009-04-05,0.002802682133022997
2009-04-06,0.0023811948314697642
2009-04-07,0.0015693407788075452
2009-04-08,6.377273570467933E-4
2009-04-09,0.0015137187602953725
2009-04-10,8.620440765152485E-4
2009-04-11,6.851747866751294E-4
2009-04-12,7.28928726145215E-5
2009-04-13,1.5380876771250057E-4
2009-04-14,6.526048220879953E-4
2009-04-15,2.9817648389009687E-4
2009-04-16,0.0026623352855005902
2009-04-17,0.012973642081194293
2009-04-18,0.002849803891721408
2009-04-19,0.003660333442036645
2009-04-20,0.006050124466315926
2009-04-21,0.011672777632755683
2009-04-22,0.007744426633253961
2009-04-23,0.0028519413932490477
2009-04-24,4.8033498642184136E-4
2009-04-25,2.4508289456667317E-5
2009-04-26,8.727033846655611E-6
2009-04-27,3.141839656798639E-5
2009-04-28,3.346846521627602E-5
2009-04-29,0.004747618096610015
2009-04-30,0.009462940765333777
2009-05-01,0.020697518791612444
2009-05-02,0.010765594948050537
2009-05-03,0.004217388518396368
2009-05-04,0.0046063242548686125
2009-05-05,0.0026190943334057928
2009-05-06,0.004974139957436297
2009-05-07,0.002009873408260051
2009-05-08,5.459124987961319E-4
2009-05-09,0.0012471629336097264
2009-05-10,0.006233421790540905
2009-05-11,0.005545719236415764
2009-05-12,0.005643874999769873
2009-05-13,0.014973834927007225
2009-05-14,0.006992710466662963
2009-05-15,0.004192176123294468
2009-05-16,0.012580937215064791
2009-05-17,0.011778794813981974
2009-05-18,0.024276254143800448
2009-05-19,0.0016042415824843999
2009-05-20,0.002006786589461721
2009-05-21,0.003033332891548098
2009-05-22,0.002303874202011419
2009-05-23,0.006855610556283594
2009-05-24,0.01563772428100682
2009-05-25,0.03558133479247305
2009-05-26,0.02870290557597457
2009-05-27,0.004186214069194735
2009-05-28,0.00452243690831169
2009-05-29,0.005697974974554961
2009-05-30,0.010940011394985827
2009-05-31,0.0090187661901747
2009-06-01,0.010900237481288459
2009-06-02,0.0053350674919491956
2009-06-03,0.006621488963207713
2009-06-04,0.006008719693406968
2009-06-05,0.014392250195215938
2009-06-06,0.01989456574608544
2009-06-07,0.015004819346919104
2009-06-08,0.007707243277991393
2009-06-09,0.006163468966167015
2009-06-10,0.0044765903491367845
2009-06-11,0.008652832294123051
2009-06-12,0.01728315267038157
2009-06-13,0.012141402445768182
2009-06-14,0.010512287566425527
2009-06-15,0.01454045262952828
2009-06-16,0.008479052412833728
2009-06-17,0.004720736683001002
2009-06-18,0.006651715374204742
2009-06-19,0.011814440271286246
2009-06-20,0.011536810147982336
2009-06-21,0.008008100788286019
2009-06-22,0.006003039663063594
2009-06-23,0.006354462687764056
2009-06-24,0.010501334810927505
2009-06-25,0.007114989476368635
2009-06-26,0.00786251111843537
2009-06-27,0.009853503003877639
2009-06-28,0.010947702323931063
2009-06-29,0.02015258972346994
2009-06-30,0.027919172555659143
2009-07-01,0.03185722772592754
2009-07-02,0.039859684172772795
2009-07-03,0.02130014729596409
2009-07-04,0.008197005891024761
2009-07-05,0.008986659022110509
2009-07-06,0.011069440614648858
2009-07-07,0.01168606143838144
2009-07-08,0.007538457712036302
2009-07-09,0.008060504844788872
2009-07-10,0.005377838189361156
2009-07-11,0.0024408952521260906
2009-07-12,0.004288719890030281
2009-07-13,0.008281389283934645
2009-07-14,0.008970316227459346
2009-07-15,0.010246656511828005
2009-07-16,0.004660935044920466
2009-07-17,0.003562592039723887
2009-07-18,0.01356123254116465
2009-07-19,0.008324804958569326
2009-07-20,0.00535169794263351
2009-07-21,0.009000165365621505
2009-07-22,0.011031454792914706
2009-07-23,0.004583382452874637
2009-07-24,0.0029957288361151546
2009-07-25,0.009758960194952388
2009-07-26,0.014011195496125716
2009-07-27,0.0332229941395199
2009-07-28,0.037468786193188004
2009-07-29,0.03403332608424321
2009-07-30,0.01762043165665319
2009-07-31,0.01751176969260715
2009-08-01,0.015323245468086277
2009-08-02,0.013238983863087668
2009-08-03,0.01261858380466744
2009-08-04,0.01942953628144233
2009-08-05,0.029063371157163356
2009-08-06,0.019730888344126375
2009-08-07,0.01411419797377974
2009-08-08,0.014703456744945567
2009-08-09,0.008199609592071982
2009-08-10,0.008058845614566398
2009-08-11,0.012696627514337592
2009-08-12,0.014767084478245571
2009-08-13,0.0218088493370725
2009-08-14,0.020122788345680175
2009-08-15,0.024277921359287108
2009-08-16,0.0116518559962954
2009-08-17,0.012747099571542159
2009-08-18,0.021832229555594936
2009-08-19,0.027337252992847092
2009-08-20,0.029227428386027845
2009-08-21,0.025882213282437262
2009-08-22,0.022969632239528196
2009-08-23,0.01667514433486308
2009-08-24,0.008788502616942041
2009-08-25,0.014679527804266006
2009-08-26,0.01579422773200686
2009-08-27,0.012673042469897755
2009-08-28,0.0032992891522134185
2009-08-29,0.008023834630569614
2009-08-30,0.011582063205188753
2009-08-31,0.009023396641828961
2009-09-01,0.004737546248619479
2009-09-02,0.007102488561690609
2009-09-03,0.00998769423445722
2009-09-04,0.01400603881250683
2009-09-05,0.014822225859288567
2009-09-06,0.011370320098223207
2009-09-07,0.014095402240977762
2009-09-08,0.021883697010978042
2009-09-09,0.015098338769911734
2009-09-10,0.009381965747666123
2009-09-11,0.002812259357952515
2009-09-12,0.0019337222800796157
2009-09-13,0.00424120117045556
2009-09-14,0.010251319607842752
2009-09-15,0.010448867652082068
2009-09-16,0.008010984154530311
2009-09-17,0.01392289813473078
2009-09-18,0.015799021792462852
2009-09-19,0.01150028153726926
2009-09-20,0.009790884810020287
2009-09-21,0.015013865509560999
2009-09-22,0.017864769893316156
2009-09-23,0.016957592788917047
2009-09-24,0.01112019342388941
2009-09-25,0.006022994658094574
2009-09-26,0.001610264617011427
2009-09-27,0.004740942302234035
2009-09-28,0.006089412507369198
2009-09-29,0.002188573175934149
2009-09-30,9.31343491126339E-4
2009-10-01,9.400351708839355E-4
2009-10-02,0.006414859653305726
2009-10-03,0.01644898538889152
2009-10-04,0.017518376144772307
2009-10-05,0.01665015283762299
2009-10-06,0.017027743151523996
2009-10-07,0.014267425386694621
2009-10-08,0.02123928729928454
2009-10-09,0.011363551381464151
2009-10-10,0.005338479660296395
2009-10-11,0.0010764861416669301
2009-10-12,9.927941875895031E-4
2009-10-13,8.228202272958248E-4
2009-10-14,0.0027019625654581573
2009-10-15,0.010303169230977877
2009-10-16,0.008993413695511687
2009-10-17,0.002798711527278671
2009-10-18,0.0017451112085237594
2009-10-19,8.804459570241938E-4
2009-10-20,2.1431786639285788E-4
2009-10-21,1.3892921464435737E-4
2009-10-22,3.374004381750483E-4
2009-10-23,5.866754630494042E-4
2009-10-24,4.179657122813759E-4
2009-10-25,2.0708461297705265E-4
2009-10-26,1.7708736915657129E-4
2009-10-27,2.2253155642680983E-4
2009-10-28,1.4736510482670891E-4
2009-10-29,6.367119655456849E-5
2009-10-30,2.717638069353093E-5
2009-10-31,1.144413685856296E-5
2009-11-01,8.90875327948381E-6
2009-11-02,2.251603704903625E-5
2009-11-03,3.667804721924958E-4
2009-11-04,1.0567052392152784E-4
2009-11-05,0.0014649604271760228
2009-11-06,3.917612346333411E-4
2009-11-07,3.5227650580938656E-4
2009-11-08,8.783906356957943E-5
2009-11-09,2.389388702800067E-5
2009-11-10,2.6747788227810767E-5
2009-11-11,7.065224860872044E-5
2009-11-12,2.132742608771438E-5
2009-11-13,6.703410786294024E-5
2009-11-14,0.0015383290874291385
2009-11-15,0.003860401885000809
2009-11-16,0.0018390783040711828
2009-11-17,0.004622231835800204
2009-11-18,0.003960793545317495
2009-11-19,0.004587865834313246
2009-11-20,7.179863863523632E-4
2009-11-21,3.507867750606563E-4
2009-11-22,2.971285284354673E-4
2009-11-23,1.6181830459600748E-4
2009-11-24,1.2566522438109594E-4
2009-11-25,1.7034345020229834E-4
2009-11-26,2.7092834696750695E-4
2009-11-27,2.046440433319475E-4
2009-11-28,5.8069351514616E-6
2009-11-29,8.880885594681563E-6
2009-11-30,6.558633514621374E-6
2009-12-01,5.0165116459173724E-5
2009-12-02,2.1717755386114256E-4
2009-12-03,2.478176209631802E-4
2009-12-04,2.5008304690033465E-4
2009-12-05,4.441372871407365E-4
2009-12-06,3.4950508561332547E-4
2009-12-07,1.0661674773198398E-4
2009-12-08,1.5234752863278517E-4
2009-12-09,3.2036405058730585E-5
2009-12-10,3.333804766441471E-5
2009-12-11,7.534762271824254E-5
2009-12-12,3.765196910593276E-5
2009-12-13,4.9882629364443544E-5
2009-12-14,1.62012966736232E-4
2009-12-15,1.0552151977991654E-4
2009-12-16,1.417739895842668E-4
2009-12-17,5.125781197565425E-5
2009-12-18,1.415347869389569E-4
2009-12-19,6.537495780660154E-4
2009-12-20,8.212733864179136E-5
2009-12-21,8.13073130939559E-6
2009-12-22,1.637825210887081E-5
2009-12-23,3.0439005670049548E-5
2009-12-24,2.1830866646170184E-4
2009-12-25,1.1292733147367319E-4
2009-12-26,2.738631316960157E-5
2009-12-27,1.4238566769517711E-6
2009-12-28,4.93724689730483E-5
2009-12-29,2.1057195623375817E-5
2009-12-30,4.837191035858044E-5
2009-12-31,2.9937487987034876E-4
2010-01-01,7.099525255379729E-5
2010-01-02,1.4271502232285738E-6
2010-01-03,1.4019817402684172E-6
2010-01-04,5.1228984053473646E-6
2010-01-05,1.6179028663661683E-5
2010-01-06,3.391312600126472E-6
2010-01-07,1.1684394777610367E-6
2010-01-08,4.165428780094989E-6
2010-01-09,1.6894663966987156E-5
2010-01-10,2.3688301178082407E-5
2010-01-11,5.001699297089882E-5
2010-01-12,4.1961154623381936E-5
2010-01-13,8.881044608711749E-5
2010-01-14,3.910560196439489E-5
2010-01-15,1.4360009933398232E-5
2010-01-16,8.053435633360625E-6
2010-01-17,1.947047191744463E-6
2010-01-18,3.3526796051923465E-6
2010-01-19,3.09386633377974E-5
2010-01-20,1.2086026773218094E-5
2010-01-21,2.2379513575277143E-6
2010-01-22,4.636009449444587E-6
2010-01-23,2.062996875543216E-6
2010-01-24,1.0358107876886335E-6
2010-01-25,2.113869916238371E-4
2010-01-26,2.2283964189904844E-4
2010-01-27,1.602094097723543E-5
2010-01-28,6.211901099506847E-6
2010-01-29,3.5009757069309326E-6
2010-01-30,3.293349416154804E-5
2010-01-31,2.5901080586508215E-5
2010-02-01,1.3965981940329797E-5
2010-02-02,1.012535338564664E-5
2010-02-03,7.1852963078076145E-6
2010-02-04,4.003941888730588E-6
2010-02-05,7.3874515036534715E-6
2010-02-06,1.7127809663095343E-6
2010-02-07,2.165826685995853E-6
2010-02-08,8.04093749198865E-7
2010-02-09,1.8663880969195746E-6
2010-02-10,9.90204896067709E-6
2010-02-11,1.1902929952690353E-5
2010-02-12,4.2154949142926184E-5
2010-02-13,4.553852484990853E-5
2010-02-14,9.107469968843808E-5
2010-02-15,3.251296116238657E-5
2010-02-16,1.2049604594519438E-4
2010-02-17,0.0021486840861011137
2010-02-18,5.684334945214899E-4
2010-02-19,9.842380345147618E-7
2010-02-20,3.0549614813492015E-6
2010-02-21,1.0288181023193363E-6
2010-02-22,3.064578960019221E-7
2010-02-23,2.2507316086414766E-5
2010-02-24,0.0030331889045535757
2010-02-25,0.0029164064310937717
2010-02-26,2.245530449240087E-4
2010-02-27,7.054396798030149E-4
2010-02-28,5.401998501503746E-4
2010-03-01,4.552276309425417E-4
2010-03-02,6.288041447509016E-4
2010-03-03,2.2052246046626813E-4
2010-03-04,8.323157945465621E-4
2010-03-05,0.0033895504457134833
2010-03-06,0.002292626780298202
2010-03-07,5.439586312500027E-4
2010-03-08,1.2423176072132394E-4
2010-03-09,1.787401657801774E-5
2010-03-10,6.390175072484713E-7
2010-03-11,2.43275471320651E-6
2010-03-12,9.055234103662919E-7
2010-03-13,6.867541014738404E-6
2010-03-14,4.7568115084883336E-4
2010-03-15,0.005542898040376536
2010-03-16,4.6676277586915876E-4
2010-03-17,7.873021708995936E-5
2010-03-18,3.75140096433625E-4
2010-03-19,8.48455881240709E-5
2010-03-20,8.52346317969932E-7
2010-03-21,4.269318091041052E-6
2010-03-22,1.4704300699172387E-4
2010-03-23,5.58974600759528E-4
2010-03-24,5.814022998907153E-4
2010-03-25,8.35012613028464E-4
2010-03-26,0.0038311209104883188
2010-03-27,0.011496464448680114
2010-03-28,0.022323053995707668
2010-03-29,0.021055383655271036
2010-03-30,0.030230467061876307
2010-03-31,0.03264000787959662
2010-04-01,0.010790575001843196
2010-04-02,0.008538153017583245
2010-04-03,0.0028584507508247568
2010-04-04,0.0030964293932525017
2010-04-05,0.0021177987210352113
2010-04-06,8.057198144796433E-4
2010-04-07,1.087604877232426E-4
2010-04-08,5.46522678543774E-4
2010-04-09,0.0012517422584847435
2010-04-10,0.001368411741826727
2010-04-11,0.0049330582203018425
2010-04-12,0.007510145406932548
2010-04-13,0.006735844309582762
2010-04-14,0.006195621281474836
2010-04-15,0.0034342051958327837
2010-04-16,0.006417604444930566
2010-04-17,0.02287994537830479
2010-04-18,0.025587720364435802
2010-04-19,0.038035256695473085
2010-04-20,0.029950128829704385
2010-04-21,0.012329048248680372
2010-04-22,0.0073493272073779535
2010-04-23,0.0037286920227425835
2010-04-24,0.009324945492909163
2010-04-25,0.013552996241600864
2010-04-26,0.01671573160813248
2010-04-27,0.009207810801956828
2010-04-28,0.0054438372464533005
2010-04-29,0.00914460763161952
2010-04-30,0.008000687106386939
2010-05-01,0.0032853832182975725
2010-05-02,0.006031398622811257
2010-05-03,0.006979991559030589
2010-05-04,0.010086423283668142
2010-05-05,0.007344944041049408
2010-05-06,0.008910696879858874
2010-05-07,0.011491298973800237
2010-05-08,0.016142860714187423
2010-05-09,0.0167673273863375
2010-05-10,0.012716581174541976
2010-05-11,0.00655057795818759
2010-05-12,0.007596974492553215
2010-05-13,0.009321337282850123
2010-05-14,0.010443649518994647
2010-05-15,0.011818789322491178
2010-05-16,0.011780940253091713
2010-05-17,0.006737935215987928
2010-05-18,0.006128425956236317
2010-05-19,0.010170534729083545
2010-05-20,0.023512257413925604
2010-05-21,0.025061055734511468
2010-05-22,0.009151544046145153
2010-05-23,0.009361597448912337
2010-05-24,0.018806386670583902
2010-05-25,0.02757484399924505
2010-05-26,0.021888470461073783
2010-05-27,0.01824421741209251
2010-05-28,0.025786219761704494
2010-05-29,0.011864552819590021
2010-05-30,0.009972432525945905
2010-05-31,0.016896632854906578
2010-06-01,0.01428521424383863
2010-06-02,0.019437778755546666
2010-06-03,0.033140387859032075
2010-06-04,0.033520297210609735
2010-06-05,0.0248093017934352
2010-06-06,0.018843302328871752
2010-06-07,0.01585129073603333
2010-06-08,0.024349927065930588
2010-06-09,0.0143480284316276
2010-06-10,0.007069057641161625
2010-06-11,0.009559783026902434
2010-06-12,0.016880123745911756
2010-06-13,0.018934249293425902
2010-06-14,0.02492143164656334
2010-06-15,0.019104141428848465
2010-06-16,0.01037489740335112
2010-06-17,0.01121868099740469
2010-06-18,0.019757877379072007
2010-06-19,0.02053710687868109
2010-06-20,0.023591540362929167
2010-06-21,0.011996293114942302
2010-06-22,0.011576696663733482
2010-06-23,0.016293135392682005
2010-06-24,0.02155554075015345
2010-06-25,0.017468239705750847
2010-06-26,0.022506078281576188
2010-06-27,0.01469308074195077
2010-06-28,0.028082036690671615
2010-06-29,0.022175820924599684
2010-06-30,0.018704322214197263
2010-07-01,0.015262110508152456
2010-07-02,0.012310393750068148
2010-07-03,0.014695008540417193
2010-07-04,0.008242268368849642
2010-07-05,0.009280251266528655
2010-07-06,0.007175915624878624
2010-07-07,0.00537964814172385
2010-07-08,0.0035027492274685426
2010-07-09,0.005418666959831279
2010-07-10,0.009125631768184787
2010-07-11,0.028460671145172242
2010-07-12,0.02982151049181738
2010-07-13,0.011030243787524102
2010-07-14,0.008121777139849202
2010-07-15,0.008510693694499387
2010-07-16,0.007465805636840248
2010-07-17,0.007397007432646157
2010-07-18,0.012470265959480467
2010-07-19,0.016538867918414087
2010-07-20,0.01509565635713639
2010-07-21,0.007882801962028334
2010-07-22,0.00925926938677428
2010-07-23,0.012653140606147063
2010-07-24,0.008715559239417355
2010-07-25,0.012729736744589378
2010-07-26,0.010125203871171688
2010-07-27,0.005711475173499785
2010-07-28,0.01383047352073328
2010-07-29,0.020006253282458076
2010-07-30,0.023249554135035485
2010-07-31,0.01791623953662149
2010-08-01,0.010012530773373322
2010-08-02,0.012071688095119555
2010-08-03,0.008515533611413039
2010-08-04,0.012041193172049736
2010-08-05,0.012709599718564918
2010-08-06,0.007854674313039673
2010-08-07,0.0028963094254981178
2010-08-08,0.004027739369642313
2010-08-09,0.004148166886287961
2010-08-10,0.006579004043603633
2010-08-11,0.013402976708792017
2010-08-12,0.015664441757158105
2010-08-13,0.015609026717342439
2010-08-14,0.01354403624843164
2010-08-15,0.014484198401000715
2010-08-16,0.016144763576910602
2010-08-17,0.011823586651581952
2010-08-18,0.011980836379328846
2010-08-19,0.016424275887912038
2010-08-20,0.010389838098810422
2010-08-21,0.010856106710599164
2010-08-22,0.013762103328988091
2010-08-23,0.008994602626539531
2010-08-24,0.014402822011908319
2010-08-25,0.01114934584310021
2010-08-26,0.0103332672711957
2010-08-27,0.012645988901372772
2010-08-28,0.013620799531886036
2010-08-29,0.006137132923025592
2010-08-30,0.009803853572118227
2010-08-31,0.008747582259995255
2010-09-01,0.004591809871947934
2010-09-02,0.008451654689731924
2010-09-03,0.007992875687282623
2010-09-04,0.008050822799050353
2010-09-05,0.00524511617158111
2010-09-06,0.0057423280267215595
2010-09-07,0.006848725702392757
2010-09-08,0.010309226325965122
2010-09-09,0.011385225054995306
2010-09-10,0.011520235181397689
2010-09-11,0.009053305301834487
2010-09-12,0.00883889808011008
2010-09-13,0.013882707550356487
2010-09-14,0.019904424205228487
2010-09-15,0.0156581329125526
2010-09-16,0.013675459716959094
2010-09-17,0.01563803226309216
2010-09-18,0.013997805317432154
2010-09-19,0.01431926623148731
2010-09-20,0.01303781538357419
2010-09-21,0.009033577148132126
2010-09-22,0.004937902281416438
2010-09-23,0.00600171841778315
2010-09-24,0.012939594008045516
2010-09-25,0.011545675377024568
2010-09-26,0.010126896614937195
2010-09-27,0.005716926792075049
2010-09-28,0.00438668262465051
2010-09-29,0.002274829566418619
2010-09-30,0.004442852181994687
2010-10-01,0.0039328918301969355
2010-10-02,0.0012075577550847327
2010-10-03,0.0011237000711723107
2010-10-04,0.004924781141018206
2010-10-05,0.011980375856820007
2010-10-06,0.015548254016746204
2010-10-07,0.0380250886205101
2010-10-08,0.06917774075371018
2010-10-09,0.005715385208522557
2010-10-10,0.0018733471001211855
2010-10-11,0.0010144981091046272
2010-10-12,0.0017367038615597125
2010-10-13,0.003061012657056237
2010-10-14,0.0071643016301731356
2010-10-15,0.011088993638448187
2010-10-16,0.007180812890441689
2010-10-17,0.008108574857198505
2010-10-18,7.874365444013191E-4
2010-10-19,0.0017253888942937163
2010-10-20,0.003866037382798842
2010-10-21,0.00551192875226507
2010-10-22,0.004844501805484733
2010-10-23,0.0042644478991168515
2010-10-24,0.0020313473663432437
2010-10-25,0.0014718369117104897
2010-10-26,0.0016907463478824933
2010-10-27,0.00251926789884028
2010-10-28,4.947613868134731E-4
2010-10-29,1.432749833434595E-4
2010-10-30,3.342149798194701E-4
2010-10-31,5.646579258217399E-4
2010-11-01,0.00377967731335705
2010-11-02,0.003716114264218693
2010-11-03,0.0011076103784582432
2010-11-04,2.653164916362578E-4
2010-11-05,1.0504759213492036E-4
2010-11-06,1.210649413797183E-4
2010-11-07,7.805302122188538E-5
2010-11-08,2.4309812871917E-5
2010-11-09,1.575264610234237E-5
2010-11-10,1.3732268499515147E-4
2010-11-11,4.151218107779289E-4
2010-11-12,0.0010841878328932716
2010-11-13,7.541699386099614E-4
2010-11-14,2.874518547970512E-4
2010-11-15,2.2420217899353796E-4
2010-11-16,2.5744310133727694E-4
2010-11-17,5.370541400848913E-4
2010-11-18,2.2253428560391837E-4
2010-11-19,0.0023505649067714373
2010-11-20,0.0031087119356715005
2010-11-21,8.662493020484392E-4
2010-11-22,6.804884019418897E-5
2010-11-23,2.9782279988984533E-5
2010-11-24,9.324191907128386E-5
2010-11-25,1.9862421310800808E-4
2010-11-26,6.702981868037198E-4
2010-11-27,6.469676334816781E-4
2010-11-28,2.7597169478277625E-4
2010-11-29,2.3109681143976512E-4
2010-11-30,1.7917240942851836E-4
2010-12-01,1.484336438831562E-5
2010-12-02,1.250041910137558E-5
2010-12-03,1.8374792938351535E-6
2010-12-04,1.5558030342343998E-6
2010-12-05,2.8031562064101607E-6
2010-12-06,6.542415262268462E-5
2010-12-07,1.9951846462451563E-4
2010-12-08,0.007584163618844619
2010-12-09,0.019323956344071563
2010-12-10,0.004536690927239029
2010-12-11,0.0021023995983864424
2010-12-12,1.344016924827599E-4
2010-12-13,2.386813290212224E-6
2010-12-14,4.713849862032308E-5
2010-12-15,5.533021229793311E-6
2010-12-16,1.5088407366148822E-6
2010-12-17,1.229394667158962E-6
2010-12-18,2.0460913056408256E-6
2010-12-19,7.710063549132686E-6
2010-12-20,9.896827355027534E-7
2010-12-21,4.166459650183659E-7
2010-12-22,8.141554554703203E-6
2010-12-23,2.8537277801936343E-5
2010-12-24,3.566349413230084E-5
2010-12-25,1.7273418327492884E-5
2010-12-26,6.74597336697956E-6
2010-12-27,9.501807914816974E-6
2010-12-28,8.314384986294314E-6
2010-12-29,2.3683028936092023E-6
2010-12-30,2.9601724196778886E-6
2010-12-31,2.4726973057723983E-5
2011-01-01,8.548382883721079E-4
2011-01-02,4.1262921583692984E-4
2011-01-03,7.041444115032847E-5
2011-01-04,3.523937900246426E-5
2011-01-05,8.038504161614888E-6
2011-01-06,5.8500864513103065E-6
2011-01-07,5.957039649629099E-6
2011-01-08,1.978101888177576E-4
2011-01-09,0.001330945776472354
2011-01-10,5.165261468985044E-4
2011-01-11,1.0841817629461957E-4
2011-01-12,4.777977777968053E-5
2011-01-13,8.33211968016601E-5
2011-01-14,6.429250241757781E-5
2011-01-15,2.13197633365479E-5
2011-01-16,0.008135194582071318
2011-01-17,8.731427038182344E-4
2011-01-18,6.018734032484887E-4
2011-01-19,2.967653553340063E-4
2011-01-20,6.515094321170644E-5
2011-01-21,4.272285248844544E-5
2011-01-22,8.110519227428234E-5
2011-01-23,7.201669078510643E-5
2011-01-24,7.711797692881699E-5
2011-01-25,2.824183913581749E-5
2011-01-26,1.2774893711716841E-5
2011-01-27,8.340904566527348E-5
2011-01-28,3.7066746022761254E-5
2011-01-29,3.4413221160742075E-6
2011-01-30,4.5587564748745506E-5
2011-01-31,7.290648578649168E-4
2011-02-01,1.0803290374287802E-4
2011-02-02,1.9717192321362965E-6
2011-02-03,6.537179117914419E-7
2011-02-04,2.2110074062140605E-6
2011-02-05,1.2179181345324641E-6
2011-02-06,4.662735813430038E-6
2011-02-07,9.641824106244502E-6
2011-02-08,1.07737825374048E-4
2011-02-09,7.95575816026583E-5
2011-02-10,2.47571693882411E-5
2011-02-11,5.756093825311214E-6
2011-02-12,2.0582233845344375E-5
2011-02-13,4.6330392478379534E-5
2011-02-14,3.226871697044688E-5
2011-02-15,3.923092001257603E-4
2011-02-16,0.002506110553005235
2011-02-17,0.0018819827516170012
2011-02-18,3.53820001525086E-4
2011-02-19,1.1544962181252747E-4
2011-02-20,3.794635818651845E-5
2011-02-21,5.666559126063616E-4
2011-02-22,3.236835316741517E-4
2011-02-23,1.2243465759055705E-6
2011-02-24,9.160837120254618E-8
2011-02-25,2.8333100747913387E-5
2011-02-26,1.1014229658608393E-4
2011-02-27,1.3439965421925147E-5
2011-02-28,3.6263765713981118E-6
2011-03-01,1.2803027971131087E-6
2011-03-02,1.7676688386826332E-6
2011-03-03,1.0286033063316026E-5
2011-03-04,2.1453623705591364E-5
2011-03-05,2.7524955730186208E-5
2011-03-06,7.680841333453166E-6
2011-03-07,4.942170767269592E-6
2011-03-08,8.082717927887366E-6
2011-03-09,1.5146834204228717E-5
2011-03-10,2.4862521220460094E-4
2011-03-11,0.0019692280448542396
2011-03-12,0.0026135354009529477
2011-03-13,1.567814077735489E-4
2011-03-14,4.3845484733599245E-4
2011-03-15,9.170635660466601E-4
2011-03-16,6.526893019418255E-4
2011-03-17,0.0012744448859842406
2011-03-18,0.00806461147397356
2011-03-19,0.008098292924998002
2011-03-20,0.003774651289487609
2011-03-21,0.0019752105144522037
2011-03-22,5.321828028943111E-4
2011-03-23,3.3983457788616233E-4
2011-03-24,0.0012006056585050387
2011-03-25,0.0017352397568288541
2011-03-26,0.006141776262357684
2011-03-27,0.0032583803776826924
2011-03-28,0.005885993368495835
2011-03-29,0.014206460858773388
2011-03-30,0.013763347013825498
2011-03-31,0.012297717801458679
2011-04-01,0.00192386531752481
2011-04-02,0.0017878418146753383
2011-04-03,0.001347006159065536
2011-04-04,0.004237947878911479
2011-04-05,9.220528683679795E-4
2011-04-06,4.4606550977017E-4
2011-04-07,7.462836992427619E-5
2011-04-08,5.204239372423474E-4
2011-04-09,0.0012798941271432627
2011-04-10,0.001891691471398049
2011-04-11,4.7743811027512037E-4
2011-04-12,7.791188585040885E-4
2011-04-13,0.0022992231618004376
2011-04-14,0.007243107818131616
2011-04-15,0.0035690998934442145
2011-04-16,0.003925469655897453
2011-04-17,0.001469353361627392
2011-04-18,0.0022996935933939696
2011-04-19,0.010009403345744334
2011-04-20,0.00990896289537897
2011-04-21,0.001740939028925547
2011-04-22,0.0015725313360008101
2011-04-23,0.0055505069548049835
2011-04-24,0.01012132368454887
2011-04-25,0.006025500669186151
2011-04-26,0.0025453942604366777
2011-04-27,0.009904864676290228
2011-04-28,0.011153583197766935
2011-04-29,0.003766185735805548
2011-04-30,0.00439081183508452
2011-05-01,0.008263119628986305
2011-05-02,0.011356114035160684
2011-05-03,0.017681873982187016
2011-05-04,0.018675172757640874
2011-05-05,0.006255703804256254
2011-05-06,0.0039511050231845
2011-05-07,0.005801926144242056
2011-05-08,0.004563473872399317
2011-05-09,0.004293267798072069
2011-05-10,0.00923043604226602
2011-05-11,0.011730352973553808
2011-05-12,0.004931418892885883
2011-05-13,0.0050246065674003325
2011-05-14,0.008396175922973396
2011-05-15,0.0064968557482370055
2011-05-16,0.006395398108535569
2011-05-17,0.013727724252313963
2011-05-18,0.011722694907852514
2011-05-19,0.018123741992896663
2011-05-20,0.02313765641692655
2011-05-21,0.03937768608631395
2011-05-22,0.02378252871886996
2011-05-23,0.013916524662603475
2011-05-24,0.015092602440018359
2011-05-25,0.010185463369942162
2011-05-26,0.003555008503424935
2011-05-27,0.012389071633901502
2011-05-28,0.012848517086473107
2011-05-29,0.02321095024461174
2011-05-30,0.02786049294548737
2011-05-31,0.018180602137577537
2011-06-01,0.010605926036897861
2011-06-02,0.009198625779537247
2011-06-03,0.0036427108981950335
2011-06-04,0.003954107363027801
2011-06-05,0.003841102359268301
2011-06-06,0.006291164683280354
2011-06-07,0.012925884178247254
2011-06-08,0.018698174079907166
2011-06-09,0.022163523411587095
2011-06-10,0.012046739541174011
2011-06-11,0.009965759504972017
2011-06-12,0.008794578224627793
2011-06-13,0.010111974982474807
2011-06-14,0.017435298613855878
2011-06-15,0.018361024372312313
2011-06-16,0.01668777917584058
2011-06-17,0.013320252016780608
2011-06-18,0.013371855899015357
2011-06-19,0.009024180995682677
2011-06-20,0.008909176225525658
2011-06-21,0.00846226920080572
2011-06-22,0.008973714168782598
2011-06-23,0.018112544830168435
2011-06-24,0.027371431397526274
2011-06-25,0.017443429088040984
2011-06-26,0.019651883148860124
2011-06-27,0.020793702590482657
2011-06-28,0.02280282585138825
2011-06-29,0.02158548218305724
2011-06-30,0.02850574248417248
2011-07-01,0.026537818582461917
2011-07-02,0.020375476618528166
2011-07-03,0.014484593445589684
2011-07-04,0.007864209976018766
2011-07-05,0.006820572537713126
2011-07-06,0.005891935055575061
2011-07-07,0.008867121619241134
2011-07-08,0.00808121235201331
2011-07-09,0.005119923684284948
2011-07-10,0.0063693860218882225
2011-07-11,0.007599874635653477
2011-07-12,0.010734796528750624
2011-07-13,0.011361133912465682
2011-07-14,0.014078518233157613
2011-07-15,0.01967901726231487
2011-07-16,0.011823391760630325
2011-07-17,0.01407146952767534
2011-07-18,0.024882137996300648
2011-07-19,0.0422303671171449
2011-07-20,0.026844037005840038
2011-07-21,0.026576243831342165
2011-07-22,0.011966013034894075
2011-07-23,0.00703905043482654
2011-07-24,0.007320972050777841
2011-07-25,0.009507650934564125
2011-07-26,0.012162320343802583
2011-07-27,0.006615794690938065
2011-07-28,0.006634986074493009
2011-07-29,0.006998274662176638
2011-07-30,0.004557706114472537
2011-07-31,0.003982052004919004
2011-08-01,0.005943423232927498
2011-08-02,0.016193680001675703
2011-08-03,0.015857754705316442
2011-08-04,0.013235556381951402
2011-08-05,0.02155758926068445
2011-08-06,0.02257188035357152
2011-08-07,0.03239123196742181
2011-08-08,0.04246289198626781
2011-08-09,0.04571991173941933
2011-08-10,0.025815790376417163
2011-08-11,0.010433903334917616
2011-08-12,0.012162107158169995
2011-08-13,0.020582479141615765
2011-08-14,0.012347807447366613
2011-08-15,0.017017968740172904
2011-08-16,0.030458253629196387
2011-08-17,0.009279960040259754
2011-08-18,0.008311536996955136
2011-08-19,0.006615036287124055
2011-08-20,0.008707075224480358
2011-08-21,0.017497838201559326
2011-08-22,0.018533478380186152
2011-08-23,0.023576584629819434
2011-08-24,0.029304132165286656
2011-08-25,0.012311691137507682
2011-08-26,0.010086549771184797
2011-08-27,0.009088372499029796
2011-08-28,0.005029113931799983
2011-08-29,0.004434765459275899
2011-08-30,0.007911420071838723
2011-08-31,0.00476469387538346
2011-09-01,0.007700554480431372
2011-09-02,0.006680672507061137
2011-09-03,0.0025093047072959115
2011-09-04,0.005952413620708178
2011-09-05,0.010529672312625037
2011-09-06,0.01783538667543232
2011-09-07,0.019101795928841488
2011-09-08,0.013060096849278622
2011-09-09,0.011729114201652673
2011-09-10,0.00527396146381425
2011-09-11,0.00346835378049113
2011-09-12,0.0024635953052628717
2011-09-13,0.01647183746342328
2011-09-14,0.015547993124884106
2011-09-15,0.01801482077152465
2011-09-16,0.019045745625007784
2011-09-17,0.017976018968342847
2011-09-18,0.01067992084990711
2011-09-19,0.008250334465340342
2011-09-20,0.012797061872527741
2011-09-21,0.014929064113036386
2011-09-22,0.009941756739543943
2011-09-23,0.011338105533339426
2011-09-24,0.008281227118136019
2011-09-25,0.0022985560822342014
2011-09-26,0.003438587275293519
2011-09-27,0.0036965042806819813
2011-09-28,0.001993342207215954
2011-09-29,0.004347460920545922
2011-09-30,0.00610867109364153
2011-10-01,0.007670312906691873
2011-10-02,0.007806880931422581
2011-10-03,0.00823936046314017
2011-10-04,0.004163097552281179
2011-10-05,0.0014991546080684876
2011-10-06,0.0017678132921735447
2011-10-07,0.0033183590515627024
2011-10-08,0.0023185323511958917
2011-10-09,0.0016387354560427913
2011-10-10,0.0011267835023883838
2011-10-11,4.431318477496232E-4
2011-10-12,1.4520892102236116E-4
2011-10-13,6.858523668993025E-5
2011-10-14,3.1266520573709956E-4
2011-10-15,6.885671143462508E-4
2011-10-16,8.333183507579579E-4
2011-10-17,0.0034880808282998542
2011-10-18,0.007809844180091489
2011-10-19,0.00891940749638619
2011-10-20,0.007117614827804394
2011-10-21,0.003581245626203167
2011-10-22,0.006088666505293269
2011-10-23,0.0010458956459174268
2011-10-24,3.4197005785779763E-4
2011-10-25,9.739072403513844E-4
2011-10-26,0.0018634639920309059
2011-10-27,9.232304203253493E-4
2011-10-28,3.403097747882909E-4
2011-10-29,2.6190842817312563E-4
2011-10-30,8.965189056628721E-4
2011-10-31,9.190654149934647E-4
2011-11-01,0.0010333088971830892
2011-11-02,4.660773596133366E-4
2011-11-03,3.286604407087388E-4
2011-11-04,1.4841878842682363E-4
2011-11-05,3.56842201297398E-4
2011-11-06,8.745939130827814E-4
2011-11-07,7.100992197642142E-4
2011-11-08,1.8223036440801255E-5
2011-11-09,1.5096891039330725E-6
2011-11-10,2.1820300637795332E-6
2011-11-11,5.797906802473896E-6
2011-11-12,4.140925193412701E-4
2011-11-13,4.7572901637679785E-4
2011-11-14,5.039745558183408E-4
2011-11-15,9.73603432163631E-4
2011-11-16,0.001352273525974846
2011-11-17,7.408505328372023E-4
2011-11-18,3.357100658264465E-5
2011-11-19,3.874823830799793E-6
2011-11-20,7.000481453013862E-6
2011-11-21,2.964308254648594E-6
2011-11-22,2.9308722935813517E-6
2011-11-23,1.2071928777243453E-6
2011-11-24,2.6868990284467094E-6
2011-11-25,2.851935318057663E-7
2011-11-26,3.0863211814547348E-6
2011-11-27,1.506434832301939E-5
2011-11-28,1.5999675674103537E-4
2011-11-29,3.845783180725623E-4
2011-11-30,1.5640287906228326E-4
2011-12-01,2.6634424900963605E-6
2011-12-02,2.6982147068390113E-5
2011-12-03,4.190210533675495E-4
2011-12-04,7.353236362901103E-4
2011-12-05,2.221425022420229E-4
2011-12-06,6.494251334374906E-5
2011-12-07,4.3112142837177426E-5
2011-12-08,4.991976607298341E-5
2011-12-09,2.604541193687005E-4
2011-12-10,3.033015176499506E-4
2011-12-11,3.7645490815531237E-4
2011-12-12,4.920960679316172E-5
2011-12-13,1.5400378087892068E-4
2011-12-14,1.6665226485954845E-4
2011-12-15,1.0740298650412366E-4
2011-12-16,7.834174063888096E-5
2011-12-17,2.613860070772355E-5
2011-12-18,8.07169475166407E-7
2011-12-19,8.28531977602967E-7
2011-12-20,1.455037813801312E-6
2011-12-21,2.4804340907089308E-6
2011-12-22,4.146229801019305E-6
2011-12-23,2.5483977102538646E-6
2011-12-24,3.0642137015386235E-6
2011-12-25,7.431852264908924E-6
2011-12-26,2.714184833718086E-5
2011-12-27,6.220449978641789E-5
2011-12-28,1.3962042083525878E-4
2011-12-29,3.391548392656459E-5
2011-12-30,5.986808060670244E-6
2011-12-31,8.881848477195494E-7
2012-01-01,7.915412312363589E-4
2012-01-02,0.0041124785238511145
2012-01-03,0.0016967058680026068
2012-01-04,8.337075569130882E-4
2012-01-05,2.7316419357643245E-4
2012-01-06,3.562277147135432E-4
2012-01-07,2.2322612624563152E-4
2012-01-08,7.912553209741436E-4
2012-01-09,0.006369144446324317
2012-01-10,0.0023520526635942072
2012-01-11,0.0016892169196082065
2012-01-12,0.001227458082720573
2012-01-13,6.180119110418054E-4
2012-01-14,1.6081043914626063E-5
2012-01-15,1.2270176231917235E-6
2012-01-16,1.0970301348318176E-5
2012-01-17,5.970747335601502E-4
2012-01-18,8.003880007610532E-4
2012-01-19,0.0022091517876312522
2012-01-20,0.002557726248976467
2012-01-21,8.100452452015709E-4
2012-01-22,1.034914781110376E-4
2012-01-23,6.29458723776113E-6
2012-01-24,7.893323313185334E-5
2012-01-25,7.366338977660608E-5
2012-01-26,3.783636834030319E-5
2012-01-27,4.048875968086231E-5
2012-01-28,3.36388768235015E-5
2012-01-29,2.752395255925755E-6
2012-01-30,7.923327467644582E-7
2012-01-31,2.2030791207699413E-6
2012-02-01,7.480279548687741E-6
2012-02-02,2.5591607162504873E-6
2012-02-03,9.55429345682749E-7
2012-02-04,2.39029076641041E-6
2012-02-05,4.123066680904278E-6
2012-02-06,3.7164132574866584E-5
2012-02-07,1.0364888817632947E-5
2012-02-08,3.646428464993288E-4
2012-02-09,4.0565814484883967E-4
2012-02-10,7.52067877719297E-5
2012-02-11,3.965092021143527E-6
2012-02-12,3.820901855243045E-6
2012-02-13,2.4457861094451944E-6
2012-02-14,1.9771917232448336E-6
2012-02-15,3.256886991670877E-5
2012-02-16,3.110395201052742E-5
2012-02-17,1.5657692334946027E-4
2012-02-18,4.7911887749103805E-5
2012-02-19,6.016701627013262E-5
2012-02-20,4.71339791522891E-5
2012-02-21,3.969928979903724E-5
2012-02-22,2.197549123998114E-5
2012-02-23,3.5462541500524054E-5
2012-02-24,1.5494088144612283E-5
2012-02-25,5.424380804253693E-6
2012-02-26,1.913869295096234E-6
2012-02-27,2.1389825186171563E-6
2012-02-28,6.974286239223027E-5
2012-02-29,0.006016691798629684
2012-03-01,9.699692264132284E-4
2012-03-02,0.005086120409643753
2012-03-03,0.0021716409624803353
2012-03-04,9.354232610586983E-4
2012-03-05,0.0014245546397024969
2012-03-06,0.0019242164783502727
2012-03-07,0.001620560453763914
2012-03-08,0.0012316932955803999
2012-03-09,4.6337983176442083E-4
2012-03-10,1.8985655779763295E-4
2012-03-11,1.9858261562138992E-6
2012-03-12,1.2341613470051303E-6
2012-03-13,0.001038859689074035
2012-03-14,6.819710489573992E-4
2012-03-15,1.3627831942312433E-4
2012-03-16,2.8330273944919863E-4
2012-03-17,0.0011044031303227893
2012-03-18,0.0010860279872506211
2012-03-19,1.862828807334065E-4
2012-03-20,3.7264310732858545E-4
2012-03-21,0.0010510751479806703
2012-03-22,2.90031514426711E-4
2012-03-23,9.501915949765394E-5
2012-03-24,3.0842792291808477E-6
2012-03-25,1.3252724590042538E-5
2012-03-26,8.773043997254325E-5
2012-03-27,3.2033688098796287E-4
2012-03-28,1.7976507313932245E-4
2012-03-29,2.4032771966351395E-4
2012-03-30,4.1988376610807955E-4
2012-03-31,2.188775183297874E-4
2012-04-01,4.61895952096846E-4
2012-04-02,2.0449549791981707E-4
2012-04-03,4.443290884879094E-4
2012-04-04,0.0036487539457276262
2012-04-05,0.010455809473455764
2012-04-06,0.014701642332485604
2012-04-07,0.013597056904739354
2012-04-08,0.027998628476410676
2012-04-09,0.029616118915679425
2012-04-10,0.022861412463863685
2012-04-11,0.0178233876913853
2012-04-12,0.01307699900667309
2012-04-13,0.007058879896253621
2012-04-14,0.0032534342293265624
2012-04-15,0.0046291247468098025
2012-04-16,0.0031484437595772053
2012-04-17,0.0016324678852885416
2012-04-18,0.00760711085836788
2012-04-19,0.006456927344892134
2012-04-20,0.00760312287260492
2012-04-21,0.010606724212178252
2012-04-22,0.002790205536964519
2012-04-23,0.002968164747871374
2012-04-24,0.004460117756848654
2012-04-25,0.006377925007430812
2012-04-26,0.006050285217891279
2012-04-27,0.010148000127417374
2012-04-28,0.015360160308789672
2012-04-29,0.008876616155381786
2012-04-30,0.011538256149625429
2012-05-01,0.014969126651551931
2012-05-02,0.013823056724765867
2012-05-03,0.005748456309474444
2012-05-04,0.0059059103288307165
2012-05-05,8.952235714738724E-5
2012-05-06,1.339116073667305E-4
2012-05-07,5.854980695685907E-5
2012-05-08,3.519509851371347E-5
2012-05-09,2.740178593694965E-4
2012-05-10,0.0016420320778472008
2012-05-11,0.003798948527237854
2012-05-12,0.008950905536621104
2012-05-13,0.0071920196127814775
2012-05-14,0.0071147550922825605
2012-05-15,0.004178407301034644
2012-05-16,0.004831033653317677
2012-05-17,0.006388828887366379
2012-05-18,0.003220229188936069
2012-05-19,0.007989828429577607
2012-05-20,0.0027105566507337467
2012-05-21,0.0027354064567060308
2012-05-22,0.0027837013607790654
2012-05-23,0.0035420298524925817
2012-05-24,0.006210470916514769
2012-05-25,0.003722100454493836
2012-05-26,0.0019860591476933737
2012-05-27,0.004947438968611906
2012-05-28,0.005318527326510399
2012-05-29,0.008232214229870933
2012-05-30,0.01816874770365502
2012-05-31,0.021875480099893634
2012-06-01,0.04522912429731514
2012-06-02,0.018138719365387402
2012-06-03,0.02442659133142606
2012-06-04,0.013625441359543354
2012-06-05,0.009801360277433155
2012-06-06,0.0064894962901753785
2012-06-07,0.012436888278957734
2012-06-08,0.009112885749692745
2012-06-09,0.016538076026164018
2012-06-10,0.013054551235016785
2012-06-11,0.005862973102925418
2012-06-12,0.0059227198000684714
2012-06-13,0.007309060652023933
2012-06-14,0.017835382712326292
2012-06-15,0.0410379094355166
2012-06-16,0.030486298155983582
2012-06-17,0.010746132320590579
2012-06-18,0.00727621910693027
2012-06-19,0.010075230771797767
2012-06-20,0.01599021621202299
2012-06-21,0.015991561881396357
2012-06-22,0.018479879666076657
2012-06-23,0.028396774863888398
2012-06-24,0.037488542957470616
2012-06-25,0.04069391617353771
2012-06-26,0.01858706341224031
2012-06-27,0.007948845407403435
2012-06-28,0.007629030700494479
2012-06-29,0.009928618106345441
2012-06-30,0.00922819225230993
2012-07-01,0.00880647394973663
2012-07-02,0.012150931341585198
2012-07-03,0.013250376644960751
2012-07-04,0.013399636349906732
2012-07-05,0.011011915935079062
2012-07-06,0.009486977738642878
2012-07-07,0.011974219159573873
2012-07-08,0.01005338760423006
2012-07-09,0.010421696746013651
2012-07-10,0.009705361682838963
2012-07-11,0.008684066338266154
2012-07-12,0.015743210946536697
2012-07-13,0.019373480638041236
2012-07-14,0.028966622437215293
2012-07-15,0.015531193599831194
2012-07-16,0.008944490269509163
2012-07-17,0.015537685032992415
2012-07-18,0.018935526316097708
2012-07-19,0.014220713605933726
2012-07-20,0.010258192373124097
2012-07-21,0.010896957852681665
2012-07-22,0.01275223212659471
2012-07-23,0.02231139586024875
2012-07-24,0.013413000674260399
2012-07-25,0.005616173981983978
2012-07-26,0.008155610496209494
2012-07-27,0.013982466231345265
2012-07-28,0.01577970636490565
2012-07-29,0.014206083572990427
2012-07-30,0.00480674581048377
2012-07-31,0.0052801882663018355
2012-08-01,0.011487385876214996
2012-08-02,0.013891959611967928
2012-08-03,0.011840486319511283
2012-08-04,0.016714729625553395
2012-08-05,0.01257998722897835
2012-08-06,0.010267409945338611
2012-08-07,0.015954541574816274
2012-08-08,0.01725643492349517
2012-08-09,0.008152335516567681
2012-08-10,0.016396714432672047
2012-08-11,0.01687457722766215
2012-08-12,0.021217863911303564
2012-08-13,0.013540647608091613
2012-08-14,0.005875100333160803
2012-08-15,0.010721726352617882
2012-08-16,0.00795940648100699
2012-08-17,0.005722757832436395
2012-08-18,0.004132837495040613
2012-08-19,0.014371427124537985
2012-08-20,0.028687904256766535
2012-08-21,0.01672209015044368
2012-08-22,0.010423622866747277
2012-08-23,0.009515100552261015
2012-08-24,0.007214169498726052
2012-08-25,0.009662172112088715
2012-08-26,0.012432446020932575
2012-08-27,0.011071194676755483
2012-08-28,0.0065670638486743345
2012-08-29,0.009024936139395574
2012-08-30,0.007991280781326118
2012-08-31,0.00474903146504736
2012-09-01,0.005538712783214468
2012-09-02,0.010696755657434066
2012-09-03,0.018498094706336694
2012-09-04,0.03107446277092414
2012-09-05,0.019718542939239903
2012-09-06,0.005451378912538518
2012-09-07,0.001721442327618666
2012-09-08,0.015066717501174295
2012-09-09,0.01333137221171438
2012-09-10,0.0075094939556902725
2012-09-11,0.012305160571722273
2012-09-12,0.012562892203294432
2012-09-13,0.017671992434788824
2012-09-14,0.02609973762924237
2012-09-15,0.018112903181582072
2012-09-16,0.014075602486571262
2012-09-17,0.009797824684748093
2012-09-18,0.00763777628773097
2012-09-19,0.006593606028407347
2012-09-20,0.007130339494336191
2012-09-21,0.006231009729345355
2012-09-22,0.005776410904792961
2012-09-23,0.009207136801543853
2012-09-24,0.007326163314885376
2012-09-25,0.005056501759995744
2012-09-26,0.005018154868294043
2012-09-27,0.006514543648303897
2012-09-28,0.0039674719672004866
2012-09-29,0.006251425706073778
2012-09-30,0.008938188336856211
2012-10-01,0.010223082599512066
2012-10-02,0.009166739493018385
2012-10-03,0.016871807414583335
2012-10-04,0.02412054667837633
2012-10-05,0.011972886225055488
2012-10-06,0.004299176594691253
2012-10-07,0.0024791153755968514
2012-10-08,0.01103721993667949
2012-10-09,0.011427211030584531
2012-10-10,0.011546350274441147
2012-10-11,0.023512380935115797
2012-10-12,0.0053135280334636464
2012-10-13,0.002520749701716988
2012-10-14,0.0028463197114683533
2012-10-15,0.0012792002003558847
2012-10-16,5.060756383477159E-4
2012-10-17,7.067348042684031E-4
2012-10-18,9.043152597985384E-4
2012-10-19,7.356088635401074E-4
2012-10-20,3.676648831076034E-4
2012-10-21,8.856377727553565E-5
2012-10-22,2.166115041550067E-5
2012-10-23,7.060471469897369E-5
2012-10-24,3.495823167873136E-4
2012-10-25,1.9970629555223158E-4
2012-10-26,1.108664426398404E-4
2012-10-27,3.303678882511398E-5
2012-10-28,7.069461783290719E-5
2012-10-29,1.411221793571241E-4
2012-10-30,1.2127055048674527E-4
2012-10-31,1.2363028238995014E-4
2012-11-01,2.74506113560461E-4
2012-11-02,3.9504555548278825E-4
2012-11-03,0.005306156270946535
2012-11-04,0.007119478424129865
2012-11-05,0.01205446106584373
2012-11-06,0.00970431727400999
2012-11-07,0.004821666411472492
2012-11-08,0.0014556314827579
2012-11-09,2.534793915040459E-4
2012-11-10,6.0757568184904726E-5
2012-11-11,5.378447822774657E-5
2012-11-12,3.7219106668996604E-5
2012-11-13,3.7221594409001977E-4
2012-11-14,4.0671105192779917E-4
2012-11-15,1.948306141014195E-4
2012-11-16,4.870786556874329E-5
2012-11-17,1.6722713915555264E-5
2012-11-18,9.070758501970607E-5
2012-11-19,5.073695482003878E-4
2012-11-20,0.0010272121888137478
2012-11-21,4.683641915559697E-4
2012-11-22,1.3506631794540797E-4
2012-11-23,4.803575962270146E-5
2012-11-24,8.867888236790583E-5
2012-11-25,7.39699838023495E-5
2012-11-26,3.230142176395246E-5
2012-11-27,3.857808860308288E-5
2012-11-28,1.3579728854168825E-5
2012-11-29,6.34760647638948E-6
2012-11-30,1.368155762777856E-5
2012-12-01,9.433314535965578E-6
2012-12-02,6.253207792483939E-6
2012-12-03,4.809688125521706E-6
2012-12-04,1.4859832472086529E-5
2012-12-05,4.82156152381368E-5
2012-12-06,4.343606049015158E-5
2012-12-07,1.0957559929591177E-4
2012-12-08,3.5858274230497815E-4
2012-12-09,4.155080158932072E-4
2012-12-10,1.8038571184782412E-4
2012-12-11,3.4573750269023014E-4
2012-12-12,0.0027666993987747884
2012-12-13,2.317900375804381E-4
2012-12-14,5.754890917838215E-5
2012-12-15,3.033406198564897E-6
2012-12-16,8.345818525481912E-6
2012-12-17,1.9565930854494207E-5
2012-12-18,5.398450149247673E-5
2012-12-19,5.247540274153941E-4
2012-12-20,4.1961296112790885E-4
2012-12-21,1.0442774249081598E-4
2012-12-22,2.3358518553897824E-6
2012-12-23,9.368834876786674E-7
2012-12-24,1.3297389218160565E-6
2012-12-25,1.4916133307786924E-5
2012-12-26,1.0201886856495357E-5
2012-12-27,2.6516761379861417E-6
2012-12-28,4.2376468158631045E-6
2012-12-29,6.974865278180484E-6
2012-12-30,1.3624071292590923E-5
2012-12-31,9.445510045217973E-5
2013-01-01,2.6198613341573638E-5
2013-01-02,5.487441649359774E-5
2013-01-03,1.546724098585152E-4
2013-01-04,2.0186963079454187E-4
2013-01-05,3.19019641447536E-5
2013-01-06,3.412947333449793E-6
2013-01-07,2.1598473296609164E-4
2013-01-08,1.7453168048591977E-4
2013-01-09,4.155458967486037E-5
2013-01-10,5.035817148217611E-5
2013-01-11,2.396249251619364E-5
2013-01-12,2.677389856989294E-6
2013-01-13,4.78817682942878E-6
2013-01-14,2.4462814285546693E-5
2013-01-15,5.2091164872987655E-6
2013-01-16,4.7731557498401E-6
2013-01-17,5.6131113382257825E-6
2013-01-18,4.858760948731908E-7
2013-01-19,3.9878971269833495E-5
2013-01-20,1.681724623650296E-4
2013-01-21,1.803303885169442E-4
2013-01-22,3.357283403049794E-5
2013-01-23,8.32408621424622E-6
2013-01-24,4.551299590097951E-6
2013-01-25,2.2864728278757082E-6
2013-01-26,1.6531702941297334E-6
2013-01-27,1.3303181249115308E-6
2013-01-28,9.997604548052516E-7
2013-01-29,1.7325632780802536E-5
2013-01-30,3.6171010076707985E-5
2013-01-31,1.5794821553073106E-6
2013-02-01,5.257217498142112E-5
2013-02-02,1.7161358011962772E-4
2013-02-03,4.956417373333761E-4
2013-02-04,3.078978106604271E-6
2013-02-05,3.851602222429972E-6
2013-02-06,1.2874602930423862E-6
2013-02-07,3.636724549159274E-8
2013-02-08,6.078428952695161E-4
2013-02-09,2.071948408519472E-4
2013-02-10,4.392781031943246E-6
2013-02-11,2.1350287197260063E-6
2013-02-12,1.694229728408481E-6
2013-02-13,2.1950057660929806E-6
2013-02-14,1.4901065255747402E-6
2013-02-15,5.543955410209786E-6
2013-02-16,0.0011326579935716549
2013-02-17,0.007042974353758669
2013-02-18,8.233886502058581E-4
2013-02-19,9.691759763294871E-5
2013-02-20,2.9645347593677264E-6
2013-02-21,1.4067271793464389E-5
2013-02-22,2.9997508519447176E-6
2013-02-23,1.3993323831623505E-6
2013-02-24,1.0404762495139831E-5
2013-02-25,1.1025652197525472E-5
2013-02-26,6.670873060203343E-7
2013-02-27,9.719859830206545E-7
2013-02-28,1.2814998058274796E-6
2013-03-01,1.7277584876841331E-6
2013-03-02,4.4965646280972527E-7
2013-03-03,5.309192704279539E-7
2013-03-04,3.567836861327568E-6
2013-03-05,9.460396721287974E-7
2013-03-06,3.3579918083955883E-6
2013-03-07,4.048382053449022E-5
2013-03-08,1.0919894473166897E-4
2013-03-09,1.3953063031161245E-5
2013-03-10,4.408295390097481E-5
2013-03-11,0.0018972031016492646
2013-03-12,4.3340881030291643E-4
2013-03-13,6.439144225437285E-4
2013-03-14,9.158607361742399E-5
2013-03-15,3.9423344780536643E-4
2013-03-16,2.7688903774658504E-4
2013-03-17,8.191294174378526E-4
2013-03-18,2.954216466688956E-4
2013-03-19,6.980625017561811E-5
2013-03-20,4.089847164180175E-5
2013-03-21,0.0033421323934633065
2013-03-22,0.005137794947257276
2013-03-23,4.2039058143127024E-4
2013-03-24,4.2705177002988546E-4
2013-03-25,0.005021329332492385
2013-03-26,9.724225429339046E-4
2013-03-27,3.196278138195657E-4
2013-03-28,1.0904176402609703E-4
2013-03-29,6.392465538135111E-4
2013-03-30,0.0030363700722511443
2013-03-31,0.0012570600654605371
2013-04-01,0.0017136423377580256
2013-04-02,8.001936681736015E-4
2013-04-03,0.0015926236375078855
2013-04-04,0.0020227455768521744
2013-04-05,6.230915595796692E-4
2013-04-06,8.309036950357587E-5
2013-04-07,3.5859756892737766E-5
2013-04-08,4.486805671865825E-4
2013-04-09,4.5736585105144784E-4
2013-04-10,0.0012407706989454475
2013-04-11,0.001980946127357851
2013-04-12,7.0821809675578E-4
2013-04-13,0.001284736997713536
2013-04-14,0.0019581847460482375
2013-04-15,0.009163205592965086
2013-04-16,0.018760228523328235
2013-04-17,0.018835159558688704
2013-04-18,0.008845977226628858
2013-04-19,0.0056574486024821595
2013-04-20,0.0025505655439354794
2013-04-21,0.002673260349087383
2013-04-22,0.003418438095770792
2013-04-23,0.0010624292595169634
2013-04-24,6.213391509201724E-4
2013-04-25,8.12929798066052E-4
2013-04-26,0.001317667193227842
2013-04-27,0.015471540937409302
2013-04-28,0.006138055275550752
2013-04-29,0.00709604227072208
2013-04-30,0.011239399053785229
2013-05-01,0.017197261901892448
2013-05-02,0.006695278980118541
2013-05-03,0.016119593661950878
2013-05-04,0.024661777393500152
2013-05-05,0.031125770905716253
2013-05-06,0.04324620865999443
2013-05-07,0.03717877039899824
2013-05-08,0.025081429060143073
2013-05-09,0.032876220763421046
2013-05-10,0.029892166083817284
2013-05-11,0.020896464933507088
2013-05-12,0.011452521173216238
2013-05-13,0.009643650127644664
2013-05-14,0.00721448873325958
2013-05-15,0.010610765889877739
2013-05-16,0.034648892928990344
2013-05-17,0.0067007485408509945
2013-05-18,0.010551419645237481
2013-05-19,0.008433923291654414
2013-05-20,0.01136278322366572
2013-05-21,0.02357775930865791
2013-05-22,0.01739793444562364
2013-05-23,0.0338433474329586
2013-05-24,0.022179211594616652
2013-05-25,0.00601993199676375
2013-05-26,0.0023872114243713182
2013-05-27,0.010253602960575928
2013-05-28,0.012369334868235582
2013-05-29,0.01956249792195656
2013-05-30,0.020197316186115137
2013-05-31,0.008804107046428238
2013-06-01,0.0019370582333706
2013-06-02,0.0012477685675112123
2013-06-03,0.005856968032850919
2013-06-04,0.006550323119648335
2013-06-05,0.011790094298656234
2013-06-06,0.0156399555177086
2013-06-07,0.01669533720785328
2013-06-08,0.015209716199323086
2013-06-09,0.011354475096162966
2013-06-10,0.005139280771334887
2013-06-11,0.001670595225107308
2013-06-12,0.0028752970278330485
2013-06-13,0.003737896117958638
2013-06-14,0.008978863793071473
2013-06-15,0.0047449963032386135
2013-06-16,0.0056348718095652174
2013-06-17,0.0038638148996917475
2013-06-18,0.005195477354894362
2013-06-19,0.00715910976778233
2013-06-20,0.008881631458830093
2013-06-21,0.016446750871969017
2013-06-22,0.015023961763117592
2013-06-23,0.011122158812169663
2013-06-24,0.013303899790276609
2013-06-25,0.019112355201888028
2013-06-26,0.014258512317861727
2013-06-27,0.018307575894515548
2013-06-28,0.021839588900594085
2013-06-29,0.015638346088203192
2013-06-30,0.020178482582694255
2013-07-01,0.01083145732928077
2013-07-02,0.012221309395000738
2013-07-03,0.009760398866026275
2013-07-04,0.009167016221466352
2013-07-05,0.008441346956852896
2013-07-06,0.008433126636117946
2013-07-07,0.0064240516376718034
2013-07-08,0.007521673165492324
2013-07-09,0.010843950366032787
2013-07-10,0.006677113694500859
2013-07-11,0.01145463644207111
2013-07-12,0.011189064792928123
2013-07-13,0.009559147598762878
2013-07-14,0.01073722517078561
2013-07-15,0.00974180935092376
2013-07-16,0.01375885189628201
2013-07-17,0.005618192702434953
2013-07-18,0.005544391807369518
2013-07-19,0.010095297087742983
2013-07-20,0.008379926552044482
2013-07-21,0.007417479034957688
2013-07-22,0.009209494482224093
2013-07-23,0.014224874008275379
2013-07-24,0.010644042665272233
2013-07-25,0.01387757447679585
2013-07-26,0.018135609137053487
2013-07-27,0.022864597056110155
2013-07-28,0.01741728324293093
2013-07-29,0.0037777711257844103
2013-07-30,0.010380745834855204
2013-07-31,0.014833877070005214
2013-08-01,0.011681542628778904
2013-08-02,0.00793415445169
2013-08-03,0.004178262950591304
2013-08-04,0.009412443237811617
2013-08-05,0.0199979815830754
2013-08-06,0.016133110174797627
2013-08-07,0.012797776568380274
2013-08-08,0.010968189877726886
2013-08-09,0.00801617690163
2013-08-10,0.01765292219277288
2013-08-11,0.018571658144417382
2013-08-12,0.010512942172022886
2013-08-13,0.009883515433190557
2013-08-14,0.016531088449870213
2013-08-15,0.01933258602293095
2013-08-16,0.013064109029913786
2013-08-17,0.017449819568389105
2013-08-18,0.01741523833397829
2013-08-19,0.019116303982691898
2013-08-20,0.023825517124228035
2013-08-21,0.00831030667217872
2013-08-22,0.0034916319946976123
2013-08-23,0.004776689556004714
2013-08-24,0.0035695187152097034
2013-08-25,0.00531730523615749
2013-08-26,0.025319675301462993
2013-08-27,0.02737162104974769
2013-08-28,0.009541575635052134
2013-08-29,0.006953324653486245
2013-08-30,0.008228520901737478
2013-08-31,0.008311583549731364
2013-09-01,0.013024634591844168
2013-09-02,0.01176063809406379
2013-09-03,0.015713407824757754
2013-09-04,0.016623694982576064
2013-09-05,0.007860712493091301
2013-09-06,0.004129165363774034
2013-09-07,0.0064816978344176355
2013-09-08,0.010959402385902902
2013-09-09,0.011746572569013755
2013-09-10,0.009767731791307807
2013-09-11,0.007970762626123555
2013-09-12,0.0024143690278271932
2013-09-13,0.00384390285199569
2013-09-14,0.011771578323682927
2013-09-15,0.011987507730872572
2013-09-16,0.008853857047957155
2013-09-17,0.012520350396681562
2013-09-18,0.009247728317056187
2013-09-19,0.005254221379328575
2013-09-20,0.004279989686067031
2013-09-21,0.001810600319177278
2013-09-22,0.0033323116818083664
2013-09-23,0.005357014835785566
2013-09-24,0.008186819534686057
2013-09-25,0.01080386306540952
2013-09-26,0.011624757462912246
2013-09-27,0.009209020733784573
2013-09-28,0.01771055871593697
2013-09-29,0.022487102873109226
2013-09-30,0.007909028855691839
2013-10-01,0.0025881151389704586
2013-10-02,0.0059811665848103455
2013-10-03,0.011396508357331183
2013-10-04,0.021137144896610522
2013-10-05,0.021706219791377372
2013-10-06,0.022074145463117707
2013-10-07,0.008358802780090706
2013-10-08,0.005286767171523897
2013-10-09,0.0014174051470577838
2013-10-10,3.069864949386224E-5
2013-10-11,4.3287336933440106E-5
2013-10-12,0.00445564303784298
2013-10-13,0.004444689207904741
2013-10-14,0.001246523583392496
2013-10-15,0.002753577114286787
2013-10-16,0.0019693017931475313
2013-10-17,8.625409200569186E-4
2013-10-18,0.001134440619518349
2013-10-19,0.0017270141012521245
2013-10-20,0.004422284106484584
2013-10-21,0.0076603786408082596
2013-10-22,0.004221339640778494
2013-10-23,0.0012534901137756598
2013-10-24,8.115531086077965E-4
2013-10-25,0.009406584733251786
2013-10-26,0.009262984167343006
2013-10-27,0.005589343466911392
2013-10-28,0.0025674648327978548
2013-10-29,0.0016342473205500068
2013-10-30,3.774085458202191E-4
2013-10-31,3.1966086505233167E-4
2013-11-01,2.870031967665113E-4
2013-11-02,4.611261117203878E-4
2013-11-03,2.68274273488004E-4
2013-11-04,7.560799415379243E-5
2013-11-05,3.5358348260244636E-6
2013-11-06,2.482340216109759E-6
2013-11-07,5.724628460357246E-6
2013-11-08,2.694167738280676E-6
2013-11-09,2.437675582157652E-7
2013-11-10,1.6312203851377387E-6
2013-11-11,1.7781744150312026E-6
2013-11-12,2.0777337174515772E-6
2013-11-13,3.569144233194818E-6
2013-11-14,2.944912419566479E-5
2013-11-15,1.0884558162036196E-5
2013-11-16,3.356148969186903E-6
2013-11-17,1.49541880484042E-6
2013-11-18,4.2847859894261995E-5
2013-11-19,1.2830869174042978E-5
2013-11-20,2.485079602665798E-5
2013-11-21,6.211888267843034E-5
2013-11-22,1.1625540011101948E-5
2013-11-23,2.4679456177991285E-5
2013-11-24,2.3876681129266046E-5
2013-11-25,7.743743174337678E-6
2013-11-26,1.6327222705752743E-5
2013-11-27,2.744218279327175E-4
2013-11-28,2.570884952290865E-4
2013-11-29,2.223075782572013E-4
2013-11-30,1.0862762886051953E-4
2013-12-01,6.18540675547411E-5
2013-12-02,6.346465620875349E-5
2013-12-03,1.8078657276302204E-5
2013-12-04,1.1082625498501237E-5
2013-12-05,1.6812495437513946E-5
2013-12-06,2.1818082103348737E-5
2013-12-07,2.4833868445349522E-5
2013-12-08,3.3075136978203985E-6
2013-12-09,1.7720266520047544E-5
2013-12-10,2.9584056634566486E-5
2013-12-11,6.0452893540272125E-5
2013-12-12,2.511243510205806E-4
2013-12-13,4.6833325528862566E-4
2013-12-14,4.1181276282585875E-4
2013-12-15,9.61139961314031E-5
2013-12-16,2.535048306189623E-6
2013-12-17,9.007288485579771E-7
2013-12-18,7.705476737087908E-6
2013-12-19,4.14566948012914E-4
2013-12-20,0.001048285953375554
2013-12-21,2.795720080463431E-4
2013-12-22,1.5078782982389354E-4
2013-12-23,3.996472247627412E-4
2013-12-24,1.874706913624157E-4
2013-12-25,2.5975616934128127E-4
2013-12-26,1.5698286193863414E-4
2013-12-27,3.901843386355551E-5
2013-12-28,4.288209075293696E-5
2013-12-29,6.755075546728351E-5
2013-12-30,3.950437297775672E-5
2013-12-31,3.3965227640083373E-6
2014-01-01,2.7863191698812453E-6
2014-01-02,3.548304356258168E-5
2014-01-03,2.4823061030878003E-5
2014-01-04,2.3318282010582394E-6
2014-01-05,1.1741142748275179E-5
2014-01-06,2.2726626840211022E-4
2014-01-07,2.6114787513502536E-4
2014-01-08,1.3999569367632891E-5
2014-01-09,1.2307808176262734E-6
2014-01-10,2.0169678540153207E-6
2014-01-11,6.338442758156389E-4
2014-01-12,2.712778891193366E-4
2014-01-13,1.032501751933094E-6
2014-01-14,1.1159886348475643E-5
2014-01-15,1.0070061367112521E-4
2014-01-16,8.981581698757944E-5
2014-01-17,4.785393771465608E-5
2014-01-18,2.6290748577577205E-5
2014-01-19,5.758273926575302E-4
2014-01-20,1.1791411470527265E-5
2014-01-21,1.2963204172356857E-6
2014-01-22,1.1896521367183716E-6
2014-01-23,9.694494844520323E-6
2014-01-24,1.0752369855825214E-5
2014-01-25,5.907917832994726E-6
2014-01-26,3.7674962618649276E-6
2014-01-27,3.4871131017096324E-6
2014-01-28,9.90273381309158E-6
2014-01-29,1.1040633014325424E-6
2014-01-30,1.8788527894615835E-6
2014-01-31,4.1659633325036585E-6
2014-02-01,3.6599456056835565E-6
2014-02-02,2.6836519928473342E-6
2014-02-03,1.8232392004869682E-6
2014-02-04,8.861966107124756E-5
2014-02-05,1.4225555605215762E-4
2014-02-06,3.664971149242774E-4
2014-02-07,2.4373650750981424E-4
2014-02-08,4.2441774059795076E-4
2014-02-09,5.619142204866392E-4
2014-02-10,2.3639944692734836E-4
2014-02-11,4.3560843737898517E-4
2014-02-12,1.6569864322989197E-4
2014-02-13,1.1632856649329968E-5
2014-02-14,1.8270479551588453E-4
2014-02-15,0.005371787534838024
2014-02-16,0.018936820068452636
2014-02-17,0.010101753140353697
2014-02-18,5.143210416492285E-5
2014-02-19,1.2488239553969148E-6
2014-02-20,3.947648439903411E-6
2014-02-21,2.568020448980236E-6
2014-02-22,2.9064726995692285E-5
2014-02-23,2.249786069143609E-5
2014-02-24,2.0504111874245347E-4
2014-02-25,5.268883030373638E-5
2014-02-26,6.621517374120996E-6
2014-02-27,2.497446809445713E-5
2014-02-28,3.9275049990639854E-4
2014-03-01,4.593623576247341E-4
2014-03-02,3.9118260053728685E-4
2014-03-03,9.443549797378825E-5
2014-03-04,3.183506070344138E-5
2014-03-05,3.4445207897081104E-4
2014-03-06,7.822527781132468E-6
2014-03-07,5.816012879501884E-6
2014-03-08,4.989341546219754E-6
2014-03-09,1.7187644159003085E-6
2014-03-10,2.42517613895874E-6
2014-03-11,2.7686965295988398E-5
2014-03-12,1.6557871194590593E-6
2014-03-13,2.1785902346887564E-5
2014-03-14,4.315362547829081E-5
2014-03-15,9.719342305056309E-6
2014-03-16,1.5348776326973856E-5
2014-03-17,6.95257911022089E-5
2014-03-18,6.806966209084079E-5
2014-03-19,0.0022691526802318803
2014-03-20,0.001219232064388252
2014-03-21,6.241470804756891E-4
2014-03-22,0.0026330136409187066
2014-03-23,0.001922615105095988
2014-03-24,0.0035585575343707117
2014-03-25,0.002460801739823048
2014-03-26,0.0019163155966361296
2014-03-27,0.0020239590993603217
2014-03-28,0.0010029559094330313
2014-03-29,1.469744734394248E-4
2014-03-30,4.320159087402862E-5
2014-03-31,1.3546562294733334E-4
2014-04-01,0.0019033927603640188
2014-04-02,8.032100918152625E-4
2014-04-03,0.002978482275496395
2014-04-04,0.004589402526378639
2014-04-05,8.051326506336129E-4
2014-04-06,0.0026465743082750423
2014-04-07,0.004235921731085165
2014-04-08,0.009107688696497388
2014-04-09,0.0034418031327708284
2014-04-10,5.135815327363235E-4
2014-04-11,3.584027859863945E-5
2014-04-12,4.7464009899912544E-4
2014-04-13,3.059008960068867E-4
2014-04-14,1.6588721873861574E-4
2014-04-15,2.5110850713483976E-4
2014-04-16,0.0010311667313243952
2014-04-17,0.0018632611562519696
2014-04-18,3.009715632587751E-4
2014-04-19,4.3186718758735006E-4
2014-04-20,9.10858218607247E-5
2014-04-21,3.7080860147414744E-6
2014-04-22,2.602984944146767E-6
2014-04-23,8.699709446820055E-6
2014-04-24,1.1016234244841744E-4
2014-04-25,0.0017808901321966436
2014-04-26,0.0030094298894296563
2014-04-27,0.003937904706114379
2014-04-28,0.00506328390666818
2014-04-29,0.01041025822420965
2014-04-30,0.002207009725670893
2014-05-01,0.006990556259386325
2014-05-02,0.0076352693985976315
2014-05-03,0.020829342556717607
2014-05-04,0.017711393338244293
2014-05-05,0.01344436649431981
2014-05-06,0.006742781816544156
2014-05-07,0.023064670633382287
2014-05-08,0.01826175606637479
2014-05-09,0.00937864466889623
2014-05-10,0.009055454154007875
2014-05-11,0.00811519332121757
2014-05-12,0.003248901237134506
2014-05-13,0.0021548922359625154
2014-05-14,0.0025671583689528686
2014-05-15,0.0042257214033322825
2014-05-16,6.610037140411974E-4
2014-05-17,9.50009357537129E-4
2014-05-18,0.0017883551871948884
2014-05-19,0.0028296091826623803
2014-05-20,0.002306477505825754
2014-05-21,9.072218273907358E-4
2014-05-22,0.0016390308666040937
2014-05-23,0.0025711320585595854
2014-05-24,0.007084725095069996
2014-05-25,0.01282695298822674
2014-05-26,0.0067337943345739115
2014-05-27,0.008071700977094315
2014-05-28,0.014197677096237694
2014-05-29,0.004706505426187022
2014-05-30,0.006026880015754845
2014-05-31,0.004890359939513191
2014-06-01,0.005013571225719949
2014-06-02,0.005615040689940164
2014-06-03,0.004859630831108178
2014-06-04,0.002275757672820956
2014-06-05,0.0024786311499013854
2014-06-06,0.0030006744122123273
2014-06-07,0.006074703758064958
2014-06-08,0.01604753124837398
2014-06-09,0.01709858905283575
2014-06-10,0.01058053159384786
2014-06-11,0.015598466837618069
2014-06-12,0.007504498747083881
2014-06-13,0.007119509951237492
2014-06-14,0.009739263610680901
2014-06-15,0.012470469471689215
2014-06-16,0.013205940646278409
2014-06-17,0.014769622254970808
2014-06-18,0.016603281527280973
2014-06-19,0.03658710678098042
2014-06-20,0.03591318650021172
2014-06-21,0.04245216940845889
2014-06-22,0.046668230327389995
2014-06-23,0.030136972546501533
2014-06-24,0.011059143230683246
2014-06-25,0.015561571828754549
2014-06-26,0.01690663685986868
2014-06-27,0.012623568867648137
2014-06-28,0.00820537234870479
2014-06-29,0.015821128985295824
2014-06-30,0.016098886097870836
2014-07-01,0.012670337730816649
2014-07-02,0.010865349717782783
2014-07-03,0.015576176198661959
2014-07-04,0.014451177734004585
2014-07-05,0.01499804832150734
2014-07-06,0.008398249377329092
2014-07-07,0.010964094669161177
2014-07-08,0.008666346151772602
2014-07-09,0.002359707262762273
2014-07-10,0.0073228257216884085
2014-07-11,0.008829343522535461
2014-07-12,0.008772280231396791
2014-07-13,0.012043341460207416
2014-07-14,0.015046060334515336
2014-07-15,0.02021101426080193
2014-07-16,0.021736261871579548
2014-07-17,0.012284261766055685
2014-07-18,0.008612012379792361
2014-07-19,0.006429235890190323
2014-07-20,0.012283259862804981
2014-07-21,0.016405912231724776
2014-07-22,0.014914188809927549
2014-07-23,0.012049306383384877
2014-07-24,0.008253460846407755
2014-07-25,0.006817234154256659
2014-07-26,0.01437392564662486
2014-07-27,0.013364094579502004
2014-07-28,0.007599307578663837
2014-07-29,0.008463327116342215
2014-07-30,0.008381764096707451
2014-07-31,0.008718207639961053
2014-08-01,0.008677793765492669
2014-08-02,0.01205960586532423
2014-08-03,0.01140627472057728
2014-08-04,0.010977415206093282
2014-08-05,0.010800596887725762
2014-08-06,0.009280896574538318
2014-08-07,0.010182607720738084
2014-08-08,0.009765225746429181
2014-08-09,0.007659068070817156
2014-08-10,0.007812304885871533
2014-08-11,0.007041006333282961
2014-08-12,0.013688258525633018
2014-08-13,0.026988247242291877
2014-08-14,0.03953514484767538
2014-08-15,0.03852626966215913
2014-08-16,0.026186657011934036
2014-08-17,0.016293775147999214
2014-08-18,0.012258073441094988
2014-08-19,0.018606465643175564
2014-08-20,0.010349028404698063
2014-08-21,0.017457932946536605
2014-08-22,0.013254240110061082
2014-08-23,0.014872222424689741
2014-08-24,0.011460851574339933
2014-08-25,0.011596190227012889
2014-08-26,0.01332508867619094
2014-08-27,0.010735239890538841
2014-08-28,0.007628208241885196
2014-08-29,0.007283083482827515
2014-08-30,0.020382123270345477
2014-08-31,0.013044077341705158
2014-09-01,0.009913237010118009
2014-09-02,0.005411577666775072
2014-09-03,0.009601505671856718
2014-09-04,0.00844273663407876
2014-09-05,0.006813156672354083
2014-09-06,0.010433538116057597
2014-09-07,0.011451500898689649
2014-09-08,0.007453971887826696
2014-09-09,0.007022467253790905
2014-09-10,0.0045382014178700514
2014-09-11,0.004271313014364618
2014-09-12,0.004382017703975462
2014-09-13,0.007333382761087638
2014-09-14,0.006296930250155565
2014-09-15,0.008215800806596039
2014-09-16,0.0028269317076688363
2014-09-17,0.0023242648364431625
2014-09-18,0.01449312560366505
2014-09-19,0.02019775498772099
2014-09-20,0.02037856557290859
2014-09-21,0.014914571494015386
2014-09-22,0.02781948325435423
2014-09-23,0.025593644978485132
2014-09-24,0.011891923675734049
2014-09-25,0.00886096039999068
2014-09-26,0.009741168159095918
2014-09-27,0.002537771084605277
2014-09-28,0.0026706140293618966
2014-09-29,0.0014058873396965205
2014-09-30,8.799076499026449E-4
2014-10-01,0.001031446509896487
2014-10-02,0.0019768365586181
2014-10-03,0.002714588088519768
2014-10-04,9.145699969269671E-4
2014-10-05,2.494829488601704E-4
2014-10-06,0.0015252799009559325
2014-10-07,0.002503298274337919
2014-10-08,0.0012644307730264048
2014-10-09,0.0014518265845734765
2014-10-10,0.0021493494764634156
2014-10-11,0.013338335669421778
2014-10-12,0.010881176909148114
2014-10-13,0.0059134586527971175
2014-10-14,0.007093134284924345
2014-10-15,0.0036579451499218593
2014-10-16,0.002727056793672511
2014-10-17,0.0019866947408537557
2014-10-18,0.0019770603291380125
2014-10-19,8.169854031608854E-4
2014-10-20,3.096804798901271E-4
2014-10-21,1.6723265738348032E-4
2014-10-22,1.1183852780336226E-4
2014-10-23,1.582898891604247E-4
2014-10-24,1.0936791214513759E-4
2014-10-25,2.462182454832268E-4
2014-10-26,0.0026570627958066207
2014-10-27,0.002806605002112093
2014-10-28,0.0036418147752531288
2014-10-29,4.906418131028037E-4
2014-10-30,1.882593210138158E-4
2014-10-31,2.621854077486831E-4
2014-11-01,2.6494282463953575E-4
2014-11-02,1.8624956887439012E-4
2014-11-03,3.2055370123663663E-4
2014-11-04,6.673487328937808E-4
2014-11-05,8.318828223811731E-4
2014-11-06,5.885488474835071E-4
2014-11-07,2.6823218934366903E-4
2014-11-08,7.732352771659319E-4
2014-11-09,7.746729795940106E-4
2014-11-10,2.3325289768374581E-4
2014-11-11,2.0247524863075975E-4
2014-11-12,2.1514344259464295E-4
2014-11-13,1.3290484342342825E-4
2014-11-14,1.7099351446783523E-4
2014-11-15,3.310254295610198E-4
2014-11-16,4.210059525375557E-4
2014-11-17,1.744231583462904E-4
2014-11-18,5.6519867168502545E-5
2014-11-19,1.5595286544411264E-4
2014-11-20,1.3895517704249667E-4
2014-11-21,4.137626554896245E-4
2014-11-22,3.5996323986085577E-4
2014-11-23,1.2966274713768587E-4
2014-11-24,1.2920176042314653E-4
2014-11-25,1.6380441049123952E-5
2014-11-26,9.063778938750701E-5
2014-11-27,1.0912989685694589E-4
2014-11-28,3.90520980066016E-4
2014-11-29,5.65375616918394E-4
2014-11-30,1.1694489388695722E-4
2014-12-01,5.26301757600098E-5
2014-12-02,1.0882661262528052E-4
2014-12-03,2.305752546174636E-4
2014-12-04,5.321429119790935E-5
2014-12-05,3.0420992676380363E-5
2014-12-06,2.1551135648434556E-4
2014-12-07,4.94816759578231E-4
2014-12-08,5.211677814588794E-4
2014-12-09,2.682020657421455E-4
2014-12-10,8.818395054865779E-5
2014-12-11,7.325980828429663E-5
2014-12-12,1.8879452876036128E-5
2014-12-13,4.321205690183653E-6
2014-12-14,1.012362095850629E-5
2014-12-15,1.614759311043059E-5
2014-12-16,1.7216431324290022E-4
2014-12-17,9.565855950947241E-4
2014-12-18,1.953433635016019E-5
2014-12-19,9.472768406462665E-7
2014-12-20,5.228790211947794E-7
2014-12-21,1.4672099727565538E-6
2014-12-22,3.596434449509199E-6
2014-12-23,3.529947259267726E-7
2014-12-24,2.2418666248152105E-6
2014-12-25,4.598358416687001E-6
2014-12-26,1.3049877214095308E-5
2014-12-27,1.5769350452637244E-5
2014-12-28,7.2322748965164756E-6
2014-12-29,2.0077667742282608E-5
2014-12-30,8.274938633162742E-4
2014-12-31,0.0014565375963107663
2015-01-01,0.0021678782072496283
2015-01-02,1.9291485476163314E-4
2015-01-03,0.0011893047338251187
2015-01-04,0.005204188116295247
2015-01-05,8.502942422906293E-4
2015-01-06,1.348278517183384E-4
2015-01-07,1.4269977772235774E-4
2015-01-08,9.495012389497425E-4
2015-01-09,0.0015439199445533719
2015-01-10,2.1682648651000632E-5
2015-01-11,4.261893288416896E-6
2015-01-12,2.1637225887033134E-6
2015-01-13,6.222699734900114E-6
2015-01-14,4.254878627225852E-5
2015-01-15,4.167269992919862E-5
2015-01-16,3.3135778948036645E-4
2015-01-17,0.0021757867019666223
2015-01-18,0.0011073499821206397
2015-01-19,2.824176319041526E-4
2015-01-20,2.462259108582442E-5
2015-01-21,1.8108022243851047E-6
2015-01-22,7.126648755915935E-6
2015-01-23,4.231915690743692E-5
2015-01-24,8.080771355550902E-5
2015-01-25,2.2007167180574053E-5
2015-01-26,1.5138205702495347E-6
2015-01-27,3.868112077014908E-6
2015-01-28,1.3800110524547822E-5
2015-01-29,4.6728107949177005E-4
2015-01-30,2.476183984142072E-4
2015-01-31,1.0271135345168838E-4
2015-02-01,6.346025651767746E-6
2015-02-02,3.6390260970274624E-6
2015-02-03,9.997473362157568E-7
2015-02-04,3.237730773921876E-5
2015-02-05,2.2500349455814646E-5
2015-02-06,1.9747862480357183E-6
2015-02-07,6.784932848691069E-6
2015-02-08,1.3102283532041091E-5
2015-02-09,4.688262317815589E-5
2015-02-10,6.127055487489802E-5
2015-02-11,4.9949745143062025E-5
2015-02-12,3.380402298171619E-4
2015-02-13,9.379839514217426E-4
2015-02-14,1.628477361045543E-4
2015-02-15,0.0021364493388423282
2015-02-16,7.630595151498675E-5
2015-02-17,1.8282069482617353E-4
2015-02-18,0.001375510110636029
2015-02-19,0.0043416616036737075
2015-02-20,3.2062312905425857E-4
2015-02-21,0.002790998651792869
2015-02-22,0.0015853482035178038
2015-02-23,8.684244708475974E-5
2015-02-24,4.166118152728877E-4
2015-02-25,5.744485182210086E-4
2015-02-26,0.0012550260352712434
2015-02-27,6.50111536042573E-4
2015-02-28,4.83415831376262E-4
2015-03-01,1.9710405198148414E-4
2015-03-02,8.924229337365666E-4
2015-03-03,3.655233019520178E-4
2015-03-04,0.0036743130054487003
2015-03-05,3.491885017429152E-4
2015-03-06,4.0865077760586736E-5
2015-03-07,7.504531647864508E-6
2015-03-08,1.2892968178492243E-6
2015-03-09,-3.812374416156672E-9
2015-03-10,2.6223376698150316E-6
2015-03-11,4.426360524043712E-6
2015-03-12,1.2845047255113373E-6
2015-03-13,4.037962178834206E-6
2015-03-14,1.9481284687410055E-5
2015-03-15,1.9686933616340735E-5
2015-03-16,1.86667632331554E-4
2015-03-17,1.156951908545243E-4
2015-03-18,5.315168272466774E-4
2015-03-19,4.375933384010006E-5
2015-03-20,7.548851802765266E-7
2015-03-21,1.4535591470183026E-6
2015-03-22,1.2595451779461696E-5
2015-03-23,4.133578574750862E-4
2015-03-24,0.0010333632017595746
2015-03-25,0.0017559014955629629
2015-03-26,0.0010799103309385664
2015-03-27,0.004598684923046981
2015-03-28,0.007500898303542016
2015-03-29,0.0012649299253695975
2015-03-30,0.004118306789358654
2015-03-31,0.009677325953697904
2015-04-01,0.012940229859543618
2015-04-02,0.027045417880338308
2015-04-03,0.008059299497921422
2015-04-04,0.013739884039638486
2015-04-05,0.01415352972218148
2015-04-06,0.012036051397112512
2015-04-07,0.002602420871417489
2015-04-08,0.0020788467573473954
2015-04-09,0.002543904391901844
2015-04-10,0.0020480172638301054
2015-04-11,0.0016034469263351149
2015-04-12,0.001504225196058474
2015-04-13,9.87821167090077E-4
2015-04-14,5.85547080073724E-4
2015-04-15,9.058437187640216E-5
2015-04-16,7.785188673808458E-4
2015-04-17,0.012228969763235734
2015-04-18,0.019890910331807905
2015-04-19,0.009821470053272652
2015-04-20,0.010068986563282223
2015-04-21,0.02276073717678559
2015-04-22,0.026436521704023722
2015-04-23,0.023374550518592597
2015-04-24,0.020223399059732562
2015-04-25,0.008520277420922191
2015-04-26,0.006305724565727019
2015-04-27,0.0045808881373436494
2015-04-28,0.0069952330766706846
2015-04-29,0.01200746813432949
2015-04-30,0.006912652750583611
2015-05-01,0.00737173868516536
2015-05-02,0.007188512925129172
2015-05-03,0.0026207008062438513
2015-05-04,9.370042927437253E-4
2015-05-05,0.0012816335834164268
2015-05-06,0.003793876210473893
2015-05-07,0.0053747615864594665
2015-05-08,0.0023202501956922656
2015-05-09,0.0011998145191468399
2015-05-10,0.004227489238702268
2015-05-11,0.00926549172223045
2015-05-12,0.009210531541390033
2015-05-13,0.007748295076241562
2015-05-14,0.008979836895061565
2015-05-15,0.01181986063565058
2015-05-16,0.013391036532774687
2015-05-17,0.008476034687009158
2015-05-18,0.007975166800068663
2015-05-19,0.0014226634216672215
2015-05-20,0.002146464378020887
2015-05-21,0.006366520311355411
2015-05-22,0.005694951591303685
2015-05-23,0.011577050637187709
2015-05-24,0.013789731287602802
2015-05-25,0.016154376599878232
2015-05-26,0.008628645872834819
2015-05-27,0.009074151999813158
2015-05-28,0.012954252830129505
2015-05-29,0.013155333067971673
2015-05-30,0.018601092181873214
2015-05-31,0.011948503219898328
2015-06-01,0.007249043721575667
2015-06-02,0.008440307225768806
2015-06-03,0.004366563981860783
2015-06-04,0.002204653278355594
2015-06-05,0.004218843932410729
2015-06-06,0.007044677760986588
2015-06-07,0.005951684906352073
2015-06-08,0.00833858875607829
2015-06-09,0.014924754465691518
2015-06-10,0.03128347309168884
2015-06-11,0.05357587436345812
2015-06-12,0.030290634210644842
2015-06-13,0.023725361664294193
2015-06-14,0.014614394134454003
2015-06-15,0.01598325627019902
2015-06-16,0.016655300029087463
2015-06-17,0.009027786575865955
2015-06-18,0.007709403479247482
2015-06-19,0.007463568007632735
2015-06-20,0.014207011811832065
2015-06-21,0.01837805010023994
2015-06-22,0.023443033988421076
2015-06-23,0.02966867620082815
2015-06-24,0.02315267902643589
2015-06-25,0.02483593954930792
2015-06-26,0.0323559396002129
2015-06-27,0.026562851634723973
2015-06-28,0.013113429590161879
2015-06-29,0.006920431781830501
2015-06-30,0.005678378202356709
2015-07-01,0.007143475273873599
2015-07-02,0.01072508629850467
2015-07-03,0.012569814328937634
2015-07-04,0.017718298902074534
2015-07-05,0.019682761902225097
2015-07-06,0.014644134930749472
2015-07-07,0.01467534389779241
2015-07-08,0.02793945270760613
2015-07-09,0.030604634341246044
2015-07-10,0.014960402564770806
2015-07-11,0.006341815905199616
2015-07-12,0.0033943987833111714
2015-07-13,0.009875032047845376
2015-07-14,0.01673314588308566
2015-07-15,0.038912596678489994
2015-07-16,0.03527950204248712
2015-07-17,0.02623847871022404
2015-07-18,0.01843667798330885
2015-07-19,0.027147956298267835
2015-07-20,0.02947136386041527
2015-07-21,0.026682068930636967
2015-07-22,0.025199235443764262
2015-07-23,0.028749045622633796
2015-07-24,0.03703298181118305
2015-07-25,0.030194990627463923
2015-07-26,0.02382886357374851
2015-07-27,0.01699147062255955
2015-07-28,0.01304592774542705
2015-07-29,0.019253507802951472
2015-07-30,0.0433583292567713
2015-07-31,0.05591951098647562
2015-08-01,0.019253072886434998
2015-08-02,0.004748401288330633
2015-08-03,0.0036602573164870628
2015-08-04,0.008086045756011389
2015-08-05,0.008245641868579083
2015-08-06,0.009267016562589507
2015-08-07,0.01433851892653097
2015-08-08,0.010135744576466404
2015-08-09,0.009654686556739537
2015-08-10,0.00912574548625927
2015-08-11,0.010698299959934297
2015-08-12,0.010395959912758263
2015-08-13,0.01126261458830097
2015-08-14,0.010055449575929309
2015-08-15,0.012800141754386455
2015-08-16,0.01000127947452441
2015-08-17,0.016852732045704
2015-08-18,0.024916020700878103
2015-08-19,0.03456307428948513
2015-08-20,0.033592159632180894
2015-08-21,0.01055289460463613
2015-08-22,0.018505263281037236
2015-08-23,0.01807350868196942
2015-08-24,0.011253966924575512
2015-08-25,0.009540133716525333
2015-08-26,0.010977602687571135
2015-08-27,0.009446921681392875
2015-08-28,0.009049159220144544
2015-08-29,0.018995339841122987
2015-08-30,0.020357656094524598
2015-08-31,0.034481631076927075
2015-09-01,0.04512880762257647
2015-09-02,0.027769852630241003
2015-09-03,0.022152088350314975
2015-09-04,0.012415460707567013
2015-09-05,0.008362959448674595
2015-09-06,0.006676342300228946
2015-09-07,0.004305495664423522
2015-09-08,0.0027159608564401192
2015-09-09,0.005144528909051556
2015-09-10,0.014551936785299173
2015-09-11,0.008282854542839026
2015-09-12,0.004328962584301549
2015-09-13,0.011532574243479992
2015-09-14,0.009183809832733538
2015-09-15,0.006938038411399571
2015-09-16,0.0034756300885763424
2015-09-17,0.002716771466007171
2015-09-18,0.005915023355528671
2015-09-19,0.027521458078796412
2015-09-20,0.015078565542167714
2015-09-21,0.01732930871634181
2015-09-22,0.028357496272609688
2015-09-23,0.024179746976340226
2015-09-24,0.017727847382350035
2015-09-25,0.0017694904711785416
2015-09-26,4.770698567346702E-4
2015-09-27,3.8982070324566545E-4
2015-09-28,7.231990710470171E-4
2015-09-29,0.0010530471093631933
2015-09-30,0.0015288269651275602
2015-10-01,0.0032252182855296426
2015-10-02,0.005893678703717636
2015-10-03,0.0027782558026720632
2015-10-04,0.0029071655952730008
2015-10-05,0.007230365081949086
2015-10-06,0.007062113750904537
2015-10-07,0.012874641564923938
2015-10-08,0.02537806617364949
2015-10-09,0.00897784535031954
2015-10-10,0.00623852242277298
2015-10-11,0.009554068696085348
2015-10-12,0.005152006679052552
2015-10-13,0.00846756538329748
2015-10-14,0.005665003359966727
2015-10-15,0.0038308657780231595
2015-10-16,0.003335276016103373
2015-10-17,0.0016342930487156897
2015-10-18,7.542536793348618E-4
2015-10-19,1.7487678273229326E-4
2015-10-20,3.1074829066543385E-4
2015-10-21,5.211137518744232E-4
2015-10-22,0.0010412192323706756
2015-10-23,0.0015116580806726037
2015-10-24,3.012917950813181E-4
2015-10-25,3.104944900292585E-5
2015-10-26,3.112978641615671E-5
2015-10-27,8.910598400090361E-5
2015-10-28,8.084013082431786E-5
2015-10-29,1.876892134521041E-4
2015-10-30,0.0026034140387449036
2015-10-31,0.004859913644661151
2015-11-01,0.005932071420599993
2015-11-02,0.0011712114154857967
2015-11-03,7.691424279769904E-4
2015-11-04,0.001051178812868986
2015-11-05,5.485146700555221E-4
2015-11-06,2.8942252762560256E-4
2015-11-07,8.386083644603116E-5
2015-11-08,3.2346083783042627E-6
2015-11-09,1.8104357868221064E-5
2015-11-10,3.45824940977243E-5
2015-11-11,1.64106499989253E-4
2015-11-12,2.408472270688807E-5
2015-11-13,1.741937652564532E-5
2015-11-14,1.5847166534926714E-4
2015-11-15,3.6847301593316307E-4
2015-11-16,5.709283817183631E-4
2015-11-17,6.153858926827976E-4
2015-11-18,8.80262975282152E-4
2015-11-19,3.3906103892403758E-6
2015-11-20,8.690073361917847E-7
2015-11-21,3.2681918627060035E-6
2015-11-22,1.0479605014322133E-6
2015-11-23,1.6576557238983274E-6
2015-11-24,1.3584211244086461E-6
2015-11-25,2.1511025555754946E-6
2015-11-26,1.112948853165203E-5
2015-11-27,6.410083157370398E-5
2015-11-28,8.062711910840519E-5
2015-11-29,4.7311234187624E-5
2015-11-30,1.8600726613934993E-5
2015-12-01,2.5588129172665706E-4
2015-12-02,6.892040650632703E-4
2015-12-03,0.004482933118702237
2015-12-04,7.620583523059972E-4
2015-12-05,1.3007935725095656E-4
2015-12-06,9.254274758570232E-5
2015-12-07,2.4505091374412476E-4
2015-12-08,4.608048056813976E-4
2015-12-09,2.671517656600419E-4
2015-12-10,6.344479438467305E-4
2015-12-11,7.543050700873887E-4
2015-12-12,0.002673721880604403
2015-12-13,0.0011973873249842158
2015-12-14,6.183229701498199E-4
2015-12-15,5.551370260336346E-4
2015-12-16,7.910558732360622E-5
2015-12-17,1.1026428712170299E-4
2015-12-18,8.214369057684243E-4
2015-12-19,2.0867595551293762E-4
2015-12-20,5.552030896906748E-5
2015-12-21,4.068064167619145E-5
2015-12-22,7.377439653139561E-6
2015-12-23,1.1107629472408433E-5
2015-12-24,1.251159535797374E-5
2015-12-25,1.6159412722716144E-4
2015-12-26,2.7308829404760706E-6
2015-12-27,2.1974267044828103E-6
2015-12-28,5.3704202204598686E-5
2015-12-29,1.3153747435879276E-4
2015-12-30,1.4940589148119903E-4
2015-12-31,1.4986968578141127E-4
2016-01-01,1.1917286752679708E-4
2016-01-02,3.762843589475957E-5
2016-01-03,2.4405803349494568E-4
2016-01-04,5.7148869299134476E-5
2016-01-05,2.2229676395788094E-5
2016-01-06,4.61900191391367E-5
2016-01-07,7.344512109077688E-5
2016-01-08,0.0012578886516664306
2016-01-09,0.004375568352132734
2016-01-10,1.8322483239605942E-4
2016-01-11,2.264727554922802E-6
2016-01-12,9.00691950724173E-6
2016-01-13,1.0383503172937519E-4
2016-01-14,1.6212042441121003E-4
2016-01-15,1.248454784069686E-4
2016-01-16,3.641290235707491E-4
2016-01-17,4.1503485814276625E-6
2016-01-18,7.054194526041068E-6
2016-01-19,7.065525968246237E-4
2016-01-20,0.005986403417028191
2016-01-21,0.001730352764750781
2016-01-22,5.89200823303194E-4
2016-01-23,1.4442183629345565E-4
2016-01-24,6.322824163743166E-5
2016-01-25,2.7308920327378096E-4
2016-01-26,6.52326869182108E-4
2016-01-27,0.0011111182589772113
2016-01-28,2.4813105513503305E-4
2016-01-29,1.1930086750317757E-4
2016-01-30,5.591909627247673E-4
2016-01-31,0.0013290721379262383
2016-02-01,0.0016539165135245383
2016-02-02,8.056930395028916E-4
2016-02-03,4.3089412688753284E-4
2016-02-04,6.775482203640889E-5
2016-02-05,1.8319123527220142E-5
2016-02-06,4.913911490444984E-6
2016-02-07,1.9487599966996106E-5
2016-02-08,0.0012782129081747567
2016-02-09,0.0019054310598792734
2016-02-10,0.0011632300112646191
2016-02-11,0.0014636176946687398
2016-02-12,0.003390051341396748
2016-02-13,1.8715689501631072E-4
2016-02-14,1.2068632158234852E-4
2016-02-15,1.7960578220671812E-4
2016-02-16,4.0921713385575795E-5
2016-02-17,8.183009663201684E-5
2016-02-18,4.0631476409189356E-4
2016-02-19,8.301865768123843E-4
2016-02-20,0.0011168260497023943
2016-02-21,0.0029160220840296347
2016-02-22,0.0015222185998773998
2016-02-23,0.0025193318942351717
2016-02-24,0.01092796786892698
2016-02-25,0.003057607774390962
2016-02-26,4.851905105958775E-4
2016-02-27,0.0014544257729149008
2016-02-28,6.779297661565109E-4
2016-02-29,5.013560653738087E-4
2016-03-01,5.145567607114699E-4
2016-03-02,3.464289764348141E-4
2016-03-03,9.469934196404667E-4
2016-03-04,0.001608036093193593
2016-03-05,0.001232470584321435
2016-03-06,0.0010298606769385407
2016-03-07,6.767361265349719E-4
2016-03-08,0.0012683141350297818
2016-03-09,0.0015916280077862977
2016-03-10,0.001160400336026527
2016-03-11,6.736602846298667E-4
2016-03-12,4.5161979520996743E-4
2016-03-13,9.758965620681012E-4
2016-03-14,2.2836120833857554E-4
2016-03-15,3.816512276208857E-4
2016-03-16,0.001376801778513848
2016-03-17,1.1511311542039902E-4
2016-03-18,6.373191896890559E-4
2016-03-19,0.0091348730217112
2016-03-20,0.004136618054693358
2016-03-21,0.005569821243037189
2016-03-22,0.001471273274814607
2016-03-23,0.0015342716410734693
2016-03-24,1.6125096493117386E-5
2016-03-25,2.2717593272843832E-6
2016-03-26,1.0073068871611182E-4
2016-03-27,0.007553941119885443
2016-03-28,0.016426419751789614
2016-03-29,0.006350575487524304
2016-03-30,0.007759324298121691
2016-03-31,0.02052054532224482
2016-04-01,0.01315750207950013
2016-04-02,0.0030844769003847217
2016-04-03,0.010192828829307771
2016-04-04,0.009858256891262102
2016-04-05,0.01835119318632623
2016-04-06,0.007150733535629066
2016-04-07,0.004927753882532665
2016-04-08,0.0015532876215205592
2016-04-09,0.003089930204843649
2016-04-10,0.0016667643422352727
2016-04-11,0.0018472901824027675
2016-04-12,9.562216379184301E-4
2016-04-13,0.0028336541345927654
2016-04-14,0.009620966326110848
2016-04-15,0.01102382373415445
2016-04-16,0.02617556180721892
2016-04-17,0.020071558019529385
2016-04-18,0.021179805889282546
2016-04-19,0.021321339999411396
2016-04-20,0.015673612328709223
2016-04-21,0.02054839424883222
2016-04-22,0.018217128729083522
2016-04-23,0.025047042186571805
2016-04-24,0.011705748701575421
2016-04-25,0.005888567040427732
2016-04-26,0.0064316701573513555
2016-04-27,0.004790914952146494
2016-04-28,0.004865711144879921
2016-04-29,0.002753919379165442
2016-04-30,0.00635762827518513
2016-05-01,0.010849695764804986
2016-05-02,0.015230088853425744
2016-05-03,0.006510654277038336
2016-05-04,0.010555197699537089
2016-05-05,0.008388722347010318
2016-05-06,0.005322496773952842
2016-05-07,0.003648388403349513
2016-05-08,9.649040759447073E-4
2016-05-09,0.0010484858690054946
2016-05-10,8.124479781017806E-4
2016-05-11,0.0026002716042237174
2016-05-12,0.007922349512629828
2016-05-13,0.025203514292960565
2016-05-14,0.02153167905287105
2016-05-15,0.025111981842817523
2016-05-16,0.019753642805811013
2016-05-17,0.023536145548379375
2016-05-18,0.021829815143203025
2016-05-19,0.017226885966836504
2016-05-20,0.02366552221721994
2016-05-21,0.061799278989193365
2016-05-22,0.005392253527495907
2016-05-23,0.004563579247041476
2016-05-24,0.011332817733810802
2016-05-25,0.013920751025233949
2016-05-26,0.005615491587761613
2016-05-27,0.00811047834815872
2016-05-28,0.013226001009511403
2016-05-29,0.01030333599764132
2016-05-30,0.006500850008206698
2016-05-31,0.007092975177115837
2016-06-01,0.005303236286340893
2016-06-02,0.0017036128575217515
2016-06-03,0.001504558556016584
2016-06-04,0.00499964802696437
2016-06-05,0.00975910989713852
2016-06-06,0.011181043100982592
2016-06-07,0.013788220309192106
2016-06-08,0.01022129997047617
2016-06-09,0.021916477178865617
2016-06-10,0.0220002767000775
2016-06-11,0.024809850378720515
2016-06-12,0.0320931928435385
2016-06-13,0.02745944698708786
2016-06-14,0.014202092803069557
2016-06-15,0.014157991179551192
2016-06-16,0.014863762951842278
2016-06-17,0.023128912735625652
2016-06-18,0.013804272351918235
2016-06-19,0.007234489522935144
2016-06-20,0.004753746772549448
2016-06-21,0.005717178733718957
2016-06-22,0.013552904193933332
2016-06-23,0.011384208855313067
2016-06-24,0.008232335896976471
2016-06-25,0.0077945873344284905
2016-06-26,0.011071203007665224
2016-06-27,0.007829853373615418
2016-06-28,0.0060855599171554175
2016-06-29,0.007578954359259194
2016-06-30,0.006783685434612638
2016-07-01,0.0156357921796881
2016-07-02,0.026532547237218297
2016-07-03,0.030842040178483972
2016-07-04,0.03709464655175919
2016-07-05,0.022972124953018848
2016-07-06,0.012954500937319854
2016-07-07,0.0075404732829004095
2016-07-08,0.010969092124728673
2016-07-09,0.016542390397067116
2016-07-10,0.012141512996094252
2016-07-11,0.01056781517996495
2016-07-12,0.010170894552039265
2016-07-13,0.008765639944311641
2016-07-14,0.008629654289482435
2016-07-15,0.01324718631631063
2016-07-16,0.02992209309325182
2016-07-17,0.019267262445573644
2016-07-18,0.014335011005734805
2016-07-19,0.018112111702706057
2016-07-20,0.0171231702254192
2016-07-21,0.011429889603770626
2016-07-22,0.011507424731545202
2016-07-23,0.015867627658632654
2016-07-24,0.01975973250961022
2016-07-25,0.022724760525944153
2016-07-26,0.007364304878980705
2016-07-27,0.005296567692770777
2016-07-28,0.009275677669034373
2016-07-29,0.011044735734805054
2016-07-30,0.010823825211717557
2016-07-31,0.010847725462807378
2016-08-01,0.010687531113602811
2016-08-02,0.008713213538982037
2016-08-03,0.005058820694502083
2016-08-04,0.009194318760514344
2016-08-05,0.011934270198191892
2016-08-06,0.01296443408070999
2016-08-07,0.013848998116907455
2016-08-08,0.007474571943708349
2016-08-09,0.01401353402634608
2016-08-10,0.017672182350116583
2016-08-11,0.011735626354520643
2016-08-12,0.006028594190721983
2016-08-13,0.008914703746352821
2016-08-14,0.007985218507898705
2016-08-15,0.007552444093444257
2016-08-16,0.009101325291971022
2016-08-17,0.010412327975405545
2016-08-18,0.004819340562652874
2016-08-19,9.258569325479379E-4
2016-08-20,0.011839452583684483
2016-08-21,0.03109929773164488
2016-08-22,0.0020425294430532785
2016-08-23,0.0020011668988111444
2016-08-24,0.0014381167376858054
2016-08-25,0.013364387839474074
2016-08-26,0.006373528146856549
2016-08-27,0.0061654748550786015
2016-08-28,0.010016958371970138
2016-08-29,0.006791399103746534
2016-08-30,0.0109915421228201
2016-08-31,0.012939423892793865
2016-09-01,0.01412458194875049
2016-09-02,0.01728977260444486
2016-09-03,0.010011606739900935
2016-09-04,0.012414811229430885
2016-09-05,0.009432998260535848
2016-09-06,0.009617378904724742
2016-09-07,0.008780023188304469
2016-09-08,0.0053350021175842255
2016-09-09,0.007237135920011144
2016-09-10,0.008858673065058612
2016-09-11,0.013160605872072581
2016-09-12,0.016427480579551
2016-09-13,0.018191330658352833
2016-09-14,0.008149209838686458
2016-09-15,0.008067622258497355
2016-09-16,0.01278840078172732
2016-09-17,0.013447382658315911
2016-09-18,0.009634084499155154
2016-09-19,0.014288469845753191
2016-09-20,0.01625579278860839
2016-09-21,0.015677404943421597
2016-09-22,0.008705093087553973
2016-09-23,0.008582117289174797
2016-09-24,0.011889299620679727
2016-09-25,0.01297097024770055
2016-09-26,0.0109170701037768
2016-09-27,0.00653620714112314
2016-09-28,0.008432022159065532
2016-09-29,0.007439324597688337
2016-09-30,0.004166950032920089
2016-10-01,0.0046139871288615785
2016-10-02,0.005306372725971251
2016-10-03,0.006666322193112613
2016-10-04,0.004972481848258945
2016-10-05,0.006975940512379986
2016-10-06,0.008156732663164683
2016-10-07,0.01272785476442656
2016-10-08,0.012333450353069882
2016-10-09,0.012082428944572616
2016-10-10,0.015761757928038356
2016-10-11,0.019893906576704798
2016-10-12,0.023509366678599493
2016-10-13,0.006268651345657477
2016-10-14,0.00372679093092427
2016-10-15,7.439165389563781E-4
2016-10-16,4.2873058819901987E-4
2016-10-17,0.0010358476516289612
2016-10-18,9.392310941555855E-4
2016-10-19,4.243192879643998E-4
2016-10-20,2.155538188021112E-4
2016-10-21,2.7208627790099865E-4
2016-10-22,1.508876962568472E-4
2016-10-23,3.8831865767241893E-4
2016-10-24,6.453097286492028E-4
2016-10-25,0.0010820637664546886
2016-10-26,0.005362164241894302
2016-10-27,0.016891315317640813
2016-10-28,0.006004157263164294
2016-10-29,0.004591735066049739
2016-10-30,0.003685809987065765
2016-10-31,9.002939956249141E-4
2016-11-01,8.477382205806654E-4
2016-11-02,0.0010586261368320954
2016-11-03,0.0036275553459422724
2016-11-04,0.009094828827185989
2016-11-05,0.023673586032462293
2016-11-06,0.029519915595991066
2016-11-07,0.005506914562890714
2016-11-08,8.89529341634289E-4
2016-11-09,4.927219932216436E-4
2016-11-10,6.297667209471774E-4
2016-11-11,5.743401001190322E-4
2016-11-12,3.428754619497857E-4
2016-11-13,2.2619748619496068E-4
2016-11-14,8.196146218928349E-5
2016-11-15,1.611240864747888E-5
2016-11-16,7.188912610908514E-6
2016-11-17,4.843518254281068E-6
2016-11-18,3.1573913317491753E-6
2016-11-19,1.4560029535777685E-6
2016-11-20,1.8496734046051976E-6
2016-11-21,4.461031457539619E-6
2016-11-22,6.2307496957604305E-6
2016-11-23,3.2019397471492532E-6
2016-11-24,5.940698736768356E-6
2016-11-25,6.140828680734806E-5
2016-11-26,1.520116965723674E-5
2016-11-27,7.980663925734553E-5
2016-11-28,2.9067119919401685E-4
2016-11-29,2.5170182912530526E-4
2016-11-30,1.0018528311366769E-4
2016-12-01,1.880873837134033E-4
2016-12-02,2.5752863194691405E-4
2016-12-03,1.258584115685041E-4
2016-12-04,2.5207263631025256E-6
2016-12-05,3.2594977574800935E-7
2016-12-06,1.6153483420105469E-6
2016-12-07,1.9492484116048297E-6
2016-12-08,2.426468912970032E-6
2016-12-09,2.052463949726122E-6
2016-12-10,2.1752254347430615E-7
2016-12-11,1.8527777714158172E-6
2016-12-12,2.0254509122180747E-5
2016-12-13,1.818060029127034E-5
2016-12-14,4.46411086365323E-5
2016-12-15,1.470841711674363E-5
2016-12-16,4.525286893501216E-6
2016-12-17,1.3563461630647342E-4
2016-12-18,4.0655621271463516E-4
2016-12-19,7.464041172282891E-4
2016-12-20,8.131045203507714E-4
2016-12-21,3.1192438389555704E-4
2016-12-22,8.851517433535416E-6
2016-12-23,4.369819043599372E-4
2016-12-24,6.215899130427337E-4
2016-12-25,2.492654596837439E-4
2016-12-26,0.0015708213885145665
2016-12-27,1.0978249457987478E-4
2016-12-28,2.1150165161141553E-6
2016-12-29,4.486744990119806E-6
2016-12-30,1.0174244689100988E-5
2016-12-31,7.169986294601208E-5
2017-01-01,9.481137777567024E-5
2017-01-02,7.064960796829529E-5
2017-01-03,5.011436012640927E-4
2017-01-04,0.00103050161278977
2017-01-05,1.4738712886975332E-4
2017-01-06,8.204143281245135E-5
2017-01-07,1.5490013409704075E-5
2017-01-08,9.65922810957885E-6
2017-01-09,3.567501410525831E-5
2017-01-10,3.783826042180858E-4
2017-01-11,1.9404891035719173E-4
2017-01-12,1.3620407927382002E-4
2017-01-13,4.000312734158175E-5
2017-01-14,4.13186671883222E-6
2017-01-15,7.271182450105547E-7
2017-01-16,2.622305895228903E-6
2017-01-17,3.152110741096604E-6
2017-01-18,5.774027223425141E-7
2017-01-19,9.479755303981226E-7
2017-01-20,2.315309921368728E-6
2017-01-21,1.6447565855703812E-7
2017-01-22,1.3828808333209465E-6
2017-01-23,3.350691407227027E-6
2017-01-24,2.7379882118027255E-6
2017-01-25,1.1893232563678272E-7
2017-01-26,6.98143032268465E-7
2017-01-27,4.242012484750749E-5
2017-01-28,0.0014510708452393803
2017-01-29,1.67923448715651E-5
2017-01-30,1.2749706608702687E-4
2017-01-31,2.987834030112047E-4
2017-02-01,1.5128129796466405E-4
2017-02-02,1.4461526800226568E-4
2017-02-03,8.432008252534476E-6
2017-02-04,3.077797628620313E-6
2017-02-05,1.3443581207571956E-7
2017-02-06,2.862854988944807E-6
2017-02-07,1.2938919957570263E-4
2017-02-08,3.529450367096273E-5
2017-02-09,1.6461449943695102E-5
2017-02-10,2.060479908174172E-5
2017-02-11,3.72529877732513E-5
2017-02-12,8.320072796141295E-6
2017-02-13,2.945126613769168E-5
2017-02-14,2.46283955188064E-4
2017-02-15,3.575346822760699E-6
2017-02-16,6.7277619129772635E-6
2017-02-17,3.236464085262347E-6
2017-02-18,6.124968563723495E-6
2017-02-19,1.819392896507695E-4
2017-02-20,0.005160789672108846
2017-02-21,0.00454548413926497
2017-02-22,0.0035786577743968815
2017-02-23,0.0022682096340457206
2017-02-24,1.6362560074299358E-4
2017-02-25,1.7897409368951777E-5
2017-02-26,2.885406193472046E-5
2017-02-27,3.9599579575905136E-5
2017-02-28,2.9221108141196512E-5
2017-03-01,6.468492507260521E-5
2017-03-02,1.3163701292232897E-4
2017-03-03,4.192393954987263E-4
2017-03-04,8.240410616545878E-4
2017-03-05,0.005138408426718796
2017-03-06,0.0022922011453536634
2017-03-07,2.1538900805479034E-4
2017-03-08,0.0024712290988698734
2017-03-09,0.003257366575176445
2017-03-10,0.013061392598471507
2017-03-11,0.02927433442438229
2017-03-12,0.0030573252944572095
2017-03-13,1.6632860340037492E-4
2017-03-14,7.94437305751261E-6
2017-03-15,8.065601203653848E-6
2017-03-16,3.927456237636493E-5
2017-03-17,8.333986203632889E-4
2017-03-18,0.005672661072916274
2017-03-19,0.001519876250197344
2017-03-20,0.006552473650504516
2017-03-21,4.475331214064927E-4
2017-03-22,1.7285630605983382E-4
2017-03-23,2.3994313678220357E-4
2017-03-24,0.0017250002476830472
2017-03-25,0.008227166425300655
2017-03-26,0.0031304391798847794
2017-03-27,0.0022523458937683586
2017-03-28,0.005725040079258976
2017-03-29,0.022339457911689398
2017-03-30,0.028861916057149373
2017-03-31,0.01425271125277993
2017-04-01,0.01997545710897485
2017-04-02,0.01845098197168125
2017-04-03,0.02308762487628329
2017-04-04,0.023982858680286854
2017-04-05,0.013918741261030423
2017-04-06,0.002847978193981863
2017-04-07,0.003465844174053089
2017-04-08,0.002219004720906868
2017-04-09,0.0018290687495068727
2017-04-10,5.359107161953675E-4
2017-04-11,3.0584321048739377E-4
2017-04-12,5.68936935310973E-5
2017-04-13,2.084602253211822E-4
2017-04-14,5.326802888733438E-4
2017-04-15,0.006280519432354706
2017-04-16,0.004307310251071084
2017-04-17,9.397602544864056E-4
2017-04-18,0.0024619266270818566
2017-04-19,0.022058693017605747
2017-04-20,0.02657271418729122
2017-04-21,0.030040381107022767
2017-04-22,0.05116998844194436
2017-04-23,0.03040171457750885
2017-04-24,0.0210887969685592
2017-04-25,0.012593812714904968
2017-04-26,0.003793099434107053
2017-04-27,0.003648143081216774
2017-04-28,0.005229458987373284
2017-04-29,0.00505144856060758
2017-04-30,0.006166717235658317
2017-05-01,0.004696620165261178
2017-05-02,0.001207364168457201
2017-05-03,0.0022933000845669622
2017-05-04,0.00663955966431886
2017-05-05,0.007933046334774015
2017-05-06,0.011950957404429509
2017-05-07,0.006238566707892522
2017-05-08,0.003078791355378415
2017-05-09,0.004506896459603746
2017-05-10,0.005953283470543008
2017-05-11,0.005541035527613367
2017-05-12,0.0035747026573104378
2017-05-13,0.00933195414161122
2017-05-14,0.014247796870433465
2017-05-15,0.020009861140338554
2017-05-16,0.024242435732358434
2017-05-17,0.0052237120981902686
2017-05-18,0.007345473351456988
2017-05-19,0.005723370128116679
2017-05-20,0.006526930439707438
2017-05-21,0.005017454380175091
2017-05-22,0.00506075448444436
2017-05-23,0.0035932051347059802
2017-05-24,0.005299022921200245
2017-05-25,0.009013535848897589
2017-05-26,0.011000056644819177
2017-05-27,0.007879401961977414
2017-05-28,0.0065853305547424554
2017-05-29,0.018145447732148552
2017-05-30,0.05165852192350519
2017-05-31,0.01844678266908869
2017-06-01,0.021983249638952814
2017-06-02,0.021061293826673825
2017-06-03,0.02196197425044614
2017-06-04,0.02263481421114471
2017-06-05,0.005336523047780838
2017-06-06,0.0018986659356206251
2017-06-07,0.0025464582394243984
2017-06-08,0.005429895129195881
2017-06-09,0.009503803180331517
2017-06-10,0.01381349961599022
2017-06-11,0.02680786542502728
2017-06-12,0.0634424349680864
2017-06-13,0.03156229105799855
2017-06-14,0.012556105881427047
2017-06-15,0.013717408869980775
2017-06-16,0.03668000944935102
2017-06-17,0.023239883998028267
2017-06-18,0.02333198907887349
2017-06-19,0.030037910906624016
2017-06-20,0.016269596598100365
2017-06-21,0.0165445975358844
2017-06-22,0.011711190207320499
2017-06-23,0.008697715161889483
2017-06-24,0.008718865913940521
2017-06-25,0.007360667149734025
2017-06-26,0.009683264018479451
2017-06-27,0.007824224794835705
2017-06-28,0.012884813993349809
2017-06-29,0.008672470558203397
2017-06-30,0.016314627204294923
2017-07-01,0.020228732330621134
2017-07-02,0.015107588914109793
2017-07-03,0.026611094349740547
2017-07-04,0.026939134047185797
2017-07-05,0.020738045366135695
2017-07-06,0.012315952398365465
2017-07-07,0.010428163614519925
2017-07-08,0.013560605435428441
2017-07-09,0.013453971821273955
2017-07-10,0.018718672452103093
2017-07-11,0.0223460079826998
2017-07-12,0.015188771721906814
2017-07-13,0.00958055760753482
2017-07-14,0.004502808867102291
2017-07-15,0.007707642888648027
2017-07-16,0.0050273458448823844
2017-07-17,0.00368973388316925
2017-07-18,0.014855216302176845
2017-07-19,0.027747740718610032
2017-07-20,0.030742645054819603
2017-07-21,0.016293035382535542
2017-07-22,0.011898221971908823
2017-07-23,0.03666296141780726
2017-07-24,0.04378781925124442
2017-07-25,0.021191050226981627
2017-07-26,0.011406520433223669
2017-07-27,0.0060886084037182955
2017-07-28,0.010468053014274732
2017-07-29,0.010887587598366891
2017-07-30,0.007078555161587471
2017-07-31,0.008385111013940436
2017-08-01,0.010463077603567718
2017-08-02,0.01375643935789312
2017-08-03,0.009697849454230403
2017-08-04,0.0104508564869749
2017-08-05,0.013723179741808042
2017-08-06,0.01437536589916511
2017-08-07,0.0066430884282895515
2017-08-08,0.010219080434792908
2017-08-09,0.013471907457420758
2017-08-10,0.028237000685357318
2017-08-11,0.047248401273189036
2017-08-12,0.041271179947120144
2017-08-13,0.018691201717981516
2017-08-14,0.011182603186182985
2017-08-15,0.014612022338801572
2017-08-16,0.011840587540117768
2017-08-17,0.008043871972823767
2017-08-18,0.007687556944323631
2017-08-19,0.008374498819929601
2017-08-20,0.00782342871281219
2017-08-21,0.012117251455954286
2017-08-22,0.01319305253273656
2017-08-23,0.009751704317760354
2017-08-24,0.011455080333270579
2017-08-25,0.009988888526137519
2017-08-26,0.024014864686660146
2017-08-27,0.01174157018582378
2017-08-28,0.008203423930462852
2017-08-29,0.005852766896629827
2017-08-30,0.01222968842886133
2017-08-31,0.016245371075662568
2017-09-01,0.016723522016682972
2017-09-02,0.0139162410495785
2017-09-03,0.0145072425347894
2017-09-04,0.0065509429706786014
2017-09-05,0.004994153905690365
2017-09-06,0.006035590229559256
2017-09-07,0.006187209563791316
2017-09-08,0.01086894721313168
2017-09-09,0.012993826163270227
2017-09-10,0.020378321049528275
2017-09-11,0.01465708391002401
2017-09-12,0.011221176247678766
2017-09-13,0.01033525081909996
2017-09-14,0.004451564853648007
2017-09-15,0.003373077753129965
2017-09-16,0.0050582633756902345
2017-09-17,0.02176174928573983
2017-09-18,0.01479052748251151
2017-09-19,0.0198647304127053
2017-09-20,0.015664508263655362
2017-09-21,0.007220638656486926
2017-09-22,0.0035750323429175985
2017-09-23,0.00401214999401648
2017-09-24,0.005410497326762839
2017-09-25,0.004793585327018184
2017-09-26,0.007332266441903894
2017-09-27,0.01359645423064043
2017-09-28,0.020326247560735394
2017-09-29,0.031116095052292004
2017-09-30,0.01564475242984165
2017-10-01,0.009910881409363158
2017-10-02,0.006355612487861
2017-10-03,0.0066863796244429185
2017-10-04,0.001543897895288368
2017-10-05,0.004763826483809657
2017-10-06,0.006571190590813441
2017-10-07,0.009278886115372994
2017-10-08,0.009803108513271411
2017-10-09,0.006065567185694329
2017-10-10,0.0026952067426571132
2017-10-11,0.0026106485771755306
2017-10-12,0.00735636972883639
2017-10-13,0.005754413827995829
2017-10-14,0.0038029825392673863
2017-10-15,0.001809409016501043
2017-10-16,0.0010547718137933247
2017-10-17,0.0035559551629996047
2017-10-18,0.012834851124525684
2017-10-19,0.009943425747615529
2017-10-20,0.04326663771220939
2017-10-21,0.06694169286096896
2017-10-22,0.0036253055880387315
2017-10-23,0.0014822819785644322
2017-10-24,0.0010378313735710206
2017-10-25,4.5947920934947623E-4
2017-10-26,9.733391999406148E-5
2017-10-27,1.1516729507216183E-4
2017-10-28,2.6008972935237827E-4
2017-10-29,0.008638808351958254
2017-10-30,0.010918841518611187
2017-10-31,0.0010507601377388958
2017-11-01,5.169454252193408E-4
2017-11-02,2.198768995824572E-4
2017-11-03,1.3343816430018204E-4
2017-11-04,1.7923031839703156E-4
2017-11-05,1.3292429867704865E-4
2017-11-06,8.712556228596527E-6
2017-11-07,3.2258449736699553E-6
2017-11-08,8.957604528460013E-6
2017-11-09,2.6143494286870806E-5
2017-11-10,1.2611028152884992E-5
2017-11-11,1.1048034099821032E-5
2017-11-12,4.7051405126687244E-5
2017-11-13,1.2706709891665035E-5
2017-11-14,8.481510228728943E-5
2017-11-15,0.0025618110670249583
2017-11-16,0.00446576917883642
2017-11-17,0.0031593919292571306
2017-11-18,6.214034334156173E-4
2017-11-19,5.653215015522062E-4
2017-11-20,2.3514210241856704E-4
2017-11-21,3.367562075735576E-4
2017-11-22,3.9515685459620855E-4
2017-11-23,4.38483999433177E-4
2017-11-24,6.669094849026491E-4
2017-11-25,2.882101571163491E-4
2017-11-26,4.04171258648268E-4
2017-11-27,7.655870907119708E-4
2017-11-28,4.4373013294329096E-4
2017-11-29,6.37999200864872E-5
2017-11-30,2.1071764489204792E-5
2017-12-01,2.4485883734139486E-6
2017-12-02,1.933878421651281E-6
2017-12-03,2.805214334271507E-6
2017-12-04,1.5104750390652948E-6
2017-12-05,1.2094328491941061E-6
2017-12-06,1.9373692120629087E-6
2017-12-07,3.583029180464737E-5
2017-12-08,0.010837975938332842
2017-12-09,0.021686255669048388
2017-12-10,0.01774195474799227
2017-12-11,0.006099944291093199
2017-12-12,0.0014265414686251653
2017-12-13,1.7822189729375013E-4
2017-12-14,1.2021142980250636E-4
2017-12-15,7.797729600210567E-5
2017-12-16,9.54250739959155E-6
2017-12-17,1.257252778252875E-5
2017-12-18,6.621491714161761E-6
2017-12-19,5.8935048894436825E-6
2017-12-20,5.760203244986058E-6
2017-12-21,1.4838181326629929E-5
2017-12-22,8.515215401759078E-5
2017-12-23,8.661865867910098E-5
2017-12-24,3.308362243793666E-6
2017-12-25,4.926088742418611E-6
2017-12-26,2.0806562956029006E-5
2017-12-27,4.032399549894565E-6
2017-12-28,3.72891651757693E-6
2017-12-29,2.945207724283413E-6
2017-12-30,1.4302247938900846E-6
2017-12-31,5.410681879438345E-5
2018-01-01,5.543222148476424E-4
2018-01-02,0.004966246205277866
2018-01-03,0.0024192034753964765
2018-01-04,1.0592402510575305E-4
2018-01-05,1.6433079692179196E-5
2018-01-06,1.355213588216306E-4
2018-01-07,1.071125917261924E-4
2018-01-08,1.190492431584707E-5
2018-01-09,2.3653814687219194E-6
2018-01-10,1.8836899128256245E-5
2018-01-11,3.5831992050369665E-5
2018-01-12,7.65669088257106E-5
2018-01-13,4.341167957015634E-4
2018-01-14,4.960188767090255E-4
2018-01-15,4.601305579960316E-4
2018-01-16,7.016831525453946E-5
2018-01-17,2.4067104990225384E-5
2018-01-18,6.987951631635363E-5
2018-01-19,5.7860323515868085E-5
2018-01-20,1.2579189793646093E-4
2018-01-21,2.0186244427038783E-5
2018-01-22,9.420013747537984E-6
2018-01-23,2.8584119113528183E-5
2018-01-24,3.0326625877697826E-4
2018-01-25,1.3124266157778084E-4
2018-01-26,4.6317820890252045E-5
2018-01-27,1.083381635105548E-4
2018-01-28,1.0320920629987378E-4
2018-01-29,1.2110080815299776E-4
2018-01-30,4.3792801464016053E-4
2018-01-31,9.499806251468947E-5
2018-02-01,1.9443716457658242E-4
2018-02-02,4.7330742403745864E-4
2018-02-03,4.5234111098069657E-4
2018-02-04,4.96560928903649E-4
2018-02-05,4.5826750068709996E-4
2018-02-06,2.866158717000292E-4
2018-02-07,1.0034360030715086E-4
2018-02-08,5.987154751251167E-5
2018-02-09,1.2893855207073162E-4
2018-02-10,2.711460459016323E-4
2018-02-11,1.064771097779358E-5
2018-02-12,2.8566165937075925E-6
2018-02-13,7.01314473530451E-6
2018-02-14,0.0010331151064714823
2018-02-15,8.38252084505431E-5
2018-02-16,1.0875736777748868E-6
2018-02-17,2.6023854148669503E-5
2018-02-18,3.8380514507899943E-5
2018-02-19,2.419453324374839E-5
2018-02-20,8.043378543701438E-6
2018-02-21,1.763266873398161E-5
2018-02-22,1.5352688888610488E-4
2018-02-23,7.104237137812015E-4
2018-02-24,6.279927801467462E-4
2018-02-25,0.002140700023614385
2018-02-26,0.004847220620492823
2018-02-27,1.2667990771143714E-4
2018-02-28,1.8029903406132302E-4
2018-03-01,3.077732979667261E-4
2018-03-02,0.0016536633043265784
2018-03-03,0.0013865147231085584
2018-03-04,4.658569624000688E-4
2018-03-05,0.0019201764012547326
2018-03-06,6.542930181036976E-4
2018-03-07,7.741849444526382E-6
2018-03-08,3.166838823031933E-6
2018-03-09,8.917363155525117E-5
2018-03-10,3.6558668997491926E-4
2018-03-11,5.967785958861122E-4
2018-03-12,0.0011227271381585972
2018-03-13,0.002137529824843481
2018-03-14,3.6789190576746723E-4
2018-03-15,0.004138231624447166
2018-03-16,0.007395889276253221
2018-03-17,0.004683667578676164
2018-03-18,6.674570769934104E-4
2018-03-19,4.4375960222814655E-6
2018-03-20,2.4520080777886837E-5
2018-03-21,1.3172979354435425E-4
2018-03-22,0.0012260148404714631
2018-03-23,0.0019502686468450114
2018-03-24,0.0011778147192103663
2018-03-25,5.361564763615683E-4
2018-03-26,0.006436234940951964
2018-03-27,0.0034867292389303734
2018-03-28,0.0011215216289476352
2018-03-29,0.009387111788182646
2018-03-30,0.0058782080991913455
2018-03-31,0.0036402692802314403
2018-04-01,3.721306275606001E-4
2018-04-02,1.7494918571188807E-4
2018-04-03,0.0011899254043821138
2018-04-04,0.0014045456643577282
2018-04-05,0.004593186890682558
2018-04-06,0.007498804433425037
2018-04-07,0.004586513506124035
2018-04-08,0.008003400772175073
2018-04-09,0.0036365781060093173
2018-04-10,0.0048625833991331
2018-04-11,0.006674681254788414
2018-04-12,0.010082473890849398
2018-04-13,0.005725779425842791
2018-04-14,0.004306511597022961
2018-04-15,0.004721595332370237
2018-04-16,0.0017268754508744165
2018-04-17,0.008808778121915108
2018-04-18,0.012793400053957368
2018-04-19,0.00919031702354741
2018-04-20,0.009989200632004385
2018-04-21,0.01253286336991073
2018-04-22,0.004642921370576463
2018-04-23,0.0015617204927451953
2018-04-24,8.409592106180972E-4
2018-04-25,0.003208153259930124
2018-04-26,0.005182039887795011
2018-04-27,0.0025629537713315617
2018-04-28,0.0067750810982577766
2018-04-29,0.016627042250558163
2018-04-30,0.011981213761960673
2018-05-01,0.007785814761395429
2018-05-02,0.012107940122052551
2018-05-03,0.0069592491159309235
2018-05-04,0.020766622672041376
2018-05-05,0.019579558207205115
2018-05-06,0.02367215487836691
2018-05-07,0.02182332471195008
2018-05-08,0.017684128235568825
2018-05-09,0.010042652832721856
2018-05-10,0.007894251423385188
2018-05-11,0.010487143102988861
2018-05-12,0.003525307064201381
2018-05-13,0.00989657700485496
2018-05-14,0.006164415994438222
2018-05-15,0.010228902204578883
2018-05-16,0.012521595906109436
2018-05-17,0.011618053001692441
2018-05-18,0.008789909463449316
2018-05-19,0.00850078266519605
2018-05-20,0.008176538121944011
2018-05-21,0.008590871286474417
2018-05-22,0.00911468330565574
2018-05-23,0.009288257690929067
2018-05-24,0.013354649982040542
2018-05-25,0.013010224032631882
2018-05-26,0.008175867446770005
2018-05-27,0.0036497702207956635
2018-05-28,0.0035241624715253266
2018-05-29,0.006254541244414454
2018-05-30,0.005870589350480171
2018-05-31,0.01768603613546579
2018-06-01,0.013162519548540494
2018-06-02,0.01273728498695714
2018-06-03,0.008847849193499902
2018-06-04,0.01247434566443134
2018-06-05,0.010017606914902893
2018-06-06,0.009509882335882344
2018-06-07,0.00889255268665012
2018-06-08,0.008750697303449613
2018-06-09,0.019917823950120532
2018-06-10,0.029148317300677462
2018-06-11,0.04995174304257041
2018-06-12,0.06236090227014813
2018-06-13,0.03755964681167394
2018-06-14,0.018573935129247657
2018-06-15,0.01187326232376421
2018-06-16,0.007582126788519978
2018-06-17,0.009189295554275247
2018-06-18,0.004360152377962625
2018-06-19,0.005670497793998048
2018-06-20,0.004982455755288976
2018-06-21,0.00823826476712313
2018-06-22,0.005808373694392073
2018-06-23,0.012379750685937807
2018-06-24,0.0185052225453626
2018-06-25,0.015583155619469522
2018-06-26,0.011220230637485874
2018-06-27,0.009611158717476453
2018-06-28,0.006488624401791049
2018-06-29,0.006408397372233219
2018-06-30,0.006811442930302899
2018-07-01,0.011114164028608474
2018-07-02,0.01615564212906478
2018-07-03,0.023623141516690815
2018-07-04,0.016830138592980683
2018-07-05,0.006704913800047478
2018-07-06,0.0037174699905126872
2018-07-07,0.01152552621636912
2018-07-08,0.008859449358730825
2018-07-09,0.005186861590542736
2018-07-10,0.011648926914142982
2018-07-11,0.008152979267781607
2018-07-12,0.012189407229954676
2018-07-13,0.00879880435865958
2018-07-14,0.006359781657639293
2018-07-15,0.008177248355156826
2018-07-16,0.008737392307917197
2018-07-17,0.0077799029828238215
2018-07-18,0.004186267068390362
2018-07-19,0.0023898612726980756
2018-07-20,0.010361609248652951
2018-07-21,0.01682709255624452
2018-07-22,0.01840396001417783
2018-07-23,0.01946561285529087
2018-07-24,0.02454482364928649
2018-07-25,0.016640761002725015
2018-07-26,0.013375562657792738
2018-07-27,0.013135137107730049
2018-07-28,0.01406907346614496
2018-07-29,0.013777395439533617
2018-07-30,0.016974423354188105
2018-07-31,0.016550911522679058
2018-08-01,0.022034365492612475
2018-08-02,0.016013359941271885
2018-08-03,0.008427824798442996
2018-08-04,0.008910004672192098
2018-08-05,0.011042909294200827
2018-08-06,0.011900052543267566
2018-08-07,0.008662049318483056
2018-08-08,0.004610312631379183
2018-08-09,0.004318164522397805
2018-08-10,0.002794535919085671
2018-08-11,0.00914336897016286
2018-08-12,0.011440649883041786
2018-08-13,0.008517094878385556
2018-08-14,0.011238384551419333
2018-08-15,0.013495735337568423
2018-08-16,0.00606150445059359
2018-08-17,0.004487789128680129
2018-08-18,0.005409100902166943
2018-08-19,0.01064065939654421
2018-08-20,0.010377169233284944
2018-08-21,0.011769230249631887
2018-08-22,0.008587444813714443
2018-08-23,0.011520060269254524
2018-08-24,0.014362433928319167
2018-08-25,0.009271869865211708
2018-08-26,0.010790677319174402
2018-08-27,0.010528529782025365
2018-08-28,0.011603963094895182
2018-08-29,0.006602177143466601
2018-08-30,0.006405291249068197
2018-08-31,0.010065955328882931
2018-09-01,0.011174624993400228
2018-09-02,0.0078100244562524
2018-09-03,0.009004702295775449
2018-09-04,0.011864155554220776
2018-09-05,0.0070462867571873915
2018-09-06,0.005505717205669594
2018-09-07,0.0028037222490106184
2018-09-08,0.0017028072589531486
2018-09-09,0.008330061969951053
2018-09-10,0.009074984699713629
2018-09-11,0.009740110849419056
2018-09-12,0.011618157782464462
2018-09-13,0.009724572563330954
2018-09-14,0.00509717930735218
2018-09-15,0.004670257198817723
2018-09-16,0.00301042248381704
2018-09-17,0.001977596182849886
2018-09-18,0.003647154536846766
2018-09-19,0.007994163920660326
2018-09-20,0.007739433811748464
2018-09-21,0.007276559267688642
2018-09-22,0.0022265929672885924
2018-09-23,0.0027225288347041917
2018-09-24,0.004680298483831079
2018-09-25,0.006495754329174406
2018-09-26,0.005376324013084
2018-09-27,0.0026274383487530717
2018-09-28,0.001674908241486039
2018-09-29,0.0014763059869179653
2018-09-30,0.001861227090757343
2018-10-01,0.001967865382136405
2018-10-02,0.0011186596039058333
2018-10-03,8.869085600693431E-4
2018-10-04,9.465085840257818E-4
2018-10-05,0.0016858192892327505
2018-10-06,0.0018167030884238893
2018-10-07,0.0018026159166547608
2018-10-08,0.0021470819111084408
2018-10-09,0.003970983492632365
2018-10-10,0.009566370277174155
2018-10-11,0.02063947812136621
2018-10-12,0.02070763136839453
2018-10-13,0.02368461562129963
2018-10-14,0.004958845884251037
2018-10-15,9.911644671026037E-4
2018-10-16,2.3130761286457423E-4
2018-10-17,3.1425745517354303E-4
2018-10-18,5.742701247480874E-4
2018-10-19,4.0460857018702475E-4
2018-10-20,3.013991367197032E-4
2018-10-21,1.965585538534485E-4
2018-10-22,3.958321432787237E-4
2018-10-23,4.664123216257229E-4
2018-10-24,5.567295757328807E-4
2018-10-25,4.8432690340945514E-4
2018-10-26,2.4924001170454734E-4
2018-10-27,0.003125911380521678
2018-10-28,0.0072547400197766395
2018-10-29,0.005256838264771689
2018-10-30,0.0021907955734103176
2018-10-31,0.0028124672738919776
2018-11-01,5.793952636442477E-4
2018-11-02,0.001030921131891797
2018-11-03,0.0014600537263597683
2018-11-04,0.00125534014752221
2018-11-05,0.0014930629525396256
2018-11-06,0.0014643992258413958
2018-11-07,1.4165929836149331E-4
2018-11-08,3.403405300385136E-5
2018-11-09,1.1028989992142906E-4
2018-11-10,6.333450591649846E-5
2018-11-11,8.668121357290622E-5
2018-11-12,9.884362073349015E-5
2018-11-13,2.175884849170813E-4
2018-11-14,2.2136311781238024E-4
2018-11-15,5.300478684300801E-4
2018-11-16,5.453644570917237E-4
2018-11-17,0.0012948840861381752
2018-11-18,1.6256827312035848E-4
2018-11-19,1.9334063551717354E-5
2018-11-20,1.7735012660583468E-4
2018-11-21,5.2648604036001144E-5
2018-11-22,7.4493428682555075E-6
2018-11-23,8.589785527377867E-6
2018-11-24,3.974572899682112E-6
2018-11-25,6.481034464190783E-7
2018-11-26,1.5599998424710784E-6
2018-11-27,2.045693140466822E-7
2018-11-28,3.1850815253085576E-6
2018-11-29,3.960858455186009E-6
2018-11-30,7.023388399749359E-6
2018-12-01,8.396808264122851E-6
2018-12-02,9.913815218234897E-5
2018-12-03,1.8944521765383124E-4
2018-12-04,2.822795038207077E-5
2018-12-05,2.5594005032642288E-5
2018-12-06,1.421611371849181E-4
2018-12-07,2.0159483590930985E-4
2018-12-08,2.5732191090363592E-5
2018-12-09,2.7968598294768658E-5
2018-12-10,3.485011020000197E-5
2018-12-11,4.3358567437542476E-4
2018-12-12,4.507433808821221E-5
2018-12-13,4.297758128229188E-5
2018-12-14,4.7923109180469314E-5
2018-12-15,1.6971266834549916E-5
2018-12-16,4.521526770690362E-5
2018-12-17,0.0046871140222371184
2018-12-18,0.022189951345370683
2018-12-19,3.743399013305191E-4
2018-12-20,1.6828383191758658E-4
2018-12-21,2.2001320856058015E-4
2018-12-22,1.2283277013395356E-4
2018-12-23,3.0973264598971167E-6
2018-12-24,1.8043347813543286E-5
2018-12-25,9.081782248133142E-5
2018-12-26,6.939055537939399E-5
2018-12-27,1.4453914898183022E-4
2018-12-28,6.069180479898398E-4
2018-12-29,5.210952748220249E-5
2018-12-30,2.0831155645307057E-6
2018-12-31,2.2621761358674156E-6
2019-01-01,2.3893321791507893E-6
2019-01-02,1.4654710847555722E-5
2019-01-03,2.655705141625222E-4
2019-01-04,9.748642836531114E-5
2019-01-05,6.558834426352129E-7
2019-01-06,2.2503344828572276E-6
2019-01-07,3.314805217592831E-5
2019-01-08,1.2131689865693874E-4
2019-01-09,4.088467413593195E-4
2019-01-10,2.567995055794647E-4
2019-01-11,4.569955546192965E-5
2019-01-12,1.143605300076047E-5
2019-01-13,1.2439899413569478E-6
2019-01-14,1.3393316877535123E-4
2019-01-15,1.9277650779950096E-4
2019-01-16,1.3213339938463305E-6
2019-01-17,7.077011377306252E-7
2019-01-18,1.592758233931501E-5
2019-01-19,3.66769460248635E-5
2019-01-20,4.59381749624266E-5
2019-01-21,6.111698010016438E-6
2019-01-22,3.426758283091536E-6
2019-01-23,5.959539447890139E-6
2019-01-24,3.116256590522448E-5
2019-01-25,7.340709238860908E-5
2019-01-26,8.655225612919959E-5
2019-01-27,9.368061487795431E-5
2019-01-28,4.403236001698672E-4
2019-01-29,0.0032207797329625015
2019-01-30,1.1925246218108454E-5
2019-01-31,4.974153456086664E-9
2019-02-01,2.6439500216719583E-6
2019-02-02,1.6398783281635766E-6
2019-02-03,3.082612841606591E-6
2019-02-04,3.1295353361121892E-6
2019-02-05,1.3315593542907636E-6
2019-02-06,2.999174806037092E-6
2019-02-07,5.9516764633661435E-6
2019-02-08,0.0019152496592489035
2019-02-09,0.0031406882961493906
2019-02-10,2.879408809488748E-4
2019-02-11,4.628701488029956E-6
2019-02-12,5.9169830462294536E-6
2019-02-13,5.628003350091979E-6
2019-02-14,8.54705459479549E-6
2019-02-15,9.253800164951779E-5
2019-02-16,0.0031166556978308255
2019-02-17,0.004574146682411267
2019-02-18,6.528702271191917E-4
2019-02-19,5.055815798798813E-4
2019-02-20,5.640251125300626E-4
2019-02-21,2.2951778503813152E-4
2019-02-22,2.7409467674469805E-4
2019-02-23,9.026985126744098E-4
2019-02-24,1.8286370977711888E-4
2019-02-25,0.00377327011623817
2019-02-26,0.005913980494987607
2019-02-27,0.009900016326394024
2019-02-28,0.011054181435010243
2019-03-01,1.4378332626319078E-4
2019-03-02,1.3975315564557548E-6
2019-03-03,5.4695714940088106E-5
2019-03-04,0.0022131319216444037
2019-03-05,0.00870768687963991
2019-03-06,0.0016943473647994616
2019-03-07,6.143792841054494E-4
2019-03-08,5.184617259046614E-4
2019-03-09,7.525010329370348E-5
2019-03-10,4.018930347724758E-4
2019-03-11,4.903576251697E-4
2019-03-12,2.663928349142319E-4
2019-03-13,1.9440211260785505E-4
2019-03-14,2.9029020953017813E-5
2019-03-15,1.5090232953678232E-4
2019-03-16,2.577065105922266E-4
2019-03-17,2.0710218553674585E-4
2019-03-18,0.002352760976542872
2019-03-19,0.0040066044901030055
2019-03-20,7.099560695652543E-4
2019-03-21,5.385629322172157E-4
2019-03-22,0.0055016156477535536
2019-03-23,0.0014572227209549747
2019-03-24,3.440542489753813E-5
2019-03-25,3.7584560093114525E-5
2019-03-26,0.001149510369282565
2019-03-27,0.001765921518199511
2019-03-28,7.525003072361432E-6
2019-03-29,7.751699652727823E-5
2019-03-30,0.003655645708934495
2019-03-31,0.014038363155710262
2019-04-01,0.010230840165725938
2019-04-02,0.012742191405766374
2019-04-03,0.0011898617324282773
2019-04-04,0.0060046180704260415
2019-04-05,0.004819229217595344
2019-04-06,0.006846934124181568
2019-04-07,0.010462385465778448
2019-04-08,0.014058874062011248
2019-04-09,0.013783820746433239
2019-04-10,0.009068980867033009
2019-04-11,9.325677729054585E-4
2019-04-12,0.0015312430883153668
2019-04-13,0.001642594283169598
2019-04-14,0.0024977498182358346
2019-04-15,0.00468045777905867
2019-04-16,0.006628785132201993
2019-04-17,0.0014106959568812214
2019-04-18,7.05325454246863E-4
2019-04-19,0.001152893039336898
2019-04-20,0.0011830502850649991
2019-04-21,0.002060612335306995
2019-04-22,9.079795029805675E-4
2019-04-23,2.8797467455242E-4
2019-04-24,2.0149366001361282E-4
2019-04-25,4.257027369253598E-4
2019-04-26,0.0032341072629735617
2019-04-27,0.006018558388743549
2019-04-28,0.007363856347001746
2019-04-29,0.007346807324177633
2019-04-30,0.009930961188674533
2019-05-01,0.008198739148559326
2019-05-02,0.0030292399548137792
2019-05-03,0.01595293361267256
2019-05-04,0.03350121275563521
2019-05-05,0.0019792247153367555
2019-05-06,7.869970861477402E-4
2019-05-07,9.98744373260881E-4
2019-05-08,0.0018856541055007345
2019-05-09,0.003944696601469638
2019-05-10,0.003540891234610914
2019-05-11,0.006184975593673852
2019-05-12,0.004237347026486998
2019-05-13,0.010903348060436632
2019-05-14,0.013230785484868111
2019-05-15,0.010826937709291442
2019-05-16,0.006251615472268283
2019-05-17,0.008394177638025826
2019-05-18,0.008105793956727511
2019-05-19,0.004000216407440952
2019-05-20,0.0026582151502906395
2019-05-21,0.006179787234057975
2019-05-22,0.01556527575512368
2019-05-23,0.019515396580666866
2019-05-24,0.0326282612621259
2019-05-25,0.024589077387752196
2019-05-26,0.007595575351013327
2019-05-27,0.005325017687137385
2019-05-28,0.0033234463365200808
2019-05-29,0.003133741479829331
2019-05-30,0.004642340773952025
2019-05-31,0.015458286217625468
2019-06-01,0.011432074223305685
2019-06-02,0.009181551324341496
2019-06-03,0.017730252892219734
2019-06-04,0.01715743538268861
2019-06-05,0.011689087261702098
2019-06-06,0.011138787302971548
2019-06-07,0.012807098838899404
2019-06-08,0.006678281357186556
2019-06-09,0.009474011157517085
2019-06-10,0.006478330763649227
2019-06-11,0.004465910513151559
2019-06-12,0.00467558179670549
2019-06-13,0.012185454128204288
2019-06-14,0.01267497359569337
2019-06-15,0.01745715302887669
2019-06-16,0.006796138539632328
2019-06-17,0.010992111110189997
2019-06-18,0.008058721895630405
2019-06-19,0.008881744001012371
2019-06-20,0.013564207802100095
2019-06-21,0.015073572223847488
2019-06-22,0.005918906881321535
2019-06-23,0.0018003362201095298
2019-06-24,0.0015897189101457276
2019-06-25,0.011836803520902928
2019-06-26,0.015154130361003946
2019-06-27,0.02360135189327422
2019-06-28,0.021029313290097
2019-06-29,0.004602024565115148
2019-06-30,0.010703636216977678
2019-07-01,0.014320090044059854
2019-07-02,0.008538557628139123
2019-07-03,0.005561447994894652
2019-07-04,0.007861661991066802
2019-07-05,0.011519944134682103
2019-07-06,0.020502740826957997
2019-07-07,0.02941787025818201
2019-07-08,0.03037022385900198
2019-07-09,0.02759062321831984
2019-07-10,0.03279180650537674
2019-07-11,0.035809115925701455
2019-07-12,0.02147052009226063
2019-07-13,0.027553344719586818
2019-07-14,0.024061071906026625
2019-07-15,0.014641204114449738
2019-07-16,0.0037688547418318493
2019-07-17,0.002655498173943344
2019-07-18,0.008728210988839738
2019-07-19,0.005860707777739594
2019-07-20,0.0052358085101348265
2019-07-21,0.007842776530514755
2019-07-22,0.01302809951550507
2019-07-23,0.012419034425600106
2019-07-24,0.014096803331284066
2019-07-25,0.018013223319594235
2019-07-26,0.01689165223053237
2019-07-27,0.012786579748346056
2019-07-28,0.008812163853793128
2019-07-29,0.010035276990775817
2019-07-30,0.01418822073302269
2019-07-31,0.0090675577133972
2019-08-01,0.006138839729585368
2019-08-02,0.008969529859541399
2019-08-03,0.006061929495900832
2019-08-04,0.005944494369155156
2019-08-05,0.005779331263983572
2019-08-06,0.010191038609102658
2019-08-07,0.016181222258417276
2019-08-08,0.012017912730394802
2019-08-09,0.004899906729987691
2019-08-10,0.005720113126922113
2019-08-11,0.007574820560990095
2019-08-12,0.01958103369905236
2019-08-13,0.0198533783539521
2019-08-14,0.016857388670782097
2019-08-15,0.017464490763355076
2019-08-16,0.017870631580114378
2019-08-17,0.008455855697812464
2019-08-18,0.004981268594791423
2019-08-19,0.0023977700960407535
2019-08-20,0.0017259181257871419
2019-08-21,0.007188547223438836
2019-08-22,0.015106559280542704
2019-08-23,0.02487213572216278
2019-08-24,0.017453741032808848
2019-08-25,0.005263468719276769
2019-08-26,0.004603878456944123
2019-08-27,0.00645754333454954
2019-08-28,0.013404521681718117
2019-08-29,0.004306736750004757
2019-08-30,0.005850995400989716
2019-08-31,0.006606977522885589
2019-09-01,0.009260548493198675
2019-09-02,0.010364413745441635
2019-09-03,0.012531667830723285
2019-09-04,0.007861254959056447
2019-09-05,0.007158694240170426
2019-09-06,0.006959257519865192
2019-09-07,0.012027820192143967
2019-09-08,0.011671562310590258
2019-09-09,0.011583054689805038
2019-09-10,0.015917447361169384
2019-09-11,0.015278313125174265
2019-09-12,0.020099250705515992
2019-09-13,0.010987004106552657
2019-09-14,0.004956622603234554
2019-09-15,0.007910400410727074
2019-09-16,0.008996797172414278
2019-09-17,0.005175995006576888
2019-09-18,0.0023684324617159708
2019-09-19,0.002856444903899238
2019-09-20,0.004794874510657552
2019-09-21,0.010401658722576168
2019-09-22,0.018231790124612884
2019-09-23,0.01763136639210654
2019-09-24,0.01716339567295521
2019-09-25,0.015339125923579394
2019-09-26,0.005598890021118737
2019-09-27,0.00710731706705839
2019-09-28,0.008895137965493852
2019-09-29,0.010334089353446856
2019-09-30,0.017465317828312253
2019-10-01,0.014393962922319486
2019-10-02,0.006318918591448912
2019-10-03,0.004922364661347649
2019-10-04,0.0051405531096761345
2019-10-05,0.005859748762055477
2019-10-06,0.01171692255754622
2019-10-07,0.009155603252777355
2019-10-08,0.007631739135604398
2019-10-09,0.008307204225153502
2019-10-10,0.007874832391712466
2019-10-11,0.002697256932074577
2019-10-12,7.340377090503305E-4
2019-10-13,2.621810164255798E-4
2019-10-14,0.0016756215194584857
2019-10-15,0.005981835153372253
2019-10-16,0.00515766508124692
2019-10-17,0.0013141992040092067
2019-10-18,7.95057092074066E-4
2019-10-19,9.047038849286925E-4
2019-10-20,0.0012223148087891972
2019-10-21,0.0022570160461024614
2019-10-22,0.0016366310352083273
2019-10-23,0.0037663123440003837
2019-10-24,0.013912247769097757
2019-10-25,0.030015499210065133
2019-10-26,0.03219121165143496
2019-10-27,0.004510476945434577
2019-10-28,0.0013882122126373335
2019-10-29,5.170282675825817E-4
2019-10-30,8.990585530014822E-4
2019-10-31,0.0010990450842217234
2019-11-01,4.5332548518282217E-4
2019-11-02,1.4610734444935972E-4
2019-11-03,3.951959956610521E-4
2019-11-04,0.0012789390943448076
2019-11-05,8.077746005376244E-4
2019-11-06,2.7831192998895704E-4
2019-11-07,2.4955466970805125E-4
2019-11-08,0.008490680456259263
2019-11-09,0.014070035044925804
2019-11-10,0.01798096407686487
2019-11-11,0.002680607670923394
2019-11-12,7.822405592704912E-4
2019-11-13,6.351002902386738E-5
2019-11-14,1.7207500321017404E-5
2019-11-15,7.929595782327235E-5
2019-11-16,1.6572936300924122E-4
2019-11-17,2.481588781143906E-4
2019-11-18,3.420190936460082E-4
2019-11-19,5.925388678624614E-4
2019-11-20,2.7644499350396186E-4
2019-11-21,9.019596319799512E-5
2019-11-22,7.178182517363845E-5
2019-11-23,1.2037413703792313E-4
2019-11-24,1.47736013156425E-4
2019-11-25,1.2308563434299162E-4
2019-11-26,5.013317621576689E-5
2019-11-27,1.0488445393799482E-5
2019-11-28,7.941588706930771E-6
2019-11-29,2.43346069571894E-5
2019-11-30,1.873308534619555E-4
2019-12-01,1.9636869744601879E-4
2019-12-02,1.0784609504829131E-4
2019-12-03,2.9135322618656275E-4
2019-12-04,1.5013813174959698E-4
2019-12-05,7.577675457920951E-7
2019-12-06,1.4367627822993843E-6
2019-12-07,2.444751536154166E-6
2019-12-08,5.0148834592469734E-5
2019-12-09,1.591252758244532E-4
2019-12-10,4.7763883180733445E-4
2019-12-11,5.001461202805903E-4
2019-12-12,8.203701338660362E-5
2019-12-13,9.738255956721941E-5
2019-12-14,2.1733810405100445E-5
2019-12-15,6.38830504087883E-5
2019-12-16,1.4034354100403977E-4
2019-12-17,2.595722220901193E-4
2019-12-18,8.663575676789619E-5
2019-12-19,4.3497676754757256E-5
2019-12-20,1.2195356240635702E-4
2019-12-21,1.7531947069524483E-4
2019-12-22,1.8370591970996437E-4
2019-12-23,1.2427168053489806E-4
2019-12-24,3.8314469214535044E-5
2019-12-25,4.482336638404119E-5
2019-12-26,0.001623724188717054
2019-12-27,0.005226019163713798
2019-12-28,1.2305415335188752E-4
2019-12-29,3.4534111749627363E-6
2019-12-30,2.3372633868758693E-6
2019-12-31,4.50964203775065E-6
2020-01-01,0.0019331099998582298
2020-01-02,0.001940224073048364
2020-01-03,0.015482039749342346
2020-01-04,0.0017544174219594733
2020-01-05,0.003038561690709223
2020-01-06,1.0260584903349807E-4
2020-01-07,9.375766218371482E-6
2020-01-08,2.4107475281183813E-4
2020-01-09,0.0017839526525494946
2020-01-10,3.673998380075685E-4
2020-01-11,5.498941724324942E-5
2020-01-12,4.212798591867739E-6
2020-01-13,8.088337958045774E-6
2020-01-14,5.973007287646132E-5
2020-01-15,4.300312514007635E-5
2020-01-16,2.8922043076945435E-5
2020-01-17,4.891730157321053E-5
2020-01-18,1.01768626815452E-4
2020-01-19,0.0021175956070320448
2020-01-20,6.95775168729023E-4
2020-01-21,7.570455504306575E-5
2020-01-22,4.83555880630512E-5
2020-01-23,3.4838266289750436E-4
2020-01-24,3.935991677168784E-4
2020-01-25,1.7773899783810606E-7
2020-01-26,1.676318918918599E-4
2020-01-27,3.939205702803223E-4
2020-01-28,2.928233419033518E-4
2020-01-29,3.437277643342054E-4
2020-01-30,0.0023802702646986275
2020-01-31,0.0012475157216761306
2020-02-01,2.606170832635858E-4
2020-02-02,4.405525899450861E-4
2020-02-03,3.471276192073255E-5
2020-02-04,1.5483610434201024E-5
2020-02-05,2.1231340033965997E-4
2020-02-06,1.010437601073883E-4
2020-02-07,3.9807458557712926E-5
2020-02-08,1.7600507640144617E-4
2020-02-09,0.0014200835060097024
2020-02-10,9.975024780684472E-5
2020-02-11,8.132632223873542E-5
2020-02-12,6.0636895562500304E-5
2020-02-13,1.121952677807857E-4
2020-02-14,3.336258984946721E-4
2020-02-15,3.738557532243012E-4
2020-02-16,2.9088594944333396E-4
2020-02-17,3.509676360099511E-4
2020-02-18,3.132976788554677E-4
2020-02-19,2.656210923252899E-4
2020-02-20,7.540580390278675E-5
2020-02-21,4.946938728904724E-6
2020-02-22,5.86780074589953E-5
2020-02-23,7.089168196850529E-4
2020-02-24,0.0014096549630381048
2020-02-25,0.0047404733305560125
2020-02-26,0.006069795812540878
2020-02-27,6.0331231270391E-4
2020-02-28,2.8671707406516154E-5
2020-02-29,8.10073628823068E-6
2020-03-01,8.91011111123918E-5
2020-03-02,8.698323430536993E-4
2020-03-03,0.0021066731167170014
2020-03-04,0.0030866083173567965
2020-03-05,0.0015036318929228173
2020-03-06,0.003003808321366336
2020-03-07,0.002953718084267005
2020-03-08,0.0015153987056347098
2020-03-09,1.9094915140789525E-4
2020-03-10,4.9554418452200245E-5
2020-03-11,3.2183159129525265E-5
2020-03-12,2.990885297186005E-5
2020-03-13,9.378080960891608E-6
2020-03-14,4.8539344651963564E-4
2020-03-15,3.231240268691319E-4
2020-03-16,1.1295029335645871E-4
2020-03-17,3.557966357402436E-5
2020-03-18,2.5051984373659182E-5
2020-03-19,6.068587138456853E-5
2020-03-20,0.001056346752239756
2020-03-21,0.001473017939224086
2020-03-22,0.0033007654189596593
2020-03-23,0.0024530575505784706
2020-03-24,8.760591511073761E-4
2020-03-25,1.115838245181531E-4
2020-03-26,2.2161113903589085E-4
2020-03-27,1.4448335010492502E-4
2020-03-28,8.839575481474843E-5
2020-03-29,4.0067798015192534E-6
2020-03-30,3.085342669205623E-7
2020-03-31,1.5600204124306606E-6
2020-04-01,1.4913928257388525E-5
2020-04-02,9.623694224816159E-4
2020-04-03,0.001708930270843489
2020-04-04,3.9751961190157285E-4
2020-04-05,5.177204822882371E-4
2020-04-06,1.8869291282374933E-4
2020-04-07,1.2218174130783116E-4
2020-04-08,0.0019623670448878213
2020-04-09,0.0024092906092754197
2020-04-10,4.3239688317784806E-4
2020-04-11,0.0014412778115978362
2020-04-12,0.0011248524785562024
2020-04-13,4.321106910137948E-4
2020-04-14,7.077486536308538E-4
2020-04-15,0.0026865672130848618
2020-04-16,0.010691823036067812
2020-04-17,0.01440070257300106
2020-04-18,0.017313891571044186
2020-04-19,0.00778522379366185
2020-04-20,0.011472363608146805
2020-04-21,0.006898249574836644
2020-04-22,0.007962098302599497
2020-04-23,0.006334908650769461
2020-04-24,0.024174081203720412
2020-04-25,0.009047274408293345
2020-04-26,0.00639154027476861
2020-04-27,0.005463126211527627
2020-04-28,0.009668733058850736
2020-04-29,0.010527987952963103
2020-04-30,0.005008748123139535
2020-05-01,0.004961020508425465
2020-05-02,0.007243245413158579
2020-05-03,0.005209226453744103
2020-05-04,0.0027629696619227866
2020-05-05,0.006103188531726774
2020-05-06,0.008148057349963551
2020-05-07,0.001343209691221236
2020-05-08,9.712794137286392E-4
2020-05-09,4.959942628008309E-4
2020-05-10,6.175899198335564E-4
2020-05-11,0.001488963357629332
2020-05-12,0.0022077661480799982
2020-05-13,0.011975858171896933
2020-05-14,0.009458534226201833
2020-05-15,0.007172495435027024
2020-05-16,0.009177719545581628
2020-05-17,0.0024223647108062097
2020-05-18,0.0010132781731619555
2020-05-19,0.0048111562900226895
2020-05-20,0.02319232321459465
2020-05-21,0.033304025738164676
2020-05-22,0.008491564825264515
2020-05-23,0.005984341716065219
2020-05-24,0.007449406754212755
2020-05-25,0.011392267313757627
2020-05-26,0.026409280686558435
2020-05-27,0.05300939041552985
2020-05-28,0.02428246119800375
2020-05-29,0.013072016347431803
2020-05-30,0.008948254807561049
2020-05-31,0.011120797063955657
2020-06-01,0.007971790628519148
2020-06-02,0.009199045108649644
2020-06-03,0.01649936723152539
2020-06-04,0.016302341608481333
2020-06-05,0.015835556538548234
2020-06-06,0.007763976735927771
2020-06-07,0.004521092104665147
2020-06-08,0.0050234793687597545
2020-06-09,0.01165518384552387
2020-06-10,0.014175773453494977
2020-06-11,0.01551951272625696
2020-06-12,0.016622974335651807
2020-06-13,0.011923171373539414
2020-06-14,0.00641347214931251
2020-06-15,0.011619650568398246
2020-06-16,0.015340284676687403
2020-06-17,0.049814355156934054
2020-06-18,0.014782124123469555
2020-06-19,0.011526208018877293
2020-06-20,0.009729611796873533
2020-06-21,0.00981262281681146
2020-06-22,0.00831629663161008
2020-06-23,0.005706555637412174
2020-06-24,0.007615654467427645
2020-06-25,0.014485639681299466
2020-06-26,0.031160689594233536
2020-06-27,0.026287618988386295
2020-06-28,0.018251840910759674
2020-06-29,0.00970994553653263
2020-06-30,0.005122866309133749
2020-07-01,0.008279111269654551
2020-07-02,0.013205312154101503
2020-07-03,0.009975125599552376
2020-07-04,0.020345527567019187
2020-07-05,0.016982059555028288
2020-07-06,0.011378210252554418
2020-07-07,0.009842862111422471
2020-07-08,0.016985787701204166
2020-07-09,0.01845868124547845
2020-07-10,0.02555804280475954
2020-07-11,0.030178695783026652
2020-07-12,0.021087468128018986
2020-07-13,0.011495978450785392
2020-07-14,0.013033289139675365
2020-07-15,0.009065357521278591
2020-07-16,0.0035238500396239394
2020-07-17,0.005176726786043405
2020-07-18,0.010134393323972278
2020-07-19,0.01976082426259271
2020-07-20,0.026010098344687788
2020-07-21,0.029503976120148906
2020-07-22,0.023436459668823118
2020-07-23,0.01690573449843621
2020-07-24,0.006538853413170697
2020-07-25,0.002423586572617243
2020-07-26,0.0038624111657594488
2020-07-27,0.010298054246250923
2020-07-28,0.012957147462537223
2020-07-29,0.01875768565378354
2020-07-30,0.009583749593044932
2020-07-31,0.005804181400842388
2020-08-01,0.0036355767723270423
2020-08-02,0.005285687874975396
2020-08-03,0.010999964757070487
2020-08-04,0.01806269830598344
2020-08-05,0.014025992929653439
2020-08-06,0.010390578778705403
2020-08-07,0.005981011898386713
2020-08-08,0.007172856770582109
2020-08-09,0.010400739226823058
2020-08-10,0.005662421084298525
2020-08-11,0.011045213566539713
2020-08-12,0.0070168213171452705
2020-08-13,0.0058982044941609905
2020-08-14,0.013890796732772742
2020-08-15,0.013056774820404635
2020-08-16,0.01016523716260211
2020-08-17,0.013092709732342797
2020-08-18,0.014051360263537229
2020-08-19,0.02106482214955414
2020-08-20,0.018890675088740507
2020-08-21,0.018245527007082887
2020-08-22,0.01902761570208522
2020-08-23,0.008305096620251808
2020-08-24,0.006544761895604751
2020-08-25,0.009226597178362723
2020-08-26,0.009056278952093098
2020-08-27,0.005242114658608476
2020-08-28,0.0068930346526017835
2020-08-29,0.004575397674754796
2020-08-30,0.007698959109686335
2020-08-31,0.019547993167082056
2020-09-01,0.013105953023751064
2020-09-02,0.003165895778277528
2020-09-03,0.0010885920120318974
2020-09-04,0.001266354348292564
2020-09-05,0.003731715740064821
2020-09-06,0.007620613891882745
2020-09-07,0.009512781976849514
2020-09-08,0.006165484443486392
2020-09-09,0.011308250716003467
2020-09-10,0.011760670435079331
2020-09-11,0.008198033654823666
2020-09-12,0.012423709224970133
2020-09-13,0.011691293641487473
2020-09-14,0.009863648521933022
2020-09-15,0.009681819994126602
2020-09-16,0.00841549772688373
2020-09-17,0.008679479583736298
2020-09-18,0.0028388212721683816
2020-09-19,5.977710909752107E-4
2020-09-20,0.014293685859220369
2020-09-21,0.02364970724615165
2020-09-22,0.023910133509659644
2020-09-23,0.020189606524860213
2020-09-24,0.02037421302070447
2020-09-25,0.01803937522897098
2020-09-26,0.01709281750584666
2020-09-27,0.011206210983969277
2020-09-28,0.00295608670738256
2020-09-29,0.0070279071884888885
2020-09-30,0.008891925252441642
2020-10-01,0.01051897545786088
2020-10-02,0.005922938807249644
2020-10-03,0.006877350960721758
2020-10-04,0.009257062594436358
2020-10-05,0.009986438000547259
2020-10-06,0.010548790928793468
2020-10-07,0.00686663450403738
2020-10-08,0.001977430445290996
2020-10-09,0.003616083863626795
2020-10-10,0.004405825447563086
2020-10-11,0.00223473575206239
2020-10-12,0.002058838654857124
2020-10-13,0.001917510278197501
2020-10-14,0.002241298589321642
2020-10-15,6.84717810505818E-4
2020-10-16,4.088279216123957E-4
2020-10-17,0.0033257201981607074
2020-10-18,0.006276834171300183
2020-10-19,0.005487156994173107
2020-10-20,0.005627293074529625
2020-10-21,0.007050982310173765
2020-10-22,0.030464753982518265
2020-10-23,0.06371348742671094
2020-10-24,0.014063345162905527
2020-10-25,0.002406124768679269
2020-10-26,0.0011185847369326938
2020-10-27,9.806256708095157E-4
2020-10-28,2.943534163851391E-4
2020-10-29,1.782461110412018E-4
2020-10-30,0.002644868695287658
2020-10-31,0.01139964418046202
2020-11-01,0.007270130665745465
2020-11-02,0.004033005395595657
2020-11-03,0.003476878883625003
2020-11-04,0.0024471773316156555
2020-11-05,2.2888061809679973E-4
2020-11-06,1.0095076373444336E-4
2020-11-07,7.20619485792687E-6
2020-11-08,1.8871952594311971E-6
2020-11-09,2.7565570328379803E-6
2020-11-10,2.7143804091806046E-6
2020-11-11,1.2645044396792078E-6
2020-11-12,1.7554165330160563E-6
2020-11-13,1.3988763725060852E-6
2020-11-14,5.008377391843191E-6
2020-11-15,2.3260263756043414E-6
2020-11-16,3.105000705700242E-5
2020-11-17,5.146543625769333E-4
2020-11-18,1.8832657318898396E-4
2020-11-19,2.0205179383138427E-4
2020-11-20,6.148913723677108E-4
2020-11-21,0.002267103491053086
2020-11-22,5.574295831871863E-4
2020-11-23,4.36730272343134E-5
2020-11-24,6.546842118864765E-6
2020-11-25,3.001180983650536E-6
2020-11-26,1.0771005190218968E-6
2020-11-27,2.113523546306006E-7
2020-11-28,3.016039397784323E-6
2020-11-29,9.892095504562603E-7
2020-11-30,6.100572673480053E-6
2020-12-01,6.072675793949204E-6
2020-12-02,3.758943997009449E-5
2020-12-03,1.3852664115626153E-4
2020-12-04,3.9834087187522367E-4
2020-12-05,8.082868174494237E-4
2020-12-06,4.753873543913788E-4
2020-12-07,1.961932649134187E-4
2020-12-08,5.017247120198048E-5
2020-12-09,1.1875896286642245E-4
2020-12-10,1.744208524555308E-4
2020-12-11,1.5557617859472133E-4
2020-12-12,8.043758613198888E-5
2020-12-13,2.0108309622621876E-4
2020-12-14,1.3011469438496532E-4
2020-12-15,2.9304246145624654E-5
2020-12-16,1.544871677102607E-5
2020-12-17,1.013203147687954E-4
2020-12-18,9.905800663586323E-5
2020-12-19,1.0071886314575017E-5
2020-12-20,1.3862398118859186E-6
2020-12-21,2.989916764377582E-6
2020-12-22,6.103828396673621E-7
2020-12-23,2.8633688315275005E-6
2020-12-24,5.701829171930866E-7
2020-12-25,6.972794144834055E-6
2020-12-26,4.9548761490525164E-6
2020-12-27,2.5419533485514076E-6
2020-12-28,3.10410648265427E-6
2020-12-29,3.664593719578426E-6
2020-12-30,1.1864610924173493E-6
2020-12-31,1.2274341392105008E-6
2021-01-01,1.9546526062493959E-7
2021-01-02,8.122387909475689E-8
2021-01-03,9.393635752967761E-7
2021-01-04,1.1190268611751193E-6
2021-01-05,8.940300464054211E-7
2021-01-06,1.9992891751623905E-6
2021-01-07,1.4339060205784525E-5
2021-01-08,8.28877239706032E-6
2021-01-09,5.2854332375336325E-5
2021-01-10,3.256798150342759E-4
2021-01-11,3.1910127610497565E-4
2021-01-12,2.0484448511064242E-4
2021-01-13,6.398477462025962E-5
2021-01-14,3.126755451460245E-5
2021-01-15,2.1147997251571716E-5
2021-01-16,1.51847235721738E-4
2021-01-17,3.76332908126505E-5
2021-01-18,1.7924053597537815E-4
2021-01-19,8.884050956326108E-4
2021-01-20,0.0031357941538197303
2021-01-21,8.972392033676161E-4
2021-01-22,1.631736255935318E-5
2021-01-23,6.895910966673777E-5
2021-01-24,1.2348140917995995E-4
2021-01-25,6.423413832535457E-5
2021-01-26,2.047219284756557E-5
2021-01-27,3.965094853855309E-6
2021-01-28,3.843078699957948E-6
2021-01-29,3.0895213894328825E-5
2021-01-30,4.0054981978805807E-4
2021-01-31,3.713801430445539E-5
2021-02-01,2.0213150770097058E-5
2021-02-02,4.058159604456926E-6
2021-02-03,2.953893769897168E-6
2021-02-04,1.7751336024538725E-6
2021-02-05,1.2110223418359958E-5
2021-02-06,3.1649470460509563E-4
2021-02-07,6.545704410727104E-4
2021-02-08,5.578957043268379E-5
2021-02-09,2.0387963355730252E-6
2021-02-10,6.901001930953449E-7
2021-02-11,9.879974824756112E-6
2021-02-12,6.429017363853215E-6
2021-02-13,7.339728782130804E-6
2021-02-14,3.433459845981147E-5
2021-02-15,9.409590541546837E-5
2021-02-16,2.8376584826631144E-5
2021-02-17,7.709540300241897E-5
2021-02-18,1.3172239364174672E-4
2021-02-19,1.8359159112901917E-4
2021-02-20,8.472337094818971E-5
2021-02-21,2.7981096269916997E-5
2021-02-22,5.605092142254331E-6
2021-02-23,1.2130006643759906E-5
2021-02-24,2.660235655642188E-5
2021-02-25,2.835362309271089E-4
2021-02-26,4.663332667924669E-4
2021-02-27,2.6788841470046194E-4
2021-02-28,2.4118204032506566E-4
2021-03-01,1.485067000171996E-4
2021-03-02,1.2073383837335414E-4
2021-03-03,2.1014657577142227E-4
2021-03-04,1.0331514070338118E-4
2021-03-05,0.0011806603088453313
2021-03-06,0.0036040030278644943
2021-03-07,8.26051952878262E-4
2021-03-08,0.0011062296310075284
2021-03-09,0.002667706854218398
2021-03-10,0.0022704764112053805
2021-03-11,6.689253973974315E-4
2021-03-12,1.218154340383477E-4
2021-03-13,7.273647654447801E-4
2021-03-14,0.0012554741054619971
2021-03-15,1.9267380276907734E-4
2021-03-16,4.9541141178879844E-5
2021-03-17,4.701230059601159E-5
2021-03-18,1.3970648696701905E-5
2021-03-19,1.301967619992981E-5
2021-03-20,7.524417411680768E-5
2021-03-21,4.4427116928860955E-5
2021-03-22,1.0721671773717343E-4
2021-03-23,4.728595759189548E-6
2021-03-24,1.554391400272298E-4
2021-03-25,5.453401316179446E-6
2021-03-26,4.2762620200412755E-7
2021-03-27,2.575286202954885E-6
2021-03-28,2.4803862447638665E-5
2021-03-29,0.004127895691704385
2021-03-30,0.011490655203454075
2021-03-31,0.010784095550277732
2021-04-01,0.003396476291556546
2021-04-02,0.0011528063538353707
2021-04-03,1.5463897219750297E-4
2021-04-04,9.364937171715187E-4
2021-04-05,4.582364082628775E-4
2021-04-06,5.345094039644008E-5
2021-04-07,0.00145925339062664
2021-04-08,0.005587177543668154
2021-04-09,0.002941410504187225
2021-04-10,0.0022998090510429605
2021-04-11,2.8062866178659026E-4
2021-04-12,3.3817041251065405E-4
2021-04-13,5.153161331303003E-4
2021-04-14,0.0010954511117131555
2021-04-15,0.0013343250580588584
2021-04-16,0.004576165360706364
2021-04-17,0.003713135668062874
2021-04-18,0.0051720418585057045
2021-04-19,0.0014904095227779067
2021-04-20,6.837329103058489E-4
2021-04-21,8.114321088026863E-4
2021-04-22,0.003509543710278309
2021-04-23,5.3321976139284685E-5
2021-04-24,5.763229415495671E-6
2021-04-25,3.8068731287102944E-5
2021-04-26,5.794810115703053E-4
2021-04-27,8.283876618897662E-4
2021-04-28,0.0010394548087872444
2021-04-29,8.124465639610126E-4
2021-04-30,0.002424128674862138
2021-05-01,0.0027362971157684655
2021-05-02,0.006571576121307229
2021-05-03,0.01133818102827807
2021-05-04,0.011651729468285618
2021-05-05,0.004974274608191555
2021-05-06,0.008038532791447131
2021-05-07,0.00789311668132493
2021-05-08,0.0037949167259064883
2021-05-09,0.005232196098013019
2021-05-10,0.006857236791374926
2021-05-11,0.01284702993611162
2021-05-12,0.010192067792571143
2021-05-13,0.020720347142755842
2021-05-14,0.00476939889094056
2021-05-15,0.004219173255506574
2021-05-16,0.0021813964131799086
2021-05-17,0.0028833139789691204
2021-05-18,0.016026336363362186
2021-05-19,0.011020699195209567
2021-05-20,0.002975495285156095
2021-05-21,0.0034715812559621734
2021-05-22,0.0016235526653209302
2021-05-23,0.003063955203121616
2021-05-24,0.012418431512350794
2021-05-25,0.011063577755161534
2021-05-26,0.007844732597019361
2021-05-27,0.004385343705083569
2021-05-28,0.0015988951437076045
2021-05-29,0.001192822363716421
2021-05-30,0.0032260572687128545
2021-05-31,0.02054788514405321
2021-06-01,0.016228908043488508
2021-06-02,0.0068917281367470926
2021-06-03,0.005028950725058461
2021-06-04,0.009239762274952995
2021-06-05,0.01715012465400291
2021-06-06,0.01575428201579274
2021-06-07,0.019224594268955536
2021-06-08,0.01373741483458488
2021-06-09,0.007438211636152447
2021-06-10,0.018524806419411295
2021-06-11,0.0163556683408435
2021-06-12,0.012579290932576731
2021-06-13,0.006867384513271505
2021-06-14,0.007112339993041792
2021-06-15,0.014736259480857971
2021-06-16,0.016633736570841585
2021-06-17,0.01666118595244269
2021-06-18,0.027729925456152976
2021-06-19,0.02925298677248113
2021-06-20,0.01597928761677883
2021-06-21,0.00856602450988702
2021-06-22,0.009189689723677135
2021-06-23,0.007313744578814578
2021-06-24,0.006736611989202717
2021-06-25,0.005291974084069335
2021-06-26,0.006342276159883437
2021-06-27,0.004858740022566751
2021-06-28,0.011703766118000423
2021-06-29,0.021252767341044653
2021-06-30,0.02765830564145065
2021-07-01,0.02334563385862461
2021-07-02,0.023665207792997578
2021-07-03,0.012420884779361895
2021-07-04,0.005570631237230528
2021-07-05,0.006790904028510958
2021-07-06,0.011560868476364608
2021-07-07,0.03299053368698795
2021-07-08,0.007939793580644488
2021-07-09,0.005568932125708037
2021-07-10,0.005206572915881311
2021-07-11,0.008466919741361009
2021-07-12,0.014957274772398223
2021-07-13,0.015602832806041054
2021-07-14,0.0038885552744332883
2021-07-15,0.0030173185632621532
2021-07-16,0.01564262150334496
2021-07-17,0.012337460915257458
2021-07-18,0.011596765584026319
2021-07-19,0.020125789853836847
2021-07-20,0.01041886181147764
2021-07-21,0.0053307072946104355
2021-07-22,0.009016177882438274
2021-07-23,0.015249862764939897
2021-07-24,0.009219664184439792
2021-07-25,0.007076559649803409
2021-07-26,0.0076788670169935765
2021-07-27,0.01851697015055244
2021-07-28,0.017418226191731768
2021-07-29,0.023078684100825267
2021-07-30,0.020503963686422037
2021-07-31,0.01595106644834919
2021-08-01,0.028416979549829566
2021-08-02,0.020087935697287736
2021-08-03,0.012318668774554812
2021-08-04,0.00658734199703345
2021-08-05,0.0093032573817902
2021-08-06,0.019985302079653676
2021-08-07,0.018705199621047018
2021-08-08,0.010197081733411068
2021-08-09,0.007561475568064098
2021-08-10,0.011732279631462738
2021-08-11,0.020989567177527094
2021-08-12,0.012867975732207625
2021-08-13,0.01773626705139092
2021-08-14,0.01052800906602713
2021-08-15,0.0066265251704192936
2021-08-16,0.017603690521605587
2021-08-17,0.016782625424192107
2021-08-18,0.017449798746509548
2021-08-19,0.009439785207482187
2021-08-20,0.005569188215755325
2021-08-21,0.002784853276638789
2021-08-22,0.0038948266701606202
2021-08-23,0.012776668509854169
2021-08-24,0.013437309351311677
2021-08-25,0.014654935798028351
2021-08-26,0.019586123295959403
2021-08-27,0.008508622320287087
2021-08-28,0.009805368564682258
2021-08-29,0.01366448195924914
2021-08-30,0.01065921543489676
2021-08-31,0.0061824544996881906
2021-09-01,0.009880632672042377
2021-09-02,0.007338515201753262
2021-09-03,0.004741504313370838
2021-09-04,0.004115933854895663
2021-09-05,0.008077312981256022
2021-09-06,0.013259033687152064
2021-09-07,0.010241539399265177
2021-09-08,0.007109308034575749
2021-09-09,0.005262278307266241
2021-09-10,0.003347033735611021
2021-09-11,0.0032469022999443457
2021-09-12,0.004200685178093284
2021-09-13,0.007273299072478482
2021-09-14,0.00747317121837328
2021-09-15,0.00954702128353703
2021-09-16,0.014982673278687268
2021-09-17,0.017793030829800407
2021-09-18,0.020167773811105363
2021-09-19,0.010371023768171379
2021-09-20,0.006843707605635978
2021-09-21,0.009481352200861368
2021-09-22,0.005944458579313558
2021-09-23,0.0025832915139389415
2021-09-24,0.002192519245310247
2021-09-25,0.004555992492459613
2021-09-26,0.005084402472480306
2021-09-27,0.004669068775834656
2021-09-28,0.008693657109435765
2021-09-29,0.005838381933552674
2021-09-30,0.002077425760115792
2021-10-01,0.0021817506960941134
2021-10-02,0.00830994356678799
2021-10-03,0.010280412430334491
2021-10-04,0.01237773793191862
2021-10-05,0.004606485691297507
2021-10-06,0.001336266482778015
2021-10-07,0.0016483940393176772
2021-10-08,0.001747798446831094
2021-10-09,0.002470534379219268
2021-10-10,9.901709689384955E-4
2021-10-11,4.0226246993246937E-4
2021-10-12,0.0022040104640338254
2021-10-13,0.00291039834029701
2021-10-14,0.0011675084019344877
2021-10-15,0.005683163074849267
2021-10-16,0.004333801608087617
2021-10-17,0.0060174568914371125
2021-10-18,0.01420447161265607
2021-10-19,0.019295489576720205
2021-10-20,0.015383478832019034
2021-10-21,0.0038425122922071562
2021-10-22,4.76985455733987E-4
2021-10-23,1.7604004723504823E-4
2021-10-24,2.5439821423794956E-4
2021-10-25,0.0011192904203403248
2021-10-26,0.0022189382470309354
2021-10-27,0.0027272526325417697
2021-10-28,7.19816799244782E-4
2021-10-29,2.048998136346242E-4
2021-10-30,4.924400794819153E-4
2021-10-31,5.813863145866143E-4
2021-11-01,2.463203516554094E-4
2021-11-02,1.937014528523462E-4
2021-11-03,2.0324043913308226E-4
2021-11-04,3.065946010072511E-4
2021-11-05,7.681941562141857E-5
2021-11-06,1.202251804376862E-4
2021-11-07,2.3717108479528567E-4
2021-11-08,6.509816661779917E-6
2021-11-09,3.174678197728761E-5
2021-11-10,1.514497924526509E-4
2021-11-11,3.008060145060717E-4
2021-11-12,9.779604205639816E-4
2021-11-13,0.0030009005706937266
2021-11-14,0.0026419850572119356
2021-11-15,0.004658073530285968
2021-11-16,0.001208846069479349
2021-11-17,8.569707605545333E-5
2021-11-18,7.578375907151653E-6
2021-11-19,5.541179424689658E-6
2021-11-20,1.6308077360588493E-5
2021-11-21,8.6827175355279E-5
2021-11-22,2.6262153932599987E-4
2021-11-23,1.1882344303371139E-4
2021-11-24,4.9750800334515596E-5
2021-11-25,7.415818032300687E-5
2021-11-26,1.0553071823645478E-4
2021-11-27,9.153002422556479E-5
2021-11-28,3.2202223669633766E-5
2021-11-29,1.1453091979197112E-5
2021-11-30,5.4842173221255564E-6
2021-12-01,2.192078050253173E-6
2021-12-02,2.4633796697263755E-6
2021-12-03,1.58683271062158E-5
2021-12-04,0.0026367101475184575
2021-12-05,0.011085776310922857
2021-12-06,0.03105283881087244
2021-12-07,0.0051922581761054834
2021-12-08,6.743405230179491E-4
2021-12-09,0.0017676237964452017
2021-12-10,0.0011790367219123442
2021-12-11,1.0729048926478666E-4
2021-12-12,1.682095182896912E-5
2021-12-13,3.211661872726408E-6
2021-12-14,7.521781616332808E-6
2021-12-15,6.959354393286637E-6
2021-12-16,1.5316758348701767E-6
2021-12-17,1.5553686156759115E-6
2021-12-18,5.773517194688567E-7
2021-12-19,8.75064323750375E-6
2021-12-20,4.466950169287662E-5
2021-12-21,3.0359291286791563E-4
2021-12-22,0.0017016669451341258
2021-12-23,1.4397473515078975E-4
2021-12-24,6.148105121889144E-5
2021-12-25,3.955571804918311E-4
2021-12-26,2.0384013998528516E-4
2021-12-27,6.423031445213307E-5
2021-12-28,1.3606000812060034E-5
2021-12-29,2.096083863847058E-4
2021-12-30,8.656902794902539E-4
2021-12-31,3.8542586693964953E-5
2022-01-01,1.8965552926055746E-5
2022-01-02,3.4201833573379725E-6
2022-01-03,1.9230335319738987E-5
2022-01-04,4.645100246309948E-6
2022-01-05,2.5828513521248713E-6
2022-01-06,1.8138669416902367E-6
2022-01-07,1.941018384839918E-6
2022-01-08,1.1961366034873E-6
2022-01-09,1.342072425111083E-5
2022-01-10,4.905142732394853E-5
2022-01-11,0.0017851059156158123
2022-01-12,0.006259970704208341
2022-01-13,0.001024123040110395
2022-01-14,9.364622120057487E-4
2022-01-15,0.0013123366165773882
2022-01-16,3.3267522888816807E-4
2022-01-17,6.354669065078553E-6
2022-01-18,5.120682338317189E-5
2022-01-19,3.273472755675033E-4
2022-01-20,0.0020929279527871682
2022-01-21,0.0010499900018629308
2022-01-22,4.547243749326493E-4
2022-01-23,0.0021706731411704747
2022-01-24,0.0035108879090716676
2022-01-25,0.0013897207115850451
2022-01-26,0.002967656202522701
2022-01-27,0.002782265190174915
2022-01-28,2.185105309322495E-4
2022-01-29,3.697832843875423E-6
2022-01-30,1.1471673589480073E-4
2022-01-31,4.00339437615176E-4
2022-02-01,0.003969425199495122
2022-02-02,6.826615262513455E-4
2022-02-03,8.723760258738112E-4
2022-02-04,0.016170340061287505
2022-02-05,0.005788290545595283
2022-02-06,5.8773154592847897E-5
2022-02-07,8.908814691664199E-5
2022-02-08,2.155182144396109E-4
2022-02-09,1.1945287440766006E-4
2022-02-10,9.072136303708067E-4
2022-02-11,6.09657771951236E-4
2022-02-12,2.748753896867836E-4
2022-02-13,2.651495131733513E-6
2022-02-14,2.570480319263879E-6
2022-02-15,9.859085449459802E-7
2022-02-16,1.2429572971638416E-5
2022-02-17,2.540834886294724E-5
2022-02-18,1.8670001113023166E-5
2022-02-19,5.551283417157683E-5
2022-02-20,0.0035776263219521555
2022-02-21,0.0017076293513079064
2022-02-22,4.7176800283314915E-5
2022-02-23,1.435845961711768E-4
2022-02-24,0.00285109185223857
2022-02-25,0.0035185437944638357
2022-02-26,4.6347897473071294E-4
2022-02-27,1.2092614945237626E-4
2022-02-28,7.461720507255938E-4
2022-03-01,7.511565450595155E-5
2022-03-02,5.081302261452514E-5
2022-03-03,3.081379035893339E-5
2022-03-04,3.492961213771186E-6
2022-03-05,1.219414376366912E-5
2022-03-06,4.293790009822129E-6
2022-03-07,2.1595979069234127E-6
2022-03-08,3.7981741076059167E-6
2022-03-09,4.1073231243521015E-6
2022-03-10,5.097865219119829E-6
2022-03-11,1.754630749899501E-5
2022-03-12,1.5139977226104935E-5
2022-03-13,2.953210192366866E-6
2022-03-14,2.662131281170519E-5
2022-03-15,4.694151603020333E-5
2022-03-16,1.6843335979541393E-5
2022-03-17,1.7100944646273794E-5
2022-03-18,1.0251189134624152E-6
2022-03-19,9.425735487086633E-6
2022-03-20,9.458610286485683E-6
2022-03-21,7.05405218628355E-5
2022-03-22,1.4512718524376696E-4
2022-03-23,6.161722727816592E-4
2022-03-24,0.0017838191590087336
2022-03-25,0.0045738695202722154
2022-03-26,0.005243548199816
2022-03-27,0.0013131072761930222
2022-03-28,0.00173205882952829
2022-03-29,0.0024316157891942298
2022-03-30,0.0018995789360908403
2022-03-31,0.0032739035159261363
2022-04-01,0.006397871770297697
2022-04-02,0.0027035883540133887
2022-04-03,0.006152113254915046
2022-04-04,0.006608053429234957
2022-04-05,0.0021917701775773196
2022-04-06,0.001970837724350145
2022-04-07,0.0011563733042658454
2022-04-08,0.003975634628840762
2022-04-09,0.005457154555229694
2022-04-10,0.01831389143942076
2022-04-11,0.013359208976496954
2022-04-12,0.002082770343067773
2022-04-13,0.008782756779040418
2022-04-14,0.006968670953470636
2022-04-15,0.0032574967353433213
2022-04-16,0.006099446298332369
2022-04-17,0.006779051608882449
2022-04-18,0.0039202148717684205
2022-04-19,0.009121104788624811
2022-04-20,0.014486512706480603
2022-04-21,0.001424708510233499
2022-04-22,0.010013817182192799
2022-04-23,0.0036167018643642568
2022-04-24,8.541012687302365E-4
2022-04-25,8.911851401281411E-4
2022-04-26,0.0032215232771271147
2022-04-27,0.0036590216491330825
2022-04-28,8.104361177792258E-4
2022-04-29,0.006609371429129342
2022-04-30,0.010941380977556602
2022-05-01,0.005756420111530747
2022-05-02,0.005137782533322708
2022-05-03,0.020938866937392348
2022-05-04,0.011771177717120449
2022-05-05,0.00213486207342274
2022-05-06,0.0029270222270136995
2022-05-07,0.002807069335410808
2022-05-08,0.002040503496394299
2022-05-09,0.012803079528201212
2022-05-10,0.011500061696919245
2022-05-11,0.023358493809103473
2022-05-12,0.01931211952258493
2022-05-13,0.02581659929569839
2022-05-14,0.019503987483595393
2022-05-15,0.012942150640775429
2022-05-16,0.012900949725977544
2022-05-17,0.011394544401999775
2022-05-18,0.013984101551274122
2022-05-19,0.013627049647842428
2022-05-20,0.009638057406414616
2022-05-21,0.01552817626424794
2022-05-22,0.007216064003943948
2022-05-23,0.0042809983055281465
2022-05-24,0.008169858024872065
2022-05-25,0.01191013141665262
2022-05-26,0.005464180580343514
2022-05-27,0.0049390309718701
2022-05-28,0.005055099215774467
2022-05-29,0.010104595537653175
2022-05-30,0.006837031174316973
2022-05-31,0.009954355564543643
2022-06-01,0.01140049153563259
2022-06-02,0.012796950628884819
2022-06-03,0.012455825078104213
2022-06-04,0.010584606171382762
2022-06-05,0.010925869511045449
2022-06-06,0.01056276852877214
2022-06-07,0.012546019834817753
2022-06-08,0.007907133332647467
2022-06-09,0.02009755245905927
2022-06-10,0.01138709549979338
2022-06-11,0.009165392142351562
2022-06-12,0.008325035700356165
2022-06-13,0.012786286558041014
2022-06-14,0.021482792294243217
2022-06-15,0.02916399675356672
2022-06-16,0.03512417152675785
2022-06-17,0.03686232722126958
2022-06-18,0.038194927348605835
2022-06-19,0.028552067385804968
2022-06-20,0.020356594828361024
2022-06-21,0.01043418816097396
2022-06-22,0.008022318784527806
2022-06-23,0.004655682059358982
2022-06-24,0.006228433155284191
2022-06-25,0.005422680041833106
2022-06-26,0.003562529906945313
2022-06-27,0.004706139326748708
2022-06-28,0.011683961718635302
2022-06-29,0.01651313537367549
2022-06-30,0.009598731466603498
2022-07-01,0.011636607112076385
2022-07-02,0.010092303674999966
2022-07-03,0.006588877077513676
2022-07-04,0.005948768026868385
2022-07-05,0.008679778742095341
2022-07-06,0.006363183370378532
2022-07-07,0.0019599310524132563
2022-07-08,0.006833135756623804
2022-07-09,0.0040169522149092335
2022-07-10,0.008388341230328448
2022-07-11,0.009216584232760837
2022-07-12,0.005730321089901604
2022-07-13,0.004183690347197186
2022-07-14,0.007663937418369813
2022-07-15,0.005153906617432226
2022-07-16,0.006971246113950388
2022-07-17,0.0064890318216390035
2022-07-18,0.0042992245669141475
2022-07-19,0.008130423939719054
2022-07-20,0.01217494794337993
2022-07-21,0.00781486663768688
2022-07-22,0.008652715800119972
2022-07-23,0.021855484047921488
2022-07-24,0.020252197598836955
2022-07-25,0.011015088765697373
2022-07-26,0.008927640570593542
2022-07-27,0.0061266905358374835
2022-07-28,0.007019865449930156
2022-07-29,0.004388035085774694
2022-07-30,0.01049387859336417
2022-07-31,0.011977175706096025
2022-08-01,0.01104637887560757
2022-08-02,0.011867232358649586
2022-08-03,0.012119427894726602
2022-08-04,0.0046870675276576386
2022-08-05,0.011398063264527454
2022-08-06,0.008368076873650715
2022-08-07,0.007660091906672542
2022-08-08,0.007731173135465592
2022-08-09,0.0034858132725340773
2022-08-10,0.005231936110422651
2022-08-11,0.0033752001862503165
2022-08-12,0.002611799465726037
2022-08-13,0.0076670683728412145
2022-08-14,0.012285142296796897
2022-08-15,0.002423632984402131
2022-08-16,0.0011313113539405408
2022-08-17,0.0015903521447031613
2022-08-18,0.008395993892291448
2022-08-19,0.0061383465886432976
2022-08-20,0.006249538874357705
2022-08-21,0.003625527132072945
2022-08-22,0.016601579862760014
2022-08-23,0.014638652461175019
2022-08-24,0.0014910211047283325
2022-08-25,0.0010541252190826883
2022-08-26,0.004825469718364059
2022-08-27,0.010477800480684286
2022-08-28,0.003372974420135542
2022-08-29,0.0025566940751969836
2022-08-30,0.003960654971169102
2022-08-31,0.005842680853652131
2022-09-01,0.010893303987122838
2022-09-02,0.013235496297110997
2022-09-03,0.018205419447842024
2022-09-04,0.014073594348203055
2022-09-05,0.01166734036541054
2022-09-06,0.00911655428241125
2022-09-07,0.0053654673749088605
2022-09-08,0.0034796946051378346
2022-09-09,0.006411786771095769
2022-09-10,0.016079685000469142
2022-09-11,0.0161981325869623
2022-09-12,0.023722918022292476
2022-09-13,0.027302837193774913
2022-09-14,0.016837551562384406
2022-09-15,0.012762562537468975
2022-09-16,0.010483006532260926
2022-09-17,0.004779118015444959
2022-09-18,0.008184376485288055
2022-09-19,0.00645747221490748
2022-09-20,0.005130851216023014
2022-09-21,0.004126756354292884
2022-09-22,0.005886298901508655
2022-09-23,0.008030880751218744
2022-09-24,0.009715805386655126
2022-09-25,0.00672748301347413
2022-09-26,0.007173968518075792
2022-09-27,0.006040205258209243
2022-09-28,0.007334452049397177
2022-09-29,0.0019267475776043395
2022-09-30,0.0030065630072766123
2022-10-01,0.008711017041833302
2022-10-02,0.01358380868804629
2022-10-03,0.01201461521154582
2022-10-04,0.011351869648798784
2022-10-05,0.006111465481471759
2022-10-06,0.00472342203427526
2022-10-07,0.002363860789185498
2022-10-08,0.008262871937338854
2022-10-09,0.007097690293322051
2022-10-10,0.005621133627058672
2022-10-11,0.007832858416328312
2022-10-12,0.008082506936857305
2022-10-13,0.005222357994386512
2022-10-14,0.0016587115343149942
2022-10-15,3.624859460575434E-4
2022-10-16,9.549673864995547E-4
2022-10-17,0.00610929037463278
2022-10-18,0.004576479255793337
2022-10-19,0.0013533027002164387
2022-10-20,1.354944071978923E-4
2022-10-21,1.5810439794766227E-5
2022-10-22,8.970112321828566E-5
2022-10-23,0.006484255622130494
2022-10-24,0.04997999157830954
2022-10-25,0.008658277444710963
2022-10-26,5.390889444454378E-4
2022-10-27,1.8594325253583878E-4
2022-10-28,4.43514714912339E-5
2022-10-29,5.177158420968976E-5
2022-10-30,1.4995566802549943E-4
2022-10-31,8.67850449537732E-5
2022-11-01,1.3210980553607634E-5
2022-11-02,1.4950288039571809E-4
2022-11-03,2.701269046064477E-4
2022-11-04,2.828536980051112E-4
2022-11-05,2.779256170366429E-4
2022-11-06,4.6664762374020434E-4
2022-11-07,2.306639728819898E-4
2022-11-08,9.355652401458344E-5
2022-11-09,9.035575180456424E-5
2022-11-10,2.5487018408691955E-5
2022-11-11,7.931302278581867E-5
2022-11-12,1.4933712036708477E-4
2022-11-13,4.2162816575239135E-5
2022-11-14,2.973974623137444E-6
2022-11-15,2.5382031568208326E-6
2022-11-16,5.9288225027755956E-5
2022-11-17,7.779889941713982E-5
2022-11-18,4.802170450654382E-6
2022-11-19,1.3047494732259422E-5
2022-11-20,7.334783942711067E-5
2022-11-21,8.519815284773105E-5
2022-11-22,3.877647373715919E-6
2022-11-23,3.236384233993122E-6
2022-11-24,1.187216728206912E-6
2022-11-25,2.293448178202461E-6
2022-11-26,1.5952297183008964E-6
2022-11-27,1.0263819892127399E-4
2022-11-28,5.291808956253503E-4
2022-11-29,7.176244438888892E-4
2022-11-30,6.617016798971773E-4
2022-12-01,5.107739371338126E-4
2022-12-02,7.479513332600221E-5
2022-12-03,3.372949223296808E-5
2022-12-04,2.612250289050257E-5
2022-12-05,5.073981846998948E-6
2022-12-06,1.955668267621527E-5
2022-12-07,1.1706107385445206E-5
2022-12-08,3.827345702913813E-6
2022-12-09,7.996193038126367E-7
2022-12-10,2.775686483931263E-6
2022-12-11,9.610598438126137E-6
2022-12-12,3.003384725904709E-5
2022-12-13,5.2715566904351275E-5
2022-12-14,8.745406091769109E-5
2022-12-15,3.2325290345275944E-4
2022-12-16,1.256902840428121E-4
2022-12-17,1.2634475946234692E-5
2022-12-18,1.6943157535264793E-4
2022-12-19,4.737579743444749E-4
2022-12-20,2.199754419049051E-4
2022-12-21,1.4518496127898948E-4
2022-12-22,1.4723446915780383E-4
2022-12-23,8.370385497951154E-5
2022-12-24,4.941926062596474E-5
2022-12-25,1.9824604962009925E-4
2022-12-26,0.002004863809347445
2022-12-27,0.0036762051701311337
2022-12-28,6.484893789816734E-4
2022-12-29,1.6904882430039832E-4
2022-12-30,1.9415736121907337E-4
2022-12-31,3.1170700380133684E-4
2023-01-01,1.1319207893413066E-4
2023-01-02,3.0922095516205805E-5
2023-01-03,9.754740704159613E-6
2023-01-04,9.675653902966247E-6
2023-01-05,3.052883348040831E-6
2023-01-06,2.0584960422871443E-6
2023-01-07,9.471679111568698E-6
2023-01-08,2.2065498130044178E-5
2023-01-09,1.7138001998529872E-5
2023-01-10,6.58522583148857E-5
2023-01-11,5.176368609211233E-5
2023-01-12,5.985810626965429E-5
2023-01-13,6.302030100886599E-5
2023-01-14,3.997324590452743E-4
2023-01-15,2.1009956924403987E-4
2023-01-16,1.7261714739118716E-4
2023-01-17,8.521481395273976E-5
2023-01-18,1.6264291476143032E-5
2023-01-19,8.388396375610274E-6
2023-01-20,4.7516747921111915E-6
2023-01-21,1.924596273488213E-6
2023-01-22,2.066983904691076E-6
2023-01-23,1.2648017563957136E-6
2023-01-24,6.608084160960305E-7
2023-01-25,3.1420530022112237E-6
2023-01-26,3.3701317198036993E-6
2023-01-27,4.607273100285061E-6
2023-01-28,6.827676430565723E-6
2023-01-29,1.573959397034267E-6
2023-01-30,1.4958482273363395E-6
2023-01-31,3.0912209848503817E-6
2023-02-01,4.4915213496223385E-5
2023-02-02,3.2569447825572855E-5
2023-02-03,1.7942254081745425E-6
2023-02-04,5.454904063883703E-5
2023-02-05,1.3945672882661436E-4
2023-02-06,2.6743600607301055E-4
2023-02-07,1.9480635809756276E-4
2023-02-08,0.0010095550847801097
2023-02-09,4.8287223369935644E-4
2023-02-10,4.3167059539855397E-4
2023-02-11,2.513697871578347E-4
2023-02-12,2.943911260011452E-4
2023-02-13,7.743108559155801E-5
2023-02-14,1.1861804605664952E-6
2023-02-15,1.439868241197555E-4
2023-02-16,3.302767975494086E-5
2023-02-17,5.018595770983083E-5
2023-02-18,5.406240179802027E-5
2023-02-19,1.248350007115825E-4
2023-02-20,3.8533813984835E-4
2023-02-21,0.0013516699639500075
2023-02-22,0.0025971720328252174
2023-02-23,8.007663632736767E-4
2023-02-24,4.093970816008496E-4
2023-02-25,4.884947509379379E-5
2023-02-26,8.499131631619115E-5
2023-02-27,1.5384870011992346E-4
2023-02-28,2.9768666285148202E-5
2023-03-01,8.322576358723844E-6
2023-03-02,6.564269589987835E-5
2023-03-03,2.6198315578699694E-4
2023-03-04,4.942431439825551E-5
2023-03-05,1.9506958910871046E-4
2023-03-06,3.059295304049928E-4
2023-03-07,1.028088923858002E-5
2023-03-08,2.1274701168116956E-6
2023-03-09,3.688225622119741E-5
2023-03-10,8.695446364507668E-6
2023-03-11,2.3468664180771315E-5
2023-03-12,3.000428978251504E-4
2023-03-13,6.865357885437983E-5
2023-03-14,0.0017922352797651072
2023-03-15,0.005112532491383392
2023-03-16,0.0024323671018460645
2023-03-17,0.0019768219786037594
2023-03-18,0.0027318857348154544
2023-03-19,0.015995390150025254
2023-03-20,0.016431360837974675
2023-03-21,0.008194832116447236
2023-03-22,0.0048929107833338365
2023-03-23,0.001994998528477632
2023-03-24,0.0011495061600574246
2023-03-25,0.001534886443283625
2023-03-26,0.0021950968731047063
2023-03-27,0.0017393715440527512
2023-03-28,0.0010996378892386954
2023-03-29,0.0038541120270613703
2023-03-30,0.0060004303025997475
2023-03-31,0.007139333900072543
2023-04-01,0.014455752843174866
2023-04-02,0.007643642573673508
2023-04-03,0.00341407814163524
2023-04-04,0.00282777250719291
2023-04-05,0.003954025075867041
2023-04-06,1.575819667089645E-4
2023-04-07,6.02103751494939E-6
2023-04-08,1.2225632297837668E-5
2023-04-09,7.213441347532998E-6
2023-04-10,3.18276502202298E-5
2023-04-11,1.3085160146221126E-5
2023-04-12,5.390465566100458E-7
2023-04-13,3.8577159247932345E-7
2023-04-14,3.3941979039329595E-6
2023-04-15,7.156334004239219E-5
2023-04-16,3.798099154574838E-4
2023-04-17,0.0017519048786499083
2023-04-18,0.001664899161981099
2023-04-19,0.0014748331608653428
2023-04-20,0.0034719142129921274
2023-04-21,0.0051350445805116345
2023-04-22,0.0030092357032242664
2023-04-23,0.006285153938936884
2023-04-24,4.622944574610614E-4
2023-04-25,0.0012957591980804612
2023-04-26,2.1529871120015795E-4
2023-04-27,0.0016967437093329087
2023-04-28,0.0012011346041680886
2023-04-29,0.0041504626810343805
2023-04-30,0.0024940110778336184
2023-05-01,0.004468956217881713
2023-05-02,0.0013151056873381254
2023-05-03,0.005787182777910654
2023-05-04,0.007312595728830286
2023-05-05,0.0030776862342297615
2023-05-06,6.87810726763332E-4
2023-05-07,2.3985993620393836E-4
2023-05-08,8.274800513369627E-5
2023-05-09,9.370567282853753E-5
2023-05-10,5.153181421359582E-4
2023-05-11,5.157575819001661E-4
2023-05-12,0.001318336029685875
2023-05-13,0.007118943391026255
2023-05-14,0.018779821538906023
2023-05-15,0.006955742592962662
2023-05-16,0.017037492637036297
2023-05-17,0.019730466226513824
2023-05-18,0.01523803095173695
2023-05-19,0.01068930242299983
2023-05-20,0.006334671346614919
2023-05-21,0.009381022987487456
2023-05-22,0.005960093614438105
2023-05-23,0.009907525039346875
2023-05-24,0.01759348556165043
2023-05-25,0.012912702271905644
2023-05-26,0.00847518534532949
2023-05-27,0.010025561797045952
2023-05-28,5.587100809546045E-4
2023-05-29,7.43853569980668E-5
2023-05-30,1.0246888009347785E-4
2023-05-31,7.503602796789707E-4
2023-06-01,0.0013815744095326456
2023-06-02,7.301875307992364E-4
2023-06-03,0.0010263525466525393
2023-06-04,8.950360149180471E-4
2023-06-05,6.604179414066762E-4
2023-06-06,0.0015013633631442746
2023-06-07,0.004946959886825017
2023-06-08,0.00997245653858756
2023-06-09,0.01748080453311344
2023-06-10,0.02478225876376274
2023-06-11,0.016656860279549258
2023-06-12,0.004955558162439994
2023-06-13,0.01069128332303085
2023-06-14,0.01647890217680685
2023-06-15,0.018568352395664293
2023-06-16,0.02294742208216642
2023-06-17,0.022390713661176544
2023-06-18,0.017694503432751727
2023-06-19,0.022774868273973077
2023-06-20,0.015425247831108898
2023-06-21,0.014087544019002297
2023-06-22,0.013895665840834704
2023-06-23,0.007856107688141878
2023-06-24,0.005716741501122968
2023-06-25,0.005156501175929063
2023-06-26,0.011280651572515175
2023-06-27,0.021186224157803826
2023-06-28,0.017521265411772007
2023-06-29,0.015667402359266624
2023-06-30,0.014654175801403668
2023-07-01,0.016195447409398493
2023-07-02,0.012041898251271207
2023-07-03,0.009546096505129508
2023-07-04,0.010800325929700974
2023-07-05,0.020201326099923037
2023-07-06,0.01669622544857725
2023-07-07,0.01092385255461463
2023-07-08,0.007026841291853278
2023-07-09,0.012130714084599833
2023-07-10,0.014193503280266643
2023-07-11,0.007006456819761659
2023-07-12,0.007799997703836564
2023-07-13,0.009430857674189368
2023-07-14,0.012455629257749536
2023-07-15,0.007681601891362313
2023-07-16,0.008647197487911205
2023-07-17,0.005350852161322642
2023-07-18,0.0037751666557918366
2023-07-19,0.0029561965187323612
2023-07-20,0.009853644096688896
2023-07-21,0.009562569044329795
2023-07-22,0.009420293427642413
2023-07-23,0.009089465690824845
2023-07-24,0.006328861089283495
2023-07-25,0.009375882604628714
2023-07-26,0.009222729011448045
2023-07-27,0.006578885858568965
2023-07-28,0.006748863321306525
2023-07-29,0.0064510143964519664
2023-07-30,0.009483344506912324
2023-07-31,0.012355143756499416
2023-08-01,0.009353813744060545
2023-08-02,0.015532866598025814
2023-08-03,0.015115141429905202
2023-08-04,0.01839732910189236
2023-08-05,0.016159327156363
2023-08-06,0.032262735706230686
2023-08-07,0.04186112910972391
2023-08-08,0.030812139648979175
2023-08-09,0.009697108467287023
2023-08-10,0.018401225080697848
2023-08-11,0.011683922739727102
2023-08-12,0.018472351344887894
2023-08-13,0.016576265026321365
2023-08-14,0.00813167084035604
2023-08-15,0.013435095331084617
2023-08-16,0.012530567084910862
2023-08-17,0.010329268727774149
2023-08-18,0.007680393195660825
2023-08-19,0.006250696611017322
2023-08-20,0.005810361348520709
2023-08-21,0.009699383794774741
2023-08-22,0.013333710262818977
2023-08-23,0.011123886871610901
2023-08-24,0.018375238096247387
2023-08-25,0.02354828402250433
2023-08-26,0.03165930784612625
2023-08-27,0.01894184067153925
2023-08-28,0.004856124515325394
2023-08-29,0.0014309690652499255
2023-08-30,0.004764935420227663
2023-08-31,0.007870845180289344
2023-09-01,0.006481608840353692
2023-09-02,0.01114762095910859
2023-09-03,0.007090920630062841
2023-09-04,0.0023295411989198702
2023-09-05,0.004502485302606759
2023-09-06,0.009770196583757178
2023-09-07,0.01660062314160245
2023-09-08,0.014350272869933766
2023-09-09,0.0018436268748886458
2023-09-10,0.008995174077929243
2023-09-11,0.012971542808631283
2023-09-12,0.008915331964740716
2023-09-13,0.006486408686197902
2023-09-14,0.006311717996918148
2023-09-15,0.0017706208226628273
2023-09-16,0.0017618504149424488
2023-09-17,0.008659797428686482
2023-09-18,0.014206007462162976
2023-09-19,0.01743147093041567
2023-09-20,0.019626660162860538
2023-09-21,0.013010385606062422
2023-09-22,0.009118088640936812
2023-09-23,0.008290645562754967
2023-09-24,0.006929627480274949
2023-09-25,0.004700779565304192
2023-09-26,0.0062092788281442705
2023-09-27,0.0022767523320336466
2023-09-28,0.002044174002654722
2023-09-29,0.008016625871375685
2023-09-30,0.009335544480119425
2023-10-01,0.0058204467651059135
2023-10-02,0.012002204325524242
2023-10-03,0.014042264629619577
2023-10-04,0.017812957579656022
2023-10-05,0.045237625271024554
2023-10-06,0.040876277098540525
2023-10-07,0.011889274418438676
2023-10-08,0.005402254447568341
2023-10-09,0.00405784321100585
2023-10-10,0.002049673123116531
2023-10-11,0.0037128431198564685
2023-10-12,0.005061461934767963
2023-10-13,0.0014953421043450534
2023-10-14,9.666619776555501E-4
2023-10-15,6.38549648311507E-4
2023-10-16,3.1853217041828425E-4
2023-10-17,5.849864364448709E-4
2023-10-18,4.088695414513005E-4
2023-10-19,3.173187917600872E-4
2023-10-20,4.710977333305714E-4
2023-10-21,8.33088643039556E-5
2023-10-22,0.0011359234957412333
2023-10-23,0.006040660174607676
2023-10-24,0.007102959662780692
2023-10-25,0.0068206531381129355
2023-10-26,9.404542766434494E-4
2023-10-27,5.332247943575819E-4
2023-10-28,2.8022733769508915E-4
2023-10-29,6.776323641120696E-5
2023-10-30,1.025064645314629E-4
2023-10-31,8.278035255392514E-5
2023-11-01,1.3420269791851683E-4
2023-11-02,1.0124394261720108E-4
2023-11-03,1.8039315203779348E-4
2023-11-04,4.2513043327169984E-4
2023-11-05,2.560942604714021E-4
2023-11-06,7.678350624297321E-5
2023-11-07,1.066174802948829E-4
2023-11-08,3.2590093905959317E-4
2023-11-09,1.9448142121784206E-4
2023-11-10,4.8764792890220876E-5
2023-11-11,5.5170380052675415E-5
2023-11-12,7.789757433686232E-5
2023-11-13,8.94120806168697E-6
2023-11-14,4.9877659077468325E-5
2023-11-15,3.910943756145074E-4
2023-11-16,0.01139948864821462
2023-11-17,0.051688151000116596
2023-11-18,0.001505074380840786
2023-11-19,2.3973745790659931E-4
2023-11-20,3.046010448637424E-4
2023-11-21,5.60570262118944E-4
2023-11-22,2.5641797991047855E-4
2023-11-23,9.486149455007777E-5
2023-11-24,9.723248931381068E-5
2023-11-25,2.311764830846816E-5
2023-11-26,2.440542184450492E-6
2023-11-27,1.170193450656683E-6
2023-11-28,3.458665851905089E-6
2023-11-29,4.969951112672294E-6
2023-11-30,4.288920099462311E-6
2023-12-01,6.317680594726933E-6
2023-12-02,4.4895010585007707E-5
2023-12-03,1.0985518133321759E-5
2023-12-04,2.126921095268083E-5
2023-12-05,3.136168235322488E-4
2023-12-06,0.0027476901225405624
2023-12-07,0.03217778738342991
2023-12-08,0.004549740171929007
2023-12-09,0.0014242294368387903
2023-12-10,7.577899274308998E-4
2023-12-11,2.313742236616585E-4
2023-12-12,4.3428372012248724E-4
2023-12-13,0.0012464464484792926
2023-12-14,1.724297479915231E-4
2023-12-15,1.7536248314844008E-5
2023-12-16,1.5600951826738693E-5
2023-12-17,1.561711054630892E-5
2023-12-18,6.827515296185333E-6
2023-12-19,6.636152544456819E-6
2023-12-20,5.9036642970517794E-6
2023-12-21,1.3638795205640841E-6
2023-12-22,5.9808031857835745E-6
2023-12-23,7.003386972635734E-5
2023-12-24,0.0013762370388329464
2023-12-25,4.5730954629241287E-4
2023-12-26,4.599366126902764E-4
2023-12-27,1.6658580136919053E-4
2023-12-28,3.212261680138087E-4
2023-12-29,6.983951743579791E-5
2023-12-30,7.480146712462607E-5
2023-12-31,8.971200885309724E-5
2024-01-01,1.345027888399324E-4
2024-01-02,1.0496412759855738E-4
2024-01-03,4.0485972335536715E-5
2024-01-04,9.466672677979743E-5
2024-01-05,4.722249929249515E-5
2024-01-06,3.125720844771061E-5
2024-01-07,8.04420694520419E-6
2024-01-08,2.98101470624161E-5
2024-01-09,1.0646172181554233E-5
2024-01-10,4.161708553068103E-5
2024-01-11,4.580936707332872E-5
2024-01-12,9.00953330908108E-6
2024-01-13,3.970418167267784E-6
2024-01-14,7.526342972457793E-6
2024-01-15,9.948139193615942E-5
2024-01-16,7.276781202068388E-4
2024-01-17,1.7696185706309983E-4
2024-01-18,2.5438793053373656E-4
2024-01-19,5.144863537263898E-5
2024-01-20,8.149743066205155E-5
2024-01-21,2.4143396338830125E-4
2024-01-22,1.4344432505381976E-5
2024-01-23,1.368648326738872E-4
2024-01-24,0.001810867836942256
2024-01-25,9.369238430421067E-4
2024-01-26,3.2408684301015925E-4
2024-01-27,3.5329147826673366E-4
2024-01-28,1.45417651366293E-4
2024-01-29,9.06038721776628E-5
2024-01-30,2.080887004174362E-4
2024-01-31,6.870479642597618E-4
2024-02-01,0.0011962394405999571
2024-02-02,0.003467801382659794
2024-02-03,4.6024750835010897E-4
2024-02-04,6.942827160772373E-5
2024-02-05,6.445421754393851E-4
2024-02-06,0.002680114165194143
2024-02-07,7.369020515164823E-4
2024-02-08,8.848598626737946E-5
2024-02-09,1.591665683376324E-6
2024-02-10,8.651748682512646E-7
2024-02-11,7.834671147086247E-6
2024-02-12,4.621842089009758E-5
2024-02-13,6.7247904095881244E-6
2024-02-14,1.7216411577664515E-4
2024-02-15,8.093413953406761E-4
2024-02-16,1.2564713155354575E-4
2024-02-17,3.351073966915112E-4
2024-02-18,1.0829567583781414E-4
2024-02-19,5.778517426200859E-5
2024-02-20,0.0015034523663767826
2024-02-21,0.002223395970180307
2024-02-22,0.011630039386439986
2024-02-23,0.0036523916903587177
2024-02-24,2.161631724513283E-4
2024-02-25,9.136478325532645E-4
2024-02-26,4.979293087154924E-6
2024-02-27,7.836364980620885E-7
2024-02-28,2.3973061123122537E-5
2024-02-29,9.567235972840154E-5
2024-03-01,3.783015557274903E-5
2024-03-02,3.1069193098694495E-5
2024-03-03,7.08810731191562E-5
2024-03-04,3.056649205995866E-4
2024-03-05,6.612158449419127E-5
2024-03-06,2.228006620872383E-6
2024-03-07,1.0733857909218123E-6
2024-03-08,6.32896737838826E-6
2024-03-09,8.341154212422327E-6
2024-03-10,1.742650303330451E-6
2024-03-11,9.22355758738999E-7
2024-03-12,1.0604490829392201E-4
2024-03-13,1.5335944985898662E-4
2024-03-14,0.0015316093703606815
2024-03-15,3.0746266282420854E-4
2024-03-16,2.8861318234514057E-4
2024-03-17,1.0269235588198778E-4
2024-03-18,1.491450289882948E-4
2024-03-19,0.0023422639386391046
2024-03-20,0.00806944529778201
2024-03-21,0.007169781278427065
2024-03-22,0.0010115189705329891
2024-03-23,0.006113216428077884
2024-03-24,0.003331163363067873
2024-03-25,0.006984309315706123
2024-03-26,0.004849401013448387
2024-03-27,0.0016281004628639453
2024-03-28,0.0037960210351255332
2024-03-29,0.00179970605246488
2024-03-30,0.0045200754594277946
2024-03-31,0.007883243052882476
2024-04-01,0.001869150891222375
2024-04-02,0.0015641286318079138
2024-04-03,8.232410959903686E-4
2024-04-04,0.002626765587315816
2024-04-05,0.003837048470352443
2024-04-06,6.03386050482748E-4
2024-04-07,0.001113293660504151
2024-04-08,8.310648574637661E-5
2024-04-09,4.6209100391859167E-4
2024-04-10,5.378289152606977E-4
2024-04-11,4.1583290297451557E-4
2024-04-12,5.147479845737401E-4
2024-04-13,2.9930567692461313E-4
2024-04-14,6.994500119577719E-4
2024-04-15,7.07927961288776E-4
2024-04-16,0.0046742661283215164
2024-04-17,0.0058988148681538965
2024-04-18,0.0025775508946449667
2024-04-19,0.0070680417787421755
2024-04-20,0.007825687201799122
2024-04-21,0.0028202974750193514
2024-04-22,0.0013770673829056233
2024-04-23,2.9824309435307755E-4
2024-04-24,0.0012900817124275312
2024-04-25,6.901848922852841E-4
2024-04-26,0.002380149089127972
2024-04-27,0.0035280656644899196
2024-04-28,0.002340081666545625
2024-04-29,0.002001520011348684
2024-04-30,0.004948678380737193
2024-05-01,0.0026015251676684207
2024-05-02,0.026691435557219985
2024-05-03,0.001328296832351603
2024-05-04,0.005845418424588581
2024-05-05,0.024104854026726345
2024-05-06,0.02000347576009342
2024-05-07,0.0065053298397940735
2024-05-08,0.0029433958697202686
2024-05-09,0.005672342147345938
2024-05-10,0.008669457065809072
2024-05-11,0.005192530672921041
2024-05-12,0.0011754826247611328
2024-05-13,0.0015109757555332927
2024-05-14,7.29055188890465E-4
2024-05-15,5.282017751703572E-4
2024-05-16,9.523159664337362E-4
2024-05-17,0.006142469614986683
2024-05-18,0.008484364729801285
2024-05-19,0.007721864141300271
2024-05-20,0.005776470470085076
2024-05-21,0.003396521621987213
2024-05-22,0.003100599955546677
2024-05-23,0.004244328581261382
2024-05-24,0.003736117575386382
2024-05-25,0.012245818883210724
2024-05-26,0.019942241736587075
2024-05-27,0.09335628373728427
2024-05-28,0.05858025886550142
2024-05-29,0.011774262327715605
2024-05-30,0.009813603527093215
2024-05-31,0.009985298207600359
2024-06-01,0.006780252617749531
2024-06-02,0.009868393578471118
2024-06-03,0.01307251788704126
2024-06-04,0.011822882661528193
2024-06-05,0.008073825798285063
2024-06-06,0.007221816919238486
2024-06-07,0.006002060466973823
2024-06-08,0.0063372600636999584
2024-06-09,0.005903372407688903
2024-06-10,0.003360493371112359
2024-06-11,0.0068442795915460534
2024-06-12,0.014218870236489314
2024-06-13,0.018539264593646024
2024-06-14,0.016575989090568764
2024-06-15,0.02132530198201164
2024-06-16,0.024035684687249027
2024-06-17,0.03166950282975341
2024-06-18,0.03193744711992785
2024-06-19,0.027390690608177882
2024-06-20,0.009347483500349533
2024-06-21,0.009439827971320388
2024-06-22,0.008174629626946713
2024-06-23,0.007431473393119104
2024-06-24,0.008362365961093774
2024-06-25,0.008706349673816968
2024-06-26,0.021285530796244255
2024-06-27,0.031102023739835002
2024-06-28,0.020311098252784536
2024-06-29,0.02636508951346018
2024-06-30,0.041841941410703735
2024-07-01,0.08526199872159787
2024-07-02,0.030544409276703634
2024-07-03,0.01796162288072867
2024-07-04,0.02226844816565825
2024-07-05,0.022789251725108473
2024-07-06,0.011477976908444988
2024-07-07,0.009879391793126904
2024-07-08,0.008497901422587223
2024-07-09,0.011067195730654587
2024-07-10,0.013318302149437623
2024-07-11,0.016909459548956923
2024-07-12,0.01610041247261408
2024-07-13,0.005581245046126325
2024-07-14,0.006681106972089644
2024-07-15,0.013841576703131084
2024-07-16,0.011744026608216312
2024-07-17,0.007747168292325576
2024-07-18,0.006441516694223461
2024-07-19,0.013798487784829297
2024-07-20,0.012033266956204979
2024-07-21,0.0171630027686751
2024-07-22,0.015580392811018341
2024-07-23,0.007396148180387278
2024-07-24,0.00978532610764465
2024-07-25,0.005638285666425898
2024-07-26,0.007115725033706873
2024-07-27,0.0074836505199119595
2024-07-28,0.004713914717967452
2024-07-29,0.013007786979565608
2024-07-30,0.021865024574102502
2024-07-31,0.026962397047143857
2024-08-01,0.03347018975936749
2024-08-02,0.033339909402236176
2024-08-03,0.013583895695019171
2024-08-04,0.01444396716670038
2024-08-05,0.019666688679727026
2024-08-06,0.012312736710569887
2024-08-07,0.015770622254607587
2024-08-08,0.013917534380895063
2024-08-09,0.008120001211725734
2024-08-10,0.01560301950207284
2024-08-11,0.022514640140025532
2024-08-12,0.024577357916649462
2024-08-13,0.011526054721939401
2024-08-14,0.006816993695536592
2024-08-15,0.010689232777585834
2024-08-16,0.017081038106685563
2024-08-17,0.024408044603965864
2024-08-18,0.02615320243878957
2024-08-19,0.048549060896011825
2024-08-20,0.04779470301919588
2024-08-21,0.04134138149904498
2024-08-22,0.028916638931649058
2024-08-23,0.011887738367961066
2024-08-24,0.012398817172499091
2024-08-25,0.014755996860603757
2024-08-26,0.01300588934445965
2024-08-27,0.006081693125791746
2024-08-28,0.006494013690962726
2024-08-29,0.007985611277829817
2024-08-30,0.00713636240723836
2024-08-31,0.011790404820591615
2024-09-01,0.011634548738769068
2024-09-02,0.011776927593809541
2024-09-03,0.012484527422747931
2024-09-04,0.010107119237784968
2024-09-05,0.007900357503258048
2024-09-06,0.005302019069407718
2024-09-07,0.006135101361349894
2024-09-08,0.0031762972411730926
2024-09-09,0.005553419458880338
2024-09-10,0.004536593186334209
2024-09-11,0.0075278568151604585
2024-09-12,0.012300097581578783
2024-09-13,0.015174220550352401
2024-09-14,0.02007361065318608
2024-09-15,0.014915349913257448
2024-09-16,0.0038481334890517077
2024-09-17,0.0018143877095178518
2024-09-18,0.004448511730399614
2024-09-19,0.0012072915337652506
2024-09-20,0.0011594472040555592
2024-09-21,0.0011881519914494312
2024-09-22,6.654757779256241E-4
2024-09-23,0.010774467243544122
2024-09-24,0.017813099556371156
2024-09-25,0.03902524199168304
2024-09-26,0.024857340731450933
2024-09-27,0.007254043710641801
2024-09-28,0.005441327851363218
2024-09-29,0.005813084358485805
2024-09-30,0.009210484348660413
2024-10-01,0.013083336905310966
2024-10-02,0.023839940062187256
2024-10-03,0.037356997597616765
2024-10-04,0.03485857301574188
2024-10-05,0.02299584154070505
2024-10-06,0.00780227724669646
2024-10-07,0.00554029661092506
2024-10-08,0.006497890560450939
2024-10-09,0.008853845558558233
2024-10-10,0.006774753058307936
2024-10-11,0.004392889387038075
2024-10-12,0.0025503486189106393
2024-10-13,9.241416273960799E-4
2024-10-14,2.462985600506734E-4
2024-10-15,0.0024188877698119865
2024-10-16,0.0011917096081593723
2024-10-17,0.001976646179699302
2024-10-18,0.004364778475674935
2024-10-19,0.0036927233709884745
2024-10-20,3.5987498531764E-4
2024-10-21,5.726074717796473E-4
2024-10-22,0.0021417484492433146
2024-10-23,0.012730295861706846
2024-10-24,0.016850430271396894
2024-10-25,0.0021519400326916963
2024-10-26,8.607381732100634E-4
2024-10-27,1.0747550564238375E-4
2024-10-28,1.2464499464833194E-4
2024-10-29,8.649832063337988E-4
2024-10-30,0.001295636940342397
2024-10-31,0.0011802354806908363
2024-11-01,7.682272314872453E-4
2024-11-02,4.411427126168359E-4
2024-11-03,4.405814041198508E-5
2024-11-04,5.683414077943855E-4
2024-11-05,0.006009406770968153
2024-11-06,0.0022270594233372984
2024-11-07,0.0012156765189151476
2024-11-08,1.1101856153547143E-4
2024-11-09,1.420071604648119E-5
2024-11-10,8.809264025857902E-5
2024-11-11,2.0512292969248434E-4
2024-11-12,3.2719194285326693E-4
2024-11-13,2.2001917769150613E-4
2024-11-14,6.98580546638819E-5
2024-11-15,7.00575606921774E-5
2024-11-16,1.0883063071676033E-4
2024-11-17,9.970672077918064E-5
2024-11-18,1.0256078178169237E-5
2024-11-19,1.3347786194494915E-5
2024-11-20,7.5123955772091E-4
2024-11-21,0.001168565691063656
2024-11-22,0.0013165362777099456
2024-11-23,4.7865624331672077E-4
2024-11-24,3.8177765410153794E-4
2024-11-25,1.004507303919916E-4
2024-11-26,1.2051939201505359E-4
2024-11-27,3.0669588416850123E-5
2024-11-28,7.840565487045651E-4
2024-11-29,1.3072636746396606E-4
2024-11-30,0.0013665889208116858
2024-12-01,2.2976138665398594E-4
2024-12-02,1.3412706725043197E-4
2024-12-03,3.36199194634572E-5
2024-12-04,8.801244248209885E-5
2024-12-05,1.8183988563072646E-4
2024-12-06,3.533120547316023E-4
2024-12-07,1.279675513096628E-4
2024-12-08,4.105286629752245E-6
2024-12-09,3.497611083205584E-5
2024-12-10,1.2295041226428527E-4
2024-12-11,3.209031115417994E-5
2024-12-12,3.6588441712153347E-6
2024-12-13,6.372844859883769E-7
2024-12-14,1.1420875483972919E-6
2024-12-15,3.706599277626627E-7
2024-12-16,8.246999923747391E-7
2024-12-17,6.356663497513688E-5
2024-12-18,1.8569289501535653E-4
2024-12-19,2.1148602281745623E-5
2024-12-20,5.122408106314703E-5
2024-12-21,8.314122189240033E-4
2024-12-22,2.9477875922385926E-5
2024-12-23,6.324073731633742E-7
2024-12-24,2.090538416941127E-5
2024-12-25,1.014285318082289E-4
2024-12-26,1.1279657200130584E-5
2024-12-27,2.184560210183284E-6
2024-12-28,4.049257210648121E-7
2024-12-29,1.5389851979598583E-5
2024-12-30,6.031344404120831E-5
2024-12-31,2.8760294542382027E-5
